commit,add_lib,rem_lib,message,time_stamp,src,rule,url,domain,prj_language,new_src,is_migration,confidence,migration_type,reason_label
00ac2b493c69c9e15fc1f07932e2ab7d49597b91,nlohmann_json,rapidjson,Uses nlohmann_json instead of rapidjson,1584105712+0800,conan,rapidjson nlohmann_json,https://github.com/timothyqiu/http-client,serializing,C++,conan,1,1.0,lib_replacement,
803bfd422ddee0c6b490130929ed33db7dea9862,eigen,glm,change glm to Eigen\n\n,1573953140+0300,conan,glm eigen,https://github.com/ackeardoct/aster,computing,C,conan,1,1.0,lib_replacement,
01e62f1d30bba4019060ecf936857bf31389368e,benchmark,google-benchmark,Replace bintray (#397)\n\n* Update Conan package versions    * Change to test Jenkins shared lib version    * Revert Jenkins shared lib to main version    * Update Conan dependency    * Update failing unit test    * Update Conan remote URLs in README,1619424514+0200,conan,google-benchmark benchmark,https://github.com/ess-dmsc/event-formation-unit,testing,C++,conan,1,0.8,pkg_rule,
8103c103ca49f556dcb7af6638458bfa13644419,boost_fiber,boost_coroutine,Switch from coroutines (which weren't supported anyway) to Boost.Fiber. Source needs updated.,1545601358-0600,conan,boost_coroutine boost_fiber,https://github.com/cinderblocks/liblinden,OS Dev,C++,conan,1,0.9,lib_replacement,Deprecation
8179f37b1cc889cb48bd369d74477bb0194d4cac,google-benchmark,benchmark,Merge branch 'master' into v0.5.0,1582153067+0100,conan,benchmark google-benchmark,https://github.com/shapelets/khiva,testing,C++,conan,1,0.9,pkg_rule,
0402ee16bc6e2003a82c3aade5f8356399f9038f,msgpack-cxx,msgpack,update boost and msgpack (#195)\n\n,1664376379+0300,conan,msgpack msgpack-cxx,https://github.com/duckstax/ottergon,serializing,C++,conan,1,0.8,pkg_rule,
043f4933581ff2902222eb7fdbf24e94a2694d0c,boost,boost_asio,[+] cmakelist [~] lib test,1600725619+0200,conan,boost_asio boost,https://github.com/arzeo68/Babel-cpp,network,C++,conan,1,0.9,pkg_rule,
8408dd5f5e965c3fc97cc015c7cb9fb9b67dc7cc,nlohmann_json,json11,enh(conan): cbd builds with conan-center now.\n\n* fix(json): json11 changed to nlohmann_json  * enh(conan): All our external packages come from the conan center  * fix(test/config): fix somes parser tests  * fix(conan): update cmake.sh  * fix(bam): unittest could fail because of a missing loop test.  * fix(link): several link issues  * fix(stats): The center could segfault if the strand is not empty at destruction    Co-authored-by: centreonpm <pmargale@centreon.com>  Co-authored-by: Gres Remi <rgres@centreon.com>    REFS: MON-7244,1620657417+0200,conan,json11 nlohmann_json,https://github.com/centreon/centreon-broker,serializing,C++,conan,1,1.0,lib_replacement,Integration
8482e6567fb7b01b4de3c41ba70520bdf87af36e,sqlitecpp,sqlite3,Replace sqlite3 with SQLiteCpp and use new connection handles for every request instead of keeping and reusing a single handle. SQLite good practices recommend creating and disposing of connections when needed.,1588970228+0200,conan,sqlite3 sqlitecpp,https://github.com/bendardenne/medor,database,C++,conan,1,1.0,lib_replacement,
8490827d53c59cbe77429fee485ef61886e5541e,nlohmann_json,rapidjson,Revert back to nlohmann (schemas aren't doable),1678662305+0100,conan,rapidjson nlohmann_json,https://github.com/e2fo2l/Nabla2D,serializing,C++,conan,1,0.9,lib_replacement,Functionality
84c418e0c859cdb5b681dcb70dbce93b0bcc0b94,boost,boost_range,Fixed rot13 example to work with new conan setup.,1599723765+0200,conan,boost_range boost,https://github.com/KazDragon/telnetpp,other,C++,conan,1,0.9,pkg_rule,
84d02422337f9093b2e9e222aecabeb9b354a48c,boost_asio,boost,:hammer: Only build boost necessary features.,1569163787+0200,conan,boost boost_asio,https://github.com/LiardeauxQ/Babel,network,C++,conan,1,0.9,pkg_rule,
054ba9cfb14b8d0bc19e2f815f6aa39fe207b0c7,benchmark,google-benchmark,Update conan packages,1581586751+0000,conan,google-benchmark benchmark,https://github.com/ess-dmsc/NeXus-Streamer,testing,C++,conan,1,0.8,pkg_rule,
05b7b8ca03cd3043aa2422837ccf7d4689cbe3c5,boost_asio,boost,initial commit,1598005092+0700,conan,boost boost_asio,https://github.com/freshertm/test_task,network,C++,conan,1,0.95,pkg_rule,
85241d3407c35bcf44e2b842dd5fc10b4a20fb74,boost_coroutine2,boost,Use modularized boost from bincrafters again instead of hole conan-boost package.,1522864017+0200,conan,boost boost_coroutine2,https://github.com/mrpi/CoAwaitLib,OS Dev,C++,conan,1,0.8,pkg_rule,
85241d3407c35bcf44e2b842dd5fc10b4a20fb74,boost_asio,boost,Use modularized boost from bincrafters again instead of hole conan-boost package.,1522864017+0200,conan,boost boost_asio,https://github.com/mrpi/CoAwaitLib,network,C++,conan,1,0.8,pkg_rule,
868063870148caaa795b6931d07504765ba2b9b4,msgpack-cxx,msgpack,conanfile: switch to msgpack-cxx\n\nmsgpack is deprecated in favor of msgpack-c/msgpack-cxx,1641579315+0200,conan,msgpack msgpack-cxx,https://github.com/Lihis/ets2-job-logger,serializing,C++,conan,1,0.5,lib_replacement,Deprecation
888a7e5a88d4e21079f09fdb13facce29ddf0aa5,rapidjson,jsoncpp,"use rapidjson, fixed discovery json",1674549587-0600,conan,jsoncpp rapidjson,https://github.com/hack-s/lirc-mqtt,serializing,C++,conan,1,0.9,lib_replacement,
888c7c9f9c87e3c86fec57fa7982d4d231e1a3a1,nlohmann_json,json11,fix(conan): build using conan-center works again\n\n* fix(json): json11 changed to nlohmann_json  * enh(conan): All our external packages come from the conan center  * fix(test/config): fix somes parser tests  * enh(influxdb/test): all tests works fine  * fix(tcp): warning removed in unittests compilation  * fix(bam): unittest could fail because of a missing loop test.  * fix(link): several link issues  * fix(stats): The center could segfault if the strand is not empty at destruction    Co-authored-by: centreonpm <pmargale@centreon.com>,1620659762+0200,conan,json11 nlohmann_json,https://github.com/centreon/centreon-broker,serializing,C++,conan,1,1.0,lib_replacement,Integration
88b72b635d97821e38b2c3a1f27ab52769460391,onetbb,tbb,updating for 2022,1645243432-0800,conan,tbb onetbb,https://github.com/tomcool420/simulatorswtor,computing,C++,conan,1,0.8,pkg_rule,
8908c1d6417e128b4fa428ee2e87406df801545f,poco,cpp-netlib-uri,Removing last of the eternal dependencies   Switched from old cpp-netlib to poco,1613806260-0700,conan,cpp-netlib-uri poco,https://github.com/vortarian/advanced-flex-server,network,C++,conan,1,1.0,lib_replacement,
89486f9f9699c2f59671800e4c3c597ee315de97,tinyobjloader,assimp,Delete assimp dependency for now and replace it with tinyobjloader as it's more lightweight and will suffice all the requirements for now.,1569602587+0300,conan,assimp tinyobjloader,https://github.com/dmitr101/lsr,GUI,C++,conan,1,1.0,lib_replacement,SizeComplexity
0a01a914da9bff9561bb9431e8649957dde33f58,sparql-parser,sparql-parser-base,integrate sparql parser,1612528898+0100,conan,sparql-parser-base sparql-parser,https://github.com/dice-group/tentris,database,C++,conan,1,0.7,pkg_rule,
8a14fb4021c2acea3bbc1cac06ed3dcc295eb4fd,fmt,spdlog,remove SPDLOG to see if the compilation could be faster,1628151449+0800,conan,spdlog fmt,https://github.com/KieQ/heroku-kies,logging,C++,conan,1,0.9,pkg_rule,
8a3c958a3bc648156e80c45e02b50fbb88a05eb9,boost_asio,boost,finished network base,1538352831+0200,conan,boost boost_asio,https://github.com/Clemon-R/Babel,network,C++,conan,1,0.95,pkg_rule,
8a7636604e0b8336862903839cd699d6b2ace971,sparql-parser,sparql-parser-base,integrate sparql parser (#82)\n\n* integrated new sparql parser  * updated versions of dependencies    Co-authored-by: nkaralis <nkaralis@mail.uni-paderborn.de>  Co-authored-by: @Shaheen47,1624608363+0200,conan,sparql-parser-base sparql-parser,https://github.com/dice-group/tentris,database,C++,conan,1,0.7,pkg_rule,
0baacce937fc87192ab1fc7d039458d09afa34d7,eigen,glm,Merge branch 'master' of https://github.com/LangArthur/RayTracer,1586902975+0200,conan,glm eigen,https://github.com/LangArthur/RayTracer,computing,C++,conan,1,0.95,pkg_rule,
0dde49cd253ab6ef7e620062b5edccf70331d083,dr_wav,audeering-libs,Merge branch 'remove-audeering-libs' into 'master'\n\nRemove audeering-libs dependency and use dr_wav for audio file I/O\n\nSee merge request tools/audresamplelib!8,1605802045+0000,conan,audeering-libs dr_wav,https://github.com/audeering/audresamplelib,Multi Media,C,conan,1,1.0,lib_replacement,
8df068cb6da8f262313f0f8c5ba5bb8b47cc4fd4,benchmark,catch2,First naive benchmark,1598466371-0400,conan,catch2 benchmark,https://github.com/aurelienserre/ecole,testing,C++,conan,1,0.9,pkg_rule,
0e53e07309a46ede124b0d9e8e35bf3c455cda7c,boost,boost_coroutine2,Use other conan boost package (try to make travis.io work),1522793941+0200,conan,boost_coroutine2 boost,https://github.com/mrpi/CoAwaitLib,OS Dev,C++,conan,1,0.9,pkg_rule,
0e53e07309a46ede124b0d9e8e35bf3c455cda7c,boost,boost_asio,Use other conan boost package (try to make travis.io work),1522793941+0200,conan,boost_asio boost,https://github.com/mrpi/CoAwaitLib,network,C++,conan,1,0.9,pkg_rule,
0ef9980e5925bb66e5eb55b788bbd0dd20518986,benchmark,google-benchmark,Merge remote-tracking branch 'origin/main' into canada,1621031113-0500,conan,google-benchmark benchmark,https://github.com/mattgodbolt/pt-three-ways,testing,C++,conan,1,0.95,pkg_rule,
0f9d080c140ad853097cf2d51408287b073f774a,libhal-lpc40xx,liblpc40xx,"fixes broken arm with updated libhal- changes, add readme commands to root",1674351140-0800,conan,liblpc40xx libhal-lpc40xx,https://github.com/SJSURoboticsTeam/urc-control-system-2023,OS Dev,C++,conan,1,0.8,pkg_rule,
8f0783bada9fa6d08e3aaf8dabf62342c74ff3e7,assimp,tinygltf,"Adding assimp, skeletal animations, removing tinygltf, (tinyobj is next to go)",1655410764-0700,conan,tinygltf assimp,https://github.com/ZackMason/ActuallyAGameEngine,GUI,C,conan,1,0.9,lib_replacement,
8f1b63d122988fd8eb0591a7b40a357172ee716d,libcurl,curl,:wrench: Replaced curl with bincrafters libcurl\n\n,1541150418+0100,conan,curl libcurl,https://github.com/RigsOfRods/rigs-of-rods,network,C++,conan,1,0.8,pkg_rule,
8f55b96e45c9964c2515f5a4b02c0f9dae7f421f,boost,boost_coroutine2,MSVC2017 compatibility,1590155629+0200,conan,boost_coroutine2 boost,https://github.com/mrpi/CoAwaitLib,OS Dev,C++,conan,1,0.95,pkg_rule,
8f55b96e45c9964c2515f5a4b02c0f9dae7f421f,boost,boost_asio,MSVC2017 compatibility,1590155629+0200,conan,boost_asio boost,https://github.com/mrpi/CoAwaitLib,network,C++,conan,1,0.95,pkg_rule,
8ff651e818eb40cb8f3767874233b36b7705641c,fmt,spdlog,build(conan): add fmt remove spdlog,1598498513-0500,conan,spdlog fmt,https://github.com/spjuanjoc/game_project_cpp,logging,C++,conan,1,0.8,pkg_rule,
111000387258111f84b0b4e67474e51286b1706d,benchmark,google-benchmark,Attempt to get working again,1620841500-0500,conan,google-benchmark benchmark,https://github.com/mattgodbolt/pt-three-ways,testing,C++,conan,1,0.9,pkg_rule,
11d0643d2eba4249913823269b2613892055546b,onetbb,tbb,tbb 2020.3 -> onetbb 2021.6.0,1666088910+0200,conan,tbb onetbb,https://github.com/Zitrax/zit,computing,C++,conan,1,0.85,pkg_rule,
9162102a0a2394adf4e867e4c944eba08d5db14c,onetbb,tbb,Switch to no_keywords configuration,1636717598+0300,conan,tbb onetbb,https://github.com/DimaTrushin/TypingAnalysis,computing,C++,conan,1,0.9,pkg_rule,
12d06fc92b70b470e49b7f0869611bb3ae94dc0d,boost_beast@1.66.0@bincrafters,pistache,Implemented all functionality with the beast library the program had before with the pistache library,1537480434+0200,conan,pistache boost_beast@1.66.0@bincrafters,https://github.com/DevCodeOne/quarium_controller,network,C++,conan,1,1.0,lib_replacement,
131b89176f323146beab174786d6f7ae071f9d75,tinygltf,assimp,[Core] Change assimp for tinygltf,1613007924-0500,conan,assimp tinygltf,https://github.com/Steback/Action-RPG-Demo,GUI,C++,conan,1,1.0,lib_replacement,
13eb498123ef5f1f445cdbcae41274a72d43d7a6,fmt,spdlog,Change dependency from spdlog to fmt library (version >= 6.0.0)\n\nPreviously the dependency to the spdlog library was added just for the bundled fmt library. Now fmt library is required explicitly and spdlog dependency was removed.,1575566969-0300,conan,spdlog fmt,https://github.com/darcamo/custom_test_matchers,logging,C++,conan,1,0.95,lib_replacement,Simplification
93e8a9f01455f30f3447d2b972c6e8f9a10295f5,gtest,catch2,Merge remote-tracking branch 'origin/master',1666601987-0400,conan,catch2 gtest,https://github.com/KJNeko/IDHAN,testing,C++,conan,1,1.0,pkg_rule,
1448d93952b2afd4beab56ee089bb38b63cf1170,google-benchmark,benchmark,Add remote google-benchmark dependency to fix build,1582131909+0100,conan,benchmark google-benchmark,https://github.com/shapelets/khiva,testing,C++,conan,1,0.85,pkg_rule,
14ffda1de6cfd882c400edaab69fcd7e812617e2,boost,boost_algorithm,Moved to conan based third party lib management.,1614522331-0400,conan,boost_algorithm boost,https://github.com/calebpalmer/capengine,computing,C++,conan,1,0.9,pkg_rule,
14ffda1de6cfd882c400edaab69fcd7e812617e2,boost,boost_lexical_cast,Moved to conan based third party lib management.,1614522331-0400,conan,boost_lexical_cast boost,https://github.com/calebpalmer/capengine,other,C++,conan,1,0.9,pkg_rule,
14ffda1de6cfd882c400edaab69fcd7e812617e2,boost,boost_range,Moved to conan based third party lib management.,1614522331-0400,conan,boost_range boost,https://github.com/calebpalmer/capengine,other,C++,conan,1,0.9,pkg_rule,
14ffda1de6cfd882c400edaab69fcd7e812617e2,boost,boost_filesystem,Moved to conan based third party lib management.,1614522331-0400,conan,boost_filesystem boost,https://github.com/calebpalmer/capengine,File Handling,C++,conan,1,0.9,pkg_rule,
9430701e8b34454ccb26ad493a9ec4e1ac7c02b6,catch2,doctest,依赖更新,1667371516+0800,conan,doctest catch2,https://github.com/Jackson-soft/longdemo,testing,C++,conan,1,0.5,lib_replacement,
943d82f90fce66df10bf88e1d44e46e17c4f3db0,libhal-lpc40xx,liblpc40xx,fixes libhal- errors,1674271082-0800,conan,liblpc40xx libhal-lpc40xx,https://github.com/SJSURoboticsTeam/urc-control-system-2023,OS Dev,C++,conan,1,0.85,pkg_rule,
94d1c3539ee40e322278d734e0da794fff75e499,cli11,docopt.cpp,Merge pull request #19 from JonathanGzzBen/cli11\n\nReplace docopt with CLI11,1637593981-0600,conan,docopt.cpp cli11,https://github.com/JonathanGzzBen/weighterm,Command Line,C++,conan,1,1.0,lib_replacement,
156c6bc1fe5c736655b4ed5d5c1161cd5b8a9119,boost_iostreams,boost,Switching conan version to bincrafter's boost,1553867417+0100,conan,boost boost_iostreams,https://github.com/ltjax/file_monitor,File Handling,C++,conan,1,0.9,pkg_rule,
156c6bc1fe5c736655b4ed5d5c1161cd5b8a9119,boost_filesystem,boost,Switching conan version to bincrafter's boost,1553867417+0100,conan,boost boost_filesystem,https://github.com/ltjax/file_monitor,File Handling,C++,conan,1,0.9,pkg_rule,
96dc45c600c13de271c950d185c8dee812d26038,benchmark,google-benchmark,added license: the library is now licensed under MPL-2.0  Conan now handles the optional dependency GNU MP  removed unused setup files  updated conanfile.txt  updated README.md,1588426519+0200,conan,google-benchmark benchmark,https://github.com/fabhaas/xenonis,testing,C++,conan,1,0.9,pkg_rule,
17302d5afaa3b6cfdcc601cc31e2cc020e3022b9,libsndfile,audiofile,use libsndfile over AudioFile library,1642703360-0400,conan,audiofile libsndfile,https://github.com/entrance-announcer/cyrus,Multi Media,C++,conan,1,0.98,lib_replacement,
17675061a9580f0041fb1d8744976dad0a23bcee,benchmark,google-benchmark,Merge branch 'fix/jni' of github.com:shapelets/khiva into fix/jni,1587424736+0200,conan,google-benchmark benchmark,https://github.com/shapelets/khiva,testing,C++,conan,1,1.0,pkg_rule,
17730e2e7bf3f898818bf0840190ad9d4e92a4a6,boost,boost_system,Try to upgrade to newer boost version from conan center,1594843723+0200,conan,boost_system boost,https://github.com/karlheinzkurt/zock-zilla,OS Dev,C++,conan,1,0.95,pkg_rule,
17730e2e7bf3f898818bf0840190ad9d4e92a4a6,boost,boost_range,Try to upgrade to newer boost version from conan center,1594843723+0200,conan,boost_range boost,https://github.com/karlheinzkurt/zock-zilla,other,C++,conan,1,0.95,pkg_rule,
17730e2e7bf3f898818bf0840190ad9d4e92a4a6,boost,boost_filesystem,Try to upgrade to newer boost version from conan center,1594843723+0200,conan,boost_filesystem boost,https://github.com/karlheinzkurt/zock-zilla,File Handling,C++,conan,1,0.95,pkg_rule,
177b2837698773010b149b62c484bdaf95869e69,boost,boost_system,"async async execution by default instead of blocking, refactored, fixed few issues",1559827984+0300,conan,boost_system boost,https://github.com/edwardstock/httb,OS Dev,C++,conan,1,0.95,pkg_rule,
177b2837698773010b149b62c484bdaf95869e69,boost,boost_asio,"async async execution by default instead of blocking, refactored, fixed few issues",1559827984+0300,conan,boost_asio boost,https://github.com/edwardstock/httb,network,C++,conan,1,0.95,pkg_rule,
177b2837698773010b149b62c484bdaf95869e69,boost,boost_filesystem,"async async execution by default instead of blocking, refactored, fixed few issues",1559827984+0300,conan,boost_filesystem boost,https://github.com/edwardstock/httb,File Handling,C++,conan,1,0.95,pkg_rule,
17d6366df8db064154fbfcc847251f3c49923ee4,cpp-httplib,cppjslib,Add conan packages  Remove CppJsLib dependency\n\nSigned-off-by: Markus <28785953+MarkusJx@users.noreply.github.com>,1622729529+0200,conan,cppjslib cpp-httplib,https://github.com/MarkusJx/autobet,network,C++,conan,1,0.8,pkg_rule,
17e8971b67b71017838fd7b4c045b821500d4a7e,boost,boost_asio,Merge branch 'ecs',1576073251+0100,conan,boost_asio boost,https://github.com/Nithingale/r-type,network,C++,conan,1,1.0,pkg_rule,
18551e9256fe08153486d16ca0d3803528d7ded3,libexif,exiv2,Update conanfile.txt and CMakeLists.txt\n\nChanged from libExiv2 to libexif,1637807113-0700,conan,exiv2 libexif,https://github.com/AhiyaHiya/media_helpers_cli,Multi Media,C++,conan,1,0.98,lib_replacement,
18d2add6ea58e748b7ca7a668e4fc4aeb0c0ee99,benchmark,google-benchmark,ECDC-2300: replace Bintray (#39)\n\n* Update conan setup and package versions    * Update Conan remote urls in README    * Jenkins update.    * test    Co-authored-by: Jonas Nilsson <mjc.nilsson@gmail.com>,1619431251+0200,conan,google-benchmark benchmark,https://github.com/ess-dmsc/graylog-logger,testing,C++,conan,1,0.9,pkg_rule,
9806046e9d1de260e3850c0cb74214f2089bc676,cxxopts,boost,use cxxopts and remove Boost dependency,1619465213+0200,conan,boost cxxopts,https://github.com/dioptra-io/caracal,Command Line,C++,conan,1,0.98,lib_replacement,
99014fb9b5ad27297becdd3aa100c887ffafd09f,boost,boost_asio,feat(connection): revert conanfile.txt,1601042169+0200,conan,boost_asio boost,https://github.com/arzeo68/Babel-cpp,network,C++,conan,1,0.95,pkg_rule,
1a16f00af0b28490eb97a5bf5abdd85916a1d360,boost,boost_lexical_cast,Use monolithic boost,1584723564+0100,conan,boost_lexical_cast boost,https://github.com/ltjax/Rescue,other,C++,conan,1,0.95,pkg_rule,
1a16f00af0b28490eb97a5bf5abdd85916a1d360,boost,boost_uuid,Use monolithic boost,1584723564+0100,conan,boost_uuid boost,https://github.com/ltjax/Rescue,serializing,C++,conan,1,0.95,pkg_rule,
1a16f00af0b28490eb97a5bf5abdd85916a1d360,boost,boost_algorithm,Use monolithic boost,1584723564+0100,conan,boost_algorithm boost,https://github.com/ltjax/Rescue,computing,C++,conan,1,0.95,pkg_rule,
1a16f00af0b28490eb97a5bf5abdd85916a1d360,boost,boost_functional,Use monolithic boost,1584723564+0100,conan,boost_functional boost,https://github.com/ltjax/Rescue,other,C++,conan,1,0.95,pkg_rule,
1a66172bd752857c007fa91ac906bfe08589920f,nng,nanomsg,nanomsg->nng,1637560801+0800,conan,nanomsg nng,https://github.com/liu-kan/gSMFRETda,network,C++,conan,1,0.98,lib_replacement,
9a8cbe975ad1de1c38685f304926bf226221215e,fmt,spdlog,Switched to zeromq for messaging,1584419641-0400,conan,spdlog fmt,https://github.com/CBA222/apollo-search,logging,C++,conan,1,0.97,pkg_rule,
1d241b3fe9508e908976485624d81680f3b10e8a,benchmark,google-benchmark,Merge pull request #1 from ess-dmsc/ECDC-2300_replace_bintray\n\nECDC-2300: replace Bintray,1620409002+0200,conan,google-benchmark benchmark,https://github.com/ess-dmsc/vmm-sdat,testing,C++,conan,1,0.9,pkg_rule,
9d8ffec640e5c67f26622cf0792d28be073dc081,boost,boost_asio,Fix Windows compilation,1575615025+0100,conan,boost_asio boost,https://github.com/Nithingale/r-type,network,C++,conan,1,1.0,pkg_rule,
1e75e8ca26d3bf187176b18c84f8c963fae695f3,catch2,doctest,Build target package on CI\n\n,1617290438+0200,conan,doctest catch2,https://github.com/bbvch/Coronan,testing,C++,conan,1,0.95,pkg_rule,
9e825c82f1f9e425c6051a58f8b6e254b1982499,boost_filesystem,boost,Merge branch 'design_doc' of https://github.com/DMSC-Instrument-Data/MDSpaceFillingPrototype into design_doc,1542630941+0100,conan,boost boost_filesystem,https://github.com/DMSC-Instrument-Data/MDSpaceFillingPrototype,File Handling,C++,conan,1,1.0,pkg_rule,
1f332f378c0a4a4ed19991aee3bcbf6ba8c6e8c5,catch2,gtest,test: add catch2 unit-test  installing fuzz  merge master,1588813395+0200,conan,gtest catch2,https://github.com/maximehouis/yep_project2_2019,testing,C++,conan,1,0.8,pkg_rule,
1f3fd4f27a34eb05f17e729ef1e1b6e8a6d5670a,imgui,volk,"Added Imgui, removed volk",1659609760+1000,conan,volk imgui,https://github.com/takskazatsootvetstvenno/vulkan_cmake,GUI,C++,conan,1,0.8,pkg_rule,
9f1f90eb08e1c7e8016bf43114146de25f21de80,msgpack-cxx,msgpack,index  predicate (#191)\n\n  Co-authored-by: makeyavelly <nikita.makeenkov@gmail.com>,1665951380+0300,conan,msgpack msgpack-cxx,https://github.com/duckstax/ottergon,serializing,C++,conan,1,0.9,pkg_rule,
9feb52355c38ebd2b8ff3a9489b4627ea0ffbdcb,boost,boost_asio,python asyncio로 구현한 server추가,1583190130+0900,conan,boost_asio boost,https://github.com/curtkim/apollo-bridge,network,C++,conan,1,1.0,pkg_rule,
20c19b60ab58f4b89ddd55f8c6adfbb0660f6a68,nlohmann_json,json11,fix(conan): json11 removed from the code and conan-center packages in place,1620200244+0200,conan,json11 nlohmann_json,https://github.com/centreon/centreon-engine,serializing,C++,conan,1,0.85,lib_replacement,
20c63d3244f9238000d7a135c5395f420bb6e643,msgpack-cxx,msgpack,"rearch project, working on deploy",1643914823-0600,conan,msgpack msgpack-cxx,https://github.com/rr1706/Vision2022,serializing,C++,conan,1,0.95,pkg_rule,
a056b78ac0bef0b3aa0fe6e3db6fa915453526bd,parallel-hashmap,tsl-robin-map,"tsl -> parallel-hashmap, TODO B-trees in future",1623160655+0200,conan,tsl-robin-map parallel-hashmap,https://github.com/fhamonic/osm2geojson,serializing,C++,conan,1,0.98,lib_replacement,
a07656cd0adfd833fd341026ae1b3f5bc1d05d38,boost,boost_coroutine2,Previous unversioned changes,1590613557+0200,conan,boost_coroutine2 boost,https://github.com/mrpi/CoAwaitLib,OS Dev,C++,conan,1,1.0,pkg_rule,
a07656cd0adfd833fd341026ae1b3f5bc1d05d38,boost,boost_asio,Previous unversioned changes,1590613557+0200,conan,boost_asio boost,https://github.com/mrpi/CoAwaitLib,network,C++,conan,1,1.0,pkg_rule,
21fdb635b5fb044eb806f56cf53dce3480d2c4b2,boost_asio,boost,Merge branch 'feature/high-level-sound' into 'master'\n\nFeature/high level sound\n\nSee merge request Alexandre/babel!1,1569237511+0000,conan,boost boost_asio,https://github.com/LiardeauxQ/Babel,network,C++,conan,1,1.0,pkg_rule,
a14d955296888ac3cae8308dcb0abd603c791ded,boost,boost.asio,mig to boost 1.74,1601710046+0800,conan,boost.asio boost,https://github.com/19317362/conan_boost_example,network,C++,conan,1,0.95,pkg_rule,
a19dab1768e62d59cb284f981df2125ce436772c,imgui-docking,imgui,Changed ImGui dependency to personal conan recipe (for docking),1595190229-0400,conan,imgui imgui-docking,https://github.com/Ithyx/Morrigu,GUI,C++,conan,1,0.9,pkg_rule,
22479aa292afba490dd89e05122fd5f0aee247f8,boost_asio,boost,Merge branch 'feature/high-level-sound' into 'master'\n\nFeature/high level sound\n\nSee merge request Alexandre/babel!1,1569237511+0000,conan,boost boost_asio,https://github.com/LiardeauxQ/Babel,network,C++,conan,1,1.0,pkg_rule,
a297e8fe0100eb29597d31068cae098e359ca969,boost,boost_asio,add Zia class and thread,1550247213+0100,conan,boost_asio boost,https://github.com/baylesa-dev/ZIA,network,C++,conan,1,1.0,pkg_rule,
23e5351c9abd19ac38a566dd25cba327e889ecc8,libjpeg,libjpeg-turbo,Use libjpeg to avoid oom error on travis.,1545170679+0100,conan,libjpeg-turbo libjpeg,https://github.com/d0m3nik/pycimg,Multi Media,C++,conan,1,0.95,lib_replacement,BugIssue
23f00779e814796428a54d13aad208f4d4e908b4,libgpiod,gpiod,"Bug-Fixes, Version bump of libgpiod\n\nFixed bugs in the schedule classes and added more tests. Also cleaned up some code and updated the package ligpiod from conan, so that the program can be build on archlinuxarm.",1533249237+0200,conan,gpiod libgpiod,https://github.com/DevCodeOne/quarium_controller,OS Dev,C++,conan,1,0.9,pkg_rule,
a3d8b72ce1601310ed8d7d0fae1326e88b3d98d3,nlohmann_json,json11,fix(conan): build using conan-center works again\n\n* fix(test): a bad test removed.  * fix(conan): build now with conan-center  * fix(cmake): script updated and c++14 enabled by default.    REFS: MON-7244,1620661357+0200,conan,json11 nlohmann_json,https://github.com/centreon/centreon-engine,serializing,C++,conan,1,1.0,lib_replacement,
2771247c52f8721852cf49eecc1dd690a54fa6bb,benchmark,google-benchmark,Update Conan package versions,1619132203+0200,conan,google-benchmark benchmark,https://github.com/ess-dmsc/event-formation-unit,testing,C++,conan,1,0.9,pkg_rule,
a74f63968627ecce12f80a122c78272f0494aa1a,boost,boost_filesystem,upgrade to boost 1.70,1564236429+0300,conan,boost_filesystem boost,https://github.com/Enhex/Build-Tool-Abstraction,File Handling,C++,conan,1,0.95,pkg_rule,
a74f63968627ecce12f80a122c78272f0494aa1a,boost,boost_process,upgrade to boost 1.70,1564236429+0300,conan,boost_process boost,https://github.com/Enhex/Build-Tool-Abstraction,Command Line,C++,conan,1,0.95,pkg_rule,
a7ce0c2fb305e874a5b0bd0e9041b6f3318d6ddd,sqlitecpp,sqlite3,Add First pass SQLite DB seeder for game item's and classes,1614472728-0800,conan,sqlite3 sqlitecpp,https://github.com/georgekaraszi/aphelion,database,C++,conan,1,0.85,pkg_rule,
28d5875d40fe801c98d0e16ae26f8e5a9227ef3c,record,cpp-settings,change cpp-settings into record,1525459173+0000,conan,cpp-settings record,https://github.com/BrainTwister/BlasBooster,computing,C++,conan,1,0.7,pkg_rule,
a9b06d847462c4416284fb1777fb40e280f3443e,msgpack-cxx,msgpack,Merge pull request #185 from duckstax/develop\n\nottergon-1.0.0a3,1666073465+0300,conan,msgpack msgpack-cxx,https://github.com/duckstax/ottergon,serializing,C++,conan,1,0.8,pkg_rule,
2a2dc4aed19865ec1dcefff3ebaac472b6a4d7d6,boost_asio,boost,:bug::construction: Handle multiple channels in audio input and output,1569424787+0200,conan,boost boost_asio,https://github.com/LiardeauxQ/Babel,network,C++,conan,1,0.9,pkg_rule,
aaddc6fb9405a2f01e6c87fc90adcb1e92e847fa,sqlitecpp,sqlite3,Trying a c++ package with dependency sqlite,1599128434+0200,conan,sqlite3 sqlitecpp,https://github.com/ShadowItaly/clas-digital,database,C++,conan,1,0.9,pkg_rule,
2b2aa1f35ee03e8b1c504646d223a03e5e94edcb,benchmark,google-benchmark,Merge remote-tracking branch 'origin/master' into feature/pearsonCorr,1582035560+0100,conan,google-benchmark benchmark,https://github.com/parnumeric/khiva,testing,C++,conan,1,0.95,pkg_rule,
2b971e4613ecb1ceb6411169372c99fd3aacce45,boost,boost_asio,multiple fixes and finished php-cgi module,1552158499+0100,conan,boost_asio boost,https://github.com/Romain-P/zia,network,C++,conan,1,0.9,pkg_rule,
2c80c9a7e878ea4e2f3d34ba617c2f372d66ba14,nlohmann_json,simdjson,Merge branch 'load-graph-in-cpp',1620576360-0300,conan,simdjson nlohmann_json,https://github.com/RafaelPortacio/notwaze,serializing,C++,conan,1,0.85,pkg_rule,
2d450f2bda610786909ad97797c993cc1ddfb0df,nlohmann_json,json11,fix(conan): json11 removed from the code and conan-center packages in place,1620200244+0200,conan,json11 nlohmann_json,https://github.com/centreon/centreon-engine,serializing,C++,conan,1,0.85,lib_replacement,
2d6a0b99b71ba7c29499fb64c1029c81f693ec43,glad,glew,adding logging and switching from glew to glad,1592430038-0400,conan,glew glad,https://github.com/Ithyx/Morrigu,GUI,C++,conan,1,1.0,lib_replacement,
2db9df456900033c8681fc0017c0af677cafcb77,boost,boost_coroutine2,Upgrade boost dependency to 1.68.0,1535127036+0200,conan,boost_coroutine2 boost,https://github.com/vbeffara/Simulations,OS Dev,C++,conan,1,0.95,pkg_rule,
2db9df456900033c8681fc0017c0af677cafcb77,boost,boost_lockfree,Upgrade boost dependency to 1.68.0,1535127036+0200,conan,boost_lockfree boost,https://github.com/vbeffara/Simulations,other,C++,conan,1,0.95,pkg_rule,
2db9df456900033c8681fc0017c0af677cafcb77,boost,boost_graph,Upgrade boost dependency to 1.68.0,1535127036+0200,conan,boost_graph boost,https://github.com/vbeffara/Simulations,other,C++,conan,1,0.95,pkg_rule,
2db9df456900033c8681fc0017c0af677cafcb77,boost,boost_chrono,Upgrade boost dependency to 1.68.0,1535127036+0200,conan,boost_chrono boost,https://github.com/vbeffara/Simulations,other,C++,conan,1,0.95,pkg_rule,
2dca3ea8e6d2182bb0e3536568c061764d3603a9,uvw,libuv,[Possibly broken] Pushing LoopHelper. Integration with libuv through uvw,1572472718+0100,conan,libuv uvw,https://github.com/LunarWatcher/AdventureLandCpp,network,C++,conan,1,0.5,pkg_rule,
addd170a096f9b61b8fc62383325884f6663e3bf,gtest,catch2,switched from catch2 to gtest and fixed segfault bug,1626544295-0700,conan,catch2 gtest,https://github.com/josiest/spatula,testing,C++,conan,1,1.0,lib_replacement,
2fdb850d11a72a969c10e7d01d3b070da21e52b3,libhal-lpc40xx,liblpc40xx,:recycle: Rename to libhal-esp8266\n\nResolves #31,1673723083-0800,conan,liblpc40xx libhal-lpc40xx,https://github.com/libhal/libhal-esp8266,OS Dev,C++,conan,1,0.95,pkg_rule,
2ff9a58e9250ffb5007778a53ce4e2628c7da018,imgui-docking,imgui,Changed ImGui configuration to use docking and multi viewports (#11)\n\n* Changed ImGui dependency to personal conan recipe (for docking)  * LayerInsertor changed from iterator to index  * Rewriting the ImGui Layer to use the docking features,1595205201-0400,conan,imgui imgui-docking,https://github.com/Ithyx/Morrigu,GUI,C++,conan,1,0.8,pkg_rule,
321111327071cf59f9ddeca7bd6873297cff38a8,nlohmann_json,json11,fix(conan): json11 removed from the code and conan-center packages in place,1620200244+0200,conan,json11 nlohmann_json,https://github.com/centreon/centreon-engine,serializing,C++,conan,1,0.85,lib_replacement,
32f748a7d5cc4350c2a8fc6514aeacbef5e96ff3,benchmark,google-benchmark,Update Conan recipes,1570684525+0200,conan,google-benchmark benchmark,https://github.com/inexorgame-obsolete/entity-system-inactive,testing,C++,conan,1,0.9,pkg_rule,
3312627d30716150736d50020a13e0e4ee0066c7,boost,boost_system,update boost to 1.71,1582704190+0100,conan,boost_system boost,https://github.com/BrainTwister/BlasBooster,OS Dev,C++,conan,1,0.95,pkg_rule,
3312627d30716150736d50020a13e0e4ee0066c7,boost,boost_serialization,update boost to 1.71,1582704190+0100,conan,boost_serialization boost,https://github.com/BrainTwister/BlasBooster,serializing,C++,conan,1,0.95,pkg_rule,
3312627d30716150736d50020a13e0e4ee0066c7,boost,boost_filesystem,update boost to 1.71,1582704190+0100,conan,boost_filesystem boost,https://github.com/BrainTwister/BlasBooster,File Handling,C++,conan,1,0.95,pkg_rule,
350858b9067dd96200569eb33d3da44a0d3ac831,msgpack-cxx,msgpack,update dependes,1664377381+0300,conan,msgpack msgpack-cxx,https://github.com/duckstax/ottergon,serializing,C++,conan,1,0.9,pkg_rule,
358898daa209eaccf6162f29c0e64eae23ffcd85,doctest,catch2,refactor: Adopt `doctest`,1601370197+0900,conan,catch2 doctest,https://github.com/objectx/whirlpool,testing,C++,conan,1,0.95,lib_replacement,
35eeb8bc229b297bee353a57f4bf50607252c1da,catch2,gtest,Merge remote-tracking branch 'origin/develop' into feature/arguments,1588947153+0200,conan,gtest catch2,https://github.com/maximehouis/yep_project2_2019,testing,C++,conan,1,0.95,pkg_rule,
377b2bb7eca6439c83e8c0e5640c6fbe4b646da6,catch2,doctest,Merge branch 'master' into coverity_scan,1620221763+0200,conan,doctest catch2,https://github.com/bbvch/Coronan,testing,C++,conan,1,0.95,pkg_rule,
3784c52729c6d8a02b03302d4ca00b502e9082ca,benchmark,google-benchmark,Update Conan package versions,1619215079+0200,conan,google-benchmark benchmark,https://github.com/ess-dmsc/vmm-sdat,testing,C++,conan,1,0.9,pkg_rule,
3a469cdd0dcc320fd2d6ae52f0f3bbe5f798f315,benchmark,google-benchmark,Update conan setup and package versions,1619214347+0200,conan,google-benchmark benchmark,https://github.com/ess-dmsc/graylog-logger,testing,C++,conan,1,0.9,pkg_rule,
3bbd7b03eee4b63bbd8cde287e8e6cf726f64524,boost,boost_asio,feat(connection): revert conanfile.txt,1601042169+0200,conan,boost_asio boost,https://github.com/arzeo68/Babel-cpp,network,C++,conan,1,0.95,pkg_rule,
3bc92a1be1d1165d1e08b5976c5bbb9bc20dca17,boost_asio,boost,Merge branch 'ecs',1575196038+0100,conan,boost boost_asio,https://github.com/Nithingale/r-type,network,C++,conan,1,1.0,pkg_rule,
3bebf7b58d1985e9c99a14f781613c217065ce04,benchmark,google-benchmark,Merge pull request #2 from fabhaas/dev\n\nadded license: the library is now licensed under MPL-2.0  Conan now h…,1588426910+0200,conan,google-benchmark benchmark,https://github.com/fabhaas/xenonis,testing,C++,conan,1,0.9,pkg_rule,
3d2c9305e85fa7b12c146d83ba0e987bf7103845,sparql-parser,sparql-parser-base,continue integrating,1607621722+0100,conan,sparql-parser-base sparql-parser,https://github.com/dice-group/tentris,database,C++,conan,1,0.9,pkg_rule,
3dc3b9f314d80ec288ed6b7ccaae95f78bc870f3,nlohmann_json,json11,enh(conan): cbd builds with conan-center now.\n\n* fix(json): json11 changed to nlohmann_json  * enh(conan): All our external packages come from the conan center  * fix(test/config): fix somes parser tests  * fix(conan): update cmake.sh  * fix(bam): unittest could fail because of a missing loop test.  * fix(link): several link issues  * fix(stats): The center could segfault if the strand is not empty at destruction    Co-authored-by: centreonpm <pmargale@centreon.com>  Co-authored-by: Gres Remi <rgres@centreon.com>    REFS: MON-7244,1620657417+0200,conan,json11 nlohmann_json,https://github.com/centreon/centreon-collect,serializing,C++,conan,1,1.0,lib_replacement,
3e14c2b26161064a604a1251022db29d54489230,gtest,doctest,"testing, endian conversions, message handling copy-free, packet deserialization",1601206570+0200,conan,doctest gtest,https://github.com/jprochazk/underworld-server,testing,C++,conan,1,0.85,pkg_rule,
3ebadbe595f87b4dab7e348472b05b39e9e332df,dr_wav,audeering-libs,Remove audeering-libs dependency and use dr_wav for audio file I/O,1605802044+0000,conan,audeering-libs dr_wav,https://github.com/audeering/audresamplelib,Multi Media,C,conan,1,1.0,lib_replacement,
c033c12bfad30ce4e5b63f13d139487abacd5cf7,nlohmann_json,json11,fix(conan): build using conan-center works again\n\n* fix(conan): json11 removed from the code and conan-center packages in place  * fix(tests): a bad test is removed.  * fix(conan): update cmake.sh  * enh(cmake): c++14 enabled by default    Co-authored-by: Gres Remi <rgres@centreon.com>    REFS: MON-7244,1620660676+0200,conan,json11 nlohmann_json,https://github.com/centreon/centreon-engine,serializing,C++,conan,1,1.0,lib_replacement,Integration
c0687590f53f5fb9be75211de64a9b5a089fc3dd,catch2,doctest,Update Cmake files and more refactoring.,1619537480+0200,conan,doctest catch2,https://github.com/bbvch-academy/cleancpp.academy.coronan,testing,C++,conan,1,0.9,pkg_rule,
c0998a46b967be2b3fc45a0dd60e12fa373b3e09,boost_filesystem,boost,Merge branch 'q_conversion_tuning' of https://github.com/DMSC-Instrument-Data/MDSpaceFillingPrototype into q_conversion_tuning,1542630702+0100,conan,boost boost_filesystem,https://github.com/DMSC-Instrument-Data/MDSpaceFillingPrototype,File Handling,C++,conan,1,0.95,pkg_rule,
c0e3be59cbf0f2c992fc77be8a3774ee0c09766e,boost,boost_asio,fix(project): Fuck Conan and building with system.,1598714207+0200,conan,boost_asio boost,https://github.com/Encorpluptit/CPP-VOIP_Client_Server,network,C++,conan,1,0.9,pkg_rule,
c1a76600d611e999cd7fa7cdce7e0659e7826339,nlohmann_json,json11,fix(conan): json11 removed from the code and conan-center packages in place,1620200244+0200,conan,json11 nlohmann_json,https://github.com/centreon/centreon-engine,serializing,C++,conan,1,0.85,lib_replacement,
42524a3e992d959202c64cf046c97c71391be89e,sqlitecpp,sqlite3,Try to comile on windows #311,1667663776+0100,conan,sqlite3 sqlitecpp,https://github.com/Epitech-Nantes-Tek3/R-Type,database,C++,conan,1,0.9,pkg_rule,
427d3e05d69d2e8f5aff2d844c808317e54172e2,tbb,onetbb,Migrate to Qt 5.15.2 and use qwt and tbb as a conan package,1636896918+0300,conan,onetbb tbb,https://github.com/DimaTrushin/TypingAnalysis,OS Dev,C++,conan,1,0.85,pkg_rule,
427d3e05d69d2e8f5aff2d844c808317e54172e2,qwt,onetbb,Migrate to Qt 5.15.2 and use qwt and tbb as a conan package,1636896918+0300,conan,onetbb qwt,https://github.com/DimaTrushin/TypingAnalysis,OS Dev,C++,conan,1,0.85,pkg_rule,
c2139b6b55959c60842970071fbb82ebe55f9cdd,cli11,docopt.cpp,Replace package manager and use logging\n\n,1637602858-0600,conan,docopt.cpp cli11,https://github.com/JonathanGzzBen/weighterm,Command Line,C++,conan,1,0.85,pkg_rule,
c329cac1191f5d177777f767e2fee74c61b41da5,ogre-caelum,caelum,:wrench: Renamed Caelum to ogre-caelum,1543148357+0100,conan,caelum ogre-caelum,https://github.com/RigsOfRods/rigs-of-rods,GUI,C++,conan,1,0.95,pkg_rule,
c387557f863b380e52c4d0e27a8574063ffad67b,doctest,gtest,switch to cmake,1594992144+0200,conan,gtest doctest,https://github.com/jprochazk/platformer-server,testing,C++,conan,1,0.9,pkg_rule,
45b1890830c65302466e6772d34fc2d81943424c,gtest,catch2,Change Catch2 to gtest due to lack of death test,1584698230+0100,conan,catch2 gtest,https://github.com/maciejjaskiewicz/Xenon,testing,C++,conan,1,1.0,lib_replacement,Functionality
4626540bf736daf613070b357b0ba0d6ec765c8f,zlib,openssl,Properties merged to master branch.,1611933481+0100,conan,openssl zlib,https://github.com/stilgarpl/bsc,cryptography,C++,conan,1,0.95,pkg_rule,
4689bf1adcccb823be7896f9b0dcbace72f20a66,libhal-lpc40xx,liblpc40xx,:sparkle: standard linker scripts + renaming\n\n- Rename to libhal-lpc40xx - Add standard linker scripts to the linker/ directory - Add standard linker scripts to package - Change cmake target name to libhal::lpc40xx - Rename include directory and libhal-lpc40xx\n\nResolves #119,1673713254-0800,conan,liblpc40xx libhal-lpc40xx,https://github.com/libhal/libhal-lpc,OS Dev,C++,conan,1,0.95,pkg_rule,
4749e46bfd451b7be75487cd6ce6c6978684c329,cli11,docopt.cpp,chore: remove docopt use cli11,1602043057+0900,conan,docopt.cpp cli11,https://github.com/mathieu-lala/game_project,Command Line,C++,conan,1,0.98,lib_replacement,
c71c87befc2f31bcc5c1beafd65422e31d07cac4,cli11,docopt.cpp,Replace docopt with cli11,1637593484-0600,conan,docopt.cpp cli11,https://github.com/JonathanGzzBen/weighterm,Command Line,C++,conan,1,0.99,lib_replacement,
c72e4e275d91d4a69691cf7e5ae53d0e5d292c68,sparql-parser,sparql-parser-base,Merge 0a01a914da9bff9561bb9431e8649957dde33f58 into 3d170573b2d09a8847d1b02d03620ec2f3649407,1612529028+0000,conan,sparql-parser-base sparql-parser,https://github.com/dice-group/tentris,database,C++,conan,1,0.95,pkg_rule,
c78d27ac5d402e7a5e7d79f8aa6756dd3d538cc7,benchmark,google-benchmark,Update google benchmark conan package version,1581583342+0000,conan,google-benchmark benchmark,https://github.com/ess-dmsc/NeXus-Streamer,testing,C++,conan,1,0.92,pkg_rule,
c808c543f95618c335187a1b040fbd63c2533b62,msgpack-cxx,msgpack,merged develop,1664644481+0300,conan,msgpack msgpack-cxx,https://github.com/duckstax/ottergon,serializing,C++,conan,1,0.95,pkg_rule,
c80ca0ed79d380dcf7d839b7299eaba590356e38,onetbb,tbb,Add 32 and 64 bits defines. Fix intrinsics. Update to onetbb for clang.,1640379727-0500,conan,tbb onetbb,https://github.com/p-groarke/fea_libs,computing,C++,conan,1,0.85,pkg_rule,
c86c01ccfab586ac70496b0e85c7d79f43586e2e,nlohmann_json,json11,enh(conan): centengine builds now with conan-center packages\n\n* fix(conan): json11 removed from the code and conan-center packages in place  * fix(conan): update cmake.sh  * fix(test): a bad test removed.  * fix(retention): uninitialized memory fixed.    Co-authored-by: Gres Remi <rgres@centreon.com>    REFS: MON-7244,1620657544+0200,conan,json11 nlohmann_json,https://github.com/centreon/centreon-collect,serializing,C++,conan,1,0.98,lib_replacement,
49fa86ffe8554547b7e0074e30b28429e8accbc1,boost_filesystem,boost,Merge branch 'merge_tuning' of https://github.com/DMSC-Instrument-Data/MDSpaceFillingPrototype into merge_tuning,1542630549+0100,conan,boost boost_filesystem,https://github.com/DMSC-Instrument-Data/MDSpaceFillingPrototype,File Handling,C++,conan,1,0.95,pkg_rule,
4aa47fad56cbe1610a686e91c8e6403ae59a3843,glew,glad,Merge pull request #3 from idcrook/glut\n\nswitch back to glew from glad  improve docs,1582224388-0700,conan,glad glew,https://github.com/idcrook/tweeker_raytracer,GUI,C,conan,1,0.98,lib_replacement,
cc0febebcbf1afb8929ebb914c7bb2350dd67bff,sparql-parser,sparql-parser-base,merged development branch,1624867876+0300,conan,sparql-parser-base sparql-parser,https://github.com/dice-group/tentris,database,C++,conan,1,0.95,pkg_rule,
4d15cce6582cb0912298ead9c34a5295ed0035e1,boost_asio,boost,:zap: Adding CI.,1569237423+0200,conan,boost boost_asio,https://github.com/LiardeauxQ/Babel,network,C++,conan,1,0.95,pkg_rule,
4dbed7aa280aaa850236c2d83d7edd06a8954f51,boost_asio,boost,feat(connection): basic connection class - WIP,1601042115+0200,conan,boost boost_asio,https://github.com/arzeo68/Babel-cpp,network,C++,conan,1,0.95,pkg_rule,
cdaf5fde2b31a1f9f156b4f06ca6771885b70c23,cpp-httplib,cppjslib,Merge pull request #25 from MarkusJx/develop\n\nUpdate dependencies,1622736205-0700,conan,cppjslib cpp-httplib,https://github.com/MarkusJx/autobet,network,C++,conan,1,0.9,pkg_rule,
cdba45f8e68e55a760367d48c8865175c26a1775,boost,boost.asio,Merge pull request #8 from cinderblocks/master\n\nNon-Windows support,1519343141-0400,conan,boost.asio boost,https://github.com/HalcyonGrid/aperture,network,C++,conan,1,0.93,pkg_rule,
cdba45f8e68e55a760367d48c8865175c26a1775,boost,boost.format,Merge pull request #8 from cinderblocks/master\n\nNon-Windows support,1519343141-0400,conan,boost.format boost,https://github.com/HalcyonGrid/aperture,other,C++,conan,1,0.93,pkg_rule,
cdba45f8e68e55a760367d48c8865175c26a1775,boost,boost.program_options,Merge pull request #8 from cinderblocks/master\n\nNon-Windows support,1519343141-0400,conan,boost.program_options boost,https://github.com/HalcyonGrid/aperture,other,C++,conan,1,0.93,pkg_rule,
cdba45f8e68e55a760367d48c8865175c26a1775,boost,boost.logic,Merge pull request #8 from cinderblocks/master\n\nNon-Windows support,1519343141-0400,conan,boost.logic boost,https://github.com/HalcyonGrid/aperture,other,C++,conan,1,0.93,pkg_rule,
ce1fd05b2fca25512fd0702237c512735dfd5218,luajit,lua,"Change dependency versions, use LuaJIT instead of Lua",1626023792+0200,conan,lua luajit,https://github.com/Sh1nku/iNOBEngine,GUI,C++,conan,1,0.98,lib_replacement,
ce5355737f7c3ed06ced0ff6090dcd06afeba66b,sfml,libcurl,feat: add SFML and remove libcurl,1666506729+0530,conan,libcurl sfml,https://github.com/KRVPerera/SeedrMan,network,C++,conan,1,0.8,pkg_rule,
ce79449a940df7f53798b4eac53fbe8af4467909,spdlog,boost_log,changed boost_log to spdlog,1532854656+0200,conan,boost_log spdlog,https://github.com/kacprzak/nbd-3dge,logging,C++,conan,1,0.99,lib_replacement,
ce99458d910aa868a0203a77b1aa3276e54aa010,msgpack-cxx,msgpack,update dependes,1664375585+0300,conan,msgpack msgpack-cxx,https://github.com/duckstax/ottergon,serializing,C++,conan,1,0.9,pkg_rule,
cf714cf1b1c211d769cb99dd79dff291c2d588e8,benchmark,google-benchmark,"Use std::filesystem, expunge boost",1615459910+0000,conan,google-benchmark benchmark,https://github.com/ess-dmsc/event-formation-unit,testing,C++,conan,1,0.95,pkg_rule,
d0c3a214855848e33835bb8597edf99f4a64dba3,catch2,gtest,Changed testing framework as it is hard to get working on clang-9,1599105776+0200,conan,gtest catch2,https://github.com/ShadowItaly/clas-digital,testing,C++,conan,1,0.97,lib_replacement,BugIssue
5131de9feb306b83d71021cce53f5cafaa3638a7,glfw,sdl,glfw variant,1650614784+0300,conan,sdl glfw,https://github.com/Sumechoo/SDL_with_conan,GUI,C++,conan,1,0.5,lib_replacement,
51e060e62def2a690b001026fb3be31249134b14,catch2,doctest,update to conan2,1678441627+0800,conan,doctest catch2,https://github.com/Jackson-soft/etcdv3,testing,C++,conan,1,0.8,pkg_rule,
d11a8a88de02109ce33b98e8c287d2aa9de89b2d,boost_filesystem,boost,Switch to bincrafters modular boost packages in prep for linden dcoroutines,1545591773-0600,conan,boost boost_filesystem,https://github.com/cinderblocks/liblinden,File Handling,C++,conan,1,0.85,pkg_rule,
d11a8a88de02109ce33b98e8c287d2aa9de89b2d,boost_iostreams,boost,Switch to bincrafters modular boost packages in prep for linden dcoroutines,1545591773-0600,conan,boost boost_iostreams,https://github.com/cinderblocks/liblinden,File Handling,C++,conan,1,0.85,pkg_rule,
d31274a86ea6257da2f3fce749daea1aab7c6fbc,glew,glad,switch back to glew from glad  improve docs\n\n- `glew` didn't exhibit the **ERROR 1282 in glEnd** each frame that GLAD did - note that textures and images come from `optix_advanced_samples` repo,1582224191-0700,conan,glad glew,https://github.com/idcrook/tweeker_raytracer,GUI,C,conan,1,0.98,lib_replacement,BugIssue
d32b37c70f4fd5e2619971f1fa7e1122ea24d256,onetbb,tbb,"Macros cleanup, wip string.hpp refactor, regex sv, intrinsics, iso 639.\n\n* Cleanup macros and consolidate files.  * Start string.hpp refactor (for string_view).  * Add string_view regex helpers.  * Add intrinsics (clz, ctz).  * Add ISO 639 language database.  * Add 32 and 64 bits defines.   * Update to onetbb for clang.  * Enable c++20 testing for latest gcc and clang.",1640470432-0500,conan,tbb onetbb,https://github.com/p-groarke/fea_libs,computing,C++,conan,1,0.85,pkg_rule,
d38f117322bee6d8de9dd6ca3a025c9aa9afa64c,sqlitecpp,sqlite3,Merge branch 'cpp' of https://github.com/ShadowItaly/clas-digital into cpp,1599315561+0200,conan,sqlite3 sqlitecpp,https://github.com/ShadowItaly/clas-digital,database,C++,conan,1,0.95,pkg_rule,
d3da7f12d7bcd01d1d34b5f166af37cadd4cb6cd,msgpack-cxx,msgpack,Merge pull request #52 from Lihis/fix-windows-build\n\nHandle Bincrafters infrastructure changes,1641659185+0200,conan,msgpack msgpack-cxx,https://github.com/Lihis/ets2-job-logger,serializing,C++,conan,1,0.92,pkg_rule,
d47dc9392e0808c952a59a18b81c803aa551d5b8,boost,boost_asio,Upgrade cpprestsdk and boost versions,1594669972+0200,conan,boost_asio boost,https://github.com/karlheinzkurt/cpp-micro-service,network,C++,conan,1,0.9,pkg_rule,
d4ab58d855bce26f1e4da672581b2f2a99ebe4ce,eigen,glm,change lib glm for eigen,1586882096+0200,conan,glm eigen,https://github.com/LangArthur/RayTracer,computing,C++,conan,1,0.98,lib_replacement,
d6972cafc24d0f2dd626a5cfde1b966f1c410241,lyra,clara,:circus_tent: updating c++ deps,1592096468-0400,conan,clara lyra,https://github.com/prince-chrismc/hello-react-from-cpp,other,C++,conan,1,0.8,pkg_rule,
d6fdf81085ac47285aa1561f3c6d9b7540e54a58,benchmark,google-benchmark,"new geometry, incalid counter fixed in unit test",1619536343+0200,conan,google-benchmark benchmark,https://github.com/ess-dmsc/event-formation-unit,testing,C++,conan,1,0.95,pkg_rule,
57ff42026d382faf368a2076b354de78b24d4d64,boost_asio,boost,Serialization Send Complete,1537811808+0200,conan,boost boost_asio,https://github.com/RaJiska/CPP_babel_2018,network,C++,conan,1,0.95,pkg_rule,
585684aee8e1d522ab9125957a8b0b0a620cfb72,tbb,onetbb,Debug global_control.,1676058174-0500,conan,onetbb tbb,https://github.com/p-groarke/itl_tests,OS Dev,C++,conan,1,0.92,pkg_rule,
d9e77c7f5204b9113d3d2e865d1e3b09edb766ca,boost,boost.asio,Switch boost packages again,1519323487-0600,conan,boost.asio boost,https://github.com/HalcyonGrid/aperture,network,C++,conan,1,0.8,pkg_rule,
d9e77c7f5204b9113d3d2e865d1e3b09edb766ca,boost,boost.format,Switch boost packages again,1519323487-0600,conan,boost.format boost,https://github.com/HalcyonGrid/aperture,other,C++,conan,1,0.8,pkg_rule,
d9e77c7f5204b9113d3d2e865d1e3b09edb766ca,boost,boost.build,Switch boost packages again,1519323487-0600,conan,boost.build boost,https://github.com/HalcyonGrid/aperture,other,C++,conan,1,0.8,pkg_rule,
d9e77c7f5204b9113d3d2e865d1e3b09edb766ca,boost,boost.program_options,Switch boost packages again,1519323487-0600,conan,boost.program_options boost,https://github.com/HalcyonGrid/aperture,other,C++,conan,1,0.8,pkg_rule,
d9e77c7f5204b9113d3d2e865d1e3b09edb766ca,boost,boost.logic,Switch boost packages again,1519323487-0600,conan,boost.logic boost,https://github.com/HalcyonGrid/aperture,other,C++,conan,1,0.8,pkg_rule,
5a91d65c91d423461082f33dadae749c7908c29f,doctest,catch2,moved from catch2 to doctest,1580077013+0000,conan,catch2 doctest,https://github.com/yoshi5534/advent-of-code-2019,testing,C++,conan,1,0.99,lib_replacement,
5c90bf7ed11590fbe83b7b0a210010d363bc6147,lyra,clara,Switch from clara to lyra,1636091934-0700,conan,clara lyra,https://github.com/Nicholas-Baron/little-lang,other,C++,conan,1,0.99,lib_replacement,
5c94498b20ac0be3f499ae0f03d13747515b59cc,mc-core,mc-dsp,Replace mc-dsp with mc-core,1664314654+0200,conan,mc-dsp mc-core,https://github.com/ModernCircuits/mc-wavelet,Multi Media,C++,conan,1,0.99,lib_replacement,
5ce442789860350b4acd45525870128b211b1eb3,zlib,openssl,Merge pull request #3 from delude88/development\n\nDevelopment,1639184985+0100,conan,openssl zlib,https://github.com/delude88/libteckos,cryptography,C++,conan,1,0.95,pkg_rule,
5d2cd8474655c2369fe56892860c9a0d9c42a37f,nlohmann_json,json11,enh(conan): centengine builds now with conan-center packages\n\n* fix(conan): json11 removed from the code and conan-center packages in place  * fix(conan): update cmake.sh  * fix(test): a bad test removed.  * fix(retention): uninitialized memory fixed.    Co-authored-by: Gres Remi <rgres@centreon.com>    REFS: MON-7244,1620657544+0200,conan,json11 nlohmann_json,https://github.com/centreon/centreon-collect,serializing,C++,conan,1,0.98,lib_replacement,
5df27b2426d59763a3e4b77195ead3550dc14bc5,cli11,docopt.cpp,"Big changes (#12)\n\n* chore: upgrade imgui/conan version, style: cleanup    * chore: add warning pop    * hotfix: cast    * hotfix: cast    * hotfix: msvc warning    * chore: remove docopt use cli11    * refact: split main in 2 files  chore: add engine version",1602055523+0900,conan,docopt.cpp cli11,https://github.com/mathieu-lala/game_project,Command Line,C++,conan,1,0.97,lib_replacement,
de8325d81090a68eb75ec40700be3399b33a1f59,zlib,openssl,fix(build): conan dependencies to use openssl1.1.1h,1603293605+0200,conan,openssl zlib,https://github.com/centreon/centreon-broker,cryptography,C++,conan,1,0.9,pkg_rule,
debc55205bea3b662b0be6fade4c7bfd04717683,nlohmann_json,json11,fix(conan): build using conan-center works again\n\n* fix(conan): json11 removed from the code and conan-center packages in place  * fix(conan): update cmake.sh  * fix(test): a bad test removed.    Co-authored-by: Gres Remi <rgres@centreon.com>    REFS: MON-7244,1620661103+0200,conan,json11 nlohmann_json,https://github.com/centreon/centreon-engine,serializing,C++,conan,1,0.98,lib_replacement,BugIssue
5f2a17d55fabb55e4f7d542e2d16a72f3332559a,gtest,catch2,moved to GTest from catch2,1644514521+0100,conan,catch2 gtest,https://github.com/verbio-technologies/cpp-verbio-speech-center,testing,C++,conan,1,1.0,lib_replacement,
60606c6819abddf9bf58537e648850bdfa57b175,libhal-lpc40xx,liblpc40xx,:recycle: Rename to libhal-esp8266\n\nResolves #31,1673723083-0800,conan,liblpc40xx libhal-lpc40xx,https://github.com/libhal/libhal-esp8266,OS Dev,C++,conan,1,0.95,pkg_rule,
e0e4a07d9856681a3f22bbe62de452c8908a4f4b,glad,glew,Replace GLEW with glad,1578093737+0000,conan,glew glad,https://github.com/arlyon/graphics,GUI,C++,conan,1,1.0,lib_replacement,
618f0f7444120a8ff60d93bd4eaf8e7970e97732,boost_asio,boost,[Conan] Change boost/conan to boost/bincrafters,1538870734+0200,conan,boost boost_asio,https://github.com/AsianPw/Babel,network,C++,conan,1,0.9,pkg_rule,
61ce0f137a1657006c5905ead987178ab9a28d93,nlohmann_json,simdjson,Change library for working with JSON in conanfile,1620576221-0300,conan,simdjson nlohmann_json,https://github.com/RafaelPortacio/notwaze,serializing,C++,conan,1,0.95,lib_replacement,
e10a9dfe632575b9610d2a476f2989a0d2889103,glew,glad,glew,1613521214+0300,conan,glad glew,https://github.com/StailGot/hello_ogl,GUI,C++,conan,1,0.5,lib_replacement,
e198c39bfc978e4e19581b3d867b7835dd6b19c0,blaze,eigen,"# [WIP] extend Paramters and Solutions class, change {eigen} to {blaze}, add unit tests",1630527972+0200,conan,eigen blaze,https://github.com/ewarchul/ppmf-research,computing,C++,conan,1,1.0,lib_replacement,
e1cc7ba15d812bd5630c1ff8e071fe8830faa8cc,benchmark,cppbenchmark,Merge refactoring,1644056040+0200,conan,cppbenchmark benchmark,https://github.com/boki1/eugene,testing,C++,conan,1,0.9,pkg_rule,
63457a412f474923be8f93a47b7151a6d5bb06a6,boost,boost_asio,boost circular_buffer추가,1599575526+0900,conan,boost_asio boost,https://github.com/curtkim/c-first,network,C++,conan,1,0.9,pkg_rule,
e3a86763f188774f35aae77982434d44bdc610c0,catch2,doctest,Switched to catch2 test framework.,1617203066+0200,conan,doctest catch2,https://github.com/bbvch/Coronan,testing,C++,conan,1,1.0,lib_replacement,
6427a3e4f23005a8dde57e9375a7caad21c08027,onetbb,tbb,tbb 2020.3 -> onetbb 2021.6.0,1666088910+0200,conan,tbb onetbb,https://github.com/Zitrax/zit,computing,C++,conan,1,0.85,pkg_rule,
642a9b64f19cdcd98bcf15cf3a23a22215768958,benchmark,cppbenchmark,Update compressor and decompressor benchmarks with Google benchmark,1641754837+0200,conan,cppbenchmark benchmark,https://github.com/boki1/eugene,testing,C++,conan,1,0.9,lib_replacement,
6698c6689ad80f19f62f8b4364f5ec41fe629ada,doctest,catch2,refactor: Switch to `doctest`,1599060236+0900,conan,catch2 doctest,https://github.com/objectx/tiger,testing,C++,conan,1,1.0,lib_replacement,
e6d0aafc83b76157c59f2479e8182f299128892b,boost_asio,boost,Change boost into boost_asio in conanfile.txt,1575196023+0100,conan,boost boost_asio,https://github.com/Nithingale/r-type,network,C++,conan,1,0.8,pkg_rule,
673c39593081c7b3f7b8ec3237cfb1d71a256a6d,trompeloeil,boost,Use Catch and Trompeloeil instead of Boost.Test,1469374861+0200,conan,boost trompeloeil,https://github.com/arisateesh/fix,testing,C++,conan,1,0.95,lib_replacement,
673c39593081c7b3f7b8ec3237cfb1d71a256a6d,catch,boost,Use Catch and Trompeloeil instead of Boost.Test,1469374861+0200,conan,boost catch,https://github.com/arisateesh/fix,testing,C++,conan,1,0.95,lib_replacement,
e7fe80c3263d52b1f716530d5ed238a496055ff4,high_level_asio,asio-utility,rename from `asio-utility` to `high_level_asio`. added Boost.Asio support.,1518731095+0200,conan,asio-utility high_level_asio,https://github.com/Enhex/asio-utility,network,C++,conan,1,1.0,pkg_rule,
e83445ad9aa5b3349687ad5ae4793e250aade6cb,boost,boost_multiprecision,using single boost lib 1.70,1561301381+0300,conan,boost_multiprecision boost,https://github.com/MinterTeam/cpp-minter,other,C++,conan,1,0.95,pkg_rule,
e90e35210bacd0212e22f92b102f87d7122512a2,sqlitecpp,sqlite3,refactor using SQLiteCPP,1666769151+0800,conan,sqlite3 sqlitecpp,https://github.com/sekirocc/donde-server,database,C++,conan,1,1.0,lib_replacement,
6a7c7bc4bed91fead4e7b71ea1add8b194c93b13,boost,boost_range,"Refine conan usage (#221)\n\n* Reduced number of Conan remotes required.    Many of the Conan packages have migrated from Bincrafters to  the Conan Center, including the Boost packages (which are no longer  componentized).  This means that fewer remotes are required in  total, but also a little re-working of the build scripts.    * Updated CMakeLists.txt build script    * Removed unnecessary Conan remotes from Travis script    * Increased timeout for Conan Install.    * Fixed rot13 example to work with new conan setup.",1599726684+0200,conan,boost_range boost,https://github.com/KazDragon/telnetpp,other,C++,conan,1,1.0,pkg_rule,
6a9f5e27325a7ef41141261064fd70fcec07aba5,boost_asio,boost,debug on windows,1538787068+0200,conan,boost boost_asio,https://github.com/Clemon-R/Babel,network,C++,conan,1,0.98,pkg_rule,
6bcdc18377fc2d122322841a587e4d68755993a3,benchmark,google-benchmark,"merge from master, resolve conflicts and make it compile",1620219504+0200,conan,google-benchmark benchmark,https://github.com/ess-dmsc/event-formation-unit,testing,C++,conan,1,0.85,pkg_rule,
6cf558b4d880bf344b68b5ed3ad2592e4a5291a6,sqlitecpp,sqlite3,Thread safe implementation of SQL Queries,1599244984+0200,conan,sqlite3 sqlitecpp,https://github.com/ShadowItaly/clas-digital,database,C++,conan,1,0.8,pkg_rule,
ec2d9ff83135b3143b9dc56bf8ff990f5501d508,msgpack-cxx,msgpack,fix build 3,1663098472+0300,conan,msgpack msgpack-cxx,https://github.com/duckstax/ottergon,serializing,C++,conan,1,0.85,pkg_rule,
ecc2136b7736b23b13b1835c03e38ebea02acdca,imgui,qt,"chore: rename project and rework dependencies\n\nMediaPlayer -> EpiGimp Add SFML, imgui and SFML-imgui Remove Qt",1588451140+0200,conan,qt imgui,https://github.com/maximehouis/yep_project2_2019,GUI,C++,conan,1,1.0,lib_replacement,
ecc2136b7736b23b13b1835c03e38ebea02acdca,imgui-sfml,qt,"chore: rename project and rework dependencies\n\nMediaPlayer -> EpiGimp Add SFML, imgui and SFML-imgui Remove Qt",1588451140+0200,conan,qt imgui-sfml,https://github.com/maximehouis/yep_project2_2019,GUI,C++,conan,1,1.0,lib_replacement,
ecc2136b7736b23b13b1835c03e38ebea02acdca,sfml,qt,"chore: rename project and rework dependencies\n\nMediaPlayer -> EpiGimp Add SFML, imgui and SFML-imgui Remove Qt",1588451140+0200,conan,qt sfml,https://github.com/maximehouis/yep_project2_2019,GUI,C++,conan,1,1.0,lib_replacement,
6da177791e3191414fd4f257ca800d6379b9ccaa,boost,boost_asio,Merge branch 'udp' of git.epitech.eu:/victor.leblanc@epitech.eu/CPP_rtype_2019 into ai,1575986624+0100,conan,boost_asio boost,https://github.com/Nithingale/r-type,network,C++,conan,1,0.98,pkg_rule,
ed0ee777f996d2958c75f2842f1875675003da94,gtest,catch2,"changed main code directory from src to include splitted algorithms into multiple files the arithmetic algorithms use iterators as in and outputresutling to better performance due to the reduced number of copies rewritten hex_naive_mul, hex_naive_mul no longer creates temporary copies added Doxygen configuration benchmarks rewritten using google benchmark test rewritten using google test  minor changes",1555696105+0200,conan,catch2 gtest,https://github.com/fabhaas/xenonis,testing,C++,conan,1,1.0,lib_replacement,
edb9a5cef4fa145921a5ceac6d981e423f893f86,boost,boost_multiprecision,refactoring,1564093054+0300,conan,boost_multiprecision boost,https://github.com/edwardstock/mintex,other,C++,conan,1,0.8,pkg_rule,
edb9a5cef4fa145921a5ceac6d981e423f893f86,boost,boost_filesystem,refactoring,1564093054+0300,conan,boost_filesystem boost,https://github.com/edwardstock/mintex,File Handling,C++,conan,1,0.8,pkg_rule,
eded894a7e78d05892bfa0377a46b6ad93e666f1,benchmark,google-benchmark,Update CI Use official conan package for google benchmark Use cmake_find_package and cmake_paths conan generators isntead of cmake one.,1587431617+0200,conan,google-benchmark benchmark,https://github.com/shapelets/khiva,testing,C++,conan,1,0.9,pkg_rule,
ee86cc2050fefde4cbc308590243b065e6584cef,boost_asio,boost,Merge branch 'ecs' into missile,1575216379+0100,conan,boost boost_asio,https://github.com/Nithingale/r-type,network,C++,conan,1,0.98,pkg_rule,
ef5221e0fe13ed246d7c647043a31bedc4b6dbe6,boost_locale,boost,Updated boost to 1.66,1517738560+0300,conan,boost boost_locale,https://github.com/sergey-shambir/json_spirit,other,C++,conan,1,0.95,pkg_rule,
ef5221e0fe13ed246d7c647043a31bedc4b6dbe6,boost_spirit,boost,Updated boost to 1.66,1517738560+0300,conan,boost boost_spirit,https://github.com/sergey-shambir/json_spirit,other,C++,conan,1,0.95,pkg_rule,
ef5221e0fe13ed246d7c647043a31bedc4b6dbe6,boost_test,boost,Updated boost to 1.66,1517738560+0300,conan,boost boost_test,https://github.com/sergey-shambir/json_spirit,other,C++,conan,1,0.95,pkg_rule,
729d5727662b3dc836e99373a982d430e1e75bba,ms-gsl,gsl-lite,Convert to Microsoft GSL and simplify std:: types,1633248222-0400,conan,gsl-lite ms-gsl,https://github.com/dmeybohm/wisdom-chess,other,C++,conan,1,0.9,lib_replacement,
f261984f7f7bcb897cf37aaaec91e339da0a2893,boost_asio,boost,feat(connection): basic connection class - WIP,1601042115+0200,conan,boost boost_asio,https://github.com/arzeo68/Babel-cpp,network,C++,conan,1,0.95,pkg_rule,
f2664f12ee3521e18eb1671c3ae0b30e6d48b0a0,erikzenker-hsm,hsm,feat: Update hsm to v1.4.7,1633901488+0200,conan,hsm erikzenker-hsm,https://github.com/erikzenker/state-machine-benchmark,computing,C++,conan,1,0.9,pkg_rule,
f2c0191fefa412cdfec6b0559e0d87b10e2026e6,glad,glew,opengl-first glew->glad로 수정,1598234568+0900,conan,glew glad,https://github.com/curtkim/c-first,GUI,C++,conan,1,1.0,lib_replacement,
73cbf768608eda6981b7de9c2db443b1845f4d65,doctest,catch2,Finish bump-environment,1599060254+0900,conan,catch2 doctest,https://github.com/objectx/tiger,testing,C++,conan,1,0.85,pkg_rule,
73e5df76d7c467fd460a1ada55412131f46c9e97,zlib,openssl,dep: fix build and update dependencies,1650730671+0200,conan,openssl zlib,https://github.com/Xijezu/RZEmulator,cryptography,C++,conan,1,0.9,pkg_rule,
f38895ff50c5451db36b24bd8e579111426ee1f7,spdlog,plog,Replaced plog with async spdlog\n\n- moved logging stuff to separate TU - boost::format to fmt::format - code nits,1628252059+0300,conan,plog spdlog,https://github.com/vyivanov/url-shortener,logging,C++,conan,1,1.0,lib_replacement,
f65435b0e3955dcd33aaa8a736eacbab6e067f21,argparse,docopt.cpp,build(conan): use argparse instead of docopt\n\n- Upgrade spdlog,1634505924-0500,conan,docopt.cpp argparse,https://github.com/spjuanjoc/gui_project_cpp,other,C++,conan,1,1.0,lib_replacement,
f68f0b9b8f3c354d6aa7aa1a656bace26663355a,catch2,gtest,"docs: adding full doxygen documentation, tests: initalize unit tests and coverage, style: code formated (cmake/cpp) (#7)\n\n* style: add clang-format/cmake-format    * tests: add Catch2 ut (normal/constexpr), docs: remade with package/coverage, bug: extra doc on doxygen    * fix: json lib within conan",1588945164+0200,conan,gtest catch2,https://github.com/maximehouis/yep_project2_2019,testing,C++,conan,1,0.8,pkg_rule,
f6ec24d8b4dc337a35e623ce209d9fa27a1b0c6e,imgui,imgui-docking,"Switched to stable imgui and imguizmo recipe This is an extremely cursed way to patch dependencies however, and it should be done in a conan.py instead, but FINALLY WE CAN GET RID OF THIS STUPID CUSTOM REMOTE although SRGB formats seems to not be working",1654365446-0400,conan,imgui-docking imgui,https://github.com/TableauBits/Morrigu,GUI,C++,conan,1,0.9,pkg_rule,
77f47e3725f4a3aa3d7f14a3d2ed57af64625a31,catch2,doctest,add catch2,1651938366+0800,conan,doctest catch2,https://github.com/Jackson-soft/longdemo,testing,C++,conan,1,0.9,pkg_rule,
f71e1d5ea612a04496ec2050e718ae053a028b5a,luajit,lua,Merge pull request #6 from Sh1nku/sh1nku/profiling\n\nAdd profiling to systems,1626035508+0200,conan,lua luajit,https://github.com/Sh1nku/iNOBEngine,GUI,C++,conan,1,0.95,pkg_rule,
78268bda766f5427090d10b9e4a55aeb841433c3,gtest,catch2,Start of mime parsing,1665365423-0400,conan,catch2 gtest,https://github.com/KJNeko/IDHAN,testing,C++,conan,1,0.98,pkg_rule,
f8cba90c3cedda1e1747296f0e4e0cea02d1e119,cpp-httplib,cpprestsdk,use httplib instead of cpprest,1608037141+0100,conan,cpprestsdk cpp-httplib,https://github.com/lurume84/jira-manager-desktop,network,C++,conan,1,1.0,lib_replacement,
f8f15d49b7d242c77e4e6a6d3804d916839a1d57,boost_filesystem,boost,Fix conan deps,1542381284+0000,conan,boost boost_filesystem,https://github.com/DMSC-Instrument-Data/MDSpaceFillingPrototype,File Handling,C++,conan,1,0.9,pkg_rule,
795649683ae78132366b0c4bc55920c68eac044b,catch2,gtest,remove gtest add catch2,1597001521+0200,conan,gtest catch2,https://github.com/Pr0curo/thanote,testing,C++,conan,1,1.0,lib_replacement,
79afeaccaf908c77ebf0bf87cabc946663b760d7,cpp-httplib,uwebsockets,backend: change to httplib and websocketpp ready for beta test now,1654696495+0800,conan,uwebsockets cpp-httplib,https://github.com/EricJeffrey/online_scriptor,network,C++,conan,1,0.95,lib_replacement,
79afeaccaf908c77ebf0bf87cabc946663b760d7,websocketpp,uwebsockets,backend: change to httplib and websocketpp ready for beta test now,1654696495+0800,conan,uwebsockets websocketpp,https://github.com/EricJeffrey/online_scriptor,network,C++,conan,1,0.95,lib_replacement,
faf8efadf24a9ce74d9be074a692c05a2a8b5f92,msgpack-cxx,msgpack,Use msgpack for IPC,1648520045-0700,conan,msgpack msgpack-cxx,https://github.com/xpilot-project/xpilot,serializing,C++,conan,1,0.85,pkg_rule,
fc85bcfc19d79a4f1748e2af0e2edaca6e82e64f,bincrafter,sfml,remove sfml and add bincrafter,1541433956+0100,conan,sfml bincrafter,https://github.com/zombre98/r-type,GUI,C++,conan,1,0.8,lib_replacement,
7d271af3bbeb30b34805074db970950e0b378be4,gtest,catch2,switch to gtest,1672957683+1300,conan,catch2 gtest,https://github.com/bloomen/svmegn,testing,C++,conan,1,1.0,lib_replacement,
fd6c8129cfd05e3b429c16806bcb05f6dbed587e,mc-audio,mc-dsp,Replace mc-dsp with mc-audio,1664318005+0200,conan,mc-dsp mc-audio,https://github.com/ModernCircuits/mc-juce,Multi Media,C++,conan,1,1.0,lib_replacement,
7efa0167a3d28d61d9565d05a1c3e71903e19bd5,benchmark,google-benchmark,Update dependencies,1581935300+0100,conan,google-benchmark benchmark,https://github.com/shapelets/khiva,testing,C++,conan,1,0.9,pkg_rule,
ff3dccfe875aef3e2b4385585195f698b554e991,libhal-lpc40xx,liblpc40xx,Merge pull request #14 from SJSURoboticsTeam/rmd-wifi-demo\n\nRmd wifi demo,1674348785-0800,conan,liblpc40xx libhal-lpc40xx,https://github.com/SJSURoboticsTeam/urc-control-system-2023,OS Dev,C++,conan,1,0.95,pkg_rule,
0002a74ab0361780311dfb3cb37698e48a2c9bcc,dpkg-dev,hardening-includes,* debian/rules:   - use dpkg-dev 1.16.1 and debhelper 9 hardening support * debian/control:   - drop hardening-includes build-dep.   - update debhelper build-dep to 8.9.4 for dpkg-buildflags support   - add dpkg-dev 1.16.1 build-dep for hardening support * debian/compat bumped to 9.,1319743897+0000,deb,hardening-includes dpkg-dev,https://salsa.debian.org/Valdaer/xfce4-settings,build,C,deb,1,0.95,pkg_rule,
0011c08288f8620dc6127473d24a07ad526de65a,libxerces-c2-dev,libxerces28-dev,* Non-maintainer upload. * Replaced Build-Depend on libxerces28-dev with libxerces-c2-dev   (Closes: #483284).,1261489565+0200,deb,libxerces28-dev libxerces-c2-dev,https://salsa.debian.org/debian/xqilla,serializing,C++,deb,1,0.9,pkg_rule,
001c096be0c23d9771e429736e3fc95f41978f20,dh-autoreconf,autoconf,Merge tag 'debian/4.3.1-6+deb8u2'\n\nDebian release 4.3.1-6+deb8u2\n\nConflicts: 	debian/changelog 	debian/control,1487881215+0000,deb,autoconf dh-autoreconf,https://github.com/pexip/os-isc-dhcp,build,C,deb,1,1.0,pkg_rule,
001db74632f768f699698ebe311953b0531a27de,dh-r,cdbs,release 0.12.17,1525865884-0500,deb,cdbs dh-r,https://github.com/DavisVaughan/Rcpp,build,C++,deb,1,0.95,pkg_rule,
0067d025e9b0e3cd6771f50c37bb3e504bc27b07,qtbase5-dev,qt5-default,do not Build-Depend from metapackage qt5-default\n\n,1451690876+0000,deb,qt5-default qtbase5-dev,https://salsa.debian.org/agaida-guest/libquazip,GUI,C++,deb,1,0.95,pkg_rule,
006bd09abb948d92be37babf6f3b7977882dbf25,cmake,autotools-dev,SYN to,1349858707+0800,deb,autotools-dev cmake,https://github.com/langresser/hero3,build,C++,deb,1,1.0,pkg_rule,
00730bd0121c81f27415b1880ddfb02359264ecd,qtbase5-dev,libqt4-dev,Switch vtk6 to Qt5. (Closes: #754948),1405504783+0100,deb,libqt4-dev qtbase5-dev,https://github.com/Faraadid/fd-vtk6,GUI,C++,deb,1,0.9,pkg_rule,
00741239701c73a16b2cf347dcaf22868ceeaa20,libx11-dev,xlibs-dev,Imported Debian patch 2.1.1-8.1,1137710014+0100,deb,xlibs-dev libx11-dev,https://salsa.debian.org/debian/xdemineur,GUI,C,deb,1,0.95,pkg_rule,
00741239701c73a16b2cf347dcaf22868ceeaa20,x-dev,xlibs-dev,Imported Debian patch 2.1.1-8.1,1137710014+0100,deb,xlibs-dev x-dev,https://salsa.debian.org/debian/xdemineur,GUI,C,deb,1,0.95,pkg_rule,
00741239701c73a16b2cf347dcaf22868ceeaa20,libxpm-dev,xlibs-dev,Imported Debian patch 2.1.1-8.1,1137710014+0100,deb,xlibs-dev libxpm-dev,https://salsa.debian.org/debian/xdemineur,GUI,C,deb,1,0.95,pkg_rule,
007ae5da090a7f0539763f055156d6db877682e1,dh-sequence-gnome,gnome-pkg-tools,Build-Depend on dh-sequence-gnome instead of gnome-pkg-tools,1570490256-0400,deb,gnome-pkg-tools dh-sequence-gnome,https://salsa.debian.org/gnome-team/libdmapsharing,build,C,deb,1,0.85,pkg_rule,
0098b67ddf3167fe8d697c513ef4b9d6b8c67be9,default-libmysqlclient-dev,libmysqlclient-dev,Update Build-Deps for default-libmysqlclient-dev. (Closes: #845827),1484510952+0100,deb,libmysqlclient-dev default-libmysqlclient-dev,https://salsa.debian.org/pkg-voip-team/captagent,database,C,deb,1,0.95,pkg_rule,
00a2cb7bda4e079e2ebe73b5c97223ce857d3c0f,yelp-tools,gnome-doc-utils,[svn-buildpackage] Tagging cheese 3.18.1-1,1444857628+0000,deb,gnome-doc-utils yelp-tools,https://salsa.debian.org/gnome-team/cheese,documentation,C,deb,1,1.0,pkg_rule,
00a3756e6f7d1f5148198eddb07ece271844471c,dpkg-dev,hardening-includes,merge with branches/experimental,1362836956+0000,deb,hardening-includes dpkg-dev,https://salsa.debian.org/xfce-team/apps/parole,build,C,deb,1,1.0,pkg_rule,
00a7f8222b3c4d9ac0658b0d5477fe0ff1e95fb9,qtbase5-dev,libqt4-dev,Version 7.0.0-1,1488524408+0100,deb,libqt4-dev qtbase5-dev,https://github.com/metno/metlibs-pets2,GUI,C++,deb,1,1.0,pkg_rule,
00a7f8222b3c4d9ac0658b0d5477fe0ff1e95fb9,qttools5-dev-tools,libqt4-dev,Version 7.0.0-1,1488524408+0100,deb,libqt4-dev qttools5-dev-tools,https://github.com/metno/metlibs-pets2,GUI,C++,deb,1,1.0,pkg_rule,
00b65d30188fd179791165598ce4a7aa2244b727,libgl1-mesa-dev,xlibmesa-gl-dev,git-debimport vlc_0.8.6.h-1.diff.gz,1215297915+0100,deb,xlibmesa-gl-dev libgl1-mesa-dev,https://github.com/RPi-Distro/vlc,GUI,C,deb,1,1.0,pkg_rule,
00b8dd0b41177f044a2e576254da4a17279308c0,libsystemd-dev[linux-any],libdbus-glib-1-dev,"Adjust dependencies for new version\n\nUse new version of systemd libraries, remove libdbus-glib1.",1433286816-0700,deb,libdbus-glib-1-dev libsystemd-dev[linux-any],https://github.com/LuisBuenanyo/gnome-session,OS Dev,C,deb,1,0.5,pkg_rule,
00b8dd0b41177f044a2e576254da4a17279308c0,libsystemd-dev[linux-any],libsystemd-daemon-dev,"Adjust dependencies for new version\n\nUse new version of systemd libraries, remove libdbus-glib1.",1433286816-0700,deb,libsystemd-daemon-dev libsystemd-dev[linux-any],https://github.com/LuisBuenanyo/gnome-session,OS Dev,C,deb,1,0.5,pkg_rule,
00b8dd0b41177f044a2e576254da4a17279308c0,libsystemd-dev[linux-any],libsystemd-login-dev,"Adjust dependencies for new version\n\nUse new version of systemd libraries, remove libdbus-glib1.",1433286816-0700,deb,libsystemd-login-dev libsystemd-dev[linux-any],https://github.com/LuisBuenanyo/gnome-session,OS Dev,C,deb,1,0.5,pkg_rule,
00b8dd0b41177f044a2e576254da4a17279308c0,libsystemd-dev[linux-any],libsystemd-journal-dev,"Adjust dependencies for new version\n\nUse new version of systemd libraries, remove libdbus-glib1.",1433286816-0700,deb,libsystemd-journal-dev libsystemd-dev[linux-any],https://github.com/LuisBuenanyo/gnome-session,logging,C,deb,1,0.5,pkg_rule,
00cccd3eb95c3e7eb06f95ddab9917b10fb8a438,libglib2.0-dev,libgtk2.0-dev,d/control: update b-deps for new release,1611043718+0100,deb,libgtk2.0-dev libglib2.0-dev,https://salsa.debian.org/xfce-team/goodies/xfce4-notes-plugin,GUI,C,deb,1,0.9,pkg_rule,
00d1b8f116f819e14936af079783444da37b6f1e,libhdf5-dev,libhdf5-serial-dev,libcgns (2.5.5-3) unstable  urgency=low\n\n  * Change HDF5 dependency from libhdf5-serial-dev => libhdf5-dev   * Rebuild against hdf5 1.8.8   * return.diff: Fix a new FTBFS (control reaches end of non-void function)   * Get ride of the patch wrongProfile.diff (managed now by HDF)\n\n,1326910872+0000,deb,libhdf5-serial-dev libhdf5-dev,https://salsa.debian.org/science-team/libcgns,serializing,C,deb,1,0.95,pkg_rule,
00dc43d404bf95110de99ec17e9627cb63f6785d,dh-autoreconf,autotools-dev,Imported Debian patch 1.87-1,1427228261-0300,deb,autotools-dev dh-autoreconf,https://salsa.debian.org/debian/gifsicle,build,C,deb,1,1.0,pkg_rule,
00e8703f922ad5fc64c966a6db88f932e3bcc5a0,inkscape,librsvg2-bin,Drop dependency on librsgv2-bin and switch to inkscape\n\nCloses: #949484,1579668349-0800,deb,librsvg2-bin inkscape,https://salsa.debian.org/debian/navit,Multi Media,C,deb,1,0.5,pkg_rule,
00eaa375a27c7bd3ce124d2aaceb8d4723db6770,libhardware-dev [armhf],libhybris-dev [armhf],Merge from trunk,1376019575-0400,deb,libhybris-dev [armhf] libhardware-dev [armhf],https://github.com/Decatf/mir,OS Dev,C++,deb,1,1.0,pkg_rule,
00fe5eec9c30691c51d77eb5438d1e4241332c90,gettext,intltool,Update upstream source from tag 'upstream/0.17.10'\n\nUpdate to upstream version '0.17.10' with Debian dir ce26d07bc3cd5541906c3cd01ae6fe3199582fa5,1565807744+0200,deb,intltool gettext,https://salsa.debian.org/gnome-team/libgdata,other,C,deb,1,1.0,pkg_rule,
8000a41979420a1f0cae3e537103590d71c84099,texlive-latex-recommended,latex-xcolor,Remove latex-xcolor dependency and replace with texlive-latex-recommended,1524131709+0200,deb,latex-xcolor texlive-latex-recommended,https://salsa.debian.org/debichem-team/openms,other,C++,deb,1,0.8,pkg_rule,
800d6c69d8f5d451e3204b0368bd9488f16bb0b1,quilt,dpatch,tcltls (1.6+dfsg-1) unstable  urgency=low\n\n  * New upstream release.   * Maintainer's mail has been changed.   * Bump Standard-Version to 3.9.2.   * The debhelper version was changed to 7.   * Switch to dpkg-source 3.0 (quilt) format.   * The Description of the package has been modified so that it is ommited     any indefinite and definite articles.   * Removed rpath by using chrpath in debian/rules.,1312878549+0400,deb,dpatch quilt,https://salsa.debian.org/tcltk-team/tcltls,build,C,deb,1,0.9,pkg_rule,
800d6c69d8f5d451e3204b0368bd9488f16bb0b1,chrpath,dpatch,tcltls (1.6+dfsg-1) unstable  urgency=low\n\n  * New upstream release.   * Maintainer's mail has been changed.   * Bump Standard-Version to 3.9.2.   * The debhelper version was changed to 7.   * Switch to dpkg-source 3.0 (quilt) format.   * The Description of the package has been modified so that it is ommited     any indefinite and definite articles.   * Removed rpath by using chrpath in debian/rules.,1312878549+0400,deb,dpatch chrpath,https://salsa.debian.org/tcltk-team/tcltls,build,C,deb,1,0.9,pkg_rule,
8018b1cc6b8ff291bd724d42ea27e445d89eb5e7,dh-exec,cdbs,convert from cdbs to dh,1516810128+0100,deb,cdbs dh-exec,https://salsa.debian.org/kilobyte/freefem,build,C++,deb,1,0.9,pkg_rule,
802341c2dcb6ca9099e284903c9d9f03ad287167,quilt,dpatch,Move from dpatch to quilt,1195998836+0100,deb,dpatch quilt,https://github.com/alephobjects/Blender,build,C,deb,1,0.9,pkg_rule,
80358daeb8cb7b610ca449ce095af50ca7fe74f4,ruby1.9.1,ruby1.8-dev,"package debian: update debian/control to support Ruby1.9.1.\n\nDrop Ruby1.8 support by default, but we will support it on old system which is using it by default.",1352768973+0900,deb,ruby1.8-dev ruby1.9.1,https://github.com/cosmo0920/milter-manager,other,C,deb,1,0.95,pkg_rule,
8040086a33228954c8a5a8af7f327409c21bdd1d,tdb-dev,libgdbm-dev,Import patches-applied version 1:0.9.16~test4-0ubuntu6 to applied/ubuntu/karmic\n\nImported using git-ubuntu import.\n\nChangelog parent: f67e6704c1407e85881ac120d88b7e838c6c0cbb Unapplied parent: b041126bf2680379cfe316661189bdabe728a852\n\nNew changelog entries:   * Correct changelog entry for 1:0.9.16~test4-0ubuntu5     (5fcb8a3c0838a4ecdb00a0af09b6e1a358b114d0 was _not_     applied)   * Resync proper 0050-backport-git-post-test4.patch     from the ~ubuntu-audio-dev PPA branch   * debian/control: Drop libgdbm-dev  use tdb-dev instead     since it's upstream's approach,1250218147-0400,deb,libgdbm-dev tdb-dev,https://github.com/tobetter/pulseaudio,Multi Media,C,deb,1,0.85,lib_replacement,Organization
804103c9ff1dd5ef0c78cc2ed347c0d8685402d4,qtbase5-dev,libqt4-dev,Merge branch 'master' into declarative\n\nConflicts: 	CMakeLists.txt 	src/core/VideoMemoryStream.h 	tests/CMakeLists.txt,1430726455+0200,deb,libqt4-dev qtbase5-dev,https://github.com/zeal18/vlc-qt,GUI,C++,deb,1,1.0,pkg_rule,
8052ba3bf05a66aa442c6db951f119d1ba8268f7,libjack-jackd2-dev,libjack-dev,Upgrading MPV to Debian Buster backports for Metztli Reiser4,1577022422-0800,deb,libjack-dev libjack-jackd2-dev,https://github.com/Metztli/mpv-buster-bp-metztli,Multi Media,C,deb,1,0.9,pkg_rule,
805df78bab0204a805f2dca033d6e214110c8295,libboost-dev,libboost-serialization-dev,"Changes for KTorrent split.\n\n* Changes for KTorrent split:   - build depend on libktorrent-dev (>= 1.0~rc1)    - remove libgmp3-dev, libqca2-dev from build depends    - drop libbtcore from ktorrent.install file    - replace libboost-serialization-dev with libboost-dev.",1273338366+0300,deb,libboost-serialization-dev libboost-dev,https://github.com/netrunner-debian-kde-extras/ktorrent,serializing,C++,deb,1,0.9,pkg_rule,
805f66d8266f795e602370b22657d60649645c50,libmagickwand-dev,libmagick9-dev,* Updated debian/control     - for squeeze,1299243092+0900,deb,libmagick9-dev libmagickwand-dev,https://github.com/atkonn/mod_chxj,Multi Media,C,deb,1,0.8,pkg_rule,
805f66d8266f795e602370b22657d60649645c50,libssl-dev,openssl,* Updated debian/control     - for squeeze,1299243092+0900,deb,openssl libssl-dev,https://github.com/atkonn/mod_chxj,cryptography,C,deb,1,0.8,pkg_rule,
8073922e64df09b69a3837379f4e51383f628dc5,yelp-tools,gnome-doc-utils,[svn-buildpackage] Tagging anjuta 2:3.18.0-1,1444240180+0000,deb,gnome-doc-utils yelp-tools,https://salsa.debian.org/gnome-team/anjuta,documentation,C,deb,1,0.9,pkg_rule,
80891850eef376db244a8a18387ade42e76051a1,automake,gnome-common,"improve debian/control\n\n- add missed automake, tzdata and remove gnome-common from build-deps - added missed gettext and xdg-utils to ccc deps - gnome-icon-theme and gnome-icon-theme-symbolic, was already removed in debian package - remove very old gnome-power-manager break - improve new nm deps (same version check of configure and linux-any because network-manager and its applet are present only in linux build)",1504089970+0200,deb,gnome-common automake,https://github.com/Fantu/cinnamon-control-center,OS Dev,C,deb,1,0.8,pkg_rule,
80891850eef376db244a8a18387ade42e76051a1,tzdata,gnome-common,"improve debian/control\n\n- add missed automake, tzdata and remove gnome-common from build-deps - added missed gettext and xdg-utils to ccc deps - gnome-icon-theme and gnome-icon-theme-symbolic, was already removed in debian package - remove very old gnome-power-manager break - improve new nm deps (same version check of configure and linux-any because network-manager and its applet are present only in linux build)",1504089970+0200,deb,gnome-common tzdata,https://github.com/Fantu/cinnamon-control-center,OS Dev,C,deb,1,0.8,pkg_rule,
808bca0d129a3522e30ba2c1c2be70a96547eb27,gem2deb,ruby1.9.1,Change ruby-* Build-Depends to gem2deb so that ruby plugin will be built against the newest Ruby interpreter available (#738685),1392300682+0000,deb,ruby1.9.1 gem2deb,https://salsa.debian.org/kolter/weechat,build,C,deb,1,0.8,pkg_rule,
808bca0d129a3522e30ba2c1c2be70a96547eb27,gem2deb,ruby1.9.1-dev,Change ruby-* Build-Depends to gem2deb so that ruby plugin will be built against the newest Ruby interpreter available (#738685),1392300682+0000,deb,ruby1.9.1-dev gem2deb,https://salsa.debian.org/kolter/weechat,build,C,deb,1,0.8,pkg_rule,
809464bcaa96cd8c26c2ad8c36c4541e6daf50db,google-mock,libgtest-dev,Replaced libgtest-dev with google-mock build test.,1480318887+1000,deb,libgtest-dev google-mock,https://github.com/unity8-team/persistent-cache-cpp,testing,C++,deb,1,0.8,lib_replacement,
80993ba526fa67580f6f80843e7aa56dbeb776ee,qemu-kvm [i386 kfreebsd-i386 kopensolaris-i386 any-amd64],qemu-utils [!hurd-any],"Import patches-unapplied version 1.99-21ubuntu1 to ubuntu/precise\n\nImported using git-ubuntu import.\n\nChangelog parent: 3d56457c847f6735169670ffc5cec2ad484954c2\n\nNew changelog entries:   * Resynchronise with Debian.  Remaining changes:     - Adjust for default Ubuntu boot options (""quiet splash"").     - Default to hiding the menu  holding down Shift at boot will show it.     - Set a monochromatic theme and an appropriate background for Ubuntu.     - Apply Ubuntu GRUB Legacy changes to legacy update-grub script.     - Fix backslash-escaping in merge_debconf_into_conf.     - Remove ""GNU/Linux"" from default distributor string.     - Add crashkernel option.     - Bypass menu unless other OSes are installed or Shift is pressed.     - Allow Shift to interrupt 'sleep --interruptible'.     - Reduce visual clutter in normal mode.     - Remove verbose messages printed before reading configuration.     - Suppress kernel/initrd progress messages, except in recovery mode.     - Show the boot menu if the previous boot failed.     - Don't generate device.map during grub-install or grub-mkconfig.     - Adjust upgrade version checks for Ubuntu.     - Suppress ""GRUB loading"" message unless Shift is held down.     - Adjust versions of grub-doc and grub-legacy-doc conflicts.     - Fix LVM/RAID probing in the absence of /boot/grub/device.map.     - Look for .mo files in /usr/share/locale-langpack first.     - Build-depend on qemu-kvm rather than qemu-system for grub-pc tests.     - Check hardware support before using gfxpayload=keep.     - Put second and subsequent Linux menu entries in a submenu.     - Preferred resolution detection for VBE.     - Set vt.handoff=7 for smooth handoff to kernel graphical mode.     - Update default/grub.md5sum to include maverick's default md5sum.     - In recovery mode, add nomodeset to the Linux kernel arguments, and       remove the 'set gfxpayload=keep' command.     - Skip Windows os-prober entries on Wubi systems, and suppress the menu       by default if those are the only other-OS entries.     - Handle probing striped DM-RAID devices.     - Replace 'single' by 'recovery' when friendly-recovery is installed.     - Use qemu -no-kvm in tests for now to work around LP #947597.     - Disable cursor as early as possible in grub_main.",1333473358+0100,deb,qemu-utils [!hurd-any] qemu-kvm [i386 kfreebsd-i386 kopensolaris-i386 any-amd64],https://github.com/delphix/grub2,OS Dev,C,deb,1,0.9,pkg_rule,
80993ba526fa67580f6f80843e7aa56dbeb776ee,qemu-kvm [i386 kfreebsd-i386 kopensolaris-i386 any-amd64],qemu-system [i386 kfreebsd-i386 kopensolaris-i386 any-amd64],"Import patches-unapplied version 1.99-21ubuntu1 to ubuntu/precise\n\nImported using git-ubuntu import.\n\nChangelog parent: 3d56457c847f6735169670ffc5cec2ad484954c2\n\nNew changelog entries:   * Resynchronise with Debian.  Remaining changes:     - Adjust for default Ubuntu boot options (""quiet splash"").     - Default to hiding the menu  holding down Shift at boot will show it.     - Set a monochromatic theme and an appropriate background for Ubuntu.     - Apply Ubuntu GRUB Legacy changes to legacy update-grub script.     - Fix backslash-escaping in merge_debconf_into_conf.     - Remove ""GNU/Linux"" from default distributor string.     - Add crashkernel option.     - Bypass menu unless other OSes are installed or Shift is pressed.     - Allow Shift to interrupt 'sleep --interruptible'.     - Reduce visual clutter in normal mode.     - Remove verbose messages printed before reading configuration.     - Suppress kernel/initrd progress messages, except in recovery mode.     - Show the boot menu if the previous boot failed.     - Don't generate device.map during grub-install or grub-mkconfig.     - Adjust upgrade version checks for Ubuntu.     - Suppress ""GRUB loading"" message unless Shift is held down.     - Adjust versions of grub-doc and grub-legacy-doc conflicts.     - Fix LVM/RAID probing in the absence of /boot/grub/device.map.     - Look for .mo files in /usr/share/locale-langpack first.     - Build-depend on qemu-kvm rather than qemu-system for grub-pc tests.     - Check hardware support before using gfxpayload=keep.     - Put second and subsequent Linux menu entries in a submenu.     - Preferred resolution detection for VBE.     - Set vt.handoff=7 for smooth handoff to kernel graphical mode.     - Update default/grub.md5sum to include maverick's default md5sum.     - In recovery mode, add nomodeset to the Linux kernel arguments, and       remove the 'set gfxpayload=keep' command.     - Skip Windows os-prober entries on Wubi systems, and suppress the menu       by default if those are the only other-OS entries.     - Handle probing striped DM-RAID devices.     - Replace 'single' by 'recovery' when friendly-recovery is installed.     - Use qemu -no-kvm in tests for now to work around LP #947597.     - Disable cursor as early as possible in grub_main.",1333473358+0100,deb,qemu-system [i386 kfreebsd-i386 kopensolaris-i386 any-amd64] qemu-kvm [i386 kfreebsd-i386 kopensolaris-i386 any-amd64],https://github.com/delphix/grub2,OS Dev,C,deb,1,0.9,pkg_rule,
80a88e80f18546840f0c6b26ab5299bef3b72706,autotools-dev,automake,Imported Debian patch 2.2-1,1108579979+0000,deb,automake autotools-dev,https://salsa.debian.org/debian/ser2net,build,C,deb,1,0.9,pkg_rule,
80acc97242f091f921c17e47816a7732429a2f38,qtbase5-dev,libqt4-dev,Merge pull request #1 from qgis/master\n\nupdate,1599720690+0800,deb,libqt4-dev qtbase5-dev,https://github.com/gitzhang/qgis,GUI,C++,deb,1,0.8,pkg_rule,
80acc97242f091f921c17e47816a7732429a2f38,qttools5-dev-tools,libqt4-dev,Merge pull request #1 from qgis/master\n\nupdate,1599720690+0800,deb,libqt4-dev qttools5-dev-tools,https://github.com/gitzhang/qgis,GUI,C++,deb,1,0.8,pkg_rule,
80acc97242f091f921c17e47816a7732429a2f38,qttools5-dev,libqt4-dev,Merge pull request #1 from qgis/master\n\nupdate,1599720690+0800,deb,libqt4-dev qttools5-dev,https://github.com/gitzhang/qgis,GUI,C++,deb,1,0.8,pkg_rule,
80c744fd9aa7d5220c65eed6c35e3e4164d96923,dh-sequence-gnome,gnome-pkg-tools,Build-Depend on dh-sequence-gnome,1549586279-0500,deb,gnome-pkg-tools dh-sequence-gnome,https://salsa.debian.org/gnome-team/glib-networking,build,C,deb,1,0.9,pkg_rule,
80d37a4497560f5676f41de44d18beb7f7372487,dh-autoreconf,autotools-dev,Imported Debian patch 1.3.3-2,1404840120+0200,deb,autotools-dev dh-autoreconf,https://salsa.debian.org/libreoffice-team/hunspell,build,C++,deb,1,0.9,pkg_rule,
80db8edef949dee01a34b49788ec4233aaeb17f9,libhdf5-dev,libhdf5-serial-dev,Updated hdf5 deps,1663757531+0200,deb,libhdf5-serial-dev libhdf5-dev,https://github.com/ARPA-SIMC/radarlib,serializing,C++,deb,1,0.85,pkg_rule,
80e19648134d950b947cf0f0f930b0c6d4d00c47,quilt,dpatch,dpatch -> quilt,1196692476+0000,deb,dpatch quilt,https://salsa.debian.org/python-team/modules/python-scipy,build,C++,deb,1,0.5,lib_replacement,
80f8d1cf0b825533c5811c10c5b13dee5f8434d0,libsecret-1-dev,libgnome-keyring-dev,"New upstream release, 3.6.1\n\n",1352744720+0000,deb,libgnome-keyring-dev libsecret-1-dev,https://salsa.debian.org/gnome-team/vino,cryptography,C,deb,1,0.85,pkg_rule,
80fd36dbf8453cadcfd8dc68c1660cf481b349c8,meson,autotools-dev,"merged v1.0.0, untested.",1572744338-0400,deb,autotools-dev meson,https://github.com/hchenji/open5gs,build,C,deb,1,0.9,pkg_rule,
0112a0497c675c37d49b055958376c0416eeed32,default-libmysqlclient-dev,libmysqlclient-dev,"Switch to default-*mysql\n\nCloses: #845905, #841583",1484865253+0000,deb,libmysqlclient-dev default-libmysqlclient-dev,https://salsa.debian.org/ruby-team/ruby-dataobjects-mysql,database,C,deb,1,0.85,pkg_rule,
0121f9763d34385d369934f523c69c362ba363c4,xutils-dev,xutils,"minor lintian issues, rev deb stuff",1219145942+0000,deb,xutils xutils-dev,https://salsa.debian.org/debian/xtv,GUI,C,deb,1,0.85,pkg_rule,
012509a3bc413f655f2a7d17ae0a58da7bd2933f,qttools5-dev-tools,libqt4-dev,Update CHTC to fix multiple minor bugs and reduce CPU usage,1555936398+0000,deb,libqt4-dev qttools5-dev-tools,https://github.com/CryptoHashTank/CHTC,GUI,C++,deb,1,0.9,pkg_rule,
012509a3bc413f655f2a7d17ae0a58da7bd2933f,qtbase5-dev,libqt4-dev,Update CHTC to fix multiple minor bugs and reduce CPU usage,1555936398+0000,deb,libqt4-dev qtbase5-dev,https://github.com/CryptoHashTank/CHTC,GUI,C++,deb,1,0.9,pkg_rule,
012509a3bc413f655f2a7d17ae0a58da7bd2933f,qttools5-dev,libqt4-dev,Update CHTC to fix multiple minor bugs and reduce CPU usage,1555936398+0000,deb,libqt4-dev qttools5-dev,https://github.com/CryptoHashTank/CHTC,GUI,C++,deb,1,0.9,pkg_rule,
0149d7bbfc310e3ea973c4f78253f0f02a06f6d2,x11proto-core-dev,x-dev,Changed build-dep on x-dev to x11proto-core-dev.  Closes: #515383.,1246510948-0500,deb,x-dev x11proto-core-dev,https://github.com/cprevallet/netmaze,GUI,C,deb,1,0.85,pkg_rule,
015d584387a892ea9189b76a23fa7a1e0c736d58,default-libmysqlclient-dev,libmysqlclient-dev,Merge 8d600c5de0e022bec3e6c6799e5c8c729c21cff9 into 7e693ac32ceae7bcc34d6359043d6d9963933d4f,1492462134+0000,deb,libmysqlclient-dev default-libmysqlclient-dev,https://github.com/kamailio/kamailio,database,C,deb,1,0.9,pkg_rule,
016dfd516e458485efaadf3108b1f2f4e533e4e1,cmake,autotools-dev,"[debian] use cmake for build, fix missing dependencies",1440966611+0200,deb,autotools-dev cmake,https://github.com/xylar/moab,build,C++,deb,1,0.85,pkg_rule,
01708699d8754c1caf9deeecb52c586e0734c129,libgeos-dev,libgeos++-dev,Ported to GEOS C API. Refs: #291,1662997516+0200,deb,libgeos++-dev libgeos-dev,https://github.com/ARPA-SIMC/arkimet,computing,C++,deb,1,0.9,lib_replacement,
018440e253559c5d025ae525b66cf4f6da40525f,dh-autoreconf,autotools-dev,Merge tag 'debian/2.3.1-3'\n\nDebian release 2.3.1-3\n\nConflicts: 	debian/changelog 	debian/control,1490838537+0000,deb,autotools-dev dh-autoreconf,https://github.com/pexip/os-unixodbc,build,C,deb,1,0.9,pkg_rule,
01864c1e3e7062f4f946ed5fdb79261f65deb7f6,gobject-introspection,autoconf,"Import Debian changes 1.4.4-1\n\nnetwork-manager-applet (1.4.4-1) unstable  urgency=medium\n\n  * New upstream release.   * Bump debhelper compat level to 10.   * Update Vcs-* according to the latest recommendation.   * Rebase patches.   * Drop libnma-common and libnm-gtk-common.     The .ui files and icons are now compiled in using GResource.   * Bump network-manager related (build-)dependencies to >= 1.6.     This enables support for editing the Proxy setting which requires     NetworkManager 1.6 or newer.\n\nnetwork-manager-applet (1.4.2-1) unstable  urgency=medium\n\n  * New upstream release.   * Drop override for dh_auto_test. We don't explicitly need to dump the log     files as dh_auto_test runs with VERBOSE=1 by default.\n\nnetwork-manager-applet (1.4.0-2) unstable  urgency=medium\n\n  * Replace Depends: dbus-x11 with Depends: default-dbus-session-bus |     dbus-session-bus so that either dbus-user-session or dbus-x11 can be used.     (Closes: #836037)\n\nnetwork-manager-applet (1.4.0-1) unstable  urgency=medium\n\n  * New upstream release.   * Rebase patches.   * Bump network-manager related (build-)dependencies to >= 1.4.   * Enable team and team-port configuration support. Requires Jansson for     handling JSON data.\n\nnetwork-manager-applet (1.2.4-1) unstable  urgency=medium\n\n  * New upstream release.   * Rebase patches.\n\nnetwork-manager-applet (1.2.2-2) unstable  urgency=medium\n\n  * Team upload.   * debian/control:     - Drop gnome-icon-theme dependency, this icon theme is deprecated     - Switch from polkit-1-auth-agent to 'policykit-1-gnome |       polkit-1-auth-agent', polkit-1-auth-agent is a virtual package\n\nnetwork-manager-applet (1.2.2-1) unstable  urgency=medium\n\n  * New upstream release.   * Rebase patches.   * Bump Standards-Versiont to 3.9.8.   * Bump network-manager related (build-)dependencies to >= 1.2.\n\nnetwork-manager-applet (1.2.0-2) unstable  urgency=medium\n\n  * Stop using -X for dh_install. Some files were not installed by accident     because of that. Instead explicity remove .a and .la files and use     --fail-missing while at it.\n\nnetwork-manager-applet (1.2.0-1) unstable  urgency=medium\n\n  * New upstream release.   * Update debian/copyright.   * Bump dependencies of libnm-gtk-dev and libnma-dev on the NetworkManager     dev packages to (>= 1.1).\n\nnetwork-manager-applet (1.1.93-1) unstable  urgency=medium\n\n  * New upstream release (1.2 rc1).\n\nnetwork-manager-applet (1.1.92-1) unstable  urgency=medium\n\n  * New upstream release (1.2 beta3).   * Drop dependency on libdbus-glib-1-dev.   * Rebase patches.\n\nnetwork-manager-applet (1.1.91-1) unstable  urgency=medium\n\n  * New upstream release (1.2 beta2).   * Rebase patches.   * Fix build system to run tests on ""make check"".   * Dump the contents of test-suite.log to stdout when the test suite fails.   * Skip the test suite if ""nocheck"" is set via DEB_BUILD_OPTIONS.\n\nnetwork-manager-applet (1.1.90-3) unstable  urgency=medium\n\n  * Upload to unstable.   * Bump Standards-Version to 3.9.7.   * Fix test suite failure for non-C locales. Patch cherry-picked from     upstream Git.   * Fix fix macro name GLIB_GSETTINGS in configure.ac. Patch cherry-picked     from upstream Git.\n\nnetwork-manager-applet (1.1.90-2) experimental  urgency=medium\n\n  * Update debian/copyright.   * Run test suite during build.\n\nnetwork-manager-applet (1.1.90-1) experimental  urgency=medium\n\n  * New upstream release (1.2 beta1).   * Bump dependency on network-manager and related dev packages to (>= 1.1).   * Update configure switches. The gnome-bluetooth plugin and the migration     tool were dropped upstream, the --with-modem-manager-1 configure switch     was renamed to --with-wwan.   * Rebase patches.   * Install AppData file for nm-connection-editor.   * Add packages for new libnma library.\n\nnetwork-manager-applet (1.0.10-1) unstable  urgency=medium\n\n  * New upstream release.   * Rebase patches.   * Use dh_autoreconf --as-needed to avoid unnecessary shlibs dependencies.\n\nnetwork-manager-applet (1.0.8-1) unstable  urgency=medium\n\n  * New upstream release.   * Refresh patches.   * Disable migration tool for NM <= 0.8 settings.\n\nnetwork-manager-applet (1.0.6-2) unstable  urgency=medium\n\n  * Fix crash in nm-connection-editor when importing existing VPN config.     (Closes: #726935)\n\nnetwork-manager-applet (1.0.6-1) unstable  urgency=medium\n\n  * New upstream release.   * Refresh patches.   * Update symbols file, the symbols introduced in 1.0.4 now use symbol     versioning.\n\nnetwork-manager-applet (1.0.4-1) unstable  urgency=medium\n\n  * New upstream release.   * Make no-patch-numbers the default for gbp pq to avoid unnecessary noise.   * Refresh patches.   * Update symbols file for libnm-gtk0.\n\nnetwork-manager-applet (1.0.2-1) unstable  urgency=medium\n\n  * New upstream release.   * Rebase patches.\n\nnetwork-manager-applet (1.0.0-3) unstable  urgency=medium\n\n  * Upload to unstable.\n\nnetwork-manager-applet (1.0.0-2) experimental  urgency=medium\n\n  * Install typelib files into multiarch paths now that gobject-introspection     supports that.   * Mark dev and gir packages as Multi-Arch: same.\n\nnetwork-manager-applet (1.0.0-1) experimental  urgency=medium\n\n  * New upstream release.   * Rebase patches.   * Bump dependency on network-manager and related dev packages to (>= 1.0.0).   * Bump Standards-Version to 3.9.6. No further changes.   * Update Vcs-Browser URL to use cgit and https.   * Update Homepage URL to use https.\n\nnetwork-manager-applet (0.9.10.0-2) unstable  urgency=medium\n\n  * Disable bluetooth support. The gnome-bluetooth plugin no longer builds     with gnome-bluetooth 3.12. But this plugin is really only useful for DUN     which with bluez 5 isn't supported (yet).     PAN support should still be functional.\n\nnetwork-manager-applet (0.9.10.0-1) unstable  urgency=medium\n\n  * New upstream release.   * Update Build-Depends as per configure.ac.   * Drop obsolete --with-gtkver configure switch.   * Refresh patches.   * Update symbols file. A few deprecated symbols were dropped which were used     in older versions of network-manager-gnome, so add a versioned Breaks.   * Exclude libtool .la files and static libraries from list-missing.\n\nnetwork-manager-applet (0.9.8.10-1) unstable  urgency=medium\n\n  * New upstream release.   * Update patches.   * Tighten Build-Depends on libgnome-bluetooth-dev to (<< 3.11.0).     The bluetooth widget no longer builds with newer gnome-bluetooth since the     plugin API was removed.\n\nnetwork-manager-applet (0.9.8.8-5) unstable  urgency=medium\n\n  * Use valid paths when loading the org.gnome.nm-applet.eap schema.     We were missing a trailing '/'. Newer glib versions validate the path more     strictly, leading to an assert.\n\nnetwork-manager-applet (0.9.8.8-4) unstable  urgency=medium\n\n  * Drop dbus reload from postinst. The dbus package uses a file trigger     nowadays to automatically reload its configuration.   * Use the paths specified in the VPN .name files.     Since LIBDIR of nm-applet and the VPN plugins aren't necessarily the     same, use the paths as specified by the VPN plugins and only     reconstruct the path if it is not absolute or we fail to load the plugin.\n\nnetwork-manager-applet (0.9.8.8-3) unstable  urgency=medium\n\n  * Bump debhelper compatibility level to 9.   * Determine gnome-bluetooth plugin directory using libdir from     gnome-bluetooth-1.0.pc.   * Convert to multi-arch. Mark libnm-gtk0 as M-A: same, libnm-gtk-common as     M-A: foreign.   * Rely on dh v9 to set flags from dpkg-buildflags.\n\nnetwork-manager-applet (0.9.8.8-2) unstable  urgency=medium\n\n  * Enable ModemManager1 interface support. (Closes: #711968)\n\nnetwork-manager-applet (0.9.8.8-1) unstable  urgency=medium\n\n  * New upstream release.   * Bump Standards-Version to 3.9.5.\n\nnetwork-manager-applet (0.9.8.4-1) unstable  urgency=low\n\n  * New upstream release.   * Refresh patches.\n\nnetwork-manager-applet (0.9.8.2-1) unstable  urgency=low\n\n  * New upstream release.   * Refresh patches.   * Conversion from libgnome-keyring to libsecret. Add Build-Depends on     libsecret-1-dev and keep libgnome-keyring-dev for the migration tool.   * Use DEB_LDFLAGS_MAINT_APPEND to properly append our custom build flags.\n\nnetwork-manager-applet (0.9.8.0-2) unstable  urgency=low\n\n  * Use gir dh addon instead of calling dh_girepository manually.   * Upload to unstable.   * Bump Standards-Version to 3.9.4. No further changes.\n\nnetwork-manager-applet (0.9.8.0-1) experimental  urgency=low\n\n  * New upstream release.   * Refresh 11-user-connections.patch.   * Bump minimum required version of network-manager to (>= 0.9.8).   * Install man pages provided by upstream instead of our own.   * Enable gobject introspection support for libnm-gtk. The typelib files are     shipped in a separate binary package named gir1.2-nmgtk-1.0.\n\nnetwork-manager-applet (0.9.7.997-1) experimental  urgency=low\n\n  * New upstream release (0.9.8 beta2).     - VPN connections can now be configured as ""secondary"" connections which       are autostarted as soon as the underlying connection is active.       (Closes: #589533)   * Remove 05-8021x-passwords-user.patch, merged upstream.   * Update 11-user-connections.patch for new code base.   * Update 12-force-online.patch for the icon name changes.   * Update symbols file for libnm-gtk0.   * Bump minimum required version of network-manager to (>= 0.9.7.997).   * Add Build-Depends on libgudev-1.0-dev and gobject-introspection.   * Mark binary packages as linux-any.   * Use a strict dependency between network-manager-gnome and libnm-gtk0 to     avoid crashes due to missing schema files. (Closes: #699590)\n\nnetwork-manager-applet (0.9.6.4-4) experimental  urgency=low\n\n  * Merge bug fix from unstable branch.\n\nnetwork-manager-applet (0.9.6.4-3) experimental  urgency=low\n\n  * Merge changes from unstable branch.   * Update debian/patches/11-user-connections.patch again.\n\nnetwork-manager-applet (0.9.6.4-2) experimental  urgency=low\n\n  * Merge changes from unstable branch.   * Update debian/patches/11-user-connections.patch.\n\nnetwork-manager-applet (0.9.6.4-1) experimental  urgency=low\n\n  * New upstream release.   * Use --list-missing to show uninstalled files.   * Update symbols file for libnm-gtk.\n\nnetwork-manager-applet (0.9.6.2-1) experimental  urgency=low\n\n  * New upstream release.   * Bump Build-Depends on libnm-*-dev and network-manager-dev to (>= 0.9.6).   * Bump Depends on network-manager to (>= 0.9.6).   * debian/patches/01-fix-crash-in-migration-wizard.patch: Removed, merged     upstream.\n\nnetwork-manager-applet (0.9.5.95-1) experimental  urgency=low\n\n  * New upstream release (0.9.6 rc1).   * debian/network-manager-gnome.maintscript: Use versioning scheme as     recommended by dpkg-maintscript-helper which better handles local     modifications and (bin)NMUs.   * Bump Build-Depends on libglib2.0-dev to (>= 2.26).   * Bump Build-Depends on libnm-*-dev and network-manager-dev to     (>= 0.9.5.95).   * Install GSettings schemas, GConf conversion script and the split-off     migration wizard nm-applet-migration-tool.   * debian/patches/01-format-security.patch: Removed, merged upstream.   * debian/patches/01-fix-crash-in-migration-wizard.patch: Fix a crash in     g_object_unref() call when running the migration wizard. Patch     cherry-picked from upstream Git.\n\nnetwork-manager-applet (0.9.4.1-5) unstable  urgency=low\n\n  * debian/patches/11-user-connections.patch: Fix a bug in the check for     whether to mark WEP keys as agent-owned.\n\nnetwork-manager-applet (0.9.4.1-4) unstable  urgency=low\n\n  * debian/patches/12-force-online.patch: If NM has an active unmanaged device     it will forcefully set the online state to CONNECTED_GLOBAL. In that case     show a wired connection icon instead of an offline icon. (Closes: #471191)   * Recommend gnome-keyring instead of libpam-keyring. The former is what we     actually need for storing secrets in the user session. (Closes: #694695)   * debian/patches/11-user-connections.patch: Treat WEP keys like WPA secrets     and store them in the keyring for user-owned connections.\n\nnetwork-manager-applet (0.9.4.1-3) unstable  urgency=low\n\n  [ Michael Biebl ]   * Add Build-Depends on gnome-common which is required for autoreconf.\n\n  [ Josselin Mouette ]   * debian/patches/05-8021x-passwords-user.patch: patch from upstream git.     Correctly set 802.1x passwords as agent-owned, so that they are stored     in the user’s keyring.   * debian/patches/11-user-connections.patch: new patch. Set passwords as     agent-owned when they need to, to allow users without root permissions     to easily configure their connections. (Closes: #696256)     The logic is:     - Bluetooth, CDMA and GSM connections: always user-owned     - WEP/WPA connections: system-owned if user has the permissions       (with NM’s config, that is netdev or sudo membership), user-owned       otherwise. The password is stored in the keyring for WPA, not for       WEP.     - WiMax / Wired connections: always system-owned (with 802.1x       passwords in the keyring).\n\nnetwork-manager-applet (0.9.4.1-2) unstable  urgency=low\n\n  * debian/rules: Use xz compression for binary packages.   * debian/control: Add network-manager-openconnect-gnome to Suggests.     (Closes: #670724)   * debian/patches/02-fix-shell-version-detecting-code.patch,     debian/patches/03-dont-handle-VPN-secrets-with-GNOME-Shell-3.4.patch: Fix     race condition on session startup when detecting the GNOME Shell version     and only handle VPN authentication requests with GNOME Shell < 3.4     otherwise nm-applet and the Shell fight over who gets to handle secrets.     Patches cherry-picked from upstream Git. (Closes: #680963)   * debian/patches/04-gnome-bluetooth-3.4-support.patch: Add support for     gnome-bluetooth 3.4 which uses GDBusProxy instead of DBusGProxy. This     fixes the timeouts when creating DUN connections. Patch cherry-picked from     upstream Git. (Closes: #680866)\n\nnetwork-manager-applet (0.9.4.1-1) unstable  urgency=low\n\n  * New upstream release.   * Bump Build-Depends on libnm-*-dev and network-manager-dev to (>= 0.9.4).   * Drop unused Build-Depends on libpolkit-gobject-1-dev.   * Remove patches, all merged upstream:     - debian/patches/01-editor-policykit-authentication.patch     - debian/patches/02-link-gconf-helper-test-against-gnome-keyring.patch     - debian/patches/04-autostart.patch   * Update debian/copyright using the machine-readable copyright format 1.0.   * Bump Standards-Version to 3.9.3.   * debian/patches/01-format-security.patch: Fix format string vulnerability     in utils_show_error_dialog().   * Bump Depends on network-manager to (>= 0.9.4).\n\nnetwork-manager-applet (0.9.2.0-2) unstable  urgency=low\n\n  * Fix versioned Build-Depends on dpkg-dev.     The buildflags.mk snippet was added in version 1.16.1, not 1.6.1.   * debian/patches/01-editor-policykit-authentication.patch     - Fix interaction of single-edit mode with PolicyKit authentication.       Patch cherry-picked from upstream Git. (Closes: #652961)   * debian/patches/02-link-gconf-helper-test-against-gnome-keyring.patch     - Fix linking with gnome-keyring in a gconf-helpers test program.       Patch cherry-picked from upstream Git.\n\nnetwork-manager-applet (0.9.2.0-1) unstable  urgency=low\n\n  * New upstream release.   * Remove debian/patches/01-export-symbols.patch, merged upstream.   * debian/control:     - Bump Build-Depends on libnm-*-dev and network-manager-dev to (>= 0.9.2).     - Bump Depends on network-manager to (>= 0.9.2).     - Update Depends of libnm-gtk-dev according to libnm-gtk.pc.   * Enable default hardening options from dpkg-buildflags.     - Use buildflags.mk snippet in debian/rules.     - Add Build-Depends on dpkg-dev (>= 1.6.1).\n\nnetwork-manager-applet (0.9.1.95-1) experimental  urgency=low\n\n  * New upstream release (0.9.2 rc1).   * Provide libnm-gtk as a private library for wireless and mobile dialogs:     - Add packages for libnm-gtk0, libnm-gtk-dev and libnm-gtk-common.     - Add debian/patches/01-export-symbols.patch to restrict the number of       exported symbols.     - Use dh-autoreconf to update the build system.   * debian/control:     - Bump Build-Depends on libnm-*-dev and network-manager-dev to (>= 0.9.1).     - Add Build-Depends on iso-codes.     - Add Recommends on iso-codes for translated country names in the mobile       broadband wizard.\n\nnetwork-manager-applet (0.9.0-4) unstable  urgency=low\n\n  * debian/watch: Track .xz tarballs.   * Use the new maintscript facility in dh_installdeb to remove the obsolete     conffile.   * Update the last unfixed version to 0.9.0-3 as we missed to remove the old     conffile for users upgrading from 0.8.4-2 or 0.8.4-3. (Closes: #645450)\n\nnetwork-manager-applet (0.9.0-3) unstable  urgency=low\n\n  * Build against GTK 3 and gnome-bluetooth 3. (Closes: #623781)   * Add Breaks against gnome-bluetooth (<< 3.0).\n\nnetwork-manager-applet (0.9.0-2) unstable  urgency=low\n\n  * On upgrades tell update-notifier to show a reboot-required notification     since older versions of nm-applet will no longer work with network-manager     0.9 and need to be restarted.   * Upload to unstable.\n\nnetwork-manager-applet (0.9.0-1) experimental  urgency=low\n\n  * New upstream release.   * debian/control     - Bump Build-Depends on libnm-*-dev and network-manager-dev to (>= 0.9).     - Bump Build-Depends on libnotify-dev to (>= 0.7).     - Bump Depends on network-manager to (>= 0.9).     - Restrict Build-Depends on libgnome-bluetooth-dev to (<< 3.0.0).\n\nnetwork-manager-applet (0.8.9997-1) experimental  urgency=low\n\n  * New upstream release (0.9 rc3).     - Fixes unused-but-set-variable warnings. (Closes: #625400)\n\nnetwork-manager-applet (0.8.999-1) experimental  urgency=low\n\n  * New upstream release (0.9 rc2).   * Merge changes from unstable branch.\n\nnetwork-manager-applet (0.8.998-1) experimental  urgency=low\n\n  * New major upstream release (0.9 rc1).   * debian/control     - Bump Build-Depends on libnm-*-dev and network-manager-dev to       (>= 0.8.998).     - Bump Build-Depends on libgtk2.0-dev to (>= 2.20).     - Bump Depends on network-manager to (>= 0.8.998).     - Bump Standards-Version to 3.9.2. No further changes.   * debian/rules     - Build against GTK+ version 2.   * User settings are gone.     - Drop debian/patches/01-dbus_access_nm_applet.patch, obsolete.     - Remove /etc/dbus-1/system.d/nm-applet.conf on upgrades. Use       dpkg-maintscript-helper to remove the conffile.   * Refresh debian/patches/04-autostart.patch.\n\nnetwork-manager-applet (0.8.4-3) unstable  urgency=low\n\n  * debian/rules     - Disable additional compiler warnings (including -Werror) as it causes       build failures with GCC 4.6. (Closes: #634392)\n\nnetwork-manager-applet (0.8.4-2) unstable  urgency=low\n\n  * debian/patches/0001-applet-fix-possibly-uninitialized-variable.patch     - Cherry-pick patch from upstream Git to fix possibly uninitialized       variable. (Closes: #625016)\n\nnetwork-manager-applet (0.8.4-1) unstable  urgency=low\n\n  * New upstream release.   * debian/control     - Bump Build-Depends on libnm-*-dev and network-manager-dev to (>= 0.8.4).     - Bump Standards-Version to 3.9.2. No further changes.     - Update package description.\n\nnetwork-manager-applet (0.8.3.999-1) unstable  urgency=low\n\n  * New upstream release (0.8.4 rc2).   * Update debian/watch, switch to bzip2.\n\nnetwork-manager-applet (0.8.3.998-1) unstable  urgency=low\n\n  * New upstream release (0.8.4 rc1).     - Show IPv6 information in Connection Information dialog.       (Closes: #606929)   * debian/control     - Drop Build-Depends on libglade2-dev, converted to GtkBuilder.     - Bump Build-Depends on libnm-*-dev and network-manager-dev to       (>= 0.8.3.995).\n\nnetwork-manager-applet (0.8.2-4) unstable  urgency=low\n\n  * debian/control     - Drop Build-Depends on libiw-dev. No longer needed.     - Bump Build-Depends on debhelper to (>= 8).     - Bump Depends on network-manager to (>= 0.8.2).   * Bump debhelper compatibility level to 8.\n\nnetwork-manager-applet (0.8.2-3) unstable  urgency=low\n\n  * Upload to unstable.\n\nnetwork-manager-applet (0.8.2-2) experimental  urgency=low\n\n  * Switch from cdbs to dh     - Drop Build-Depends on cdbs.     - Bump Build-Depends on debhelper to (>= 7.0.50~) for override targets.     - Convert debian/rules to use dh.     - Add debian/network-manager-gnome.docs.\n\nnetwork-manager-applet (0.8.2-1) experimental  urgency=low\n\n  * New upstream release.   * Update Vcs-* fields: Move packaging from svn to git.   * Remove patches, merged upstream     - debian/patches/02-hide-pin-in-pin-puk-dialog-by-default.patch     - debian/patches/03-enter-closes-pin-puk-dialog.patch   * debian/control     - Bump Build-Depends on libnm-* packages to (>= 0.8.2).\n\nnetwork-manager-applet (0.8.1-2) unstable  urgency=low\n\n  * debian/patches/02-hide-pin-in-pin-puk-dialog-by-default.patch     - Hide PIN in PIN/PUK dialog by default. (Closes: #592364)       Patch cherry-picked from upstream Git.   * debian/patches/03-enter-closes-pin-puk-dialog.patch     - Ensure Enter closes the PIN/PUK dialog.       Patch cherry-picked from upstream Git.\n\nnetwork-manager-applet (0.8.1-1) unstable  urgency=low\n\n  * New upstream release.   * debian/control     - Bump Build-Depends on libnm-* packages to (>= 0.8.1).     - Bump Depends on network-manager to (>= 0.8.1) so the ""Enable Networking""       option works correctly. (Closes: #588618, #570169)     - Bump Standards-Version to 3.9.1. No further changes.\n\nnetwork-manager-applet (0.8.0.999-1) unstable  urgency=low\n\n  * New upstream release (0.8.1 rc1).   * Switch to source format 3.0 (quilt).     - Add debian/source/format.     - Drop Build-Depends on quilt.     - Remove /usr/share/cdbs/1/rules/patchsys-quilt.mk from debian/rules.   * debian/control     - Bump Standards-Version to 3.9.0. No further changes.     - Bump Build-Depends on libnm-* packages to (>= 0.8.0.999).\n\nnetwork-manager-applet (0.8-1) unstable  urgency=low\n\n  * New upstream release.   * debian/control     - Bump Build-Depends on libnm-* packages to (>= 0.8).     - Bump Standards-Version to 3.8.4. No further changes.\n\nnetwork-manager-applet (0.7.999-2) unstable  urgency=low\n\n  * Upload to unstable.\n\nnetwork-manager-applet (0.7.999-1) experimental  urgency=low\n\n  * New upstream release (0.8 rc3).     - Port to PolicyKit 1. (Closes: #549503)     - Mobile broadband assisstant.     - Bluetooth support integrating with gnome-bluetooth.   * debian/control     - Bump Build-Depends on libglib2.0-dev to (>= 2.16).     - Bump Build-Depends on libnm-* packages to (>= 0.7.999).     - Replace Build-Depends on libpolkit-gnome-dev with       libpolkit-gobject-1-dev (>= 0.92).     - Add Build-Depends on libgnome-bluetooth-dev (>= 2.27.6).     - Replace Depends on policykit-gnome with policykit-1-gnome.     - Add Recommends on mobile-broadband-provider-info for easier       configuration of your mobile broadband service provider.     - Add Recommends on gnome-bluetooth which allows to easily setup your       mobile phone and make it available for NetworkManager.   * debian/rules     - Don't install libtool *.la and static library files.   * debian/patches/02-CVE-2009-4145_fix_leakage_of_secrets_on_system_bus.patch     - Remove, fixed upstream.   * debian/patches/03-CVE-2009-4144_fix_ca_cert_handling_after_cert_file_deletion.patch     - Remove, fixed upstream.   * debian/copyright     - Review and update copyright file.\n\nnetwork-manager-applet (0.7.2-2) unstable  urgency=low\n\n  * debian/control     - Bump Build-Depends on libdbus-glib-1-dev to (>= 0.74).     - Bump Build-Depends on libgtk2.0-dev to (>= 2.14).   * debian/patches/02-CVE-2009-4145_fix_leakage_of_secrets_on_system_bus.patch     - Fix potential leakage of secrets onto the system bus. (Closes: #563371)       Patch backported from upstream Git.       Fixes: CVE-2009-4145   * debian/patches/03-CVE-2009-4144_fix_ca_cert_handling_after_cert_file_deletion.patch     - Fix possible connections to spoofed WPA Enterprise networks when       certification file is deleted. (Closes: #560067)       Patch backported from upstream Git.       Fixes: CVE-2009-4144\n\nnetwork-manager-applet (0.7.2-1) unstable  urgency=low\n\n  * New upstream release.     - Add support for GTC (WPA2 Enterprise/PEAP). See #543454.     - Add gconf schema for applet values. (Closes: #524004)   * debian/control     - Bump build dependencies on nm packages to (>= 0.7.2).     - Bump Standards-Version to 3.7.3. No further changes.     - Add dependency on gnome-icon-theme. (Closes: #520437)     - Add dependency on dbus-x11. (Closes: #461436)   * debian/nm-applet.sgml     - Fix references to to other man pages. (Closes: #556427)\n\nnetwork-manager-applet (0.7.1-1) unstable  urgency=low\n\n  * New upstream release.\n\nnetwork-manager-applet (0.7.0.100-1) unstable  urgency=low\n\n  * New upstream release (0.7.1 rc4).   * debian/patches/01-dbus_access_nm_applet.patch     - Updated for latest upstream changes.   * debian/control     - Bump Standards-Version to 3.8.1. No further changes.\n\nnetwork-manager-applet (0.7.0.99-1) unstable  urgency=low\n\n  * New upstream release (0.7.1 rc3).   * debian/control     - Upgrade Recommends on policykit-gnome to Depends which is required for       editing system connections. (Closes: #507733)     - Bump Build-Depends on libnm-glib-dev to (>= 0.7.0.99).\n\nnetwork-manager-applet (0.7.0.97-1) unstable  urgency=low\n\n  * New upstream release.   * Merge experimental branch into unstable. Remaining changes:     - Update 01-dbus_access_nm_applet.patch, changes have been merged upstream       and we only keep the ""netdev"" group related diff.     - Update 04-autostart.patch, do not start nm-applet in KDE.     - Remove 05-fix_bashisms.patch, obsolete.     - Remove 06-po_fr.patch, obsolete.     - Remove 07-po_pl.patch, merged upstream.     - Remove 08-manual_means_always_online.patch, obsolete.     - Remove 09-fix_assertion_because_of_unmanaged_devices.patch, obsolete.   * debian/control     - Bump Build-Depends on libnm-util-dev to (>= 0.7.0.97).\n\nnetwork-manager-applet (0.7.0-2) experimental  urgency=low\n\n  * debian/patches/01-dbus_access_nm_applet.patch     - Remove bare send_interface directives to avoid non-deterministic allow       messages with no interface. (Closes: #510728)     - Do not allow unpriviledged processes to ask for a users' connections.     - Allow introspection by default.   * debian/control     - Wrap build dependencies.     - Bump build dependency on debhelper to (>= 7).   * debian/compat     - Bump to debhelper v7 compat mode.\n\nnetwork-manager-applet (0.7.0-1) experimental  urgency=low\n\n  * New upstream release.     - Notification popups can be disabled. (Closes: #446963)     - Notification applet correctly handles panel restarts. (Closes:# 458332)     - The nm-editor tool has been replaced by nm-connection-editor.       (Closes: #494148, #482107, #485651)     - Show the correct configuration for WPA Enterprise setups in       nm-connection-editor (Closes: #480039)  \n\n  [ Sjoerd Simons ]   * debian/patches/02-nm-api-update.patch:     - Removed. Fixed upstream   * debian/control: Tighten build-depends on nm related libraries\n\n  [ Michael Biebl ]   * debian/copyright     - More updates to the copyright file. The polkit-helper bits are licensed       under the LGPL.   * debian/control     - Add network-manager-pptp-gnome to Suggests.\n\nnetwork-manager-applet (0.7.0~svn953-1) experimental  urgency=low\n\n  [ Michael Biebl ]   * Switch to quilt patch management system.   * debian/rules     - Set libexecdir to /usr/lib/NetworkManager, so nm-applet and       nm-connection-editor automatically find the VPN GUI plugins.   * debian/control:     - Bump Standards-Version to 3.8.0. No further changes.     - Demote Recommends on VPN plugins to Suggests.     - Bump Depends on network-manager to (>= 0.7).     - Add Build-Depends on libpolkit-gnome-dev.     - Add Recommends on policykit-gnome. This package is required if you want       to manage system connections.   * debian/patches/01-dbus_access_nm_applet.patch: Updated   * Removed obsolete patches:     - debian/patches/02-hal_deprecated_keys.patch     - debian/patches/03-nm_editor_category.patch   * debian/copyright: Revised for the latest changes.\n\n  [ Simon McVittie ]   * Newer svn snapshot\n\n  [ Sjoerd Simons ]   * debian/patches/02-nm-api-udate.patch     - Added. cope with a small NM 0.7 api change   * debian/control: Build-Depend on nm-glib dev packages with new api\n\nnetwork-manager-applet (0.6.6-4) unstable  urgency=low\n\n  * debian/patches/08-manual_means_always_online.patch     - manual-means-online: If there are interfaces that are not managed by       NetworkManager because they have custom configuration in       /etc/network/interfaces, we assume to be online and show a wired network       icon indicating manual network configuration.   * debian/patches/09-fix_assertion_because_of_unmanaged_devices.patch     - Fix assertion failures for unmanaged devices.\n\nnetwork-manager-applet (0.6.6-3) unstable  urgency=low\n\n  * debian/patches/04-autostart.patch     - Allow nm-applet to be started in desktop environments like XFCE or LXDE.       Only disable it for KDE, as we have k-n-m there. (Closes: #500119)   * debian/patches/05-fix_bashisms.patch     - Fix bashisms in nm-disconnect-wireless-on-exit.sh. (Closes: #489638)       Thanks Chris Lamb for the patch.   * debian/patches/06-po_fr.patch     - Fix typos in French translation. (Closes: #506254)       Thanks Cyril Brulebois for the patch.   * debian/patches/07-po_pl.patch     - Improvements to Polish translation. (Closes: #450588)       Thanks Radosław Warowny for the patch.\n\nnetwork-manager-applet (0.6.6-2) unstable  urgency=low\n\n  * debian/control     - Add Build-Depends on pkg-config.   * debian/patches/03-nm_editor_category.patch     - Don't show nm-editor under Applications->Internet. (Closes: #474544)\n\nnetwork-manager-applet (0.6.6-1) unstable  urgency=low\n\n  * New upstream release.     - Better handling of VPN and WPA Enterprise security. (Closes: #444977)   * debian/control     - The Vcs-* fields are now officially supported, so remove the XS- prefix.     - Bump Standards-Version to 3.7.3. No further changes required.      - Fix Xfce spelling error in the package description.     - Bump Build-Depends on libnm-util-dev and network-manager-dev to        (>= 0.6.6).   * Removed patches     - debian/patches/10-po_fr.patch (merged upstream)     - debian/patches/11-po_de.patch (merged upstream)     - debian/patches/12-po_jp.patch (merged upstream)     - debian/patches/20-stable_branch_updates_r98.patch (applied upstream)     - debian/patches/30-connection_info_hide_on_delete_event.patch (merged       upstream)   * debian/patches/02-hal_deprecated_keys.patch     - Add support for newer HAL versions where the ""net.physical_device"" key       has been deprecated and replaced by ""net.originating_device"".   * debian/rules     - The nm-applet autostart file is now installed into /etc/xdg/autostart by       default, so we no longer have to move it around manually.   * debian/network-manager-gnome.postinst     - Tell dbus to reload its config files.\n\nnetwork-manager-applet (0.6.5-3) unstable  urgency=low\n\n  * debian/control     - Use the new ""Homepage:"" field to specify the upstream URL.     - Add Recommends: network-manager-openvpn-gnome, network-manager-vpnc-gnome\n\nnetwork-manager-applet (0.6.5-2) unstable  urgency=low\n\n  * debian/patches/30-connection_info_hide_on_delete_event.patch     - Patch from Ubuntu. Hide connection info dialog on delete-event.        (Closes: #406073)\n\nnetwork-manager-applet (0.6.5-1) unstable  urgency=low\n\n  * Initial release after the package split.   * Imported files from previous network-manager source package     - debian/nm-applet.sgml     - debian/network-manager-gnome.manpages     - debian/network-manager-gnome.README.Debian     - debian/patches/01-dbus_access_nm_applet.patch     - debian/patches/10-po_fr.patch     - debian/patches/11-po_de.patch   * debian/patches/12-po_jp.patch     - Fixes for the Japanese translation. (Closes: #430672)       Patch by Kobayashi Noritada <nori1@dolphin.c.u-tokyo.ac.jp>   * debian/patches/20-stable_branch_updates_r98.patch     - Pull updates from the stable branch up until revision 98.     - Contains various bug fixes and translation updates.   * Add debian/watch to track new upstream releases.",1485376972+0100,deb,autoconf gobject-introspection,https://github.com/Pardus-Kurumsal/bash,build,C,deb,1,0.9,pkg_rule,
018efd587b5ba9c06a5c8e14b6645b2481a5ad22,dh-autoreconf,autoconf,Imported Debian patch 0.9.4-3,1331901289+0100,deb,autoconf dh-autoreconf,https://salsa.debian.org/libreoffice-team/document-liberation/libwpd,build,C++,deb,1,0.9,pkg_rule,
0190460b247d5079346f80b9ff2f36742436f3d5,qtbase5-dev,libqt4-dev,Merge 7df89525116a456b25fff2c903078fece4cb6a2a into e4ba16495e8d8177eb85d6bfcc69089b38753e39,1472210922+0000,deb,libqt4-dev qtbase5-dev,https://github.com/apache/thrift,GUI,C++,deb,1,0.95,pkg_rule,
0194cf260c9e426792877f75a26e0b6449775f1e,dh-octave,octave-pkg-dev,Use dh-octave for building the package,1516997299-0200,deb,octave-pkg-dev dh-octave,https://salsa.debian.org/pkg-octave-team/octave-octproj,build,C,deb,1,0.8,pkg_rule,
01b954ddcd3c72c86417ee16af6fe65aa38e2608,libopenjp2-7-dev,libopenjpeg-dev,Build fixes,1549729287+0000,deb,libopenjpeg-dev libopenjp2-7-dev,https://github.com/gemian/gst-plugins-bad1.0,Multi Media,C,deb,1,0.8,pkg_rule,
01e1351306ec9dd0fbf05d8fbc32509fcf0c67b7,qtbase5-dev,libqt4-dev,Update debian packaging,1426441900+0100,deb,libqt4-dev qtbase5-dev,https://github.com/1ee7/vlc-qt,GUI,C++,deb,1,0.8,pkg_rule,
01e301f68030dac38628baa6df7ff7faf179ba17,libfarstream-0.1-dev,libgstfarsight0.10-dev,Update changelog for lucid,1337492999-0500,deb,libgstfarsight0.10-dev libfarstream-0.1-dev,https://github.com/rlaager/pidgin-pkg,network,C,deb,1,0.85,pkg_rule,
01f5ef19ff50e0ceaa5d4ea4a8900c1d1a44577f,dh-autoreconf,autotools-dev,"update debian packaging\n\n- adopt package   - update maintainer in debian/control - source format 3.0 (quilt) - switch to dh9   - remove cdbs   - engage dh-autoreconf - build dependency for new upstream PKG_CHECK_MODULES gnome-desktop-2.0 - bump standards version - update debian/copyright   - due to upstream efforts, entire package is now GNU GPL-2 or later   - add pointers to current upstream repositories - add pointer to debian git repository to debian/control - forward port and update quilt patches   - DELETE configure.ac-fix-build-breakage-with-GNU-stow-instal.patch     no longer needed, as dh_auto_configure passes --prefix to     ./configure, rendering the stow stanza harmless.   - DELETE Re-autotoolize-to-pick-up-changes-in-configure.ac.patch     no longer needed, as (a) derived autotools files are now     regenerated at build time, and (b) these files are no longer     present as we are directly using upstream git rather than     importing an autotools-generated tarball.   - ADD configure.ac-update.patch     add AM_PROG_CC_C_O per automake,     remove AC_TYPE_SIGNAL per autoupdate   - ADD src-padevchooser.desktop-remove-encoding-key.patch     lintian says encoding key line in desktop file is obsolete",1359500791+0000,deb,autotools-dev dh-autoreconf,https://github.com/barak/padevchooser,build,C,deb,1,0.85,pkg_rule,
01fe2590361035c5b5929eb494c2b362391cc30d,xrootd-server,xrootd-libs,DEBIAN: Update the xrootd ubuntu packages,1585304904+0100,deb,xrootd-libs xrootd-server,https://github.com/branko-blagojevic/eos,File Handling,C++,deb,1,0.9,pkg_rule,
01fe2590361035c5b5929eb494c2b362391cc30d,xrootd-server,xrootd-client-libs,DEBIAN: Update the xrootd ubuntu packages,1585304904+0100,deb,xrootd-client-libs xrootd-server,https://github.com/branko-blagojevic/eos,File Handling,C++,deb,1,0.9,pkg_rule,
01fe2590361035c5b5929eb494c2b362391cc30d,xrootd-server,xrootd-plugins,DEBIAN: Update the xrootd ubuntu packages,1585304904+0100,deb,xrootd-plugins xrootd-server,https://github.com/branko-blagojevic/eos,File Handling,C++,deb,1,0.9,pkg_rule,
01fe2590361035c5b5929eb494c2b362391cc30d,xrootd-server,xrootd-server-plugins,DEBIAN: Update the xrootd ubuntu packages,1585304904+0100,deb,xrootd-server-plugins xrootd-server,https://github.com/branko-blagojevic/eos,File Handling,C++,deb,1,0.9,pkg_rule,
81073c609dcf7e1ad6af171d5fa96edd851ff805,quilt,dpatch,Use quilt instead of dpatch,1270672472+0200,deb,dpatch quilt,https://salsa.debian.org/ocaml-team/ocurl,build,C,deb,1,0.5,lib_replacement,
8113ea92036e771fffc70c164f1a180f019092d2,libsqlite3-dev,sqlite3,should have been libsqlite3-dev instead of sqlite3,1243984700+0000,deb,sqlite3 libsqlite3-dev,https://salsa.debian.org/gnome-team/libchamplain,database,C,deb,1,0.85,pkg_rule,
81243840543f4157cbc6e68e45322435263007d6,qttools5-dev-tools,libqt4-dev,Merge dfe258de427de845382ad64d94accc456f9181df into ec60e3147aeca672c90e774b5531baeb93bfce49,1608951115-0600,deb,libqt4-dev qttools5-dev-tools,https://github.com/VitaeTeam/Vitae,GUI,C++,deb,1,0.9,pkg_rule,
81243840543f4157cbc6e68e45322435263007d6,qtbase5-dev,libqt4-dev,Merge dfe258de427de845382ad64d94accc456f9181df into ec60e3147aeca672c90e774b5531baeb93bfce49,1608951115-0600,deb,libqt4-dev qtbase5-dev,https://github.com/VitaeTeam/Vitae,GUI,C++,deb,1,0.9,pkg_rule,
81243840543f4157cbc6e68e45322435263007d6,qttools5-dev,libqt4-dev,Merge dfe258de427de845382ad64d94accc456f9181df into ec60e3147aeca672c90e774b5531baeb93bfce49,1608951115-0600,deb,libqt4-dev qttools5-dev,https://github.com/VitaeTeam/Vitae,GUI,C++,deb,1,0.9,pkg_rule,
813ab4780a81aa40043b86f36f7fd9cdb1369748,default-libmysqlclient-dev,libmysqlclient-dev,Merge tag 'upstream/4.4.7' into mr4.5\n\nUpstream version 4.4.7,1522332928+0200,deb,libmysqlclient-dev default-libmysqlclient-dev,https://github.com/ca4ti/kamailio,database,C,deb,1,0.9,pkg_rule,
813cad0fc0f0521846a4f416b9fb5298236eeb73,libicu-dev,libunac1-dev,+ replace libunac by libicu + replace xulrunner by xulrunner-1.9\n\n git-svn-id: https://kiwix.svn.sourceforge.net/svnroot/kiwix/moulinkiwix@1486 1cc933ed-dc27-0410-ad6e-ec936cc862c8,1271851476+0000,deb,libunac1-dev libicu-dev,https://github.com/kiwix/kiwix,documentation,C++,deb,1,0.9,lib_replacement,
813ccecb59cbf410f8396af882c8d0e100ad7ea1,libcurl4-openssl-dev,libcurl4-gnutls-dev,Change dep on libcurl to use openssl version to make it easier to temporarily allow sha1 checksums on certs\n\nSigned-off-by: Tor Krill <tor@openproducts.se>,1580742098+0100,deb,libcurl4-gnutls-dev libcurl4-openssl-dev,https://github.com/Kinguard/libopi,network,C++,deb,1,0.85,pkg_rule,
81481ccd9cc32093f9ebd597f461b5f27d1b0f3f,libnspr4-dev,libmozjs-24-dev,0ad: Replace build-dep on libmozjs-24-dev with libnspr4-dev\n\n git-svn-id: svn://svn.debian.org/svn/pkg-games/packages/trunk/0ad@15381 8808ee5c-780a-0410-9abb-a8188df92ce5,1426724712+0000,deb,libmozjs-24-dev libnspr4-dev,https://salsa.debian.org/games-team/0ad,computing,C,deb,1,0.8,pkg_rule,
8150ad2a728c808a4252915234086f0c862f36fc,qtbase5-dev,libqt4-dev,Ported to QT5,1413058543+0200,deb,libqt4-dev qtbase5-dev,https://github.com/spanezz/buffy,GUI,C++,deb,1,0.85,pkg_rule,
815351a92a7bee479802eff050d9e8828b13b733,dh-autoreconf,autoconf,Recreate autoconf files before build,1385039616+0700,deb,autoconf dh-autoreconf,https://github.com/geekq/epsoneplijs,build,C,deb,1,0.9,pkg_rule,
81617e0bfaef914aeb8acddfc7eeb13bc0150d7a,libopenxr-dev,libopenvr-dev,Build against to openxr instead of openvr.\n\nSigned-off-by: Andrew Lee (李健秋) <ajqlee@debian.org>,1585891624+0800,deb,libopenvr-dev libopenxr-dev,https://salsa.debian.org/xrdesktop-team/gxr,GUI,C,deb,1,1.0,lib_replacement,
8161821e4dc31ca57a2a5cf1b4c900d0cf49be37,libtimbl3-dev,timbl,"update policy, build-depend on new splitted timbl",1292249124+0000,deb,timbl libtimbl3-dev,https://salsa.debian.org/science-team/mbt,other,C++,deb,1,0.9,pkg_rule,
816312efa104a2536a4a0c268c91611ff2d6fc33,dh-sequence-gnome,gnome-pkg-tools,Build-Depend on dh-sequence-gnome instead of gnome-pkg-tools,1633740881-0400,deb,gnome-pkg-tools dh-sequence-gnome,https://salsa.debian.org/gnome-team/vala,build,C,deb,1,0.85,pkg_rule,
81642d86eda9c79f796cec8413c0b4e97da90373,libevent-dev,libevent,"build - debian, use libzmq3-dev and libevent-dev to fix dpkg warning",1555106762+0200,deb,libevent libevent-dev,https://github.com/DJNickos/ion,network,C++,deb,1,0.95,pkg_rule,
81642d86eda9c79f796cec8413c0b4e97da90373,libzmq3-dev,libevent,"build - debian, use libzmq3-dev and libevent-dev to fix dpkg warning",1555106762+0200,deb,libevent libzmq3-dev,https://github.com/DJNickos/ion,network,C++,deb,1,0.95,pkg_rule,
81642d86eda9c79f796cec8413c0b4e97da90373,libevent-dev,libzmq3,"build - debian, use libzmq3-dev and libevent-dev to fix dpkg warning",1555106762+0200,deb,libzmq3 libevent-dev,https://github.com/DJNickos/ion,network,C++,deb,1,0.95,pkg_rule,
81642d86eda9c79f796cec8413c0b4e97da90373,libzmq3-dev,libzmq3,"build - debian, use libzmq3-dev and libevent-dev to fix dpkg warning",1555106762+0200,deb,libzmq3 libzmq3-dev,https://github.com/DJNickos/ion,network,C++,deb,1,0.95,pkg_rule,
816e23fc4cef5ae5303f60665cee6c44750cf237,dh-autoreconf,autotools-dev,Use dh_autoreconf --as-needed instead of autotools-dev,1328352736+0600,deb,autotools-dev dh-autoreconf,https://salsa.debian.org/wrar/librsync,build,C,deb,1,0.95,pkg_rule,
819e836213f9eabc4492c735cb63a4347c27ae81,yelp-tools,gnome-doc-utils,* Partial sync from ubuntu glade version 3.14.2-0ubuntu1 * New upstream bugfix release * debian/control:   - Bump build-depends on libgtk-3-dev   - Build-depend on yelp-tools instead of gnome-doc-utils   - Update libgladeui-2-4 name due to soname change * debian/glade.install:   - Update for new help location * debian/libgladeui-2-4.symbols:   - Add a symbols file * debian/patches/01_dont_hardcode_library_search_paths.patch:   - Applied upstream,1361972682+0000,deb,gnome-doc-utils yelp-tools,https://salsa.debian.org/gnome-team/glade,documentation,C,deb,1,0.8,pkg_rule,
81a090796376c680dee5fb7f12325423a06b71eb,cmake,autotools-dev,Formally merge ancient release branch 'origin/releases/0.4.8',1524386724+0200,deb,autotools-dev cmake,https://github.com/KDE/rkward,build,C++,deb,1,1.0,pkg_rule,
81a23d6e2a5a9ce9f49e768b7553b906c0170b57,asciidoctor,asciidoc,Migrate manpage generation from asciidoc to asciidoctor,1583702941+0100,deb,asciidoc asciidoctor,https://salsa.debian.org/aqbanking-team/pkg-libaqbanking,documentation,C,deb,1,0.5,lib_replacement,
81b46a9bf59b915789cd33e7ccc6f0829358fec9,xauth,xbase-clients,Import Debian changes 2.1.10-1\n\nrggobi (2.1.10-1) unstable  urgency=low\n\n  * New upstream release      * debian/control: Switch Build-Update: from xbase-client to xauth      * debian/control: Set (Build-)Depends: to current R version 2.7.1   * debian/control: Set Standards-Version: to current version 3.8.0,1218910363-0500,deb,xbase-clients xauth,https://salsa.debian.org/edd/r-cran-rggobi,GUI,C,deb,1,0.95,pkg_rule,
81b8b60dd43ea725677874408af0be1267037410,xutils-dev,xutils,change build-depends for new X (xutils-dev),1145823427+0000,deb,xutils xutils-dev,https://salsa.debian.org/bod/xpowermon,GUI,C,deb,1,0.9,pkg_rule,
81c3bf4d964bf557ea5c879c57f39585cb32730a,postgresql-all,postgresql-server-dev-all,Debian: Modernize packaging using dh --with pgxs_loop,1606921214+0100,deb,postgresql-server-dev-all postgresql-all,https://github.com/postgrespro/pg_wait_sampling,database,C,deb,1,0.9,pkg_rule,
81c96574563683c6295437643e09af6696749209,libfabrics,libfabric-dev,turns out we do NOT run well with the mainline repo version of libfabrics,1571533883-0400,deb,libfabric-dev libfabrics,https://github.com/Derecho-Project/packaging-derecho,network,C++,deb,1,0.75,pkg_rule,
020919e730e7a1f476fe17288c9127ee3be96c54,libvtk5-dev,libvtk5-qt4-dev,* debian/patches/02_cmake.dpatch: Remove VTK_DIR hack.   * debian/control (Build-Depends): Replaced libvtk5-qt4-dev with     libvtk5-dev.\n\n,1207427404+0000,deb,libvtk5-qt4-dev libvtk5-dev,https://salsa.debian.org/debichem-team/molekel,GUI,C++,deb,1,0.85,pkg_rule,
021e15be8eb41b2072c2e4b3aa82eefdf852e725,dh-autoreconf,autotools-dev,Use dh-autoreconf instead of autotools-dev for better new-port coverage (Closes: #732539)\n\nThanks Colin Watson for the report and the patch (I appliedit by hand and slightly modifiedm since it didn't apply cleanly).,1392487456+0000,deb,autotools-dev dh-autoreconf,https://github.com/promovicz/cwidget,build,C++,deb,1,0.95,pkg_rule,
022b585c010178163d1a28156e51bc293a7972a4,qtbase5-dev,libqt4-dev,Merge https://github.com/g-maxime/MediaConch-Policy,1505116335+0200,deb,libqt4-dev qtbase5-dev,https://github.com/MediaArea/MediaConch-Policy,GUI,C,deb,1,1.0,pkg_rule,
0262d84295f5bc7b4f1b19f2bac8a4b5bdd44a70,qtbase5-dev,libqt4-dev,Updated dependencies.,1478276435+0100,deb,libqt4-dev qtbase5-dev,https://github.com/dreibh/fractgen,GUI,C++,deb,1,0.95,pkg_rule,
026429534ac7db0a116d8b2376849bb06c92b59e,quilt,dpatch,update debian files,1302035173+0000,deb,dpatch quilt,https://github.com/xmoto/xmoto,build,C++,deb,1,0.9,pkg_rule,
026f420fd43f110d031abf7301da93e3e9f41793,qtbase5-dev,libqt4-dev,Ported to Qt5.,1507798883+0200,deb,libqt4-dev qtbase5-dev,https://github.com/AbstractBeliefs/enki,GUI,C++,deb,1,0.95,pkg_rule,
027cbe876d1521e6501ff68a63202050ef883f17,qtbase5-dev,libqt4-dev,Update debian packaging information,1638228913+0000,deb,libqt4-dev qtbase5-dev,https://github.com/fhackenberger/ktikz,GUI,C++,deb,1,1.0,pkg_rule,
0286da8cab615c011da76afd6289cc4c140e48e5,qemu-kvm [i386 kfreebsd-i386 kopensolaris-i386 amd64 kfreebsd-amd64],qemu-system [i386 kfreebsd-i386 kopensolaris-i386 amd64 kfreebsd-amd64],"Import patches-unapplied version 1.98+20100705-1ubuntu1 to ubuntu/maverick\n\nImported using git-ubuntu import.\n\nChangelog parent: 1d4619e3cbaf465baf3e3c8d03a4e10eb42c56b5\n\nNew changelog entries:   * Resynchronise with Debian.  Remaining changes:     - Adjust for default Ubuntu boot options (""quiet splash"").     - Default to hiding the menu  holding down Shift at boot will show it.     - Set a monochromatic theme for Ubuntu.     - Apply Ubuntu GRUB Legacy changes to legacy update-grub script: title,       recovery mode, quiet option, tweak how memtest86+ is displayed, and       use UUIDs where appropriate.     - Fix backslash-escaping in merge_debconf_into_conf.     - Remove ""GNU/Linux"" from default distributor string.     - Add crashkernel= options if kdump and makedumpfile are available.     - If other operating systems are installed, then automatically unhide       the menu.  Otherwise, if GRUB_HIDDEN_TIMEOUT is 0, then use keystatus       if available to check whether Shift is pressed.  If it is, show the       menu, otherwise boot immediately.  If keystatus is not available, then       fall back to a short delay interruptible with Escape.     - Allow Shift to interrupt 'sleep --interruptible'.     - Don't display introductory message about line editing unless we're       actually offering a shell prompt.  Don't clear the screen just before       booting if we never drew the menu in the first place.     - Remove some verbose messages printed before reading the configuration       file.     - Suppress progress messages as the kernel and initrd load for       non-recovery kernel menu entries.     - Keep the loopback file open so that subsequent changes to the ""root""       environment variable don't affect it.     - Change prepare_grub_to_access_device to handle filesystems       loop-mounted on file images.     - Ignore devices loop-mounted from files in 10_linux.     - Show the boot menu if the previous boot failed, that is if it failed       to get to the end of one of the normal runlevels.     - Handle RAID devices containing virtio components.     - Don't generate /boot/grub/device.map during grub-install or       grub-mkconfig by default.     - Adjust upgrade version checks for Ubuntu.     - Change priority to optional to match the priority of grub.     - Don't display ""GRUB loading"" unless Shift is held down.     - Adjust versions of grub-doc and grub-legacy-doc conflicts to tolerate       our backport of the grub-doc split.     - Fix LVM/RAID probing in the absence of /boot/grub/device.map.     - Look for .mo files in /usr/share/locale-langpack as well, in       preference.     - Make sure GRUB_TIMEOUT isn't quoted unnecessarily.     - Probe all devices in 'grub-probe --target=drive' if       /boot/grub/device.map is missing.     - Adjust hostdisk id for hard disks, allowing grub-setup to use its       standard workaround for broken BIOSes.     - grub-common Breaks: lupin-support (<< 0.30) due to a grub-mkimage       syntax change.     - Build-depend on qemu-kvm rather than qemu-system for grub-pc tests.     - Use qemu rather than qemu-system-i386.     - Extend the EFI version of grub-install to be able to install into an       EFI System Partition mounted on /boot/efi in a location that complies       with the EFI specification.     - Upgrade the installed core image when upgrading grub-efi-ia32 or       grub-efi-amd64, although only if /boot/efi/EFI/ubuntu already exists.     - Make grub-efi-ia32 and grub-efi-amd64 depend on efibootmgr so that       grub-install works properly.",1278322087+0100,deb,qemu-system [i386 kfreebsd-i386 kopensolaris-i386 amd64 kfreebsd-amd64] qemu-kvm [i386 kfreebsd-i386 kopensolaris-i386 amd64 kfreebsd-amd64],https://github.com/delphix/grub2,OS Dev,C,deb,1,0.9,pkg_rule,
0288aa112a41bcd18aff369f70877cca57fd3816,libxt-dev,xlibs-dev,Build-Depends on `libxt-dev` instead of `xlibs-dev`.\n\nOriginal author: Thomas Girard <thomas.g.girard@free.fr> Date: 2006-01-04 22:55:51,1136499655+0000,deb,xlibs-dev libxt-dev,https://github.com/pgquiles/pkg-ace,GUI,C,deb,1,0.85,pkg_rule,
0294335a39ef38251504dce3e013bb3ed8e2132e,libfftw3-dev,fftw3-dev,Imported Debian patch 0.8.1-4,1198666204+0100,deb,fftw3-dev libfftw3-dev,https://salsa.debian.org/debian-hamradio-team/linpsk,computing,C++,deb,1,0.95,pkg_rule,
02c92c4a3ac58e46b082c74e6e9eb8656e6dfdb8,libuv1-snap-dev,libuv1-snap,"Fixed the dependency to libuv1-snap-dev (the ""-dev"" was missing.)",1555966822-0700,deb,libuv1-snap libuv1-snap-dev,https://github.com/m2osw/cassandra-cpp-driver,database,C++,deb,1,0.95,pkg_rule,
02d449685dafd2d6eb30ddfb4b34047b108313e5,libpoppler-glib-dev,libpoppler-dev,Replace Build-Depends on libpoppler-dev with libpoppler-glib-dev (>= 0.16.0)\n\nThe newer version of poppler-glib provides all necessary features and has a stable API.,1299289629+0100,deb,libpoppler-dev libpoppler-glib-dev,https://github.com/darkxst/tracker-debian,GUI,C,deb,1,0.85,lib_replacement,Functionality
02d66701172997f405d61bc3da9fc852463a9f94,dh-r,cdbs,Convert to dh-r,1480891773+0100,deb,cdbs dh-r,https://salsa.debian.org/r-pkg-team/r-cran-lhs,build,C++,deb,1,0.95,pkg_rule,
02d83b4d8c480d92c7195a2aa1ec0fa5961e1214,libhdf5-mpi-dev,libhdf5-openmpi-dev,replace libhdf5-openmpi-dev by libhdf5-mpi-dev,1429634386+0200,deb,libhdf5-openmpi-dev libhdf5-mpi-dev,https://salsa.debian.org/science-team/trilinos,computing,C++,deb,1,0.9,pkg_rule,
02f374b8cf70555aa14d83f411717b8120b1d65d,qtbase5-dev,qt5-default,Updated Build-Depends,1507119823+0200,deb,qt5-default qtbase5-dev,https://salsa.debian.org/pkg-crosswire-team/bibletime,GUI,C++,deb,1,0.9,pkg_rule,
02fcf48869a138fba14ba696855715d229fb488d,zlib1g-dev,zlib1g,Fixed maemo zlib dependency,1292530267+0000,deb,zlib1g zlib1g-dev,https://github.com/ARLM-Attic/wagic,GUI,C++,deb,1,0.95,pkg_rule,
8205026c3f11013dbf176ca37023cf012c974c01,libglib2.0-dev,libunistring-dev,Merge branch 'debian-experimental' into ubuntu\n\nConflicts: 	debian/changelog 	debian/control,1345569647+0300,deb,libunistring-dev libglib2.0-dev,https://salsa.debian.org/andreas-guest/sssd,OS Dev,C,deb,1,1.0,pkg_rule,
822894511d26e555b62608b0b7a0b3e5bf0e33ce,qtbase5-dev,qt5-default,Use qt5base-dev as b-d not metapackage,1445004388+0100,deb,qt5-default qtbase5-dev,https://salsa.debian.org/science-team/zygrib,GUI,C++,deb,1,0.9,pkg_rule,
823327e4a0f999e46b5b276015b4f5a172c17fb4,libboost-serialization-dev,libboost-all-dev,Fix FTBFS with Boost 1.61\n\n,1479406806+0000,deb,libboost-all-dev libboost-serialization-dev,https://salsa.debian.org/med-team/imagevis3d,serializing,C++,deb,1,0.9,pkg_rule,
8233f8a644aec1629d3b6fe4038aab0337374184,dh-autoreconf,autotools-dev,"debian: Use dh-autoreconf.\n\nBuild-Depend on dh-autoreconf instead of the autotools suite, and use the dh_autoreconf stuff instead of rolling our own.\n\nThis makes the packaging a lot saner.",1308088275+0200,deb,autotools-dev dh-autoreconf,https://github.com/3d0c/libmongo-client,build,C,deb,1,0.95,pkg_rule,
8233f8a644aec1629d3b6fe4038aab0337374184,dh-autoreconf,autoconf,"debian: Use dh-autoreconf.\n\nBuild-Depend on dh-autoreconf instead of the autotools suite, and use the dh_autoreconf stuff instead of rolling our own.\n\nThis makes the packaging a lot saner.",1308088275+0200,deb,autoconf dh-autoreconf,https://github.com/3d0c/libmongo-client,build,C,deb,1,0.95,pkg_rule,
8238426f499c79e7a42b4f8b60dcac176690bdd9,default-libmysqlclient-dev,libmysqlclient-dev,Refresh (build-)depends libmysqlclient-dev / dbconfig-mysql,1477035046+0200,deb,libmysqlclient-dev default-libmysqlclient-dev,https://salsa.debian.org/cacti-team/cacti-spine,database,C,deb,1,0.95,pkg_rule,
824a8de69adadf2afe403a0ebad153b84f0ddc7b,libxml2-dev,libxml2,added missing -dev to libxml2 dependency,1434855211+0200,deb,libxml2 libxml2-dev,https://salsa.debian.org/multimedia-team/gsequencer,serializing,C,deb,1,0.98,pkg_rule,
82550c205e59e0852640344608bde66fed82e04c,tss2,libtss2-dev,using tss2 package for bionic - not sure if it resolves all dependencies,1679942454-0400,deb,libtss2-dev tss2,https://github.com/NationalSecurityAgency/maat,cryptography,C,deb,1,0.85,pkg_rule,
82550c205e59e0852640344608bde66fed82e04c,tss2,libtss2-esys0,using tss2 package for bionic - not sure if it resolves all dependencies,1679942454-0400,deb,libtss2-esys0 tss2,https://github.com/NationalSecurityAgency/maat,cryptography,C,deb,1,0.85,pkg_rule,
826aec59478341e47fc68524005c285817285b44,libgnome-dev,gnome-icon-theme,"epiphany-browser (2.16.0-1) experimental  urgency=low\n\n  * New upstream release.   * 04_move_tabs.patch: re-enable the ability to move tabs between     windows now the bug is fixed in xulrunner (closes: #317724).   * 00_browser_wrapper_path.patch: cleanup.   * Please Jordi by taking over maintainership of the package.   * 02_ac_init.patch: updated.   * 99_configure.patch: updated accordingly.   * NEWS: removed, its content is no more relevant.   * Update watch file for 2.16.   * Build-depend on intltool 0.35.0 and x11proto-core-dev.   * Remove useless build-dependencies on liborbit, perl and gnome-print.   * Bump requirements on glib, gtk, iso-codes, libgnome and libgnomeui.   * Enable network manager by passing --enable-network-manager.     + Build-depend on network-manager-dev.",1157826974+0000,deb,gnome-icon-theme libgnome-dev,https://salsa.debian.org/gnome-team/epiphany-browser,GUI,C,deb,1,0.95,pkg_rule,
826aec59478341e47fc68524005c285817285b44,libgnome-dev,libgnomeprintui2.2-dev,"epiphany-browser (2.16.0-1) experimental  urgency=low\n\n  * New upstream release.   * 04_move_tabs.patch: re-enable the ability to move tabs between     windows now the bug is fixed in xulrunner (closes: #317724).   * 00_browser_wrapper_path.patch: cleanup.   * Please Jordi by taking over maintainership of the package.   * 02_ac_init.patch: updated.   * 99_configure.patch: updated accordingly.   * NEWS: removed, its content is no more relevant.   * Update watch file for 2.16.   * Build-depend on intltool 0.35.0 and x11proto-core-dev.   * Remove useless build-dependencies on liborbit, perl and gnome-print.   * Bump requirements on glib, gtk, iso-codes, libgnome and libgnomeui.   * Enable network manager by passing --enable-network-manager.     + Build-depend on network-manager-dev.",1157826974+0000,deb,libgnomeprintui2.2-dev libgnome-dev,https://salsa.debian.org/gnome-team/epiphany-browser,GUI,C,deb,1,0.95,pkg_rule,
827a5d233b1637a3a4e01d8f2aa3c2f896dc4c75,qttools5-dev,libqt4-dev,Switch to Qt5 (closes: #875241),1505611372+0200,deb,libqt4-dev qttools5-dev,https://salsa.debian.org/debian/xxdiff,GUI,C++,deb,1,0.95,pkg_rule,
827edf159cb21d0939a0fc453c244adea2246d22,dh-autoreconf,autotools-dev,Bump SONAME.,1342343529+0800,deb,autotools-dev dh-autoreconf,https://salsa.debian.org/science-team/linbox,build,C++,deb,1,1.0,pkg_rule,
827efc390cc21f9dee1afbb50e73885a849f2c0c,zlib1g-dev,libz-dev,Various debian build cleanups\n\n SVN revision: 22053,1144833744+0000,deb,libz-dev zlib1g-dev,https://github.com/Bluebugs/efl-tmp,Multi Media,C,deb,1,0.95,pkg_rule,
82908d47f953fa0a1539b1aef21ec154077e9a5e,qttools5-dev-tools,libqt4-dev,Updating debian build docs\n\nUpdating docs based on Licht's commit https://github.com/Lichtsucher/biblepay/commit/9ef919b22093fcacb8db4e5c97eef340cbe3fbe6,1529714953-0500,deb,libqt4-dev qttools5-dev-tools,https://github.com/biblepay/biblepay,GUI,C++,deb,1,1.0,pkg_rule,
82908d47f953fa0a1539b1aef21ec154077e9a5e,qttools5-dev,libqt4-dev,Updating debian build docs\n\nUpdating docs based on Licht's commit https://github.com/Lichtsucher/biblepay/commit/9ef919b22093fcacb8db4e5c97eef340cbe3fbe6,1529714953-0500,deb,libqt4-dev qttools5-dev,https://github.com/biblepay/biblepay,GUI,C++,deb,1,1.0,pkg_rule,
82a8236183f0f8e75e5555fea3d87c9b951622b3,dh-autoreconf,autoconf,Update to debhelper 9 and bump standards to 3.9.4,1375639405+0200,deb,autoconf dh-autoreconf,https://github.com/cention-sany/libgif,build,C,deb,1,0.95,pkg_rule,
82b81356ac19d5e22fd56de101df8e5456029fa6,quilt,cdbs,"New upstream version  changed packaging to not use cdbs any more but rather dh  bumped standards version  other minor changes  Nelson, would you mind if I upload this tomorrow?\n\n",1254689536+0000,deb,cdbs quilt,https://salsa.debian.org/med-team/gdpc,build,C,deb,1,0.9,pkg_rule,
82b856b79a5d37622dc34795746c4ff33786a44e,dh-autoreconf,autotools-dev,"Convert to dh and dh-autoreconf.\n\nThis also handles multiarch, build flags, hardening and so on.",1391477186+0100,deb,autotools-dev dh-autoreconf,https://github.com/gururajrkatti/termrec,build,C,deb,1,0.9,pkg_rule,
82b964a85583973b05a20ace7af8b78140358e28,libglib2.0-dev,libunistring-dev,control: Drop libunistring-dev from build-depends and add libglib2.0-dev for unicode support.,1345547227+0300,deb,libunistring-dev libglib2.0-dev,https://github.com/danos/sssd,OS Dev,C,deb,1,0.8,lib_replacement,Functionality
82c31700808ab621ee9de228d96ec265e13f7520,dh-autoreconf,autotools-dev,Imported Debian patch 1.2.0-6,1432441271-0300,deb,autotools-dev dh-autoreconf,https://salsa.debian.org/debian/detox,build,C,deb,1,0.9,pkg_rule,
82c7994ab424860f9c41fcde5572ed337ceef9e2,libgeos++-dev,libgeos-dev,Switch build-dependency from libgeos-dev to libgeos++-dev,1330288551+0100,deb,libgeos-dev libgeos++-dev,https://salsa.debian.org/debian-gis-team/osm2pgsql,database,C++,deb,1,0.8,pkg_rule,
82f2b495fe4de79cb9b3fd3654b76dc6fc186f00,libc-ares-dev,libudns-dev,Merge pull request #1 from shadowsocks/master\n\nupdate,1534696618+0800,deb,libudns-dev libc-ares-dev,https://github.com/ReinForce-II/shadowsocks-libev,network,C,deb,1,0.9,pkg_rule,
82f76b6584a5216e8b6c649f468b1d590de2f07a,postgresql-all,postgresql-server-dev-all,Upload for PostgreSQL 13.\n\n* Use dh --with pgxs. * R³: no. * DH 13. * debian/tests: Use 'make' instead of postgresql-server-dev-all.,1603110715+0200,deb,postgresql-server-dev-all postgresql-all,https://github.com/df7cb/pgsql-asn1oid,database,C,deb,1,0.9,pkg_rule,
82fa95d4196c12d3299e818cf5ff3e6f56f690ba,libsbc-dev,libbluetooth-dev[!kfreebsd-i386 !kfreebsd-amd64 !hurd-i386],"[ Luke Yelavich ] * debian/control: Update Vcs-Bzr field for raring * Bump upstream version and rules/shlib files to 3.0.\n\n[ David Henningsson ] * New upstream release (3.0) * 0100-resampler-Fix-volume-on-downmix-to-mono.patch,   0101-alsa-mixer-Remove-analog-output-lfe-on-mono.patch,   0010-lp453966-handle-digmic-pt2.patch:   Dropped, applied upstream * 0002-In-KDE-only-start-pulseaudio-from-the-KDE-specific-d.patch:   Dropped, Debian dropped it and we got it from there * 0002-add-padsp-wrapper-check.patch:   Dropped, makes no sense now that OSS is disabled in the kernel * 0008-delay-gnome-autostart.patch:   Dropped per Martin Pitt's recommendation (incompatible upstream change) * 0101-alsa-mixer-Fix-the-analog-output-speaker-always-path.patch,   0102-Call-change_cb-only-when-there-s-an-actual-change.patch,   0103-Initialize-monitor-s-busy-status-to-false-if-we-own-.patch:   Added from upstream stable-3.x tree * Other patches refreshed * debian/control: PulseAudio binary package is no longer    ""Multi-Arch: foreign"" (LP: #1078543) * debian/control, pulseaudio-module-bluetooth.install:   Update for new bluetooth dependency (libsbc) * debian/watch: Change to .xz by default (because Debian does) * debian/pulseaudio.init: Don't claim to support reload (Debian BTS: #690736) * debian/rules, debian/pulseaudio.manpages: Fix installation of default.pa   (Debian BTS: #690416) * debian/rules: disable hal compat module * debian/pulse-alsa.conf, debian/README.Debian,   debian/pulseaudio-esound-compat.links, debian/pulseaudio.init,   debian/pulseaudio.install: Sync with Debian. * debian/manpages/esdcompat.1: Remove, already upstream. * debian/control: Sync build-dependencies with debian, in particular,   - add fftw3 development library * debian/control: Cosmetic changes (sync with Debian) * debian/pulseaudio.postinst: Remove ancient upgrade stuff - we won't support   direct upgrades from 8.04 to 13.04+ anyway\n\n[ Luke Yelavich ] * 0104-alsa-ucm-Fallback-to-stereo-duplex.patch: Added from upstrea git   stable tree to fix ucm related issues. * Disable use of UCM in PulseAudio for now.",1360843520+1100,deb,libbluetooth-dev[!kfreebsd-i386 !kfreebsd-amd64 !hurd-i386] libsbc-dev,https://github.com/saemy/pulseaudio,Multi Media,C,deb,1,0.9,pkg_rule,
0302ff40d433327b4483e636e1ad0b804cb0ff9b,qttools5-dev,libqt4-dev,Merge 93c4282bf37aa4253d258c696d6c5496a66bba48 into b4ada807c805ba625e12c5a18513584598d6899e,1525870499+0000,deb,libqt4-dev qttools5-dev,https://github.com/RetroShare/RetroShare,GUI,C++,deb,1,0.95,pkg_rule,
030478e2992fa8d7cdda9e96511cdf1a85c69b1c,libnss3-dev,libcrypto++-dev,Merge branch 'wip-msgr',1341276875-0700,deb,libcrypto++-dev libnss3-dev,https://github.com/0003ydlom/ceph,cryptography,C++,deb,1,0.95,pkg_rule,
0313f42d586d2b7bef71b1eaf6c8be22fe98d8f1,libevent-dev,libdispatch-dev,"Use libevent instead of Grand Central Dispatch\n\nCloses: #644839, #739503",1401621139+0700,deb,libdispatch-dev libevent-dev,https://salsa.debian.org/jelmer/forked-daapd,Multi Media,C,deb,1,1.0,lib_replacement,
03190eef8cb0e2e79147ea13f46462e7031b0b97,libqt4-dev,libqt4-maemo5-dev,Use PR1.2 libraries,1275427756+0200,deb,libqt4-maemo5-dev libqt4-dev,https://github.com/abrisse/AutoDisconnect,GUI,C++,deb,1,0.85,pkg_rule,
031d19b1ad41396c01bb7dcc57a805454e1c38c9,qttools5-dev-tools,libqt4-dev,Merge 6e2eb82b59a2b1df5824b8a72b686866c241f8c4 into 2b0af000fd40b7c08a65011a58f57a3d039b0ad2,1496709929+0000,deb,libqt4-dev qttools5-dev-tools,https://github.com/qgis/QGIS,GUI,C++,deb,1,0.95,pkg_rule,
031d19b1ad41396c01bb7dcc57a805454e1c38c9,qtbase5-dev,libqt4-dev,Merge 6e2eb82b59a2b1df5824b8a72b686866c241f8c4 into 2b0af000fd40b7c08a65011a58f57a3d039b0ad2,1496709929+0000,deb,libqt4-dev qtbase5-dev,https://github.com/qgis/QGIS,GUI,C++,deb,1,0.95,pkg_rule,
031d19b1ad41396c01bb7dcc57a805454e1c38c9,qttools5-dev,libqt4-dev,Merge 6e2eb82b59a2b1df5824b8a72b686866c241f8c4 into 2b0af000fd40b7c08a65011a58f57a3d039b0ad2,1496709929+0000,deb,libqt4-dev qttools5-dev,https://github.com/qgis/QGIS,GUI,C++,deb,1,0.95,pkg_rule,
03546cb125aed7aa39dc183be15ca454d0d8521a,libglib2.0-dev,libgtk2.0-dev,Update all dependencies,1512255599+0100,deb,libgtk2.0-dev libglib2.0-dev,https://github.com/j-rivero/drake-release,GUI,C++,deb,1,0.8,pkg_rule,
03631f634fd28e87ed9c0850f7074aceb5c573e2,dh-autoreconf,autotools-dev,"Import Debian changes 1:1.13-1\n\nnullmailer (1:1.13-1) unstable  urgency=low\n\n  * Ack NMU, thankyou for your help with this package.   * New upstream release (Closes: #757221, LP: #236715 by adding back-off).   * Remove patch 07_sendquit.diff as nullmailer now does this itself.   * B-D on automake and dh-autoreconf rather than automake1.11 and     autotools-dev (new patch 13_fix_automake.diff).   * B-D on libgnutls28-dev (Closes: #752308) | libgnutls-dev   * Use pidofproc -p $PIDFILE in our initscript rather than just pidof     (Closes: #687827, thanks to Lorenz Schori for the fix).   * Update Standards-Version to 3.9.5 (no changes required).   * Add documentation for the smtp, qmqp and smtpd modules (Closes: #682800).",1407448679+0100,deb,autotools-dev dh-autoreconf,https://github.com/lechner/nullmailer,build,C++,deb,1,0.9,pkg_rule,
03771f302feec65f814e597a77fd4f25381f6485,quilt,dpatch,"Removed dpatch dependency, added quilt dependency to source.",1358339572+0100,deb,dpatch quilt,https://salsa.debian.org/xmpp-team/jabberd2,build,C,deb,1,0.9,lib_replacement,
037cfd9de266133f7a9f2ecb01ebcb617b9df34a,x11proto-core-dev,x-dev,Build-depend on x11proto-core-dev rather than the transitional x-dev package.,1248623342+0100,deb,x-dev x11proto-core-dev,https://salsa.debian.org/debian/spectemu,GUI,C,deb,1,0.95,pkg_rule,
03955ec6c67d94d61a61ebec48fed283d28ed3b1,libc-ares-dev,libudns-dev,Merge pull request #1 from shadowsocks/master\n\nmerge,1565507828+0800,deb,libudns-dev libc-ares-dev,https://github.com/erpapa/shadowsocks-libev,network,C,deb,1,0.95,pkg_rule,
03abd783550b1d25b1cdf95c84982aee332734cb,gem2deb,ruby1.9.1-dev,core: sync debian files with debian git repository,1392325827+0100,deb,ruby1.9.1-dev gem2deb,https://github.com/01100001/weechat,build,C,deb,1,0.9,pkg_rule,
03abd783550b1d25b1cdf95c84982aee332734cb,gem2deb,ruby1.9.1,core: sync debian files with debian git repository,1392325827+0100,deb,ruby1.9.1 gem2deb,https://github.com/01100001/weechat,build,C,deb,1,0.9,pkg_rule,
03c256283a8579f268a63466ca1dd450d2a35775,autotools-dev,dh-autoreconf,Update to 1.14.2-1,1435527382-0400,deb,dh-autoreconf autotools-dev,https://github.com/titilambert/packaging-efl,build,C,deb,1,0.95,pkg_rule,
03c85d02f845be0b6cb4f5d00e5445075fac0bed,gnutls-dev,libgnutls28-dev,change gnutls dep,1470174242-0700,deb,libgnutls28-dev gnutls-dev,https://github.com/open-cloud-deps/libmicrohttpd,cryptography,C,deb,1,0.9,pkg_rule,
03cb85b9cd4e78ea17a7c941f8dae3d326431195,qttools5-dev-tools,libqt4-dev,Merge 1fd8eea268e24f8fb3518b58cac333bf64d3a9b7 into 7b202edf049bf5d744d6bbd9a50faa681a107e7e,1492449066+0000,deb,libqt4-dev qttools5-dev-tools,https://github.com/qgis/QGIS,GUI,C++,deb,1,0.95,pkg_rule,
03cb85b9cd4e78ea17a7c941f8dae3d326431195,qtbase5-dev,libqt4-dev,Merge 1fd8eea268e24f8fb3518b58cac333bf64d3a9b7 into 7b202edf049bf5d744d6bbd9a50faa681a107e7e,1492449066+0000,deb,libqt4-dev qtbase5-dev,https://github.com/qgis/QGIS,GUI,C++,deb,1,0.95,pkg_rule,
03cb85b9cd4e78ea17a7c941f8dae3d326431195,qttools5-dev,libqt4-dev,Merge 1fd8eea268e24f8fb3518b58cac333bf64d3a9b7 into 7b202edf049bf5d744d6bbd9a50faa681a107e7e,1492449066+0000,deb,libqt4-dev qttools5-dev,https://github.com/qgis/QGIS,GUI,C++,deb,1,0.95,pkg_rule,
03e19c530545ae4b8a7f53b2def2ac2f632cab23,texlive,tetex-bin,"Import Debian changes 2.7.0-1\n\nsdcc (2.7.0-1) unstable  urgency=low\n\n  [ Miriam Ruiz ]   * New Upstream Version.   * New Maintainer. Closes: #393289   * Updated Build-Depends:     + Added: autotools-dev to get the newest config.sub and config.guess     + Added: autoconf, automake, libtool     + Replaced lyx-qt by lyx   * Cleaned debian/rules a bit   * Use config.sub and config.guess from autotools-dev\n\n  [ Gudjon I. Gudjonsson ]   * New upstream version (Closes: #440380)   * Replaced lyx-xforms (Closes: #444558)   * Upgraded install targets for the new version.   * Added the p89c66x.h header file. Will be included in 2.7.1   * Added the copyright clause for ASxxxx into copyright.   * Moved package to non-free because of ASxxxx license.   * Added html documentation again since the package is in non-free.   * Removed the pdf documentation   * Cleaned the rules file\n\n  [ Bas Wijnen ]   * Regenerate configure as part of build process.   * Don't ignore errors in clean target.\n\n  [ Gudjon I. Gudjonsson ]   * Fixed the non stripping options (Closes: #438018)   * Changed dependencies from tetex to texlive.   * Removed gs dependencies as they were not necessary.",1192526754+0200,deb,tetex-bin texlive,https://salsa.debian.org/electronics-team/sdcc,documentation,C,deb,1,0.95,lib_replacement,
03e19c530545ae4b8a7f53b2def2ac2f632cab23,texlive,tetex-extra,"Import Debian changes 2.7.0-1\n\nsdcc (2.7.0-1) unstable  urgency=low\n\n  [ Miriam Ruiz ]   * New Upstream Version.   * New Maintainer. Closes: #393289   * Updated Build-Depends:     + Added: autotools-dev to get the newest config.sub and config.guess     + Added: autoconf, automake, libtool     + Replaced lyx-qt by lyx   * Cleaned debian/rules a bit   * Use config.sub and config.guess from autotools-dev\n\n  [ Gudjon I. Gudjonsson ]   * New upstream version (Closes: #440380)   * Replaced lyx-xforms (Closes: #444558)   * Upgraded install targets for the new version.   * Added the p89c66x.h header file. Will be included in 2.7.1   * Added the copyright clause for ASxxxx into copyright.   * Moved package to non-free because of ASxxxx license.   * Added html documentation again since the package is in non-free.   * Removed the pdf documentation   * Cleaned the rules file\n\n  [ Bas Wijnen ]   * Regenerate configure as part of build process.   * Don't ignore errors in clean target.\n\n  [ Gudjon I. Gudjonsson ]   * Fixed the non stripping options (Closes: #438018)   * Changed dependencies from tetex to texlive.   * Removed gs dependencies as they were not necessary.",1192526754+0200,deb,tetex-extra texlive,https://salsa.debian.org/electronics-team/sdcc,documentation,C,deb,1,0.95,lib_replacement,
830024e34b70213c11edbdc1e2d0780fb90a3b4a,dh-autoreconf,autoconf,git-debimport xfsprogs_4.9.0+nmu1.tar.gz,1492476072+0900,deb,autoconf dh-autoreconf,https://github.com/ystk/debian-xfsprogs,build,C,deb,1,0.95,pkg_rule,
83123068ab521c1ac0583a20637a2b235a6652a6,libfathom-dev,libfathom1,Use libfathom-dev as B-D as it provides header files,1548786135+0100,deb,libfathom1 libfathom-dev,https://salsa.debian.org/josgalo-guest/ethereal-chess,GUI,C,deb,1,0.9,pkg_rule,
83233af022a0a8310534beae6049ecfcf7ee823a,cmake,autotools-dev,Merge dcabfb57abc8840dd466d0068bddba177aa5ed88 into 9d5fa6129db20572854f692a6c4d129ce42d4dd6,1492585428+0000,deb,autotools-dev cmake,https://github.com/ceph/ceph,build,C++,deb,1,0.95,pkg_rule,
8324d3a1a22a0d842a06b865efcf90b54c3232f7,libqt4-dev,libqt4-maemo5-dev,Improved layout of Sequence Dialog.  Replaced dependencies to libqt4-maemo by libqt4.,1270792490+0000,deb,libqt4-maemo5-dev libqt4-dev,https://github.com/FBergeron/tomotko-fremantle,GUI,C++,deb,1,0.88,pkg_rule,
8329442534f540fce8b8edd9f89b69b73037c512,ros-roscpp-msg,ros-roscpp-msgs,Fix roscpp-msg* dependency,1533066993+0200,deb,ros-roscpp-msgs ros-roscpp-msg,https://salsa.debian.org/science-team/ros-bond-core,OS Dev,C++,deb,1,0.9,pkg_rule,
832b80c0b52a43d34bc6abde61289a60ae80be27,qtbase5-dev,libqt4-dev,"debian: update rules, control, changelog",1585594795+0200,deb,libqt4-dev qtbase5-dev,https://github.com/maemo-leste-extras/countdowntimer,GUI,C++,deb,1,0.8,pkg_rule,
832bb4f9f93d17eafc9a12ab5ade38fd3654e9d7,dh-autoreconf,autotools-dev,git-debimport iftop_1.0~pre4-2.debian.tar.xz,1409289100+0900,deb,autotools-dev dh-autoreconf,https://github.com/ystk/debian-iftop,build,C,deb,1,0.95,pkg_rule,
832f91f31ee56284daae13730b2263ce5244de6a,doxygen-latex,texlive-latex-base,"* debian/control:     - Standards-Version: 3.9.1 (no changes needed)     - Build-Depends: doxygen-latex instead of several tex related files       Closes: #616201     - Build-Depends: autotools-dev   * debian/rules: simplified by using short dh syntax     Using autotools-dev should hopefully solve the ""Outdated config.{sub,guess}""     issue, hopefully Closes: #548928   * debian/source/format: 3.0 (quilt)   * debian/libblitz-doc.lintian-overrides: Removed because not needed any more\n\n",1299503577+0000,deb,texlive-latex-base doxygen-latex,https://salsa.debian.org/science-team/blitzxx,documentation,C++,deb,1,0.8,pkg_rule,
832f91f31ee56284daae13730b2263ce5244de6a,doxygen-latex,doxygen,"* debian/control:     - Standards-Version: 3.9.1 (no changes needed)     - Build-Depends: doxygen-latex instead of several tex related files       Closes: #616201     - Build-Depends: autotools-dev   * debian/rules: simplified by using short dh syntax     Using autotools-dev should hopefully solve the ""Outdated config.{sub,guess}""     issue, hopefully Closes: #548928   * debian/source/format: 3.0 (quilt)   * debian/libblitz-doc.lintian-overrides: Removed because not needed any more\n\n",1299503577+0000,deb,doxygen doxygen-latex,https://salsa.debian.org/science-team/blitzxx,documentation,C++,deb,1,0.8,pkg_rule,
8336a3475a7fa4c364e272d9e8f8408152485d48,dh-autoreconf,autotools-dev,Use dh-autoreconf\n\n  * patches/autoreconf: Fix Makefile.am into not using $(srcdir).   * patches/tests: Fix enabling tests.   * Use dh-autoreconf (Closes: #727272),1408666065+0200,deb,autotools-dev dh-autoreconf,https://salsa.debian.org/a11y-team/sphinxbase,build,C,deb,1,0.9,pkg_rule,
8339c8cccdccf635c9091ad8cae044b95cbd8411,x11proto-core-dev,x-dev,"Import Debian changes 0.0.7E7F3-1.4\n\nslashem (0.0.7E7F3-1.4) unstable  urgency=low .   * Non-maintainer upload (l10n updates and some QA)   * Drop useless calls to dh_desktop in debian/rules   * Add ${misc:Depends} to binary packages dependencies to properly     copy with dependencies triggerred by debhelper utilities   * Replace ${Source-Version} by ${binary:Version} in packages     dependencies (any-any dependency)   * Replace build dependency on x-dev by x11proto-core-dev     Closes: #515394   * Add a lintian override in slashem and slashem-sdl binary packages     to ignore a lintian warning about missing slashem.xpm that's provided     by slashem-common   * Correct slashem-sdl menu entry to properly test for the presence     of slashem-sdl and not slashem-x11   * Ditto for slashem-gtk   * Load debconf confmodule in postinst   * Have slashem-common pre-depend on debconf|debconf-2.0  as debconf is     used in its preinst script   * Add 0 and 6 in runlevels for which slashem-common init script should     be called with ""stop""   * Fix pending l10n issues. Debconf translations:     - Japanese (Hideki Yamane (Debian-JP)).  Closes: #512877     - Spanish (# traductor (campo Last-Translator) y ponga en copia a la     lista de Fernando González de Requena).  Closes: #528244     - Italian (Luca Monducci).  Closes: #549575",1254764971+0200,deb,x-dev x11proto-core-dev,https://salsa.debian.org/games-team/slashem,GUI,C,deb,1,0.95,pkg_rule,
833bcbc49fab75f1fbf24e7292501e926004b7c6,freerdp2-dev,libfreerdp-dev,Build with freerdp2 using patch from Arch Linux\n\ngit-svn-id: file:///svn/pkg-gnome/desktop/unstable/vinagre@54575 db0db5de-e4c8-0310-9441-90abf70311f7,1509144311+0000,deb,libfreerdp-dev freerdp2-dev,https://salsa.debian.org/gnome-team/vinagre,network,C,deb,1,0.9,pkg_rule,
833f502a2ea03bb7a09cc5b613146ea8de8e12e9,dh-autoreconf,autotools-dev,Use Logan Rosen's patch to run autoreconf to support ppc4el (from Ubuntu). (Closes: #735948),1390085371-0500,deb,autotools-dev dh-autoreconf,https://salsa.debian.org/akumar/flickcurl,build,C,deb,1,0.9,pkg_rule,
834a55f7a62cc2edbc262b9dc4eab7e98de75a93,qttools5-dev-tools,libqt4-dev,Merge ec386f4f4264cb9e43627d340f98c6aa18bd6cee into 1bbc39e887c3acc921bc82d6b5ab0b5dfc1ee435,1492716227+0000,deb,libqt4-dev qttools5-dev-tools,https://github.com/qgis/QGIS,GUI,C++,deb,1,0.95,pkg_rule,
834a55f7a62cc2edbc262b9dc4eab7e98de75a93,qtbase5-dev,libqt4-dev,Merge ec386f4f4264cb9e43627d340f98c6aa18bd6cee into 1bbc39e887c3acc921bc82d6b5ab0b5dfc1ee435,1492716227+0000,deb,libqt4-dev qtbase5-dev,https://github.com/qgis/QGIS,GUI,C++,deb,1,0.95,pkg_rule,
834a55f7a62cc2edbc262b9dc4eab7e98de75a93,qttools5-dev,libqt4-dev,Merge ec386f4f4264cb9e43627d340f98c6aa18bd6cee into 1bbc39e887c3acc921bc82d6b5ab0b5dfc1ee435,1492716227+0000,deb,libqt4-dev qttools5-dev,https://github.com/qgis/QGIS,GUI,C++,deb,1,0.95,pkg_rule,
835797a31d28becc676fce4c5645247e1b4e7ae2,qtbase5-dev,libqt4-dev,Merged into trunk,1380487219+0000,deb,libqt4-dev qtbase5-dev,https://github.com/Breslov/orayta,GUI,C++,deb,1,0.95,pkg_rule,
835a731dec28b554a86bc8ec0957ef6a5907a24f,qtbase5-dev,libqt4-dev,Merge pull request #1 from apache/master\n\nupdate,1476351929+0800,deb,libqt4-dev qtbase5-dev,https://github.com/didiwuliu/thrift,GUI,C++,deb,1,0.95,pkg_rule,
83682262186c0e5bffcc63a00cea7f8fb04d39d0,default-libmysqlclient-dev,libmysqlclient-dev,Merge qtbase-opensource-src (5.7.1~20161021+dfsg-5) import into refs/heads/workingbranch,1482383154+0000,deb,libmysqlclient-dev default-libmysqlclient-dev,https://github.com/raspbian-packages/qtbase-opensource-src,database,C++,deb,1,0.9,pkg_rule,
838e6724c8ce6f25d6dbce85b584cddb881df75c,qtbase5-dev,qt5-default,"debian/control: Change dependency name from qt5-default to qtbase5-dev\n\nUbuntu jammy do not contains the qt5-default package, use qtbase5-dev instead",1674558864+0100,deb,qt5-default qtbase5-dev,https://github.com/balabit-deps/balabit-os-9-qamqp,GUI,C++,deb,1,0.9,pkg_rule,
83911150697afb711abcd1a88e14d3c4ea3461fa,qemu-kvm [i386 kfreebsd-i386 kopensolaris-i386 any-amd64],qemu-utils [!hurd-any],"Import patches-unapplied version 1.99~rc1-13ubuntu1 to ubuntu/natty\n\nImported using git-ubuntu import.\n\nChangelog parent: c8418a48b136e429d92eeb1066c08b62485be493\n\nNew changelog entries:   * Resynchronise with Debian.  Remaining changes:     - Adjust for default Ubuntu boot options (""quiet splash"").     - Default to hiding the menu  holding down Shift at boot will show it.     - Set a monochromatic theme and an aubergine background for Ubuntu.     - Apply Ubuntu GRUB Legacy changes to legacy update-grub script.     - Fix backslash-escaping in merge_debconf_into_conf.     - Remove ""GNU/Linux"" from default distributor string.     - Add crashkernel option.     - Bypass menu unless other OSes are installed or Shift is pressed.     - Allow Shift to interrupt 'sleep --interruptible'.     - Reduce visual clutter in normal mode.     - Remove verbose messages printed before reading configuration.     - Suppress kernel/initrd progress messages, except in recovery mode.     - Handle filesystems loop-mounted on file images.     - Ignore devices loop-mounted from files in Linux grub.d scripts.     - Show the boot menu if the previous boot failed.     - Don't generate device.map during grub-install or grub-mkconfig.     - Adjust upgrade version checks for Ubuntu.     - Suppress ""GRUB loading"" message unless Shift is held down.     - Adjust versions of grub-doc and grub-legacy-doc conflicts.     - Fix LVM/RAID probing in the absence of /boot/grub/device.map.     - Look for .mo files in /usr/share/locale-langpack first.     - Build-depend on qemu-kvm rather than qemu-system for grub-pc tests.     - Add a grub-rescue-efi-amd64 package.     - On Wubi, just update wubildr rather than asking for an install device.     - Check hardware support before using gfxpayload=keep.     - Put second and subsequent Linux menu entries in a submenu.     - Preferred resolution detection for VBE.     - Set vt.handoff=7 for smooth handoff to kernel graphical mode.     - Add grub-mount-udeb, containing just grub-mount.   * Use /lib/plymouth/themes/default.grub if it exists, rather than     hardcoding an aubergine background (LP: #696915).",1302874663+0100,deb,qemu-utils [!hurd-any] qemu-kvm [i386 kfreebsd-i386 kopensolaris-i386 any-amd64],https://github.com/delphix/grub2,OS Dev,C,deb,1,0.85,pkg_rule,
83911150697afb711abcd1a88e14d3c4ea3461fa,qemu-kvm [i386 kfreebsd-i386 kopensolaris-i386 any-amd64],qemu-system [i386 kfreebsd-i386 kopensolaris-i386 any-amd64],"Import patches-unapplied version 1.99~rc1-13ubuntu1 to ubuntu/natty\n\nImported using git-ubuntu import.\n\nChangelog parent: c8418a48b136e429d92eeb1066c08b62485be493\n\nNew changelog entries:   * Resynchronise with Debian.  Remaining changes:     - Adjust for default Ubuntu boot options (""quiet splash"").     - Default to hiding the menu  holding down Shift at boot will show it.     - Set a monochromatic theme and an aubergine background for Ubuntu.     - Apply Ubuntu GRUB Legacy changes to legacy update-grub script.     - Fix backslash-escaping in merge_debconf_into_conf.     - Remove ""GNU/Linux"" from default distributor string.     - Add crashkernel option.     - Bypass menu unless other OSes are installed or Shift is pressed.     - Allow Shift to interrupt 'sleep --interruptible'.     - Reduce visual clutter in normal mode.     - Remove verbose messages printed before reading configuration.     - Suppress kernel/initrd progress messages, except in recovery mode.     - Handle filesystems loop-mounted on file images.     - Ignore devices loop-mounted from files in Linux grub.d scripts.     - Show the boot menu if the previous boot failed.     - Don't generate device.map during grub-install or grub-mkconfig.     - Adjust upgrade version checks for Ubuntu.     - Suppress ""GRUB loading"" message unless Shift is held down.     - Adjust versions of grub-doc and grub-legacy-doc conflicts.     - Fix LVM/RAID probing in the absence of /boot/grub/device.map.     - Look for .mo files in /usr/share/locale-langpack first.     - Build-depend on qemu-kvm rather than qemu-system for grub-pc tests.     - Add a grub-rescue-efi-amd64 package.     - On Wubi, just update wubildr rather than asking for an install device.     - Check hardware support before using gfxpayload=keep.     - Put second and subsequent Linux menu entries in a submenu.     - Preferred resolution detection for VBE.     - Set vt.handoff=7 for smooth handoff to kernel graphical mode.     - Add grub-mount-udeb, containing just grub-mount.   * Use /lib/plymouth/themes/default.grub if it exists, rather than     hardcoding an aubergine background (LP: #696915).",1302874663+0100,deb,qemu-system [i386 kfreebsd-i386 kopensolaris-i386 any-amd64] qemu-kvm [i386 kfreebsd-i386 kopensolaris-i386 any-amd64],https://github.com/delphix/grub2,OS Dev,C,deb,1,0.85,pkg_rule,
83936ec9575f191bc5be934f55df8bd9593bafb9,libx11-dev,xlibs-dev,Imported Debian patch 0.6.0-1.2,1137838241+0100,deb,xlibs-dev libx11-dev,https://github.com/d-torrance/wmget,GUI,C,deb,1,0.9,pkg_rule,
83936ec9575f191bc5be934f55df8bd9593bafb9,x-dev,xlibs-dev,Imported Debian patch 0.6.0-1.2,1137838241+0100,deb,xlibs-dev x-dev,https://github.com/d-torrance/wmget,GUI,C,deb,1,0.9,pkg_rule,
83936ec9575f191bc5be934f55df8bd9593bafb9,libxpm-dev,xlibs-dev,Imported Debian patch 0.6.0-1.2,1137838241+0100,deb,xlibs-dev libxpm-dev,https://github.com/d-torrance/wmget,GUI,C,deb,1,0.9,pkg_rule,
839d8d2b14215adec2a71faf1501375e249d4ac7,yelp-tools,gnome-doc-utils,Port documentation build system to yelp-tools\n\nCloses: #830028,1469736937+0100,deb,gnome-doc-utils yelp-tools,https://salsa.debian.org/multimedia-team/terminatorx,documentation,C++,deb,1,0.95,lib_replacement,
83ac377f7b24a1999c9d4ca650f6f8484760fad5,libgwenhywfar-core-dev,libgwenhywfar60-dev,debian/control: Switch build-dependency from libgwenhywfar60-dev to libgwenhywfar-core-dev,1463426811+0200,deb,libgwenhywfar60-dev libgwenhywfar-core-dev,https://salsa.debian.org/aqbanking-team/pkg-libaqbanking,database,C,deb,1,0.9,pkg_rule,
83b0aa7e743a59052e098bcf3ce48209ebe1b6dc,dh-autoreconf,autotools-dev,"Use dh-autoreconf to regenerate the build system, drop autotools-dev.",1410497809-0400,deb,autotools-dev dh-autoreconf,https://salsa.debian.org/debian/rlwrap,build,C,deb,1,0.85,pkg_rule,
83c62a742e76f0647c2ef1abdbdd92855a05ad31,libglib2.0-dev,libgtk2.0-dev,switch branch,1434379180+0000,deb,libgtk2.0-dev libglib2.0-dev,https://salsa.debian.org/Valdaer/xfce4-power-manager,GUI,C,deb,1,0.95,pkg_rule,
83ce8d65a8d4d8537382cda67394bb42d6805ef1,libsystemd-dev,libsystemd-daemon-dev,[Packaging] Replace dependency on libsystemd-daemon-dev with libsystemd-dev [Packaging] Add missing reboot-via-dsme.sh,1442569290+0000,deb,libsystemd-daemon-dev libsystemd-dev,https://github.com/android-808/dsme,OS Dev,C,deb,1,0.95,pkg_rule,
83e4df7eb828e97c32fa22244f709724f885f36e,libxapian-glib-1.0-dev,gir1.2-xapian-1.0,Update xapian-glib build dep\n\nThe packages from xapian-glib have been split up and gir1.2-xapian-1.0 no longer contains the pkg-config or header files.\n\n[endlessm/eos-shell#5107],1432770745-0700,deb,gir1.2-xapian-1.0 libxapian-glib-1.0-dev,https://github.com/endlessm/xapian-bridge,database,C,deb,1,0.9,pkg_rule,
83e88bb47d7145dd97288a7c3dad9d80f15c9f7a,libjson-c-dev,libjson0-dev,"Update Build-Depends:\n\n  - Bump libestr-dev to (>= 0.1.9).   - Tighten liblognorm-dev to (<< 1.0.0).   - Replace libjson0-dev with libjson-c-dev, we no longer need the     transitional package.",1394563670+0100,deb,libjson0-dev libjson-c-dev,https://github.com/bAndie91/mirror_rsyslog,serializing,C,deb,1,0.9,pkg_rule,
83e93dd7b3683ae0069c0de1a7cc5bcfc31c42d9,default-libmysqlclient-dev,libmysqlclient-dev,Merge tag 'debian/1.5.4-3'\n\nDebian release 1.5.4-3\n\nConflicts: 	debian/control,1531182752+0000,deb,libmysqlclient-dev default-libmysqlclient-dev,https://github.com/pexip/os-apr-util,database,C,deb,1,0.85,pkg_rule,
83f190cc426d6c8f07b5eb03059de7a62a0dab6b,libclapack-dev,liblapacke-dev,Use clapack,1464365277+0200,deb,liblapacke-dev libclapack-dev,https://salsa.debian.org/med-team/phast,computing,C,deb,1,0.7,lib_replacement,
83f1c1700c7bc3d765770097e55e63fded0d4723,qtbase5-dev,libqt4-dev,Import Tobias Winchen's changes from mentors.debian.org,1505413378+0300,deb,libqt4-dev qtbase5-dev,https://github.com/TobiasWinchen/klatexformula_debian,GUI,C++,deb,1,0.8,pkg_rule,
83f1c1700c7bc3d765770097e55e63fded0d4723,qttools5-dev,libqt4-dev,Import Tobias Winchen's changes from mentors.debian.org,1505413378+0300,deb,libqt4-dev qttools5-dev,https://github.com/TobiasWinchen/klatexformula_debian,GUI,C++,deb,1,0.8,pkg_rule,
040dc581c4e756d3fedf6e61ad72cdb3c5cf6f00,dh-autoreconf,autotools-dev,Use dh-autoreconf instead of autotools-dev.,1470769514+0200,deb,autotools-dev dh-autoreconf,https://salsa.debian.org/debian-gis-team/libgeotiff,build,C,deb,1,0.85,pkg_rule,
040e425226c0400db4eb47b03ae3f79b683b606e,libc-client2007e-dev,libc-client2007b-dev,"* Switch from libc-client2007b-dev to libc-client2007e-dev build dependency. * Remove obsolete debian/backports/{etch,edgy,feisty}.",1256512307+0000,deb,libc-client2007b-dev libc-client2007e-dev,https://github.com/ajpaul25/asterisk-debian,Multi Media,C,deb,1,0.95,pkg_rule,
04138a08a97bf154ad330890efbfe299ef36f3d3,dh-autoreconf,autoconf,switch to dh-autoreconv,1440161839+0200,deb,autoconf dh-autoreconf,https://github.com/ivmai/debian-cgit-libgc,build,C,deb,1,0.85,pkg_rule,
041d28acec4c1baf20b994163c5e6243e8dab2cc,libsystemd-dev,libsystemd-daemon-dev,Merge branch 'yavdr' into vdr-2.3.x,1499002662+0200,deb,libsystemd-daemon-dev libsystemd-dev,https://github.com/flensrocker/vdr-debian,OS Dev,C,deb,1,0.95,pkg_rule,
04212c5d1ec66784b914add525ecbb9810ab0438,libpoppler-private-dev,libpoppler-dev,1.0.2-1 (patches applied)\n\nImported using git-ubuntu import.,1330004880+0100,deb,libpoppler-dev libpoppler-private-dev,https://github.com/ahoneybun/cups-filters,documentation,C,deb,1,0.9,pkg_rule,
042929e5a73889f1a6d0e2ea6dc3a721a24bf7de,qttools5-dev-tools,libqt4-dev,use qt5 instead of qt4,1471598198+1000,deb,libqt4-dev qttools5-dev-tools,https://github.com/ajtowns/bitcoin-deb,GUI,C++,deb,1,0.75,pkg_rule,
042929e5a73889f1a6d0e2ea6dc3a721a24bf7de,qtbase5-dev,libqt4-dev,use qt5 instead of qt4,1471598198+1000,deb,libqt4-dev qtbase5-dev,https://github.com/ajtowns/bitcoin-deb,GUI,C++,deb,1,0.75,pkg_rule,
0441cc631ec5cdddc401568e4f0fdb01b7bc2e59,libcal3d-dev,lua40,"Dependency changes, added openal, libcal3d, removed lua, libttf",1088031661+0000,deb,lua40 libcal3d-dev,https://github.com/kyanha/crystal,GUI,C++,deb,1,0.85,pkg_rule,
0441cc631ec5cdddc401568e4f0fdb01b7bc2e59,libopenal-dev,lua40,"Dependency changes, added openal, libcal3d, removed lua, libttf",1088031661+0000,deb,lua40 libopenal-dev,https://github.com/kyanha/crystal,Multi Media,C++,deb,1,0.85,pkg_rule,
0441cc631ec5cdddc401568e4f0fdb01b7bc2e59,libcal3d-dev,libttf-dev,"Dependency changes, added openal, libcal3d, removed lua, libttf",1088031661+0000,deb,libttf-dev libcal3d-dev,https://github.com/kyanha/crystal,GUI,C++,deb,1,0.85,pkg_rule,
0441cc631ec5cdddc401568e4f0fdb01b7bc2e59,libopenal-dev,libttf-dev,"Dependency changes, added openal, libcal3d, removed lua, libttf",1088031661+0000,deb,libttf-dev libopenal-dev,https://github.com/kyanha/crystal,Multi Media,C++,deb,1,0.85,pkg_rule,
04434e3bf7b2298bac6e5446f67fa28651324dfe,cmake,autotools-dev,Update Build-Depends,1451368084-0500,deb,autotools-dev cmake,https://salsa.debian.org/pkg-voip-team/twinkle,build,C++,deb,1,0.85,pkg_rule,
044e9978e84d44a00af9408454bc00af7db8e8ed,libwxgtk3.0-gtk3-dev,libwxgtk3.0-dev,Switch wxWidgets from GTK 2 to GTK 3\n\nCloses: #934099,1565137879+0200,deb,libwxgtk3.0-dev libwxgtk3.0-gtk3-dev,https://salsa.debian.org/debian-astro-team/gnudatalanguage,GUI,C++,deb,1,0.9,pkg_rule,
045125be3e897561d6aab93624681abb4e777de6,libp8-platform-dev,libkodiplatform-dev,Merge pull request #101 from olafhering/kodiplatform\n\n[cmake] remove usage of kodi-platform,1556799239+0200,deb,libkodiplatform-dev libp8-platform-dev,https://github.com/JHP4911/pvr.mediaportal.tvserver,Multi Media,C++,deb,1,0.7,lib_replacement,
0457ea6e73a263c8476001f5ddf86c8155ef61ae,qtbase5-dev,libqt4-dev,Update control file to use qt5 and build conflict with qt4,1449141867+0100,deb,libqt4-dev qtbase5-dev,https://salsa.debian.org/med-team/ugene,GUI,C++,deb,1,0.8,pkg_rule,
045c0533893259decae15a2955948afcff1362e9,cmake,scons,Switch from Scons to CMake.,1484867851+0100,deb,scons cmake,https://salsa.debian.org/games-team/fife,GUI,C++,deb,1,0.9,lib_replacement,
04634f689c4bab65b50308bcaf50a148f796bdf7,quilt,dpatch,Imported Debian patch 0.94.14rc21-2,1186796634-0400,deb,dpatch quilt,https://github.com/cyysu/boa,build,C,deb,1,0.85,pkg_rule,
046546c1c8e762d99a15948954e3898e8f6169bb,qemu-kvm [i386 kfreebsd-i386 kopensolaris-i386 amd64 kfreebsd-amd64],qemu-system [i386 kfreebsd-i386 kopensolaris-i386 amd64 kfreebsd-amd64],"Import patches-unapplied version 1.98+20100804-5ubuntu1 to ubuntu/maverick\n\nImported using git-ubuntu import.\n\nChangelog parent: 415ca66caf086c8a0b30953d544e13b34dc98900\n\nNew changelog entries:   * Resynchronise with Debian.  Remaining changes:     - Adjust for default Ubuntu boot options (""quiet splash"").     - Default to hiding the menu  holding down Shift at boot will show it.     - Set a monochromatic theme for Ubuntu.     - Apply Ubuntu GRUB Legacy changes to legacy update-grub script: title,       recovery mode, quiet option, tweak how memtest86+ is displayed, and       use UUIDs where appropriate.     - Fix backslash-escaping in merge_debconf_into_conf.     - Remove ""GNU/Linux"" from default distributor string.     - Add crashkernel= options if kdump and makedumpfile are available.     - If other operating systems are installed, then automatically unhide       the menu.  Otherwise, if GRUB_HIDDEN_TIMEOUT is 0, then use keystatus       if available to check whether Shift is pressed.  If it is, show the       menu, otherwise boot immediately.  If keystatus is not available, then       fall back to a short delay interruptible with Escape.     - Allow Shift to interrupt 'sleep --interruptible'.     - Don't display introductory message about line editing unless we're       actually offering a shell prompt.  Don't clear the screen just before       booting if we never drew the menu in the first place.     - Remove some verbose messages printed before reading the configuration       file.     - Suppress progress messages as the kernel and initrd load for       non-recovery kernel menu entries.     - Change prepare_grub_to_access_device to handle filesystems       loop-mounted on file images.     - Ignore devices loop-mounted from files in 10_linux.     - Show the boot menu if the previous boot failed, that is if it failed       to get to the end of one of the normal runlevels.     - Handle RAID devices containing virtio components.     - Don't generate /boot/grub/device.map during grub-install or       grub-mkconfig by default.     - Adjust upgrade version checks for Ubuntu.     - Don't display ""GRUB loading"" unless Shift is held down.     - Adjust versions of grub-doc and grub-legacy-doc conflicts to tolerate       our backport of the grub-doc split.     - Fix LVM/RAID probing in the absence of /boot/grub/device.map.     - Look for .mo files in /usr/share/locale-langpack as well, in       preference.     - Make sure GRUB_TIMEOUT isn't quoted unnecessarily.     - Probe all devices in 'grub-probe --target=drive' if       /boot/grub/device.map is missing.     - Adjust hostdisk id for hard disks, allowing grub-setup to use its       standard workaround for broken BIOSes.     - Build-depend on qemu-kvm rather than qemu-system for grub-pc tests.     - Use qemu rather than qemu-system-i386.     - Extend the EFI version of grub-install to be able to install into an       EFI System Partition mounted on /boot/efi in a location that complies       with the EFI specification.     - Upgrade the installed core image when upgrading grub-efi-ia32 or       grub-efi-amd64, although only if /boot/efi/EFI/ubuntu already exists.     - Make grub-efi-ia32 and grub-efi-amd64 depend on efibootmgr so that       grub-install works properly.     - Program vesafb on BIOS systems rather than efifb.     - Add a grub-rescue-efi-amd64 package containing a rescue CD-ROM image       for EFI-AMD64.     - Extend EFI initialisation code to understand (,$partition)-style       prefixes.  If the EFI System Partition is on the same disk as       /boot/grub, use this rather than allowing GRUB to set the prefix to       the EFI System Partition by default.     - Handle partition devices without corresponding disk devices.   * Extend ubuntu_linux_no_loopmount.patch to ignore devices loop-mounted     from files in /etc/grub.d/20_linux_xen as well as /etc/grub.d/10_linux,     quelling a warning message on Wubi.   * On Wubi, don't ask for an install device, but just update wubildr using     the diverted grub-install (LP: #581760).",1284970388+0100,deb,qemu-system [i386 kfreebsd-i386 kopensolaris-i386 amd64 kfreebsd-amd64] qemu-kvm [i386 kfreebsd-i386 kopensolaris-i386 amd64 kfreebsd-amd64],https://github.com/delphix/grub2,OS Dev,C,deb,1,0.8,pkg_rule,
04690b380a9c5b0ce1b257160a5ab1bcb62c1aaf,qtbase5-dev,libqt4-dev,Port to Qt5,1510342527+0100,deb,libqt4-dev qtbase5-dev,https://salsa.debian.org/debian/qtscrob,GUI,C++,deb,1,0.75,pkg_rule,
04690b380a9c5b0ce1b257160a5ab1bcb62c1aaf,qttools5-dev-tools,libqt4-dev,Port to Qt5,1510342527+0100,deb,libqt4-dev qttools5-dev-tools,https://salsa.debian.org/debian/qtscrob,GUI,C++,deb,1,0.75,pkg_rule,
046fc0e81ee5a068778ef6f3d7fbb1ecd196d38d,cmake,autotools-dev,"- CPack support. Works on my side, needs tweaks for Win\n\ngit-svn-id: https://vcmi.svn.sourceforge.net/svnroot/vcmi/trunk@2974 4dfc6b2a-8b31-0410-aa91-d6c70e3ac834",1349440697+0000,deb,autotools-dev cmake,https://github.com/DjWarmonger/vcmi,build,C++,deb,1,0.85,pkg_rule,
0483970d7f0791d0755b766067a82ab5f72f02bf,quilt,cdbs,"debian/control: switch to quilt, tighten debhelper depends",1261742664+0100,deb,cdbs quilt,https://salsa.debian.org/multimedia-team/pd/gem,build,C++,deb,1,0.9,pkg_rule,
048ba157c9f3c1e28fd6b1364fe596967ef1c13b,fonts-ipafont-gothic,ttf-kochi-gothic,Replace removed fonts ttf-kochi-gothic and ttf-kochi-mincho with fonts-ipafont-gothic and fonts-ipafont-mincho,1469463721+0200,deb,ttf-kochi-gothic fonts-ipafont-gothic,https://salsa.debian.org/debian/lilypond,documentation,C++,deb,1,0.85,lib_replacement,Deprecation
048ba157c9f3c1e28fd6b1364fe596967ef1c13b,fonts-ipafont-mincho,ttf-kochi-gothic,Replace removed fonts ttf-kochi-gothic and ttf-kochi-mincho with fonts-ipafont-gothic and fonts-ipafont-mincho,1469463721+0200,deb,ttf-kochi-gothic fonts-ipafont-mincho,https://salsa.debian.org/debian/lilypond,documentation,C++,deb,1,0.85,lib_replacement,Deprecation
048ba157c9f3c1e28fd6b1364fe596967ef1c13b,fonts-ipafont-gothic,ttf-kochi-mincho,Replace removed fonts ttf-kochi-gothic and ttf-kochi-mincho with fonts-ipafont-gothic and fonts-ipafont-mincho,1469463721+0200,deb,ttf-kochi-mincho fonts-ipafont-gothic,https://salsa.debian.org/debian/lilypond,documentation,C++,deb,1,0.85,lib_replacement,Deprecation
048ba157c9f3c1e28fd6b1364fe596967ef1c13b,fonts-ipafont-mincho,ttf-kochi-mincho,Replace removed fonts ttf-kochi-gothic and ttf-kochi-mincho with fonts-ipafont-gothic and fonts-ipafont-mincho,1469463721+0200,deb,ttf-kochi-mincho fonts-ipafont-mincho,https://salsa.debian.org/debian/lilypond,documentation,C++,deb,1,0.85,lib_replacement,Deprecation
0497b341df84568daf6a4d9ba1595b8405eb13b7,dh-autoreconf,autoconf,Update packaging to debhelper compat level 9 and convert libldns to MultiArch package,1450793215+0100,deb,autoconf dh-autoreconf,https://salsa.debian.org/dns-team/ldns,build,C,deb,1,0.85,pkg_rule,
04a1203fc402d4b13827761d105a063751323e98,libsecret-1-dev,libgnome-keyring-dev,refactor: migrate from libgnome-keyring to libsecret\n\n* 因 libgnome-keyring 以废弃，改用 libsecret。 * 改用 CMake * 直接修改「login」的密码，不再判断是否存在，也不再自动创建\n\nLog: 从 libgnome-keyring 迁移到 libsecret Issue: fixes #1 Change-Id: Ibcfee9a4a119c63b88d034bee1aec7e7b974133d,1610431829+0800,deb,libgnome-keyring-dev libsecret-1-dev,https://github.com/linuxdeepin/dpa-ext-gnomekeyring,cryptography,C++,deb,1,0.98,lib_replacement,Deprecation
04a2da31ee2033308d95f74ae933aa252fb8a39d,cmake,autotools-dev,Merge 03c043a4d331a5c4139a865c6227e35653b16217 into ff1c0e80ddf0d2038f663f370fa086823ee368aa,1493201077+0000,deb,autotools-dev cmake,https://github.com/ceph/ceph,build,C++,deb,1,0.95,pkg_rule,
04a7fe18f0c00032a05dd6a516d68110ffaf9c30,libmotif-dev,lesstif2-dev,Transition from lesstif2-dev to libmotif-dev.  Closes: #714666.,1383407210-0700,deb,lesstif2-dev libmotif-dev,https://salsa.debian.org/vorlon/sqsh,GUI,C,deb,1,0.95,lib_replacement,
04afb532bffcd4715990e58fe5e8fa29f6ab02a7,postgresql-all,postgresql-server-dev-all,Debian: Upload for PostgreSQL 13.\n\n* Use dh --with pgxs. * R³: no. * DH 13. * debian/tests: Use 'make' instead of postgresql-server-dev-all.,1603098885+0200,deb,postgresql-server-dev-all postgresql-all,https://github.com/df7cb/pg_dirtyread,database,C,deb,1,0.85,pkg_rule,
04d45f6b8211316cc71572b7f7c6f4f688daf043,libsystemd-dev [linux-any],libsystemd-login-dev [linux-any],"control: Transition to libsystemd, fix build-depends. (Closes: #779744)",1436581661+0300,deb,libsystemd-login-dev [linux-any] libsystemd-dev [linux-any],https://salsa.debian.org/freeipa-team/certmonger,OS Dev,C,deb,1,0.95,pkg_rule,
04db57287454e28727057451daf222a7d0350f3d,qtbase5-dev,libqt4-dev,- Prefer Qt5 over Qt4 by default with configure script.,1438626685+0100,deb,libqt4-dev qtbase5-dev,https://github.com/LiamM32/qsynth,GUI,C++,deb,1,0.8,pkg_rule,
04db57287454e28727057451daf222a7d0350f3d,qttools5-dev-tools,libqt4-dev,- Prefer Qt5 over Qt4 by default with configure script.,1438626685+0100,deb,libqt4-dev qttools5-dev-tools,https://github.com/LiamM32/qsynth,GUI,C++,deb,1,0.8,pkg_rule,
04db8c892cebcd0c1ca3189cb6fc64170a8c018b,xmlto,docbook-utils,update build requirements  - add pkg-config to find fuse  - replace docbook-utils with xmlto,1263216611+0100,deb,docbook-utils xmlto,https://github.com/BenTech2/httpfs2,documentation,C,deb,1,0.95,lib_replacement,
04e37055b1ad9c06416b619d8db6396faa81825a,default-jdk:native [!hppa !hurd-i386 !m68k !sh4],default-jdk-headless:native [!hppa !hurd-i386 !m68k !sh4],Change Build-Dependency from default-jdk-headless to default-jdk,1578670587+0100,deb,default-jdk-headless:native [!hppa !hurd-i386 !m68k !sh4] default-jdk:native [!hppa !hurd-i386 !m68k !sh4],https://salsa.debian.org/LebedevRI-guest/z3,computing,C++,deb,1,0.9,pkg_rule,
04e8a07517fff504abfc178d5cd5e4d03c9749f1,libvotca-tools-dev,votca-tools-dev,* debian/control (Build-Depends): Changed votca-tools-dev to libvotca-tools-dev.,1401377496+0000,deb,votca-tools-dev libvotca-tools-dev,https://salsa.debian.org/debichem-team/votca-csg,computing,C++,deb,1,0.95,pkg_rule,
04f31e8c3da1170047d33474e63a51176738b62b,dh-autoreconf,autoconf,"use dh-autoreconf, disable gps powercontrol",1313164801+0200,deb,autoconf dh-autoreconf,https://github.com/slyon/debian-fso-deviced,build,C,deb,1,0.8,pkg_rule,
04f5ea7e22ee9ee40d032e933c8354e18b3acfbd,cmake,autotools-dev,Use cmake to build the package,1509056114+0200,deb,autotools-dev cmake,https://salsa.debian.org/debian/fntsample,build,C,deb,1,0.82,lib_replacement,
84316d7d040914defb7a41d7efde87da3332919b,cmark,node-marked,Update package relations: (Build-)depend on cmark (not marked).,1537943520+0200,deb,node-marked cmark,https://salsa.debian.org/debian/astroidmail,documentation,C++,deb,1,0.95,lib_replacement,
843b8471cd17b67b3022dc2a56583d7b35087080,cmake,scons,Switch from scons to cmake.,1465146121+0200,deb,scons cmake,https://salsa.debian.org/games-team/blockattack,GUI,C++,deb,1,0.96,lib_replacement,
843cd7f97d205b0cf65dde05ea63a60f7440ab77,gettext,intltool,0.99.11-1 (patches applied)\n\nImported using git-ubuntu import.,1567496889+0000,deb,intltool gettext,https://github.com/dmitriy-myz/upower,other,C,deb,1,0.9,pkg_rule,
8442a668355682a29ef9ab81ff8efa48d730b288,dh-autoreconf,autoconf,"Prepare for release: Update changelog, control file and copyright hints.",1515442691+0100,deb,autoconf dh-autoreconf,https://salsa.debian.org/cryptocoin-team/groestlcoin,build,C++,deb,1,0.88,pkg_rule,
84503ed3766e48f9bc4288b5bd88213121d54f6a,gem2deb,ruby1.8-dev,Merge branch 'master' of git.debian.org:/git/pkg-ruby-extras/ruby-uconv\n\nConflicts: 	debian/control,1376561771+0900,deb,ruby1.8-dev gem2deb,https://salsa.debian.org/ruby-team/ruby-uconv,GUI,C,deb,1,0.85,pkg_rule,
84503ed3766e48f9bc4288b5bd88213121d54f6a,gem2deb,ruby1.9.1,Merge branch 'master' of git.debian.org:/git/pkg-ruby-extras/ruby-uconv\n\nConflicts: 	debian/control,1376561771+0900,deb,ruby1.9.1 gem2deb,https://salsa.debian.org/ruby-team/ruby-uconv,build,C,deb,1,0.85,pkg_rule,
84503ed3766e48f9bc4288b5bd88213121d54f6a,gem2deb,ruby1.9.1-dev,Merge branch 'master' of git.debian.org:/git/pkg-ruby-extras/ruby-uconv\n\nConflicts: 	debian/control,1376561771+0900,deb,ruby1.9.1-dev gem2deb,https://salsa.debian.org/ruby-team/ruby-uconv,build,C,deb,1,0.85,pkg_rule,
84503ed3766e48f9bc4288b5bd88213121d54f6a,gem2deb,ruby1.8,Merge branch 'master' of git.debian.org:/git/pkg-ruby-extras/ruby-uconv\n\nConflicts: 	debian/control,1376561771+0900,deb,ruby1.8 gem2deb,https://salsa.debian.org/ruby-team/ruby-uconv,GUI,C,deb,1,0.85,pkg_rule,
8453cd932564b9b20d72b0f440f6b58bab46deb6,qttools5-dev-tools,libqt4-dev,"Merge the scribus-ng package into scribus\n\nMerge remote-tracking branch 'ng/master'\n\nThis is the merge of a completely unrelated repository.  Starting with this I'll build both sources from a single git repository, and regularly merge the packaging.\n\nSigned-off-by: Mattia Rizzolo <mattia@debian.org>",1579118443+0100,deb,libqt4-dev qttools5-dev-tools,https://salsa.debian.org/debian/scribus,GUI,C++,deb,1,0.85,pkg_rule,
8453cd932564b9b20d72b0f440f6b58bab46deb6,qtbase5-dev,libqt4-dev,"Merge the scribus-ng package into scribus\n\nMerge remote-tracking branch 'ng/master'\n\nThis is the merge of a completely unrelated repository.  Starting with this I'll build both sources from a single git repository, and regularly merge the packaging.\n\nSigned-off-by: Mattia Rizzolo <mattia@debian.org>",1579118443+0100,deb,libqt4-dev qtbase5-dev,https://salsa.debian.org/debian/scribus,GUI,C++,deb,1,0.85,pkg_rule,
8453cd932564b9b20d72b0f440f6b58bab46deb6,qttools5-dev,libqt4-dev,"Merge the scribus-ng package into scribus\n\nMerge remote-tracking branch 'ng/master'\n\nThis is the merge of a completely unrelated repository.  Starting with this I'll build both sources from a single git repository, and regularly merge the packaging.\n\nSigned-off-by: Mattia Rizzolo <mattia@debian.org>",1579118443+0100,deb,libqt4-dev qttools5-dev,https://salsa.debian.org/debian/scribus,GUI,C++,deb,1,0.85,pkg_rule,
8456eee726efb3903be36547c79d2fc689d123d6,libssl-dev,openssl,Changed openssl build-depends to libssl-dev,1410372389+0530,deb,openssl libssl-dev,https://github.com/Necktwi/ferrybase,cryptography,C++,deb,1,0.9,pkg_rule,
845a6d1c9b87d6fffc6b5f86c7ca1b36df56e01d,libxul-dev,iceape-dev,"Import patches-unapplied version 0.9.9a-1ubuntu1 to ubuntu/jaunty\n\nImported using git-ubuntu import.\n\nChangelog parent: b4e954b3895df551ba0df88c60123eb88447ea99\n\nNew changelog entries:   * Merge from Debian. (LP: #356310)   * Remaining changes:     - build against libxul-dev instead of iceape-dev     - build against libass-dev and libx264-dev     - build against and install libx264 plugin     - adjust Vcs-Bzr Headers in debian/control     - add Xb-Npp header to vlc package     - debian/patches/301_DVD_media.diff: Change %U to %f        in VLC .desktop file, cf LP #275043     - Remove arts from dependencies. (LP: #320915)       - debian/control:         - Remove libarts1-dev from build depends         - Don't build package vlc-plugin-arts         - Remove all notions of vlc-plugin-arts from packages descriptions       - debian/rules:         - Remove --enable-arts from confflags       - Delete debian/vlc-plugin-arts.install       - Delete debian/vlc-plugin-arts.links   * New upstream version 0.9.9a    + Closes: #520149, #522170, #522185, #522554    + Update symbol files   * Fix some typo in bug/presubj   * Remove some Replaces/Conflicts against version not in etch   * Move the caca module to vlc-nox     + Re-add some Replaces/Conflicts     + Closes: #522040",1239019086+0200,deb,iceape-dev libxul-dev,https://github.com/omunroe-com/ubtvlc,GUI,C,deb,1,0.85,lib_replacement,
845a6d1c9b87d6fffc6b5f86c7ca1b36df56e01d,libx264-dev,iceape-dev,"Import patches-unapplied version 0.9.9a-1ubuntu1 to ubuntu/jaunty\n\nImported using git-ubuntu import.\n\nChangelog parent: b4e954b3895df551ba0df88c60123eb88447ea99\n\nNew changelog entries:   * Merge from Debian. (LP: #356310)   * Remaining changes:     - build against libxul-dev instead of iceape-dev     - build against libass-dev and libx264-dev     - build against and install libx264 plugin     - adjust Vcs-Bzr Headers in debian/control     - add Xb-Npp header to vlc package     - debian/patches/301_DVD_media.diff: Change %U to %f        in VLC .desktop file, cf LP #275043     - Remove arts from dependencies. (LP: #320915)       - debian/control:         - Remove libarts1-dev from build depends         - Don't build package vlc-plugin-arts         - Remove all notions of vlc-plugin-arts from packages descriptions       - debian/rules:         - Remove --enable-arts from confflags       - Delete debian/vlc-plugin-arts.install       - Delete debian/vlc-plugin-arts.links   * New upstream version 0.9.9a    + Closes: #520149, #522170, #522185, #522554    + Update symbol files   * Fix some typo in bug/presubj   * Remove some Replaces/Conflicts against version not in etch   * Move the caca module to vlc-nox     + Re-add some Replaces/Conflicts     + Closes: #522040",1239019086+0200,deb,iceape-dev libx264-dev,https://github.com/omunroe-com/ubtvlc,Multi Media,C,deb,1,0.85,lib_replacement,
847e08ffdaf77d8ce36886eb50c6e103b9c4f359,libimlayouts0-dev,libimlayouts0,Start using new libimlayouts0-dev package,1509156428-0400,deb,libimlayouts0 libimlayouts0-dev,https://github.com/community-ssu/hildon-im-vkbrenderer3,GUI,C,deb,1,0.92,pkg_rule,
84811bcb0d0e8fdda48f217742ef0e4f0b5b9543,libxapian-glib-1.0-dev,gir1.2-xapian-1.0,Merge pull request #48 from endlessm/shell/5107\n\nUpdate xapian-glib build dep,1432776835-0700,deb,gir1.2-xapian-1.0 libxapian-glib-1.0-dev,https://github.com/endlessm/xapian-bridge,database,C,deb,1,0.85,pkg_rule,
848dcd3d625c598ea08e332f7987433ca437473d,dh-r,cdbs,releasing package r-cran-cubature version 1.4-1,1529030692-0500,deb,cdbs dh-r,https://salsa.debian.org/edd/r-cran-cubature,build,C,deb,1,0.9,pkg_rule,
848f82b3eaa4c048fa5b675c773907f50f39ef2b,qttools5-dev-tools,libqt4-dev,Merge remote-tracking branch 'origin/v1.2.2.1'\n\n# Conflicts: #	depends/packages/qt.mk,1590940036+0800,deb,libqt4-dev qttools5-dev-tools,https://github.com/crazyhead90/helix,GUI,C++,deb,1,0.9,pkg_rule,
848f82b3eaa4c048fa5b675c773907f50f39ef2b,qtbase5-dev,libqt4-dev,Merge remote-tracking branch 'origin/v1.2.2.1'\n\n# Conflicts: #	depends/packages/qt.mk,1590940036+0800,deb,libqt4-dev qtbase5-dev,https://github.com/crazyhead90/helix,GUI,C++,deb,1,0.9,pkg_rule,
848f82b3eaa4c048fa5b675c773907f50f39ef2b,qttools5-dev,libqt4-dev,Merge remote-tracking branch 'origin/v1.2.2.1'\n\n# Conflicts: #	depends/packages/qt.mk,1590940036+0800,deb,libqt4-dev qttools5-dev,https://github.com/crazyhead90/helix,GUI,C++,deb,1,0.9,pkg_rule,
84ae9ef9313b736e48ba16ab89c7508faab8915d,qtbase5-dev,qt5-default,chore: 修复lintian所有问题\n\n修复lintian所有问题\n\nLog: 修复lintian所有问题 Change-Id: I97d99640bee1019d82cfa3c2b69f69b6454691ad,1604628631+0800,deb,qt5-default qtbase5-dev,https://github.com/linuxdeepin/deepin-reader,GUI,C++,deb,1,0.9,pkg_rule,
84dc8331c056933ab1f95e9396a1861206e39ce3,libsecret-1-dev,libgnome-keyring-dev,[svn-buildpackage] Tagging gvfs 1.20.0-1,1395599566+0000,deb,libgnome-keyring-dev libsecret-1-dev,https://salsa.debian.org/gnome-team/gvfs,cryptography,C,deb,1,0.9,pkg_rule,
84e98d74579d38a6112c7f0d20fd198af06daaca,libwxgtk3.0-gtk3-dev,libwxgtk3.0-dev,Update control file for debian Ubuntu 20.04 LTS\n\nfix dpkg-buildpackage for ubuntu 20.04 LTS,1596641144+0200,deb,libwxgtk3.0-dev libwxgtk3.0-gtk3-dev,https://github.com/martin-pe/maitreya8,GUI,C,deb,1,0.85,pkg_rule,
84f005e104195f374a1caf31e58d1c9332c5e003,qtbase5-dev,libqt4-dev,Debian: Build with Qt5.,1452566382+0100,deb,libqt4-dev qtbase5-dev,https://github.com/galeksandrp/peerguardian,GUI,C++,deb,1,0.9,pkg_rule,
0501a0e29c21462fb32058907c448f08f6237ac4,libcurl4-openssl-dev,libcurl4-gnutls-dev,depend on libcurl4-openssl-dev instead of libcurl4-gnutls-dev,1338832711+0200,deb,libcurl4-gnutls-dev libcurl4-openssl-dev,https://github.com/RestAuth/apache2,network,C,deb,1,0.9,pkg_rule,
0503f7bf4b27a2eb18e54d7d51b8509a7272d1a0,default-libmysqlclient-dev,libmysqlclient-dev,Build-Depends: default-libmysqlclient-dev,1480603314+0100,deb,libmysqlclient-dev default-libmysqlclient-dev,https://salsa.debian.org/med-team/gentle,database,C++,deb,1,0.9,pkg_rule,
050c82f482bf79ac134cd2f26288b4165fff32e2,dh-autoreconf,autotools-dev,Imported Debian patch 1.0-7,1434411890-0300,deb,autotools-dev dh-autoreconf,https://salsa.debian.org/pkg-security-team/missidentify,build,C,deb,1,0.9,pkg_rule,
052bee6c1eecd8a188a7774ee5a37853709873f2,yelp-tools,gnome-doc-utils,[svn-buildpackage] Tagging eog 3.6.1-1,1350939963+0000,deb,gnome-doc-utils yelp-tools,https://salsa.debian.org/gnome-team/eog,documentation,C,deb,1,0.9,pkg_rule,
05382ac77048b9b3edce9766111b2468adb92493,default-libmysqlclient-dev,libmysqlclient-dev,Update d/control: s/libmysqlclient-dev/default-libmysqlclient-dev/g,1479292602+0100,deb,libmysqlclient-dev default-libmysqlclient-dev,https://salsa.debian.org/debian/gearmand,database,C++,deb,1,0.9,pkg_rule,
053cc2dddadee526646351bd609a415d39442039,cmake,autotools-dev,change autotools to cmake for upstream change\n\nSigned-off-by: Youhei SASAKI <uwabami@gfd-dennou.org>,1298652918+0900,deb,autotools-dev cmake,https://salsa.debian.org/cairo-dock-team/cairo-dock-plug-ins,build,C,deb,1,0.92,lib_replacement,
054c2b969862d6d03de3bd148fcd08303f4a8d20,libncursesw5-dev,libncurses5-dev,"Build-Depend on libncursesw5-dev instead of libncurses5-dev, and change dependency of swi-prolog-nox (see #689583).",1349378419+0200,deb,libncurses5-dev libncursesw5-dev,https://salsa.debian.org/debian/swi-prolog,other,C,deb,1,0.9,pkg_rule,
056face30e986b14f85272beb83c5a0fd7f9006e,gem2deb,ruby1.8-dev,"don't hardcode Ruby versions, use `dh_ruby --print-supported` instead",1390248452-0300,deb,ruby1.8-dev gem2deb,https://salsa.debian.org/laney/ruby-gnome2,GUI,C,deb,1,0.85,pkg_rule,
056face30e986b14f85272beb83c5a0fd7f9006e,gem2deb,ruby1.9.1,"don't hardcode Ruby versions, use `dh_ruby --print-supported` instead",1390248452-0300,deb,ruby1.9.1 gem2deb,https://salsa.debian.org/laney/ruby-gnome2,build,C,deb,1,0.85,pkg_rule,
056face30e986b14f85272beb83c5a0fd7f9006e,gem2deb,ruby1.9.1-dev,"don't hardcode Ruby versions, use `dh_ruby --print-supported` instead",1390248452-0300,deb,ruby1.9.1-dev gem2deb,https://salsa.debian.org/laney/ruby-gnome2,build,C,deb,1,0.85,pkg_rule,
056face30e986b14f85272beb83c5a0fd7f9006e,gem2deb,ruby1.8,"don't hardcode Ruby versions, use `dh_ruby --print-supported` instead",1390248452-0300,deb,ruby1.8 gem2deb,https://salsa.debian.org/laney/ruby-gnome2,GUI,C,deb,1,0.85,pkg_rule,
057477c7ec633d68e468b07c2105e4f0b750c3a5,php-all-dev,pkg-php-tools,Drop pkg-php-tools build system to support PHP 7.0,1449588405+0100,deb,pkg-php-tools php-all-dev,https://github.com/ByteInternet/php-imagick,build,C,deb,1,0.85,pkg_rule,
057477c7ec633d68e468b07c2105e4f0b750c3a5,dh-php,pkg-php-tools,Drop pkg-php-tools build system to support PHP 7.0,1449588405+0100,deb,pkg-php-tools dh-php,https://github.com/ByteInternet/php-imagick,build,C,deb,1,0.85,pkg_rule,
058fd4c1b0655b8636c32de5c9131955eca7f274,gtkhtml3.8,gkthtml3.8,Fix gtkhtml3.8 typo\n\ngit-svn-id: file:///svn/pkg-evolution/unstable/evolution@537 ed03ce00-e4f4-0310-9448-ee38221cb277,1150534625+0000,deb,gkthtml3.8 gtkhtml3.8,https://salsa.debian.org/bluca/evolution,documentation,C,deb,1,0.95,pkg_rule,
059560b9d8a8adab036fa1dee99cf60caed76139,php-all-dev,pkg-php-tools,Update packaging to PHP 7.0 standard,1456845432+0100,deb,pkg-php-tools php-all-dev,https://salsa.debian.org/php-team/pecl/php-yac,build,C,deb,1,0.85,pkg_rule,
059560b9d8a8adab036fa1dee99cf60caed76139,dh-php,pkg-php-tools,Update packaging to PHP 7.0 standard,1456845432+0100,deb,pkg-php-tools dh-php,https://salsa.debian.org/php-team/pecl/php-yac,build,C,deb,1,0.85,pkg_rule,
05b6b9af9f1c998d8298f0afe551799a2750cb13,dh-autoreconf,autoconf,git-debimport grub2_2.02~beta2-11.debian.tar.xz,1409279760+0900,deb,autoconf dh-autoreconf,https://github.com/ystk/debian-grub2,build,C,deb,1,0.92,pkg_rule,
05c4a14beff08ac49b3fa47da2e1e33b7f8036ae,qtbase5-dev,libqt4-dev,Merge branch 'ppa/0.4-1' into ppa/0.5,1577705122+0100,deb,libqt4-dev qtbase5-dev,https://github.com/centic9/openambit-ppa,GUI,C,deb,1,0.92,pkg_rule,
05c4a14beff08ac49b3fa47da2e1e33b7f8036ae,qttools5-dev,libqt4-dev,Merge branch 'ppa/0.4-1' into ppa/0.5,1577705122+0100,deb,libqt4-dev qttools5-dev,https://github.com/centic9/openambit-ppa,GUI,C,deb,1,0.92,pkg_rule,
05c4a14beff08ac49b3fa47da2e1e33b7f8036ae,qttools5-dev-tools,libqt4-dev,Merge branch 'ppa/0.4-1' into ppa/0.5,1577705122+0100,deb,libqt4-dev qttools5-dev-tools,https://github.com/centic9/openambit-ppa,GUI,C,deb,1,0.92,pkg_rule,
05c5a2cd766aa3e8c52817ef48c0d8b408857956,zlib1g-dev,libz-dev,"merged from collab-maint (debian repo)  Thanks for the valuable work, Mike",1276593447+0200,deb,libz-dev zlib1g-dev,https://github.com/CoryXie/zfs-fuse,Multi Media,C,deb,1,0.9,pkg_rule,
05cb8dd380c2ff7d6a8b2519381c56d79ccb7124,dh-autoreconf,autotools-dev,releasing package ding-libs version 0.3.0.1-4,1388733709+0200,deb,autotools-dev dh-autoreconf,https://salsa.debian.org/sssd-team/ding-libs,build,C,deb,1,0.92,pkg_rule,
05f5ca546cf083db914d8b940c437126465718b0,qtbase5-dev,libqt4-dev,Merge 32ed318613c1cfa2f2ddffd738367796495ff46f into e4ba16495e8d8177eb85d6bfcc69089b38753e39,1472210800+0000,deb,libqt4-dev qtbase5-dev,https://github.com/apache/thrift,GUI,C++,deb,1,0.95,pkg_rule,
05f7ab93841eef7bf50c31b64bf723c100e0c123,zlib1g-dev,libz-dev,"aaah, Andre Dahlqvist suggest using zlib1g-dev instead of meta libz-dev. I am going to allow this.\n\n git-svn-id: svn://svn.mplayerhq.hu/mplayer/trunk@1693 b3059339-0415-0410-9bf9-f77b7e298cf2",998768635+0000,deb,libz-dev zlib1g-dev,https://github.com/057a3dd61f99517a3afea0051a49cb27994f94d/mpv,Multi Media,C,deb,1,0.9,pkg_rule,
05f7b413ecb8afc043efbca2e477814b87ea85ad,freeglut3-dev,glutg3-dev,"Import Debian changes 0.3.1-13\n\npinball (0.3.1-13) unstable  urgency=low\n\n  * Depend on virtual libstdc++-dev in addition to libstdc++6-4.4-dev     rather on a fixed version. Closes: #581606.   * Delete /var/games/pinball on purge   * Bump Standards-Version to 3.8.4\n\npinball (0.3.1-12) unstable  urgency=low\n\n  * Refresh patch 05_system_ltdl.patch. Some autobuilders didn't like     it for some unknown reason.   * Remove build dependency on quilt.\n\npinball (0.3.1-11) unstable  urgency=low\n\n  * Replace macro AC_LIBLTDL_CONVENIENCE with LTDL_INIT. This will make     pinball link against the system libltdl instead of the private one.   * Switch to dpkg-source 3.0 (quilt) format\n\npinball (0.3.1-10) unstable  urgency=low\n\n  * Build-depend on libltdl-dev (>= 2.2.6b) as earlier versions were     vulnerable to a priviledge escalation. (Closes: #559825)     Fixes priviledge escalation vulnerability CVE-2009-3736.\n\npinball (0.3.1-9) unstable  urgency=low\n\n  * Fix .desktop file (Closes: #549643). Thanks to Pino Toscano     <pino@kde.org> for the patch.   * Fix eglibc 2.10 build (Closes: #549984). Thanks to Ilya Barygin     <baryin@gmail.com> for the patch.   * Add README.source for quilt patch management.\n\npinball (0.3.1-8) unstable  urgency=low\n\n  * Bump Standards-Version to 3.8.3   * Replace glut with freeglut (Closes: #543701)   * Correct license to be GPL-2   * Switch to debhelper 7   * Use current autotools instead of shipped versions (Closes: #401852,     #401853)   * Fix depends for non-Linux platforms (Closes: #451113)",1274113477+0200,deb,glutg3-dev freeglut3-dev,https://github.com/adoptware/pinball,GUI,C++,deb,1,0.93,lib_replacement,
05fe3f6b0ab650df3a56dcd15c049edbc9bea2c5,libglib2.0-dev,libgtk2.0-dev,debian: get ajour for 1.5.0.,1326088438+0100,deb,libgtk2.0-dev libglib2.0-dev,https://github.com/ashang/cdemu,GUI,C,deb,1,0.9,pkg_rule,
85098536dfc446404fe4e1b63bea41d6df75b33d,libcurl4-openssl-dev,libcurl4-gnutls-dev,Titania\n\nHandle https connections.,1378478562+0200,deb,libcurl4-gnutls-dev libcurl4-openssl-dev,https://github.com/create3000/titania,network,C++,deb,1,0.9,pkg_rule,
850aa9e772729db28ddbff9f230ac75bdf82375d,qtbase5-dev,libqt4-dev,Build qt5 version rather than qt4.,1483873812+0100,deb,libqt4-dev qtbase5-dev,https://salsa.debian.org/multimedia-team/jalv,GUI,C,deb,1,0.95,pkg_rule,
850aa9e772729db28ddbff9f230ac75bdf82375d,qttools5-dev,libqt4-dev,Build qt5 version rather than qt4.,1483873812+0100,deb,libqt4-dev qttools5-dev,https://salsa.debian.org/multimedia-team/jalv,GUI,C,deb,1,0.95,pkg_rule,
850aa9e772729db28ddbff9f230ac75bdf82375d,qttools5-dev-tools,libqt4-dev,Build qt5 version rather than qt4.,1483873812+0100,deb,libqt4-dev qttools5-dev-tools,https://salsa.debian.org/multimedia-team/jalv,GUI,C,deb,1,0.95,pkg_rule,
851e9285ab3522aae4e28a96d926b2c627c040ad,libqscintilla2-qt5-dev,libqt5scintilla2-dev,Merge pull request #1 from qgis/master\n\nblah,1573820919+1000,deb,libqt5scintilla2-dev libqscintilla2-qt5-dev,https://github.com/pkinglinz/QGIS,GUI,C++,deb,1,0.93,pkg_rule,
8527b97ac5c5b44c929aec0c036f4201de9c176b,libwxgtk3.0-gtk3-dev,libwxgtk3.0-dev,Merge 84e98d74579d38a6112c7f0d20fd198af06daaca into 720c18c662f795d7331495ef6166c57279da8df9,1596642305+0200,deb,libwxgtk3.0-dev libwxgtk3.0-gtk3-dev,https://github.com/martin-pe/maitreya8,GUI,C,deb,1,0.8,pkg_rule,
85327833b019aecb03b6060c52c02154414b2588,dpkg-dev,hardening-includes,"branch garcon from trunk, switch to libxfce4util6-dev",1333202948+0000,deb,hardening-includes dpkg-dev,https://salsa.debian.org/xfce-team/desktop/garcon,build,C,deb,1,0.8,pkg_rule,
8551b6b7d271ccf58d7eef1e0b3539a3cbe1ef24,quilt,dpatch,Using quilt rather than dpatch.,1243538432+0200,deb,dpatch quilt,https://salsa.debian.org/pkg-security-team/gpart,build,C,deb,1,0.99,lib_replacement,
855260239e14a0d34a975631a20d6c0c5ee8b5a5,default-libmysqlclient-dev,libmysqlclient-dev,Merge branch 'master' into ubuntu,1481633870+0100,deb,libmysqlclient-dev default-libmysqlclient-dev,https://github.com/Icinga/pkg-icinga2-debian,database,C++,deb,1,0.8,pkg_rule,
85618dc315de7509cfb4d43c844572d0ea523f90,libjson-c-dev,libjson0-dev,Merge pull request #631 from staskobzar/master\n\nFixing bug in debian init script.,1456243382+0200,deb,libjson0-dev libjson-c-dev,https://github.com/AgalyaR/opensips,serializing,C,deb,1,0.8,pkg_rule,
8565e76f96532c349768098655302bf11192fd0d,libhardware-dev [armhf],libhybris-dev [armhf],Just use libhardware instead of libhybris when building mir (avoid conflicts with egl/gles),1375827894-0300,deb,libhybris-dev [armhf] libhardware-dev [armhf],https://github.com/Decatf/mir,OS Dev,C++,deb,1,0.97,lib_replacement,Integration
8573dad624d41e986ccf576d2cbfb3879e751d17,ruby1.9.1,ruby1.8-dev,"Update Build depends (tcl-dev, ruby-dev, asciidoc).",1295177585+0000,deb,ruby1.8-dev ruby1.9.1,https://salsa.debian.org/kolter/weechat,other,C,deb,1,0.8,pkg_rule,
8589c802912a9f4b315cd80bc1634934142dbd34,libx11-dev,xlibs-dev,Merge branch 'master' of git+ssh://git.directfb.org/git/directfb/core/DirectFB,1301443158+0200,deb,xlibs-dev libx11-dev,https://github.com/Acidburn0zzz/DirectFB,GUI,C,deb,1,0.85,pkg_rule,
859123f5fb8333dbc7b32c14487c4634173fdeeb,qttools5-dev-tools,libqt4-dev,Merge 46a3746cce29f68f75bbd6c0b66adad6a69b67a7 into 2264661eb364609d4473d65b66c6c19581a568ca,1492387412+0000,deb,libqt4-dev qttools5-dev-tools,https://github.com/qgis/QGIS,GUI,C++,deb,1,0.9,pkg_rule,
859123f5fb8333dbc7b32c14487c4634173fdeeb,qtbase5-dev,libqt4-dev,Merge 46a3746cce29f68f75bbd6c0b66adad6a69b67a7 into 2264661eb364609d4473d65b66c6c19581a568ca,1492387412+0000,deb,libqt4-dev qtbase5-dev,https://github.com/qgis/QGIS,GUI,C++,deb,1,0.9,pkg_rule,
859123f5fb8333dbc7b32c14487c4634173fdeeb,qttools5-dev,libqt4-dev,Merge 46a3746cce29f68f75bbd6c0b66adad6a69b67a7 into 2264661eb364609d4473d65b66c6c19581a568ca,1492387412+0000,deb,libqt4-dev qttools5-dev,https://github.com/qgis/QGIS,GUI,C++,deb,1,0.9,pkg_rule,
859261646ec575f4ed1038cd399894bd7413c3ee,dh-r,cdbs,* New upstream version   * Convert to dh-r   * Generic BioConductor homepage\n\n,1477560534+0000,deb,cdbs dh-r,https://salsa.debian.org/r-pkg-team/r-bioc-makecdfenv,build,C,deb,1,0.95,lib_replacement,
859789eae997efc697f741b15aa3a0a2a0d4667d,libufsparse-dev,libumfpack4-dev,update\n\ngit-svn-id: svn://svn.debian.org/svn/pkg-scicomp/freefem++/trunk@423 23024712-e7e7-0310-a81c-8a6e0d3e4a2f,1146331718+0000,deb,libumfpack4-dev libufsparse-dev,https://salsa.debian.org/science-team/freefempp,computing,C++,deb,1,0.85,pkg_rule,
85a8859217f791edbb8637a1e2c2b87c0c4a7c12,quilt,cdbs,"renamed my old debian/ to debian_old, imported  the new super awesome debian directory created by DEBIAN for experimental",1245672616-0400,deb,cdbs quilt,https://github.com/manasdas17/thirdparty-packages,build,C++,deb,1,0.75,pkg_rule,
85bd82b5e35e5fc5e54e49375fc0b7d5ceaef566,libx11-dev,xlibs-dev,"Update of debian packaging scripts, various packaging bug corrected",1138320391+0000,deb,xlibs-dev libx11-dev,https://github.com/kyanha/crystal,GUI,C++,deb,1,0.75,pkg_rule,
85bd82b5e35e5fc5e54e49375fc0b7d5ceaef566,x-dev,xlibs-dev,"Update of debian packaging scripts, various packaging bug corrected",1138320391+0000,deb,xlibs-dev x-dev,https://github.com/kyanha/crystal,GUI,C++,deb,1,0.75,pkg_rule,
85c3d131fafb7a92a19d58eb21224609cb019deb,dh-autoreconf,autotools-dev,Use dh-autoreconf to update the build system.,1352843444+0100,deb,autotools-dev dh-autoreconf,https://github.com/bAndie91/mirror_rsyslog,build,C,deb,1,0.9,lib_replacement,
85caac21dd3443a527eabe20933020a4ac3a6dae,dpkg-dev,hardening-includes,"* debian/rules:   - use hardening method from dpkg-dev 1.16.1 and debhelper 9.   - use multiarch dirs. * debian/compat bumped to 9. * debian/control:   - drop build-dep on hardening-includes   - add build-dep on dpkg-dev (>= 1.16.1)   - add Pre-Depends on misc:Pre-Depends * debian/libtumbler-1-0.install, debian/libtumbler-1-dev.install,   debian/tumbler.install: use multiarch paths.",1318603836+0000,deb,hardening-includes dpkg-dev,https://salsa.debian.org/xfce-team/desktop/tumbler,build,C,deb,1,0.95,lib_replacement,Functionality
85d366259939fce28a126a03f5f1bd25f8684b9d,qtbase5-dev,libqt4-dev,Merge dfeee18e48cb5f18f911e9344bd72f9bc7cbab42 into e4ba16495e8d8177eb85d6bfcc69089b38753e39,1472210828+0000,deb,libqt4-dev qtbase5-dev,https://github.com/apache/thrift,GUI,C++,deb,1,0.9,pkg_rule,
85ec871cf35fc37097a3a826e34a81aa80a73bbb,dh-autoreconf,autotools-dev,fix some deb packaging issues,1442584262+0200,deb,autotools-dev dh-autoreconf,https://github.com/BrainTech/eviacam,build,C++,deb,1,0.8,pkg_rule,
85f7daa653785e938274303603f43adbe314955b,qtbase5-dev,libqt4-dev,Merge bc922190b70e1264f356ab463dda18babf7910e3 into e4ba16495e8d8177eb85d6bfcc69089b38753e39,1472211006+0000,deb,libqt4-dev qtbase5-dev,https://github.com/apache/thrift,GUI,C++,deb,1,0.9,pkg_rule,
060af1fec0430ec9a9a9ecc21ecb21e277b1c217,libmetis-dev,libscotchmetis-dev,Use libmetis-dev instead of libscotch-dev.,1374732691+0200,deb,libscotchmetis-dev libmetis-dev,https://salsa.debian.org/science-team/eigen3,computing,C++,deb,1,0.92,lib_replacement,
060f1368c80582fbcfa778e2bccd481e261bef94,libjpeg-dev,libjpeg62-turbo-dev,adjust Debian package dependencies to work with wheezy\n\nSigned-off-by: Ivailo Monev <xakepa10@laimg.moc>,1478274203+0000,deb,libjpeg62-turbo-dev libjpeg-dev,https://github.com/fluxer/katie,Multi Media,C++,deb,1,0.75,pkg_rule,
060fe3a6aec7dfe08b888c531cd3379f01eea3bb,dh-autoreconf,autotools-dev,Imported Debian patch 0.0.4-1,1389022824+0100,deb,autotools-dev dh-autoreconf,https://salsa.debian.org/libreoffice-team/document-liberation/libodfgen,build,C++,deb,1,0.85,pkg_rule,
0614b792d7bab8b445883445f0e36aa97caddecd,libhdf4-dev,libhdf4g-dev,Switch Build-Depends from libhdf4g-dev to libhdf4-dev,1503783875+0200,deb,libhdf4g-dev libhdf4-dev,https://salsa.debian.org/science-team/nexus,computing,C++,deb,1,0.95,pkg_rule,
063b169312fadde22ba2135eb27188679c01e3a5,dh-autoreconf,autotools-dev,Fix FTBFS bug replacing autotools-dev with autoreconf\n\nThanks: Frederic Bonnard <frediz@linux.vnet.ibm.com> Closes: 757915,1408924489-0400,deb,autotools-dev dh-autoreconf,https://github.com/ArkadiuszRaj/libesmtp,build,C,deb,1,0.9,lib_replacement,BugIssue
0662300a3e4360feefb81b57473d6e9dec171b12,dh-autoreconf,autoconf,Imported Debian patch 1:4.2-3+deb8u3,1487894251+0100,deb,autoconf dh-autoreconf,https://github.com/pexip/os-shadow,build,C,deb,1,0.9,pkg_rule,
06623815db61cb5798d46375d2d80932378ff2d8,dh-autoreconf,autotools-dev,Merge 75892625dfd023acc48cfb23f2e01bfbf5bfbf31 into af449aff05bd44b2663f0c21ffc90eeb3c8c7637,1425674941+0000,deb,autotools-dev dh-autoreconf,https://github.com/asciiprod/yadifa,build,C,deb,1,0.95,pkg_rule,
0665580be248541bb0f6ef122ee842d76684f97c,qttools5-dev-tools,libqt4-dev,Merge remote-tracking branch 'refs/remotes/qgis/master',1516010264+0530,deb,libqt4-dev qttools5-dev-tools,https://github.com/qgis/QGIS,GUI,C++,deb,1,0.9,pkg_rule,
0665580be248541bb0f6ef122ee842d76684f97c,qtbase5-dev,libqt4-dev,Merge remote-tracking branch 'refs/remotes/qgis/master',1516010264+0530,deb,libqt4-dev qtbase5-dev,https://github.com/qgis/QGIS,GUI,C++,deb,1,0.9,pkg_rule,
0665580be248541bb0f6ef122ee842d76684f97c,qttools5-dev,libqt4-dev,Merge remote-tracking branch 'refs/remotes/qgis/master',1516010264+0530,deb,libqt4-dev qttools5-dev,https://github.com/qgis/QGIS,GUI,C++,deb,1,0.9,pkg_rule,
066cd9ca18c7be97529450b82f94cedfb8c58c76,libmumps-scotch-dev,libmumps-dev,Use Scotch-linked version of MUMPS,1279662544-0400,deb,libmumps-dev libmumps-scotch-dev,https://salsa.debian.org/kkremitzki-guest/elmerfem,computing,C++,deb,1,0.85,pkg_rule,
067ecd2a4158df536bfdb8ba0dca791e30d7a090,googletest,google-mock,Fix build with googletest >= 1.8.0-9 that moved header files around\n\nCloses: #897152 Signed-off-by: Mattia Rizzolo <mattia@debian.org>,1525009673+0200,deb,google-mock googletest,https://salsa.debian.org/debian/flightcrew,testing,C++,deb,1,0.75,pkg_rule,
0688001a4eb0f3549b5142692e9b17c2b1bade03,autotools-dev,dh-autoreconf,https://launchpad.net/ubuntu/trusty/+source/djview4/4.9-4ubuntu1/+files/djview4_4.9-4ubuntu1.debian.tar.gz,1397462918+0100,deb,dh-autoreconf autotools-dev,https://github.com/barak/djview4,build,C++,deb,1,0.9,pkg_rule,
06a90adbabb8e296c6d16ad01f1c0f0499062fef,dpkg-dev,hardening-wrapper,git-debimport cups_1.5.3-5+deb7u1.debian.tar.gz,1391752844+0900,deb,hardening-wrapper dpkg-dev,https://github.com/sharadd15/debian-cups,build,C,deb,1,0.95,pkg_rule,
06bea94ae0026eb2c05af2f545282f2fbb605e1c,qtbase5-dev,libqt4-dev,d/control: Switch to Qt 5 for building,1529352329+0200,deb,libqt4-dev qtbase5-dev,https://salsa.debian.org/jlebleu-guest/qlcplus,GUI,C++,deb,1,0.8,pkg_rule,
06bea94ae0026eb2c05af2f545282f2fbb605e1c,qttools5-dev-tools,libqt4-dev,d/control: Switch to Qt 5 for building,1529352329+0200,deb,libqt4-dev qttools5-dev-tools,https://salsa.debian.org/jlebleu-guest/qlcplus,GUI,C++,deb,1,0.8,pkg_rule,
06c34ea47a55fb95c6635e6b8690a50d1338c274,qtbase5-dev,libqt4-dev,Import patches-applied version 2.2.1-2 to applied/debian/sid\n\nImported using git-ubuntu import.\n\nChangelog parent: d06abe0f53e18647edac3efbbc9b6410e9cccb08 Unapplied parent: d56b6d2a5f3e471c29b62b2a7cd91d2724483aaa\n\nNew changelog entries:   * debian/rules:     - Enable svgdec plugin     - Remove obsolete dh_builddeb override.     - Explicitly pass --enable-sdl-image.   * debian/control:     - Switch Build-Depends from Qt4 to Qt5.     - Remove obsolete Breaks+Replaces.     - Drop libdvbpsi5-dev from Build-Depenss.     - Add libcairo2-dev to Build-Depends for svgdec plugin.   * debian/vlc.install.in: Install svgdec plugin.,1433276128+0200,deb,libqt4-dev qtbase5-dev,https://github.com/omunroe-com/ubtvlc,GUI,C,deb,1,0.85,pkg_rule,
06c6cbfc93c92bab51b70e3a2f885abec49ac2c4,meson,autotools-dev,New upstream development release.,1594214328+0300,deb,autotools-dev meson,https://salsa.debian.org/gstreamer-team/gstreamer-editing-services1.0,build,C,deb,1,0.9,pkg_rule,
06faade5a95f04ea7c14a8f39e64b4039dda32ed,libgif-dev,libungif4-dev,Minor changes.\n\n,1214255523+0000,deb,libungif4-dev libgif-dev,https://github.com/chikonglam/gdal,Multi Media,C++,deb,1,0.9,pkg_rule,
860821e5ccd30b93695dc4c90e5bd404516eb55f,libnma-dev,libgnomeui-dev,"nm: replace libgnomeui with libnma for password dialog\n\nlibgnomeui is long deprecated.\n\nThere's one functional difference: the choice to save the passwords is gone. The password flags and saved password should be set in the preferences dialog, but this commit does not fix that.",1445419765+0200,deb,libgnomeui-dev libnma-dev,https://github.com/NetworkManager/strongswan,network,C,deb,1,0.96,lib_replacement,Deprecation
8615769d0403b5ec44fe64e3ad8860621a3fc014,gem2deb,ruby1.8-dev,"changed to gem2deb helper, bumped standards version to 3.9.5 (no changes needed), removed transitional packages",1387400691+0100,deb,ruby1.8-dev gem2deb,https://salsa.debian.org/ruby-team/ruby-exif,GUI,C,deb,1,0.8,pkg_rule,
8615769d0403b5ec44fe64e3ad8860621a3fc014,gem2deb,ruby1.9.1,"changed to gem2deb helper, bumped standards version to 3.9.5 (no changes needed), removed transitional packages",1387400691+0100,deb,ruby1.9.1 gem2deb,https://salsa.debian.org/ruby-team/ruby-exif,build,C,deb,1,0.8,pkg_rule,
8615769d0403b5ec44fe64e3ad8860621a3fc014,gem2deb,cdbs,"changed to gem2deb helper, bumped standards version to 3.9.5 (no changes needed), removed transitional packages",1387400691+0100,deb,cdbs gem2deb,https://salsa.debian.org/ruby-team/ruby-exif,computing,C,deb,1,0.8,pkg_rule,
8615769d0403b5ec44fe64e3ad8860621a3fc014,gem2deb,ruby1.9.1-dev,"changed to gem2deb helper, bumped standards version to 3.9.5 (no changes needed), removed transitional packages",1387400691+0100,deb,ruby1.9.1-dev gem2deb,https://salsa.debian.org/ruby-team/ruby-exif,build,C,deb,1,0.8,pkg_rule,
8615769d0403b5ec44fe64e3ad8860621a3fc014,gem2deb,ruby1.8,"changed to gem2deb helper, bumped standards version to 3.9.5 (no changes needed), removed transitional packages",1387400691+0100,deb,ruby1.8 gem2deb,https://salsa.debian.org/ruby-team/ruby-exif,GUI,C,deb,1,0.8,pkg_rule,
8620cb99833511604c455c5fa44bb82e2999b68c,libfftw3-dev,fftw3-dev,* NOT RELEASED YET * debian/control:   + Change fftw3-dev build dependency to     libfftw3-dev. (Closes: #458235),1198953438+0000,deb,fftw3-dev libfftw3-dev,https://salsa.debian.org/python-team/modules/python-numpy,computing,C,deb,1,0.95,pkg_rule,
8623797970752734ef7d92f858a91cb014fd0a41,liblirc-dev,libsoxr-dev,"Import patches-applied version 1:9.0-5ubuntu1 to applied/ubuntu/zesty-proposed\n\nImported using git-ubuntu import.\n\nChangelog parent: 8f969b976a26600de18651aaaa65cb643cb8e99d Unapplied parent: fc12f7b64831f513a499480dec1e221d0cacb054\n\nNew changelog entries:   * Merge with Debian:     - epoch (my stupid fault :S)     - Add a module to allow pulseaudio to use the Android audio HAL     - Adjust gbp.conf file to point to the ubuntu branch for package builds     - Disable module-role-cork by default     - Load module-x11-bell in the start-pulseaudio-x11 script     - Hide pulseaudio from startup apps dialog     - Quit daemon if pid file is removed     - Avoid abort when poll descriptor is 0, such as when using it with the       audioflinger bridge, like done in ubuntu touch     - change default rlimit_rttime value to 200 ms     - Don't probe UCM profiles, trust that the profile writer knows what they       are doing     - Add card hook to allow modules to do something before a profile becomes       active     - Add an option to the bluez discovery module to set the profile     - Allow leaving bluetooth transport running while sink and source are       suspended.     - Add option to module-switch-on-connect to skip abstract devices     - Add property to module-device-restore to skip store/restore     - Add missing fields for sink_input/source_output info struct to the vala       bindings     - Add a build/run autopkgtest for libpulse-dev     - Drop libsoxr-dev build dep, its in universe     - Add support for the trust-store     - Add snappy support, preventing snap apps from recording audio, full       support via trust-store is planned     - Add epoch to conflicts/replaces     - Use liblirc-dev instead of liblircclient-dev",1478567246+1100,deb,libsoxr-dev liblirc-dev,https://github.com/tobetter/pulseaudio,Multi Media,C,deb,1,0.8,pkg_rule,
8623797970752734ef7d92f858a91cb014fd0a41,liblirc-dev,liblircclient-dev,"Import patches-applied version 1:9.0-5ubuntu1 to applied/ubuntu/zesty-proposed\n\nImported using git-ubuntu import.\n\nChangelog parent: 8f969b976a26600de18651aaaa65cb643cb8e99d Unapplied parent: fc12f7b64831f513a499480dec1e221d0cacb054\n\nNew changelog entries:   * Merge with Debian:     - epoch (my stupid fault :S)     - Add a module to allow pulseaudio to use the Android audio HAL     - Adjust gbp.conf file to point to the ubuntu branch for package builds     - Disable module-role-cork by default     - Load module-x11-bell in the start-pulseaudio-x11 script     - Hide pulseaudio from startup apps dialog     - Quit daemon if pid file is removed     - Avoid abort when poll descriptor is 0, such as when using it with the       audioflinger bridge, like done in ubuntu touch     - change default rlimit_rttime value to 200 ms     - Don't probe UCM profiles, trust that the profile writer knows what they       are doing     - Add card hook to allow modules to do something before a profile becomes       active     - Add an option to the bluez discovery module to set the profile     - Allow leaving bluetooth transport running while sink and source are       suspended.     - Add option to module-switch-on-connect to skip abstract devices     - Add property to module-device-restore to skip store/restore     - Add missing fields for sink_input/source_output info struct to the vala       bindings     - Add a build/run autopkgtest for libpulse-dev     - Drop libsoxr-dev build dep, its in universe     - Add support for the trust-store     - Add snappy support, preventing snap apps from recording audio, full       support via trust-store is planned     - Add epoch to conflicts/replaces     - Use liblirc-dev instead of liblircclient-dev",1478567246+1100,deb,liblircclient-dev liblirc-dev,https://github.com/tobetter/pulseaudio,Multi Media,C,deb,1,0.8,pkg_rule,
86239f99d6e3c273d15518f23160b79a467ee3a9,libxtables-dev,iptables-dev,TT#83952 Switch Build-Dependency from iptables-dev to libxtables-dev\n\niptables-dev is only available until Debian/buster and no longer exists in Debian/bullseye (current testing) nor unstable/sid:\n\n| builddeps:. : Depends: iptables-dev (>= 1.4) but it is not installable\n\nEven in Debian/buster iptables-dev is already a transitional/dummy package.\n\nChange-Id: I28c4c81ac474c646d80a0146baa2446dde7073c3,1592487827+0200,deb,iptables-dev libxtables-dev,https://github.com/mika/rtpengine,network,C,deb,1,0.85,pkg_rule,
8624210795ae83332aac3551bdffaaadb9c600d8,quilt,cdbs,Use dh and quilt to minimize debian/rules.\n\ndebian/control: * Use dh and quilt's new debhelper addon instead of CDBS to minimize   debian/rules. This required to build-depend on debhelper (>= 7.0.50) and   quilt (>= 0.46-7). * debian/patches/:   - Added 201_fix_desktop_file.patch that changes wxmaxima.desktop so that it     is valid according to the latest freedesktop.org specs. (closes: #466997),1246020597+0200,deb,cdbs quilt,https://salsa.debian.org/science-team/wxmaxima,build,C++,deb,1,0.95,lib_replacement,SizeComplexity
86260539a8bc1355709682520c1036682f3a6c70,libhandystats-dev,handystats,Merge 92b641c4367ebd9dd8479847e60095b850646bbf into 02e3f5c4cab231763411de02bffcfd32fab67eda,1417707624+0000,deb,handystats libhandystats-dev,https://github.com/yandex/mediastorage-proxy,network,C++,deb,1,0.9,pkg_rule,
86260539a8bc1355709682520c1036682f3a6c70,libhandystats2,handystats,Merge 92b641c4367ebd9dd8479847e60095b850646bbf into 02e3f5c4cab231763411de02bffcfd32fab67eda,1417707624+0000,deb,handystats libhandystats2,https://github.com/yandex/mediastorage-proxy,network,C++,deb,1,0.9,pkg_rule,
862a368be23a9d4eefdf0e753e8f4b7354fbdd20,xorg-dev,x-dev,r820: Move from x-devb to xorg-dev,1149430008+0000,deb,x-dev xorg-dev,https://github.com/Akir4d/cinelerra-ak,GUI,C,deb,1,0.8,pkg_rule,
8630c4046098428f35c24a751cbbd3322e65df93,asciidoc-base,asciidoc,Only depend on asciidoc-base after the asciidoc package split.,1483534626+0200,deb,asciidoc asciidoc-base,https://salsa.debian.org/debian/kakoune,documentation,C++,deb,1,0.9,pkg_rule,
8631b0a02ea90d8416871695327ca4f4cb9ae3e1,qemu-kvm [i386 kfreebsd-i386 kopensolaris-i386 any-amd64],qemu-utils [!hurd-any],"Import patches-unapplied version 1.99~20110106-1ubuntu1 to ubuntu/natty\n\nImported using git-ubuntu import.\n\nChangelog parent: 064c0790cad18c3946eb600e645115487a0f550a\n\nNew changelog entries:   * Resynchronise with Debian.  Remaining changes:     - Adjust for default Ubuntu boot options (""quiet splash"").     - Default to hiding the menu  holding down Shift at boot will show it.     - Set a monochromatic theme and an aubergine background for Ubuntu.     - Apply Ubuntu GRUB Legacy changes to legacy update-grub script: title,       recovery mode, quiet option, tweak how memtest86+ is displayed, and       use UUIDs where appropriate.     - Fix backslash-escaping in merge_debconf_into_conf.     - Remove ""GNU/Linux"" from default distributor string.     - Add crashkernel option.     - Bypass menu unless other OSes are installed or Shift is pressed.     - Allow Shift to interrupt 'sleep --interruptible'.     - Reduce visual clutter in normal mode.     - Remove verbose messages printed before reading configuration.     - Suppress kernel/initrd progress messages, except in recovery mode.     - Handle filesystems loop-mounted on file images.     - Ignore devices loop-mounted from files in Linux grub.d scripts.     - Show the boot menu if the previous boot failed.     - Don't generate device.map during grub-install or grub-mkconfig.     - Adjust upgrade version checks for Ubuntu.     - Suppress ""GRUB loading"" message unless Shift is held down.     - Adjust versions of grub-doc and grub-legacy-doc conflicts.     - Fix LVM/RAID probing in the absence of /boot/grub/device.map.     - Look for .mo files in /usr/share/locale-langpack first.     - Make sure GRUB_TIMEOUT isn't quoted unnecessarily.     - Build-depend on qemu-kvm rather than qemu-system for grub-pc tests.     - Use qemu rather than qemu-system-i386.     - Program vesafb on BIOS systems rather than efifb.     - Add a grub-rescue-efi-amd64 package.     - On Wubi, don't ask for an install device, but just update wubildr       using the diverted grub-install.     - Enable lua from grub-extras.     - Incorporate the bitop library into lua.     - Add enum_pci function to grub module in lua.     - Check hardware support before using gfxpayload=keep.     - Build part_msdos and vfat into EFI boot images.     - Put second and subsequent Linux menu entries in a submenu.     - Preferred resolution detection for VBE.     - Set vt.handoff=7 for smooth handoff to kernel graphical mode.",1294409063+0000,deb,qemu-utils [!hurd-any] qemu-kvm [i386 kfreebsd-i386 kopensolaris-i386 any-amd64],https://github.com/delphix/grub2,OS Dev,C,deb,1,0.9,pkg_rule,
8631b0a02ea90d8416871695327ca4f4cb9ae3e1,qemu-kvm [i386 kfreebsd-i386 kopensolaris-i386 any-amd64],qemu-system [i386 kfreebsd-i386 kopensolaris-i386 any-amd64],"Import patches-unapplied version 1.99~20110106-1ubuntu1 to ubuntu/natty\n\nImported using git-ubuntu import.\n\nChangelog parent: 064c0790cad18c3946eb600e645115487a0f550a\n\nNew changelog entries:   * Resynchronise with Debian.  Remaining changes:     - Adjust for default Ubuntu boot options (""quiet splash"").     - Default to hiding the menu  holding down Shift at boot will show it.     - Set a monochromatic theme and an aubergine background for Ubuntu.     - Apply Ubuntu GRUB Legacy changes to legacy update-grub script: title,       recovery mode, quiet option, tweak how memtest86+ is displayed, and       use UUIDs where appropriate.     - Fix backslash-escaping in merge_debconf_into_conf.     - Remove ""GNU/Linux"" from default distributor string.     - Add crashkernel option.     - Bypass menu unless other OSes are installed or Shift is pressed.     - Allow Shift to interrupt 'sleep --interruptible'.     - Reduce visual clutter in normal mode.     - Remove verbose messages printed before reading configuration.     - Suppress kernel/initrd progress messages, except in recovery mode.     - Handle filesystems loop-mounted on file images.     - Ignore devices loop-mounted from files in Linux grub.d scripts.     - Show the boot menu if the previous boot failed.     - Don't generate device.map during grub-install or grub-mkconfig.     - Adjust upgrade version checks for Ubuntu.     - Suppress ""GRUB loading"" message unless Shift is held down.     - Adjust versions of grub-doc and grub-legacy-doc conflicts.     - Fix LVM/RAID probing in the absence of /boot/grub/device.map.     - Look for .mo files in /usr/share/locale-langpack first.     - Make sure GRUB_TIMEOUT isn't quoted unnecessarily.     - Build-depend on qemu-kvm rather than qemu-system for grub-pc tests.     - Use qemu rather than qemu-system-i386.     - Program vesafb on BIOS systems rather than efifb.     - Add a grub-rescue-efi-amd64 package.     - On Wubi, don't ask for an install device, but just update wubildr       using the diverted grub-install.     - Enable lua from grub-extras.     - Incorporate the bitop library into lua.     - Add enum_pci function to grub module in lua.     - Check hardware support before using gfxpayload=keep.     - Build part_msdos and vfat into EFI boot images.     - Put second and subsequent Linux menu entries in a submenu.     - Preferred resolution detection for VBE.     - Set vt.handoff=7 for smooth handoff to kernel graphical mode.",1294409063+0000,deb,qemu-system [i386 kfreebsd-i386 kopensolaris-i386 any-amd64] qemu-kvm [i386 kfreebsd-i386 kopensolaris-i386 any-amd64],https://github.com/delphix/grub2,OS Dev,C,deb,1,0.9,pkg_rule,
86370da659d1be4366592f094293fa20862ae471,libxfce4ui-1-dev,libxfcegui4-dev,"* New upstream release. * debian/patches:   - 00_license dropped, not needed anymore. * debian/copyright updated and migrated to DEP5 format.",1347445967+0000,deb,libxfcegui4-dev libxfce4ui-1-dev,https://salsa.debian.org/Valdaer/xfce4-weather-plugin,GUI,C,deb,1,0.5,lib_replacement,
8650ce051cd74a2e2418a0f73f8a2c7a4e2be67e,dpkg-dev,hardening-wrapper,Null merge branch '5.5-v25' into 5.6-v25\n\n* 5.5-v25:   Update man pages from upstream mysql-5.5.61.tar.gz,1535533454+0200,deb,hardening-wrapper dpkg-dev,https://github.com/5uper5hoot/percona-xtradb-cluster,build,C++,deb,1,0.95,pkg_rule,
86513e14f7f1223785bb265081b4b60faa251ae0,libcurl4-gnutls-dev,libcurl4-openssl-dev,tweak build dependencies to avoid gpl/ssl violation,1334130673+0100,deb,libcurl4-openssl-dev libcurl4-gnutls-dev,https://salsa.debian.org/debian/qtscrob,network,C++,deb,1,0.9,pkg_rule,
8657cb3c3fbfb6095d758329dcc8ca80280a59e0,qtbase5-dev,qt5-default,Build fixes,1549353099+0000,deb,qt5-default qtbase5-dev,https://github.com/gemian/qtvideo-node,GUI,C++,deb,1,0.8,pkg_rule,
867b94371a0add2056d2b1f2a57b669f55d954be,qtbase5-dev,qt5-default,Lintian fixes,1536265443+0200,deb,qt5-default qtbase5-dev,https://salsa.debian.org/electronics-team/nextpnr,GUI,C++,deb,1,0.9,pkg_rule,
867f86a63524ecf5278b03ef31251a90bd1fde8c,qtbase5-dev,libqt4-dev,Switch to Qt 5,1566648128+0200,deb,libqt4-dev qtbase5-dev,https://salsa.debian.org/janitor-team/proposed/ams,GUI,C++,deb,1,0.95,lib_replacement,
867f86a63524ecf5278b03ef31251a90bd1fde8c,qttools5-dev-tools,libqt4-dev,Switch to Qt 5,1566648128+0200,deb,libqt4-dev qttools5-dev-tools,https://salsa.debian.org/janitor-team/proposed/ams,GUI,C++,deb,1,0.95,lib_replacement,
8681a01318e6a100d59f652902b0f38b40dc6123,libncursesw5-dev,libncurses5-dev,Imported Debian patch 1.2.13-3,1459184119-0300,deb,libncurses5-dev libncursesw5-dev,https://salsa.debian.org/debian/hexedit,other,C,deb,1,0.8,pkg_rule,
8682d28d76f398516dcd1f947710d0dfca66fb81,gfortran-8,fortran-compiler,Force use of gfortran-8 for mod format transition,1525688189+0100,deb,fortran-compiler gfortran-8,https://salsa.debian.org/science-team/libgetdata,computing,C,deb,1,0.9,pkg_rule,
8683f625391d16e942836bef6897dbe52ba83c91,qtbase5-dev,qt5-default,Add 0001-Add-APNIC-and-CF-QuadOne-IP patch and lintian overrides,1595048600+0545,deb,qt5-default qtbase5-dev,https://salsa.debian.org/pkg-deepin-team/dde-network-utils,GUI,C++,deb,1,0.9,pkg_rule,
868d03fe8156d66144bd477019558c706a7875e0,libp8-platform-dev,libkodiplatform-dev,[cmake] remove usage of kodi-platform\n\nThe audiodecoder.organya binary addon does not use kodi-platform. Remove existing references from debian/control. Add dependency to libp8-platform-dev because libkodiplatform-dev pulled that dependency in as a side effect. Fix that bug too by adding an explicit dependency.\n\nSigned-off-by: Olaf Hering <olaf@aepfle.de>,1556815243+0200,deb,libkodiplatform-dev libp8-platform-dev,https://github.com/xbmc/audiodecoder.organya,Multi Media,C++,deb,1,0.85,pkg_rule,
868ff78e5df99cdc59fad0407d00f8670f6e3a6c,dh-autoreconf,autotools-dev,Imported Debian patch 1:4.2.6.p5+dfsg-7+deb8u2,1462637329+0200,deb,autotools-dev dh-autoreconf,https://github.com/pexip/os-ntp,build,C,deb,1,0.95,pkg_rule,
869eac496168b807072aec555078396b90c15c41,dh-autoreconf,autoconf,Simplify rules: Use autoreconf. Build-depend on dh-autoreconf (not explicitly autoconf).,1568682369+0200,deb,autoconf dh-autoreconf,https://salsa.debian.org/printing-team/ghostscript,build,C,deb,1,0.9,pkg_rule,
869fef94c9371084445c020940b318930d44a25f,giza-dev,pgplot5,Linking tirific against giza instead of pgplot5,1560890837+0200,deb,pgplot5 giza-dev,https://github.com/kernsuite-debian/tirific,computing,C,deb,1,0.95,lib_replacement,
86a44626a09aa5dced926426ebfe51016a448efb,libx11-dev,xlibs-dev,Import Debian changes 0.8-4\n\nwmressel (0.8-4) unstable  urgency=low\n\n  * Changed obsolete xlibs-dev dep to more precise list     (Closes: 346955)   * Bumped debhelper compat to 4,1137555944-0500,deb,xlibs-dev libx11-dev,https://salsa.debian.org/wmaker-team/wmressel,GUI,C,deb,1,0.85,pkg_rule,
86a44626a09aa5dced926426ebfe51016a448efb,libxt-dev,xlibs-dev,Import Debian changes 0.8-4\n\nwmressel (0.8-4) unstable  urgency=low\n\n  * Changed obsolete xlibs-dev dep to more precise list     (Closes: 346955)   * Bumped debhelper compat to 4,1137555944-0500,deb,xlibs-dev libxt-dev,https://salsa.debian.org/wmaker-team/wmressel,GUI,C,deb,1,0.85,pkg_rule,
86a44626a09aa5dced926426ebfe51016a448efb,libxpm-dev,xlibs-dev,Import Debian changes 0.8-4\n\nwmressel (0.8-4) unstable  urgency=low\n\n  * Changed obsolete xlibs-dev dep to more precise list     (Closes: 346955)   * Bumped debhelper compat to 4,1137555944-0500,deb,xlibs-dev libxpm-dev,https://salsa.debian.org/wmaker-team/wmressel,GUI,C,deb,1,0.85,pkg_rule,
86bc36909fb94ba6dff14c867e38c1d948308c35,libjpeg-dev,libjpeg-turbo8-dev,debian: use correct libjpeg dependency,1597449498-0400,deb,libjpeg-turbo8-dev libjpeg-dev,https://github.com/GrokImageCompression/grok,Multi Media,C++,deb,1,0.9,pkg_rule,
86c4fa75cfc8bcb7f30b45f05f765ded7ffad663,quilt,dpatch,Moved patches to quilt\n\ngit-svn-id: https://svn.openfmi.net/debian-addons-bg/gbgoffice/trunk@679 d3044522-2ae9-0310-97cb-f8f8e269a004,1157369540+0000,deb,dpatch quilt,https://salsa.debian.org/dmn/gbgoffice,build,C++,deb,1,0.9,pkg_rule,
86caf1cfbdf3d06f53981adaedc6f1eba7448486,libcurl4-openssl-dev,libcurl4-gnutls-dev,Fix building debian package,1682113022+0300,deb,libcurl4-gnutls-dev libcurl4-openssl-dev,https://github.com/freeminer/freeminer,network,C++,deb,1,0.9,pkg_rule,
86cf1653338ae17413f9ec9f90072867d3204df5,autoconf,quilt,"source format 2.0 (quilt), autoreconf, adjust build-deps\n\nsvn path=/packages/trunk/fillets-ng/  revision=13636",1338233246+0000,deb,quilt autoconf,https://salsa.debian.org/games-team/fillets-ng,build,C++,deb,1,0.9,pkg_rule,
86d13aa49bd25123fb74e05bc371e07b597c7681,libespeak-ng-libespeak-dev,libespeak-ng-dev,Replace back libespeak-ng-libespeak-dev dependency\n\nto avoid renaming the espeak module for now.,1551548777-0800,deb,libespeak-ng-dev libespeak-ng-libespeak-dev,https://salsa.debian.org/a11y-team/brltty,Multi Media,C,deb,1,0.8,pkg_rule,
86d5cda4820ed887943f55f32695e7c7eed666b0,quilt,dpatch,Import Debian changes 4.1.6-7\n\ngiflib (4.1.6-7) unstable  urgency=low\n\n  * Replacing obsolete dh_clean -k with dh_prep.   * Updating section of the debug package.   * Using quilt rather than dpatch.   * Using correct rfc-2822 date formats in changelog.   * Updating package to standards version 3.8.2.   * Removing old transitional packages.   * Adding misc depends to debug and development package.   * Updating year in copyright file.   * Minimizing rules file.,1248693136+0200,deb,dpatch quilt,https://salsa.debian.org/debian/giflib,build,C,deb,1,0.9,pkg_rule,
86e511b70f083bbd18c3813a435f9f90258abb28,libgstreamer1.0-dev,libqtgstreamer-dev,Updated the deps of the gstreamer plugin,1403258910+0300,deb,libqtgstreamer-dev libgstreamer1.0-dev,https://github.com/netrunner-debian-kde-extras/qapt,GUI,C++,deb,1,0.7,pkg_rule,
86e511b70f083bbd18c3813a435f9f90258abb28,libgstreamer-plugins-base1.0-dev,libqtgstreamer-dev,Updated the deps of the gstreamer plugin,1403258910+0300,deb,libqtgstreamer-dev libgstreamer-plugins-base1.0-dev,https://github.com/netrunner-debian-kde-extras/qapt,GUI,C++,deb,1,0.7,pkg_rule,
86f0c741596ab25ecafeadf5e0f9d43010dc49fb,qtbase5-dev,libqt4-dev,packaging for Qt 5,1376829831+0300,deb,libqt4-dev qtbase5-dev,https://github.com/Samorodek/siilihai-client,GUI,C++,deb,1,0.95,lib_replacement,
0702a70ce4c5c997b8b83f7b2c951ff4fb658561,libxfixes-dev,libxfixes,* debian/control:   - use right build-dep (libxfixes-dev)\n\n(bzr r55.3.611),1331642683+0100,deb,libxfixes libxfixes-dev,https://github.com/3v1n0/unity,GUI,C++,deb,1,0.9,pkg_rule,
070356bee00a68dcb6dc2376384c7de400b4360e,qtbase5-dev,libqt4-dev,Port to Qt5,1444510043+0200,deb,libqt4-dev qtbase5-dev,https://github.com/memcopy/stretchplayer-qt5,GUI,C++,deb,1,0.75,pkg_rule,
0703a55f8e0dfaa9f4b4c1ed3ae07e32cefce2bb,fty-cmake-dev,fty-cmake,Update dependency to fty-cmake-dev,1598432877+0200,deb,fty-cmake fty-cmake-dev,https://github.com/42ity/fty-cmake-rest,build,C++,deb,1,0.9,pkg_rule,
070e22a8511af39d8d6a1c2e543de70c198bb4e8,qttools5-dev-tools,libqt4-dev,Apply Boyuan Yang patches.,1505120102+0300,deb,libqt4-dev qttools5-dev-tools,https://salsa.debian.org/debian/goldendict,GUI,C++,deb,1,0.9,pkg_rule,
070e22a8511af39d8d6a1c2e543de70c198bb4e8,qtbase5-dev,libqt4-dev,Apply Boyuan Yang patches.,1505120102+0300,deb,libqt4-dev qtbase5-dev,https://salsa.debian.org/debian/goldendict,GUI,C++,deb,1,0.9,pkg_rule,
070e22a8511af39d8d6a1c2e543de70c198bb4e8,qttools5-dev,libqt4-dev,Apply Boyuan Yang patches.,1505120102+0300,deb,libqt4-dev qttools5-dev,https://salsa.debian.org/debian/goldendict,GUI,C++,deb,1,0.9,pkg_rule,
0712b820e802afb24a247b13d2f0cdddda5915f7,dh-autoreconf,autotools-dev,Call dh-autoreconf,1392163296+0200,deb,autotools-dev dh-autoreconf,https://salsa.debian.org/debian/xqilla,build,C++,deb,1,0.9,pkg_rule,
0726bb9c65103a45cbfd9855d6ad9f524b415002,dh-autoreconf,autotools-dev,Apply patch by Logan Rosen to fix FTBFS on ppc64el.,1391982794-0800,deb,autotools-dev dh-autoreconf,https://salsa.debian.org/science-team/mpfi,build,C,deb,1,0.9,pkg_rule,
074061475d62dfa1521481748b4e1f3f1b6a18ea,libgd2-dev,libgd2-noxpm-dev,"Performed the libgd2-{xpm,noxpm}-dev -> libgd2-dev transition.",1368481939+0200,deb,libgd2-noxpm-dev libgd2-dev,https://github.com/disqus/nginx,Multi Media,C,deb,1,0.9,pkg_rule,
075bb9923eb4dc89b42c78762f80e4a1eb158c61,libfftw3-dev,fftw3-dev,Update debian packaging scripts\n\nNot finished yet.,1441033533+0200,deb,fftw3-dev libfftw3-dev,https://github.com/281600859/essentia,computing,C++,deb,1,0.85,pkg_rule,
07762936c010d564c37b0859ee6796e858940d75,default-libmysqlclient-dev,libmysqlclient-dev,Imported Debian patch 1.5.4-3,1481303995+0100,deb,libmysqlclient-dev default-libmysqlclient-dev,https://github.com/pexip/os-apr-util,database,C,deb,1,0.9,pkg_rule,
0784ed4e66474154414195a60b90c7e8b84b09c8,libqscintilla2-qt5-dev,libqt5scintilla2-dev,Merge remote-tracking branch 'upstream/master',1554661381+0200,deb,libqt5scintilla2-dev libqscintilla2-qt5-dev,https://github.com/enricofer/QGIS,GUI,C++,deb,1,0.9,pkg_rule,
0786a2c72686b0b5a83f5339e92dec3b40cfb3dd,libpcaudio-dev,portaudio19-dev,control: replace portaudio19-dev and libpulse-dev dependency with libpcaudio-dev.,1473597495+0200,deb,portaudio19-dev libpcaudio-dev,https://salsa.debian.org/a11y-team/espeak-ng,Multi Media,C,deb,1,0.85,lib_replacement,
0786a2c72686b0b5a83f5339e92dec3b40cfb3dd,libpcaudio-dev,libpulse-dev,control: replace portaudio19-dev and libpulse-dev dependency with libpcaudio-dev.,1473597495+0200,deb,libpulse-dev libpcaudio-dev,https://salsa.debian.org/a11y-team/espeak-ng,Multi Media,C,deb,1,0.85,lib_replacement,
078c7509b7ed4901b3f5ae47e177a7c161b94792,libubuntu-application-api-dev,libplatform-api1-dev,Merge lp:~robru/ubuntu/utopic/qtubuntu-gles/platform-api-v2-sync,1402609561-0700,deb,libplatform-api1-dev libubuntu-application-api-dev,https://github.com/unity8-team/qtubuntu,OS Dev,C++,deb,1,0.8,pkg_rule,
079e78398459045343ea11037fdd42c22fefbeac,libcairo2-dev,libart-2.0-dev,"Replaced ""libart-2.0-dev"" with ""libcairo2-dev, libpango1.0-dev"".\n\nUpstream switched from libart to libcairo and libpango. The build dependencies and librrd2-dev's dependencies have been updated to reflect that.",1211318273+0200,deb,libart-2.0-dev libcairo2-dev,https://github.com/alindobre/rrdtool-1.x,GUI,C,deb,1,0.95,lib_replacement,Deprecation
079e78398459045343ea11037fdd42c22fefbeac,libpango1.0-dev,libart-2.0-dev,"Replaced ""libart-2.0-dev"" with ""libcairo2-dev, libpango1.0-dev"".\n\nUpstream switched from libart to libcairo and libpango. The build dependencies and librrd2-dev's dependencies have been updated to reflect that.",1211318273+0200,deb,libart-2.0-dev libpango1.0-dev,https://github.com/alindobre/rrdtool-1.x,GUI,C,deb,1,0.95,lib_replacement,Deprecation
079f2f76d5e2c3f76a2ae09f968fd55d3053dd42,g++,libstdc++-dev,"Import Debian changes 2.1.2-2\n\nftgl (2.1.2-2) unstable  urgency=low\n\n  * debian/control: (build-)?depend on xlibmesa-gl-dev | libgl-dev.     Thanks Matthias.  Closes: bug#311282.   * debian/rules: build a _pic library, just like the X packages do.     (closes: bug# 315330)   * Please note that the previous change means that the packages that     build shared libraries which include FTGL are _broken_ now.  These     include gem and vtk, perhaps blender.   * debian/control: change libstdc++-dev dependency to g++.  g++ is an     actual package, libstdc++-dev is a virtual one.",1120351181-0600,deb,libstdc++-dev g++,https://salsa.debian.org/ftgl-team/ftgl,GUI,C++,deb,1,0.9,pkg_rule,
079f84f725417357205e12bb9cfc906bcfeb7004,snapdev,snapdev-dev,Fixing name to the snapdev project.,1565322291-0700,deb,snapdev-dev snapdev,https://github.com/m2osw/libQtSerialization,serializing,C++,deb,1,0.9,pkg_rule,
07a46cd0f1b816a98129c49b0edb9de0d19ad4f5,libayatana-appindicator3-dev,libappindicator3-dev,Update upstream source from tag 'upstream/0.0.20'\n\nUpdate to upstream version '0.0.20' with Debian dir 1a9abcdeddcca7e056ecddb900a0fd55b0e7b0a2,1597581008+0200,deb,libappindicator3-dev libayatana-appindicator3-dev,https://salsa.debian.org/debian/modem-manager-gui,GUI,C,deb,1,0.9,pkg_rule,
07a8a8dc6a8a31ef4d711866fd46fc722f0bfcff,meson,autotools-dev,debian/control: Update build-deps and homepage\n\nChange-Id: Id9d8f461359dcaaec103c92bb93632857c962d0e Signed-off-by: Jeffy Chen <jeffy.chen@rock-chips.com>,1639705201+0800,deb,autotools-dev meson,https://github.com/Fruit-Pi/gstreamer-rockchip,build,C,deb,1,0.9,pkg_rule,
07a8cee38e52ef017c270c908c40d74f471aacdd,rarian-compat,scrollkeeper,"Import Debian changes 3:3.4.0-3\n\ngthumb (3:3.4.0-3) unstable  urgency=medium\n\n  * debian/control:       - replace scrollkeeper -> rarian-compat on Builds-Depends.       - scrollkeeper removed from gthumb-data dependency.         Thanks Oleksandr Gavenko. (Closes: #798468, #652586)",1441898073-0300,deb,scrollkeeper rarian-compat,https://salsa.debian.org/debian/gthumb,documentation,C,deb,1,0.97,lib_replacement,
07ab5afa2d26ad315eda7bca21975db610b367e9,libx11-dev,xlibs-dev,Import Debian changes 0.9-4\n\nlibcaca (0.9-4) unstable  urgency=low\n\n  * debian/control:     + Build-depend on libxt-dev because autoconf's AC_PATH_X needs it to find       the X headers (Closes: #266070).     + Set policy to 3.6.1.1.\n\nlibcaca (0.9-3) unstable  urgency=low\n\n  * doc/Makefile.am:     + Work around doxygen's new behaviour of storing .3caca manpages in the       man3caca directory instead of man3 (Closes: #250602).\n\nlibcaca (0.9-2) unstable  urgency=low\n\n  * debian/control:     + Depend on libx11-dev instead of xlibs-dev.,1092742198+0200,deb,xlibs-dev libx11-dev,https://salsa.debian.org/debian/libcaca,GUI,C,deb,1,0.8,pkg_rule,
07ab5afa2d26ad315eda7bca21975db610b367e9,libxt-dev,xlibs-dev,Import Debian changes 0.9-4\n\nlibcaca (0.9-4) unstable  urgency=low\n\n  * debian/control:     + Build-depend on libxt-dev because autoconf's AC_PATH_X needs it to find       the X headers (Closes: #266070).     + Set policy to 3.6.1.1.\n\nlibcaca (0.9-3) unstable  urgency=low\n\n  * doc/Makefile.am:     + Work around doxygen's new behaviour of storing .3caca manpages in the       man3caca directory instead of man3 (Closes: #250602).\n\nlibcaca (0.9-2) unstable  urgency=low\n\n  * debian/control:     + Depend on libx11-dev instead of xlibs-dev.,1092742198+0200,deb,xlibs-dev libxt-dev,https://salsa.debian.org/debian/libcaca,GUI,C,deb,1,0.8,pkg_rule,
07b571b6a29e32cf6cac27eb6fe815eac5127695,zlib1g-dev,libz-dev,"Update maintainer to E17 Debian Team Build depends on zlib1g-dev instead of libz-dev Build depends on libeX0-dev instead of libeX-dev prefer automake1.7 Add build depends on libpng12-dev, libevas0-dev, libecore0-dev, libedje0-dev\n\n git-svn-id: http://svn.enlightenment.org/svn/e/trunk/e17/libs/epsilon@21716 7cbeb6ba-43b4-40fd-8cce-4c39aea84d33",1143965901+0000,deb,libz-dev zlib1g-dev,https://github.com/OpenInkpot/attic-epsilon,Multi Media,C,deb,1,0.85,pkg_rule,
07ba9c6bd28cee7b7cd40730884c1f2984f917eb,yelp-tools,gnome-doc-utils,[svn-buildpackage] Tagging anjuta 2:3.22.0-1,1474487560+0000,deb,gnome-doc-utils yelp-tools,https://salsa.debian.org/gnome-team/anjuta,documentation,C,deb,1,0.9,pkg_rule,
07c97d6b6a073615bd570147ff9e6a45a0ae31c3,qttools5-dev-tools,libqt4-dev,Merge a1094e6960c10ddbce94d36c09874927395844b8 into 832d2dd0451f06c6509d07f8ff50317f6c07bf3f,1492516497+0000,deb,libqt4-dev qttools5-dev-tools,https://github.com/qgis/QGIS,GUI,C++,deb,1,0.9,pkg_rule,
07c97d6b6a073615bd570147ff9e6a45a0ae31c3,qtbase5-dev,libqt4-dev,Merge a1094e6960c10ddbce94d36c09874927395844b8 into 832d2dd0451f06c6509d07f8ff50317f6c07bf3f,1492516497+0000,deb,libqt4-dev qtbase5-dev,https://github.com/qgis/QGIS,GUI,C++,deb,1,0.9,pkg_rule,
07c97d6b6a073615bd570147ff9e6a45a0ae31c3,qttools5-dev,libqt4-dev,Merge a1094e6960c10ddbce94d36c09874927395844b8 into 832d2dd0451f06c6509d07f8ff50317f6c07bf3f,1492516497+0000,deb,libqt4-dev qttools5-dev,https://github.com/qgis/QGIS,GUI,C++,deb,1,0.9,pkg_rule,
07c99e116bb21187b947ae912ce966285d56eeb0,libx11-dev,xlibs-dev,Migrate to split xlibs.\n\ngit-svn-id: svn://svn.debian.org/pkg-freeciv/trunk/freeciv@68 e6e3c1c5-e0e2-0310-a6b6-d267e4379d8a,1133346143+0000,deb,xlibs-dev libx11-dev,https://github.com/jonathancast/freeciv,GUI,C,deb,1,0.82,pkg_rule,
07c99e116bb21187b947ae912ce966285d56eeb0,x-dev,xlibs-dev,Migrate to split xlibs.\n\ngit-svn-id: svn://svn.debian.org/pkg-freeciv/trunk/freeciv@68 e6e3c1c5-e0e2-0310-a6b6-d267e4379d8a,1133346143+0000,deb,xlibs-dev x-dev,https://github.com/jonathancast/freeciv,GUI,C,deb,1,0.82,pkg_rule,
07c99e116bb21187b947ae912ce966285d56eeb0,libxt-dev,xlibs-dev,Migrate to split xlibs.\n\ngit-svn-id: svn://svn.debian.org/pkg-freeciv/trunk/freeciv@68 e6e3c1c5-e0e2-0310-a6b6-d267e4379d8a,1133346143+0000,deb,xlibs-dev libxt-dev,https://github.com/jonathancast/freeciv,GUI,C,deb,1,0.82,pkg_rule,
07cde787076f22187d9116fff227daa1864166a6,libzstd-dev,libjsoncpp-dev,"Drop libjsoncpp-dev build dependency, add libzstd-dev.",1566535537+0200,deb,libjsoncpp-dev libzstd-dev,https://salsa.debian.org/debian-gis-team/pdal,serializing,C++,deb,1,0.85,pkg_rule,
07dcde22dfc3c447ab8113dcad6e4bd0ca696758,zlib1g-dev,libz-dev,Merge branch 'debian-collab' into testing\n\nConflicts: 	contrib/zfs-fuse.initd.ubuntu 	debian/zfs-fuse.init,1277854616+0200,deb,libz-dev zlib1g-dev,https://github.com/CoryXie/zfs-fuse,Multi Media,C,deb,1,0.9,pkg_rule,
07e283b234531740467b71840107add71073f7f8,dpkg-dev,hardening-wrapper,1.0.4-1 (patches unapplied)\n\nImported using git-ubuntu import.,1331127409+0100,deb,hardening-wrapper dpkg-dev,https://github.com/ahoneybun/cups-filters,build,C,deb,1,0.9,pkg_rule,
07ef040b9afc59dbfc038a7add59f07c0bb89ea7,quilt,dpatch,Fix some lintian errors,1264676585+0100,deb,dpatch quilt,https://salsa.debian.org/dns-team/ldns,build,C,deb,1,0.85,pkg_rule,
07ef040b9afc59dbfc038a7add59f07c0bb89ea7,chrpath,dpatch,Fix some lintian errors,1264676585+0100,deb,dpatch chrpath,https://salsa.debian.org/dns-team/ldns,build,C,deb,1,0.85,pkg_rule,
07f05f1f9aebc6037660f017eea0a00455f870f9,qtbase5-dev,qt5-default,Merge branch 'master' into release_0.2,1475694081-0700,deb,qt5-default qtbase5-dev,https://github.com/dooglio/snapcpp,GUI,C++,deb,1,0.9,pkg_rule,
07f05f1f9aebc6037660f017eea0a00455f870f9,qtbase5-dev,qt5-default,Merge branch 'master' into release_0.2,1475694081-0700,deb,qt5-default qtbase5-dev,https://github.com/dooglio/snapcpp,GUI,C++,deb,1,0.9,pkg_rule,
07f05f1f9aebc6037660f017eea0a00455f870f9,qtbase5-dev,qt5-default,Merge branch 'master' into release_0.2,1475694081-0700,deb,qt5-default qtbase5-dev,https://github.com/dooglio/snapcpp,GUI,C++,deb,1,0.9,pkg_rule,
07f05f1f9aebc6037660f017eea0a00455f870f9,qtbase5-dev,qt5-default,Merge branch 'master' into release_0.2,1475694081-0700,deb,qt5-default qtbase5-dev,https://github.com/dooglio/snapcpp,GUI,C++,deb,1,0.9,pkg_rule,
07f05f1f9aebc6037660f017eea0a00455f870f9,qtbase5-dev,qt5-default,Merge branch 'master' into release_0.2,1475694081-0700,deb,qt5-default qtbase5-dev,https://github.com/dooglio/snapcpp,GUI,C++,deb,1,0.9,pkg_rule,
07f05f1f9aebc6037660f017eea0a00455f870f9,qtbase5-dev,qt5-default,Merge branch 'master' into release_0.2,1475694081-0700,deb,qt5-default qtbase5-dev,https://github.com/dooglio/snapcpp,GUI,C++,deb,1,0.9,pkg_rule,
07f05f1f9aebc6037660f017eea0a00455f870f9,qtbase5-dev,qt5-default,Merge branch 'master' into release_0.2,1475694081-0700,deb,qt5-default qtbase5-dev,https://github.com/dooglio/snapcpp,GUI,C++,deb,1,0.9,pkg_rule,
07f05f1f9aebc6037660f017eea0a00455f870f9,qtbase5-dev,qt5-default,Merge branch 'master' into release_0.2,1475694081-0700,deb,qt5-default qtbase5-dev,https://github.com/dooglio/snapcpp,GUI,C++,deb,1,0.9,pkg_rule,
07f05f1f9aebc6037660f017eea0a00455f870f9,qtbase5-dev,qt5-default,Merge branch 'master' into release_0.2,1475694081-0700,deb,qt5-default qtbase5-dev,https://github.com/dooglio/snapcpp,GUI,C++,deb,1,0.9,pkg_rule,
07f05f1f9aebc6037660f017eea0a00455f870f9,qtbase5-dev,qt5-default,Merge branch 'master' into release_0.2,1475694081-0700,deb,qt5-default qtbase5-dev,https://github.com/dooglio/snapcpp,GUI,C++,deb,1,0.9,pkg_rule,
07f05f1f9aebc6037660f017eea0a00455f870f9,qtbase5-dev,qt5-default,Merge branch 'master' into release_0.2,1475694081-0700,deb,qt5-default qtbase5-dev,https://github.com/dooglio/snapcpp,GUI,C++,deb,1,0.9,pkg_rule,
07f05f1f9aebc6037660f017eea0a00455f870f9,qtbase5-dev,qt5-default,Merge branch 'master' into release_0.2,1475694081-0700,deb,qt5-default qtbase5-dev,https://github.com/dooglio/snapcpp,GUI,C++,deb,1,0.9,pkg_rule,
07f05f1f9aebc6037660f017eea0a00455f870f9,qtbase5-dev,qt5-default,Merge branch 'master' into release_0.2,1475694081-0700,deb,qt5-default qtbase5-dev,https://github.com/dooglio/snapcpp,GUI,C++,deb,1,0.9,pkg_rule,
07f05f1f9aebc6037660f017eea0a00455f870f9,qtbase5-dev,qt5-default,Merge branch 'master' into release_0.2,1475694081-0700,deb,qt5-default qtbase5-dev,https://github.com/dooglio/snapcpp,GUI,C++,deb,1,0.9,pkg_rule,
07f05f1f9aebc6037660f017eea0a00455f870f9,qtbase5-dev,qt5-default,Merge branch 'master' into release_0.2,1475694081-0700,deb,qt5-default qtbase5-dev,https://github.com/dooglio/snapcpp,GUI,C++,deb,1,0.9,pkg_rule,
07f05f1f9aebc6037660f017eea0a00455f870f9,qtbase5-dev,qt5-default,Merge branch 'master' into release_0.2,1475694081-0700,deb,qt5-default qtbase5-dev,https://github.com/dooglio/snapcpp,GUI,C++,deb,1,0.9,pkg_rule,
07f05f1f9aebc6037660f017eea0a00455f870f9,qtbase5-dev,qt5-default,Merge branch 'master' into release_0.2,1475694081-0700,deb,qt5-default qtbase5-dev,https://github.com/dooglio/snapcpp,GUI,C++,deb,1,0.9,pkg_rule,
07f05f1f9aebc6037660f017eea0a00455f870f9,qtbase5-dev,qt5-default,Merge branch 'master' into release_0.2,1475694081-0700,deb,qt5-default qtbase5-dev,https://github.com/dooglio/snapcpp,GUI,C++,deb,1,0.9,pkg_rule,
07f05f1f9aebc6037660f017eea0a00455f870f9,qtbase5-dev,qt5-default,Merge branch 'master' into release_0.2,1475694081-0700,deb,qt5-default qtbase5-dev,https://github.com/dooglio/snapcpp,GUI,C++,deb,1,0.9,pkg_rule,
07f05f1f9aebc6037660f017eea0a00455f870f9,qtbase5-dev,qt5-default,Merge branch 'master' into release_0.2,1475694081-0700,deb,qt5-default qtbase5-dev,https://github.com/dooglio/snapcpp,GUI,C++,deb,1,0.9,pkg_rule,
07f05f1f9aebc6037660f017eea0a00455f870f9,qtbase5-dev,qt5-default,Merge branch 'master' into release_0.2,1475694081-0700,deb,qt5-default qtbase5-dev,https://github.com/dooglio/snapcpp,GUI,C++,deb,1,0.9,pkg_rule,
07f05f1f9aebc6037660f017eea0a00455f870f9,qtbase5-dev,qt5-default,Merge branch 'master' into release_0.2,1475694081-0700,deb,qt5-default qtbase5-dev,https://github.com/dooglio/snapcpp,GUI,C++,deb,1,0.9,pkg_rule,
07f05f1f9aebc6037660f017eea0a00455f870f9,qtbase5-dev,qt5-default,Merge branch 'master' into release_0.2,1475694081-0700,deb,qt5-default qtbase5-dev,https://github.com/dooglio/snapcpp,GUI,C++,deb,1,0.9,pkg_rule,
07f094b5a472b9c42b32e3050760e80a298f622c,libc-bin-dev,libc0.3-dev,use libc-bin-dev,1460475423+0200,deb,libc0.3-dev libc-bin-dev,https://salsa.debian.org/med-team/ncbi-blastplus,serializing,C++,deb,1,0.8,pkg_rule,
07ff8cf8c76a2c43d3d6a7175dbbe81d08840878,dh-autoreconf,autotools-dev,git-debimport lksctp-tools_1.0.16+dfsg-2.debian.tar.xz,1409315279+0900,deb,autotools-dev dh-autoreconf,https://github.com/ystk/debian-lksctp-tools,build,C,deb,1,0.9,pkg_rule,
87025c0b0963d32b1b5ef8987e6b1506691c9178,autotools-dev,dh-autoreconf,"Use autotools-dev instead of dh_autoreconf, backup upstream files updated",1413922668+0200,deb,dh-autoreconf autotools-dev,https://salsa.debian.org/gui-guest/memcached,build,C,deb,1,0.8,pkg_rule,
870bfd6737cd9089045b8152418362dacf276525,dpkg-dev,hardening-wrapper,"Null merge branch '5.5-v25-cert_optimization' into 5.6-v25-cert_optimization\n\nThis is a null merge because the changes are already in the 5.6 branch and were backported/cherry-picked into 5.5.\n\n* 5.5-v25-cert_optimization:   Add a new config variable wsrep_certification_rules   Generalize ""bool shared/exclusive"" argument to enum",1534495648+0200,deb,hardening-wrapper dpkg-dev,https://github.com/5uper5hoot/percona-xtradb-cluster,build,C++,deb,1,0.9,pkg_rule,
871096e0e0024156eb7d4b1af2d8a0943823f385,lv2-dev,lv2core,Replace lv2core with lv2-dev.,1337011125+0200,deb,lv2core lv2-dev,https://salsa.debian.org/multimedia-team/abgate,Multi Media,C++,deb,1,0.85,pkg_rule,
8719cd184a7609a9d1de0436f5aaee2e7c5f8294,qtbase5-dev,qt5-default,[Debian] Fix build-depends section\n\nqt5-default does not exist for hirsute.,1619455024+0200,deb,qt5-default qtbase5-dev,https://github.com/Komet/MediaElch,GUI,C++,deb,1,0.85,pkg_rule,
8728707c74b36ea04e23d433d719f5a2d407e9ed,cmake,autotools-dev,Merge b50f9e711ef5b2c0a8812288ff23a9c2dcb958cf into 9088f47ee44563422eb02d16200d8529b40d09dc,1483059355+0000,deb,autotools-dev cmake,https://github.com/ceph/ceph,build,C++,deb,1,0.9,pkg_rule,
87378a385a13549da675b444de38ddcbae3cb7d6,freeglut3-dev,libglut3-dev,svn merge branch to trunk\n\ngit-svn-id: svn+ssh://scm.gforge.inria.fr/svnroot/vplants/vplants/trunk@12254 ab253cce-29fb-0310-bb2f-979600cdbdeb,1340113908+0000,deb,libglut3-dev freeglut3-dev,https://github.com/asmeurer/StructureAnalysis,GUI,C++,deb,1,0.9,pkg_rule,
873bb536a70b8cd210a2c2199326e761e0e5cdd4,qttools5-dev-tools,libqt4-dev,Merge 1abde080be2ec4d9309411b741006271b7d58cf4 into 2264661eb364609d4473d65b66c6c19581a568ca,1492331600+0000,deb,libqt4-dev qttools5-dev-tools,https://github.com/qgis/QGIS,GUI,C++,deb,1,0.9,pkg_rule,
873bb536a70b8cd210a2c2199326e761e0e5cdd4,qtbase5-dev,libqt4-dev,Merge 1abde080be2ec4d9309411b741006271b7d58cf4 into 2264661eb364609d4473d65b66c6c19581a568ca,1492331600+0000,deb,libqt4-dev qtbase5-dev,https://github.com/qgis/QGIS,GUI,C++,deb,1,0.9,pkg_rule,
873bb536a70b8cd210a2c2199326e761e0e5cdd4,qttools5-dev,libqt4-dev,Merge 1abde080be2ec4d9309411b741006271b7d58cf4 into 2264661eb364609d4473d65b66c6c19581a568ca,1492331600+0000,deb,libqt4-dev qttools5-dev,https://github.com/qgis/QGIS,GUI,C++,deb,1,0.9,pkg_rule,
87430fbc97fa131ba3db134206677a8e7e6b21d7,dh-autoreconf,autoconf,debian/control: simplify depends,1536012615+0200,deb,autoconf dh-autoreconf,https://salsa.debian.org/piem/kino,build,C++,deb,1,0.8,pkg_rule,
87430fbc97fa131ba3db134206677a8e7e6b21d7,dh-autoreconf,autotools-dev,debian/control: simplify depends,1536012615+0200,deb,autotools-dev dh-autoreconf,https://salsa.debian.org/piem/kino,build,C++,deb,1,0.8,pkg_rule,
8761eb3fa4d4949497cf47ed0bc38610ee10f167,libgstreamer1.0-dev,libqtgstreamer-dev,Merge remote-tracking branch 'origin/gsoc-floris-2014' into experimental\n\nConflicts: 	CMakeLists.txt 	ChangeLog 	debian/changelog 	debian/copyright 	debian/libqapt1.symbols 	debian/patches/series 	po/CMakeLists.txt 	po/bs/qapt-gst-helper.po 	po/ca/qapt-gst-helper.po 	po/cs/qapt-deb-installer.po 	po/cs/qapt-gst-helper.po 	po/cs/qaptbatch.po 	po/da/qapt-gst-helper.po 	po/de/plasma-runner-installer.po 	po/de/qapt-gst-helper.po 	po/de/qaptbatch.po 	po/el/qapt-deb-installer.po 	po/el/qapt-gst-helper.po 	po/en_GB/qapt-gst-helper.po 	po/es/qapt-gst-helper.po 	po/et/qapt-deb-installer.po 	po/et/qapt-gst-helper.po 	po/fi/plasma-runner-installer.po 	po/fi/qapt-deb-installer.po 	po/fi/qapt-gst-helper.po 	po/fi/qaptbatch.po 	po/fr/qapt-deb-installer.po 	po/fr/qapt-gst-helper.po 	po/fr/qaptbatch.po 	po/ga/qapt-deb-installer.po 	po/ga/qapt-gst-helper.po 	po/ga/qaptbatch.po 	po/hu/qapt-gst-helper.po 	po/it/qapt-gst-helper.po 	po/ja/qapt-gst-helper.po 	po/lt/qapt-gst-helper.po 	po/nb/qapt-deb-installer.po 	po/nb/qapt-gst-helper.po 	po/nb/qaptbatch.po 	po/nds/qapt-gst-helper.po 	po/nl/qapt-gst-helper.po 	po/pl/qapt-deb-installer.po 	po/pl/qapt-gst-helper.po 	po/pt/qapt-gst-helper.po 	po/pt_BR/qapt-deb-installer.po 	po/pt_BR/qapt-gst-helper.po 	po/pt_BR/qaptbatch.po 	po/ru/qapt-gst-helper.po 	po/sk/qapt-gst-helper.po 	po/sr/qapt-deb-installer.po 	po/sr/qapt-gst-helper.po 	po/sr@ijekavian/qapt-deb-installer.po 	po/sr@ijekavian/qapt-gst-helper.po 	po/sr@ijekavianlatin/qapt-deb-installer.po 	po/sr@ijekavianlatin/qapt-gst-helper.po 	po/sr@latin/qapt-deb-installer.po 	po/sr@latin/qapt-gst-helper.po 	po/sv/qapt-gst-helper.po 	po/ug/qapt-gst-helper.po 	po/uk/qapt-gst-helper.po 	po/zh_CN/qapt-gst-helper.po 	po/zh_TW/qapt-gst-helper.po 	src/backend.cpp 	src/backend.h 	src/cache.cpp 	src/config.cpp 	src/config.h 	src/debfile.cpp 	src/globals.h 	src/history.cpp 	src/history.h 	src/package.cpp 	src/package.h 	src/worker/worker.cpp 	src/worker/worker.h 	src/worker/workeracquire.cpp 	src/worker/workeracquire.h 	src/worker/workerinstallprogress.cpp 	utils/plasma-runner-installer/plasma-runner-installer.desktop 	utils/qapt-batch/main.cpp 	utils/qapt-deb-installer/CMakeLists.txt 	utils/qapt-deb-installer/DebInstaller.cpp 	utils/qapt-deb-installer/DebInstaller.h 	utils/qapt-deb-installer/DebViewer.cpp 	utils/qapt-deb-installer/DebViewer.h 	utils/qapt-deb-installer/main.cpp 	utils/qapt-deb-installer/qapt-deb-installer.desktop 	utils/qapt-deb-thumbnailer/debthumbnailer.desktop 	utils/qapt-gst-helper/GstMatcher.cpp 	utils/qapt-gst-helper/PluginFinder.cpp 	utils/qapt-gst-helper/PluginHelper.cpp 	utils/qapt-gst-helper/PluginHelper.h 	utils/qapt-gst-helper/PluginInfo.h 	utils/qapt-gst-helper/main.cpp,1423857111+0100,deb,libqtgstreamer-dev libgstreamer1.0-dev,https://github.com/netrunner-debian-kde-extras/qapt,GUI,C++,deb,1,0.9,pkg_rule,
8761eb3fa4d4949497cf47ed0bc38610ee10f167,libgstreamer-plugins-base1.0-dev,libqtgstreamer-dev,Merge remote-tracking branch 'origin/gsoc-floris-2014' into experimental\n\nConflicts: 	CMakeLists.txt 	ChangeLog 	debian/changelog 	debian/copyright 	debian/libqapt1.symbols 	debian/patches/series 	po/CMakeLists.txt 	po/bs/qapt-gst-helper.po 	po/ca/qapt-gst-helper.po 	po/cs/qapt-deb-installer.po 	po/cs/qapt-gst-helper.po 	po/cs/qaptbatch.po 	po/da/qapt-gst-helper.po 	po/de/plasma-runner-installer.po 	po/de/qapt-gst-helper.po 	po/de/qaptbatch.po 	po/el/qapt-deb-installer.po 	po/el/qapt-gst-helper.po 	po/en_GB/qapt-gst-helper.po 	po/es/qapt-gst-helper.po 	po/et/qapt-deb-installer.po 	po/et/qapt-gst-helper.po 	po/fi/plasma-runner-installer.po 	po/fi/qapt-deb-installer.po 	po/fi/qapt-gst-helper.po 	po/fi/qaptbatch.po 	po/fr/qapt-deb-installer.po 	po/fr/qapt-gst-helper.po 	po/fr/qaptbatch.po 	po/ga/qapt-deb-installer.po 	po/ga/qapt-gst-helper.po 	po/ga/qaptbatch.po 	po/hu/qapt-gst-helper.po 	po/it/qapt-gst-helper.po 	po/ja/qapt-gst-helper.po 	po/lt/qapt-gst-helper.po 	po/nb/qapt-deb-installer.po 	po/nb/qapt-gst-helper.po 	po/nb/qaptbatch.po 	po/nds/qapt-gst-helper.po 	po/nl/qapt-gst-helper.po 	po/pl/qapt-deb-installer.po 	po/pl/qapt-gst-helper.po 	po/pt/qapt-gst-helper.po 	po/pt_BR/qapt-deb-installer.po 	po/pt_BR/qapt-gst-helper.po 	po/pt_BR/qaptbatch.po 	po/ru/qapt-gst-helper.po 	po/sk/qapt-gst-helper.po 	po/sr/qapt-deb-installer.po 	po/sr/qapt-gst-helper.po 	po/sr@ijekavian/qapt-deb-installer.po 	po/sr@ijekavian/qapt-gst-helper.po 	po/sr@ijekavianlatin/qapt-deb-installer.po 	po/sr@ijekavianlatin/qapt-gst-helper.po 	po/sr@latin/qapt-deb-installer.po 	po/sr@latin/qapt-gst-helper.po 	po/sv/qapt-gst-helper.po 	po/ug/qapt-gst-helper.po 	po/uk/qapt-gst-helper.po 	po/zh_CN/qapt-gst-helper.po 	po/zh_TW/qapt-gst-helper.po 	src/backend.cpp 	src/backend.h 	src/cache.cpp 	src/config.cpp 	src/config.h 	src/debfile.cpp 	src/globals.h 	src/history.cpp 	src/history.h 	src/package.cpp 	src/package.h 	src/worker/worker.cpp 	src/worker/worker.h 	src/worker/workeracquire.cpp 	src/worker/workeracquire.h 	src/worker/workerinstallprogress.cpp 	utils/plasma-runner-installer/plasma-runner-installer.desktop 	utils/qapt-batch/main.cpp 	utils/qapt-deb-installer/CMakeLists.txt 	utils/qapt-deb-installer/DebInstaller.cpp 	utils/qapt-deb-installer/DebInstaller.h 	utils/qapt-deb-installer/DebViewer.cpp 	utils/qapt-deb-installer/DebViewer.h 	utils/qapt-deb-installer/main.cpp 	utils/qapt-deb-installer/qapt-deb-installer.desktop 	utils/qapt-deb-thumbnailer/debthumbnailer.desktop 	utils/qapt-gst-helper/GstMatcher.cpp 	utils/qapt-gst-helper/PluginFinder.cpp 	utils/qapt-gst-helper/PluginHelper.cpp 	utils/qapt-gst-helper/PluginHelper.h 	utils/qapt-gst-helper/PluginInfo.h 	utils/qapt-gst-helper/main.cpp,1423857111+0100,deb,libqtgstreamer-dev libgstreamer-plugins-base1.0-dev,https://github.com/netrunner-debian-kde-extras/qapt,GUI,C++,deb,1,0.9,pkg_rule,
878ba7a58832b7b6dbac0fd0d09bacbc43328996,libcairo2-dev,libart-2.0-dev,Imported Debian patch 1.3.5.dfsg~svn20080717-1,1216318650-0600,deb,libart-2.0-dev libcairo2-dev,https://salsa.debian.org/debian/scribus,GUI,C++,deb,1,0.9,pkg_rule,
8791fc81eaa6dbcc545eabc648613d961b3c1b90,libcurl4-openssl-dev,libcurl4-gnutls-dev,"Merge remote branch 'origin/sr_3.0'\n\nlatest sr_3.0 and kamailio_3.0 backports\n\n* origin/sr_3.0: (90 commits)   usrloc(k): rpc version for ul.dump   core: init the len of sock_str attribute   ctl: added parameters to control buffer size   htable(k): rpc commad to dump htable   pv(k): fixed $shv engine   sanity: print From hdr in warning message   nathelper(k): print bad contact uri   core: more verbose when error parsing hdr   kamailio.cfg: updated cfg with sample PSTN gw routing   nathelper(k): fix for swap scenario   presence(k): aliased MLA to SLA   core: event parsing enahced for dialog ma   tm: documented t_relay_to() function   tm: added t_relay_to(proxy, flags)   tm: documented t_replicate() functions   tm: t_replicate() can take avps & select as params   tm: added t_replicate(uri)   db_oracle: use PARAM_TYPE_MASK when checking param type   snmpstats: fix param type checking   core: define module_loaded to use find_module_by_name   ...\n\nConflicts: 	lib/srdb1/schema/dr_gateways.xml 	lib/srdb1/schema/dr_groups.xml 	lib/srdb1/schema/dr_gw_lists.xml 	lib/srdb1/schema/dr_rules.xml 	lib/srdb1/schema/kamailio-drouting.xml 	modules/ctl/README 	modules/topoh/README 	modules_k/uac/auth.c 	modules_k/uac/uac_send.c 	parser/parse_param.h 	utils/kamctl/mysql/drouting-create.sql 	utils/kamctl/oracle/drouting-create.sql 	utils/kamctl/postgres/drouting-create.sql",1264588285+0100,deb,libcurl4-gnutls-dev libcurl4-openssl-dev,https://github.com/1and1/kamailio,network,C,deb,1,0.9,pkg_rule,
879d051ecc8dd0fd5c63fba4c48989868e6258db,dh-autoreconf,autoconf,"libthai (0.1.15-2) unstable  urgency=low\n\n  * Merge Ubuntu changes (build for multiarch)     - Build-dep on debhelper (>= 8.1.3)     - Add ""Pre-Depends: ${misc:Pre-Depends}"" for libthai0     - Add DEB_HOST_MULTIARCH and pass it to --libdir as a subdir       under /usr/lib in configure     - Replace /usr/lib/ with /usr/lib/*/ in {libthai0,libthai-dev}.install     - Add ""Multi-Arch: same"" for libthai0   * Use dh-autoreconf instead of direct autoreconf call and manual cleanups     - Build-dep on dh-autoreconf     - Call dh_autoreconf on configure and dh_autoreconf_clean on clean   * Bump Standards-Version to 3.9.2 (no changes needed)\n\n",1308565562+0000,deb,autoconf dh-autoreconf,https://github.com/tlwg/libthai,build,C,deb,1,0.85,pkg_rule,
87a58c9ad2fad6dd7e29f9fe6fdba4189a0244da,libkf5people-dev,libkpeople-dev,Change kpeople build dependiency to libkf5people-dev (>= 0.5.0),1436241500-0700,deb,libkpeople-dev libkf5people-dev,https://github.com/dci-debian-kde-applications/ktp-common-internals,network,C++,deb,1,0.85,pkg_rule,
87a99719f312f5bb8040e24b8765631869fb082a,quilt,dpatch,alsa-utils: Switched to quilt. Prepared for 1.0.14 upload.\n\n git-svn-id: svn://anonscm.debian.org/svn/pkg-alsa/trunk/alsa-utils@1890 9eaf2def-abe4-0310-ac0d-9aefe66b05c3,1181065434+0000,deb,dpatch quilt,https://salsa.debian.org/MichaIng-guest/alsa-utils,build,C,deb,1,0.8,pkg_rule,
87aa01c04f8f837f523ac3be13711d72a5d1981d,qtbase5-dev,libqt4-dev,Updated debian stuff to get Qt5 build.,1466264145+0300,deb,libqt4-dev qtbase5-dev,https://github.com/DAP-DarkneSS/itmages-dolphin-extension,GUI,C++,deb,1,0.85,pkg_rule,
87c579cebe76f2b4f71e802297b8638d9deeea8f,cmake,autotools-dev,Merge remote-tracking branch 'origin/master',1470081548-0400,deb,autotools-dev cmake,https://github.com/00110111/ceph,build,C++,deb,1,1.0,pkg_rule,
87c83df5e24378b77f1c1d8d5c3693bcba2d74b6,qtbase5-dev,libqt4-dev,Merge 4fc71285052ab04998d990a5de6b071ff53f3c47 into e4ba16495e8d8177eb85d6bfcc69089b38753e39,1472211113+0000,deb,libqt4-dev qtbase5-dev,https://github.com/apache/thrift,GUI,C++,deb,1,0.9,pkg_rule,
87d16d63da9abd42eddb1ff604c96a76caf12617,qttools5-dev-tools,libqt4-dev,Merge 65013c1d8c05a47cfaf640e7fcb4c74db2158ee4 into 2264661eb364609d4473d65b66c6c19581a568ca,1492331610+0000,deb,libqt4-dev qttools5-dev-tools,https://github.com/qgis/QGIS,GUI,C++,deb,1,0.9,pkg_rule,
87d16d63da9abd42eddb1ff604c96a76caf12617,qtbase5-dev,libqt4-dev,Merge 65013c1d8c05a47cfaf640e7fcb4c74db2158ee4 into 2264661eb364609d4473d65b66c6c19581a568ca,1492331610+0000,deb,libqt4-dev qtbase5-dev,https://github.com/qgis/QGIS,GUI,C++,deb,1,0.9,pkg_rule,
87d16d63da9abd42eddb1ff604c96a76caf12617,qttools5-dev,libqt4-dev,Merge 65013c1d8c05a47cfaf640e7fcb4c74db2158ee4 into 2264661eb364609d4473d65b66c6c19581a568ca,1492331610+0000,deb,libqt4-dev qttools5-dev,https://github.com/qgis/QGIS,GUI,C++,deb,1,0.9,pkg_rule,
87e8961ac176a394b3ccd4fbae5e5c35d22a1c00,quilt,dpatch,Imported Debian patch 4.1.6-8,1251350721+0200,deb,dpatch quilt,https://github.com/cention-sany/libgif,build,C,deb,1,0.9,pkg_rule,
87ec299f34688edcf3f3e8e7aadf8b5fb40e53fc,xutils-dev,xutils,Imported Debian patch 3.0-15,1145174251+0200,deb,xutils xutils-dev,https://salsa.debian.org/debian/xdu,GUI,C,deb,1,0.9,pkg_rule,
87f5bb4c0b03b2f7ecc3ecbd08149c0e15d4b1a9,qtbase5-dev,libqt4-dev,"Provided Debian patch porting package to Qt5 Removed Build-Depends: libqt4-dev Added Build-Depends: to qtbase5-dev, qttols5-dev, qttools5-dev-tools Updated lintian-overrides",1436522215-0700,deb,libqt4-dev qtbase5-dev,https://github.com/lechner/svxlink,GUI,C++,deb,1,0.8,pkg_rule,
87f5bb4c0b03b2f7ecc3ecbd08149c0e15d4b1a9,qttools5-dev,libqt4-dev,"Provided Debian patch porting package to Qt5 Removed Build-Depends: libqt4-dev Added Build-Depends: to qtbase5-dev, qttols5-dev, qttools5-dev-tools Updated lintian-overrides",1436522215-0700,deb,libqt4-dev qttools5-dev,https://github.com/lechner/svxlink,GUI,C++,deb,1,0.8,pkg_rule,
87f5bb4c0b03b2f7ecc3ecbd08149c0e15d4b1a9,qttools5-dev-tools,libqt4-dev,"Provided Debian patch porting package to Qt5 Removed Build-Depends: libqt4-dev Added Build-Depends: to qtbase5-dev, qttols5-dev, qttools5-dev-tools Updated lintian-overrides",1436522215-0700,deb,libqt4-dev qttools5-dev-tools,https://github.com/lechner/svxlink,GUI,C++,deb,1,0.8,pkg_rule,
87fff1ca0bf10872aead4fa996f091ca1b5d352f,libc-ares-dev,libudns-dev,Merge pull request #1 from shadowsocks/master\n\n更新数据,1568982886+0800,deb,libudns-dev libc-ares-dev,https://github.com/ghmzmq/shadowsocks-libev,network,C,deb,1,0.9,pkg_rule,
08079b32dcf9651f055b1843d8ddfac89716203a,libneon26-dev,libhttpfetcher-dev,Use libneon to download cover art instead of libhttpfetch\n\n\n\ngit-svn-id: file:///tmp/flactag-git-move/svnroot/branches/v1.1@177 c94211a6-d224-44d1-9852-295abbaa3a11,1228918627+0000,deb,libhttpfetcher-dev libneon26-dev,https://github.com/adhawkins/flactag,network,C++,deb,1,0.95,lib_replacement,
080f6c3a44c4d722bf47759fedd316619ae6883a,qtbase5-dev,libqt4-dev,Merge branch 'master' into THRIFT-3839,1466102510+0300,deb,libqt4-dev qtbase5-dev,https://github.com/apache/thrift,GUI,C++,deb,1,0.9,pkg_rule,
08114d45d69e239798f6dfd2375c31b5bfcc09c2,libjson-c-dev,libjson0-dev,Replace libjson0-dev by libjson-c-dev as required dependency.\n\nFor #139.,1509229342+0200,deb,libjson0-dev libjson-c-dev,https://github.com/Ellyson13/hubicfuse,serializing,C,deb,1,0.85,pkg_rule,
0816d350835f4ddc5e498e1bd43c7fb5790cfcbb,libquazip5-dev,libquazip-qt5-dev,Update build dependency from libquazip-qt5-dev to libquazip5-dev,1452386501+0100,deb,libquazip-qt5-dev libquazip5-dev,https://salsa.debian.org/debian-gis-team/merkaartor,GUI,C++,deb,1,0.85,pkg_rule,
081dcfd34a211ade95e2a43c7245ccb91ba00aa3,libfftw3-dev,fftw3-dev,Merge to current latest essentia master.,1453136932+0100,deb,fftw3-dev libfftw3-dev,https://github.com/mathieu-b/essentia,computing,C++,deb,1,0.9,pkg_rule,
082d32c4230e5109a033e94b61a5882af02d7c47,libjpeg-dev,libjpeg62-turbo-dev,Replace libjpeg62-turbo-dev by libjpeg-dev in BD.,1593153868+0200,deb,libjpeg62-turbo-dev libjpeg-dev,https://salsa.debian.org/hilmar-guest/wp2latex,Multi Media,C++,deb,1,0.8,pkg_rule,
082dc8cf1c54e0109bd8db4a8ff8b8ab99085a0e,libglib2.0-dev,mdbtools-dev,Import Debian changes 1.7-2\n\nrecutils (1.7-2) unstable  urgency=medium\n\n  * debian/compat     - moved from 9 to 11   * debian/control     - Build-depend on libglib2.0-dev instead on mdbtools-dev       to avoid recutils being autoremoved from Debian ( see #885744 )     - Removed dh-autoreconf from Build-Depends ( is now enabled by default )     - Depend on debhelper (>= 11)     - Bumped Standards-Version to 4.1.3     - fixed lintian warning priority-extra-is-replaced-by-priority-optional     - fixed lintian warning file-contains-trailing-whitespace     - fixed lintian warning extended-description-is-probably-too-short   * debian/copyright     - fixed lintian warning dep5-copyright-license-name-not-unique     - fixed lintian warning insecure-copyright-format-uri   * debian/watch     - fixed lintian warning debian-watch-uses-insecure-uri   * debian/patches/fix-includes.diff     - fixed lintian warning quilt-patch-missing-description   * debian/patches/spelling-error-in-binary-csv2rec     - fixed lintian warning spelling-error-in-binary     - fixed lintian warning spelling-error-in-manpage   * debian/rules     - removed --with autoreconf and explicit export of build flags   * debian/docs renamed to debian/recutils.docs   * debian/upstream ascii-armored signing key,1519479178+0100,deb,mdbtools-dev libglib2.0-dev,https://salsa.debian.org/swick-guest/recutils,database,C,deb,1,0.9,pkg_rule,
08305a259529bbc1ceaf931e93fc69aa82b78a73,dh-autoreconf,autotools-dev,Import Debian changes 0.9.0-4\n\nhttperf (0.9.0-4) unstable  urgency=medium\n\n  * QA upload.   * New upstream homepage.   * Migrations:       - debian/copyright to 1.0 format.       - debian/rules to new (reduced) format.       - DebSrc to 3.0.       - DH level to 9.       - Using dh-autoreconf now.   * debian/control:       - Bumped Standards-Version to 3.9.7.       - Improved the long description.       - Removed the unnecessary dependency quilt from Build-Depends field.       - Updated the Vcs-* fields.   * debian/copyright: updated all information and licenses.   * debian/dirs: unnecessary. Removed.   * debian/manpage/: added to make available a manpage about idleconn.   * debian/manpages: created to install the idleconn manpage.   * debian/patches/:       - 00list: removed. This file is obsolete.       - 01_man_page_hyphens_patch.dpatch: removed. The upstream fixed         the manpage. Thanks.       - fix-manpage-formating:           ~ Renamed to 10_fix_manpage.patch.           ~ Added a header.           ~ Added a new fix to a typo and to a spelling error.       - SSLv23_client_method.diff:           ~ Renamed to 20_SSLv23_client_method.patch.           ~ Added a header.   * debian/rules:       - Added DEB_LDFLAGS_MAINT_APPEND variable to avoid some useless         libraries dependencies.       - Added DEB_BUILD_MAINT_OPTIONS to improve the GCC hardening.   * debian/source:       - Added information about new and old upstream repository.       - Removed an old and obsolete information about patches in Debian.   * debian/watch:       - Bumped to version 4.       - Added a fake site to explain about the current status of the         original upstream homepage.,1457705840-0300,deb,autotools-dev dh-autoreconf,https://salsa.debian.org/alteholz/httperf,build,C,deb,1,0.9,pkg_rule,
08393e0545795427bf1d7a304dc3e5d8528b0d3d,autotools-dev,automake,Make copying config.guess and config.sub independent of automake version. Replace automake by autotools-dev for that. (Closes: #713208),1378849094+0200,deb,automake autotools-dev,https://github.com/feelpp/debian-petsc,build,C,deb,1,0.9,pkg_rule,
0860e096e3f397d3c7358092c6e1b8050c4cea47,yelp-tools,gnome-doc-utils,gnote: Tag release 3.7.0-1\n\n git-svn-id: file:///svn/collab-maint/deb-maint/gnote/tags/3.7.0-1@23317 19660600-52fe-0310-9875-adc0d7a7b53c,1352007644+0000,deb,gnome-doc-utils yelp-tools,https://salsa.debian.org/gnome-team/gnote,documentation,C++,deb,1,0.95,pkg_rule,
0860e096e3f397d3c7358092c6e1b8050c4cea47,libsecret-1-dev,libgnome-keyring-dev,gnote: Tag release 3.7.0-1\n\n git-svn-id: file:///svn/collab-maint/deb-maint/gnote/tags/3.7.0-1@23317 19660600-52fe-0310-9875-adc0d7a7b53c,1352007644+0000,deb,libgnome-keyring-dev libsecret-1-dev,https://salsa.debian.org/gnome-team/gnote,cryptography,C++,deb,1,0.95,pkg_rule,
0868237e5ad09237e74ae14ea74dfa45a4b586ff,qtbase5-dev,libqt4-dev,Merge 826f2a9238d333f539dba7578400385f40ee31c9 into e4ba16495e8d8177eb85d6bfcc69089b38753e39,1472210787+0000,deb,libqt4-dev qtbase5-dev,https://github.com/apache/thrift,GUI,C++,deb,1,0.9,pkg_rule,
0868aa96b27871457f6b94ae8fb3f2278283988c,libx11-dev,xlibs-dev,updated dependencies,1144501612+0000,deb,xlibs-dev libx11-dev,https://github.com/lutris/atari800,GUI,C,deb,1,0.9,pkg_rule,
0868aa96b27871457f6b94ae8fb3f2278283988c,x-dev,xlibs-dev,updated dependencies,1144501612+0000,deb,xlibs-dev x-dev,https://github.com/lutris/atari800,GUI,C,deb,1,0.9,pkg_rule,
0868aa96b27871457f6b94ae8fb3f2278283988c,libxt-dev,xlibs-dev,updated dependencies,1144501612+0000,deb,xlibs-dev libxt-dev,https://github.com/lutris/atari800,GUI,C,deb,1,0.9,pkg_rule,
0884e9275e7849d401d18019c1582e547041ea26,qtbase5-dev,libqt4-dev,Ported qt Qt5,1516287933+0100,deb,libqt4-dev qtbase5-dev,https://github.com/AndreiC9/aseba,GUI,C++,deb,1,0.95,lib_replacement,
0884e9275e7849d401d18019c1582e547041ea26,qttools5-dev-tools,libqt4-dev,Ported qt Qt5,1516287933+0100,deb,libqt4-dev qttools5-dev-tools,https://github.com/AndreiC9/aseba,GUI,C++,deb,1,0.95,lib_replacement,
0895a0bccac7706ab142a1f20bd76df09227cb1f,libsystemd-dev,libsystemd-daemon-dev,Merge pull request #2 from endlessm/T6363-debian\n\nUpdate dependencies for new systemd,1458837099-0700,deb,libsystemd-daemon-dev libsystemd-dev,https://github.com/LuisBuenanyo/gnome-session,OS Dev,C,deb,1,0.9,pkg_rule,
0895a0bccac7706ab142a1f20bd76df09227cb1f,libsystemd-dev,libsystemd-login-dev,Merge pull request #2 from endlessm/T6363-debian\n\nUpdate dependencies for new systemd,1458837099-0700,deb,libsystemd-login-dev libsystemd-dev,https://github.com/LuisBuenanyo/gnome-session,OS Dev,C,deb,1,0.9,pkg_rule,
0895a0bccac7706ab142a1f20bd76df09227cb1f,libsystemd-dev,libsystemd-journal-dev,Merge pull request #2 from endlessm/T6363-debian\n\nUpdate dependencies for new systemd,1458837099-0700,deb,libsystemd-journal-dev libsystemd-dev,https://github.com/LuisBuenanyo/gnome-session,OS Dev,C,deb,1,0.9,pkg_rule,
08a8a9971083325356f2bd89937126bd068b0d6e,libayatana-appindicator-dev,libappindicator-dev,Use libayatana-appindicator instead of appindicator\n\nThe Ayatana Indicator is the continuation of Application Indicators.\n\nIt will be marked as deprecated in debian bullseye(next debian stable - Debian 11)\n\nlibayatana-appindicator-dev is already packaged for Debian buster (Debian 10) and Ubuntu bionic (18.04) or later. so it is time for switch.,1586946037+0900,deb,libappindicator-dev libayatana-appindicator-dev,https://github.com/mattn/growl-for-linux,GUI,C,deb,1,0.95,lib_replacement,Deprecation
08b0bb6afb8652ac148159d1854405e6304939c8,dh-autoreconf,autotools-dev,Include upstream fix for FTBFS on sparc\n\nCloses: #705037 Thanks: Faidon Liambotis,1368300719-0400,deb,autotools-dev dh-autoreconf,https://github.com/debian-lttng/liburcu,build,C,deb,1,0.9,pkg_rule,
08d7255598971d540e3387bc2af7afb685958fe1,qttools5-dev-tools,libqt4-dev,Merge a54e701884a612fa4f69e86a08c1a4bb1491970c into 1eaa4862913b0072b9a47952328f2f251b4851e6,1492112888+0000,deb,libqt4-dev qttools5-dev-tools,https://github.com/qgis/QGIS,GUI,C++,deb,1,0.9,pkg_rule,
08d7255598971d540e3387bc2af7afb685958fe1,qtbase5-dev,libqt4-dev,Merge a54e701884a612fa4f69e86a08c1a4bb1491970c into 1eaa4862913b0072b9a47952328f2f251b4851e6,1492112888+0000,deb,libqt4-dev qtbase5-dev,https://github.com/qgis/QGIS,GUI,C++,deb,1,0.9,pkg_rule,
08d7255598971d540e3387bc2af7afb685958fe1,qttools5-dev,libqt4-dev,Merge a54e701884a612fa4f69e86a08c1a4bb1491970c into 1eaa4862913b0072b9a47952328f2f251b4851e6,1492112888+0000,deb,libqt4-dev qttools5-dev,https://github.com/qgis/QGIS,GUI,C++,deb,1,0.9,pkg_rule,
08d7b0fdcccc13757fc39d5e7102068f7cde462d,dh-autoreconf,autotools-dev,Build with dh-autoreconf.,1379158444+0200,deb,autotools-dev dh-autoreconf,https://salsa.debian.org/debian/libevdev,build,C,deb,1,0.9,pkg_rule,
08eec32a4b601ba72fa0a96b964fa1f98eb14e6c,default-libmysqlclient-dev,libmysqlclient-dev,Build-depend on default-libmysqlclient-dev,1480175434+0100,deb,libmysqlclient-dev default-libmysqlclient-dev,https://github.com/Icinga/pkg-icinga2-debian,database,C++,deb,1,0.9,pkg_rule,
08eef24c3523bd201ccee6eb180b1e866826a274,cmake,autotools-dev,Switch build system from autotools to cmake.,1437830956+0200,deb,autotools-dev cmake,https://salsa.debian.org/debian-gis-team/libkml,build,C++,deb,1,0.9,pkg_rule,
08f0246f1ab40938eb86b09438e874f7d2298348,dh-autoreconf,autoconf,"Make libXj build without daconfiscate\n\nReplace mkinstalldirs with mkdir -p, use automake for the rest, use dh-autoreconf and debhelper 7.",1380525120-0400,deb,autoconf dh-autoreconf,https://github.com/achernya/libXj,build,C,deb,1,0.9,pkg_rule,
08f3bea755b2e55a710e88548765550d5f65fee7,zlib1g-dev,libz-dev,Update debian/control,1488260327-0500,deb,libz-dev zlib1g-dev,https://github.com/dhs-shine/Heimdall,Multi Media,C++,deb,1,0.9,pkg_rule,
08fd7ad3369a7aacf053eb22486acc5c9c91f5f5,dh-autoreconf,autotools-dev,git-debimport grub_0.97-68.diff.gz,1409279669+0900,deb,autotools-dev dh-autoreconf,https://github.com/ystk/debian-grub,build,C,deb,1,0.9,pkg_rule,
08fd7ad3369a7aacf053eb22486acc5c9c91f5f5,dh-autoreconf,autoconf,git-debimport grub_0.97-68.diff.gz,1409279669+0900,deb,autoconf dh-autoreconf,https://github.com/ystk/debian-grub,build,C,deb,1,0.9,pkg_rule,
880da59c198b121ff1df0926f7807a80b5f1b330,qemu-kvm [i386 kfreebsd-i386 hurd-i386 kopensolaris-i386 amd64 kfreebsd-amd64],qemu-system [i386 kfreebsd-i386 hurd-i386 kopensolaris-i386 amd64 kfreebsd-amd64],"Import patches-unapplied version 1.98+20100614-2ubuntu1 to ubuntu/maverick\n\nImported using git-ubuntu import.\n\nChangelog parent: 8ca4eaa6c443aaaf10dc1746c0eb18cef163e77c\n\nNew changelog entries:   * Resynchronise with Debian.  Remaining changes:     - Adjust for default Ubuntu boot options (""quiet splash"").     - Default to hiding the menu  holding down Shift at boot will show it.     - Set a monochromatic theme for Ubuntu.     - Apply Ubuntu GRUB Legacy changes to legacy update-grub script: title,       recovery mode, quiet option, tweak how memtest86+ is displayed, and       use UUIDs where appropriate.     - Fix backslash-escaping in merge_debconf_into_conf.     - Remove ""GNU/Linux"" from default distributor string.     - Add crashkernel= options if kdump and makedumpfile are available.     - If other operating systems are installed, then automatically unhide       the menu. Otherwise, if GRUB_HIDDEN_TIMEOUT is 0, then use keystatus       if available to check whether Shift is pressed. If it is, show the       menu, otherwise boot immediately. If keystatus is not available, then       fall back to a short delay interruptible with Escape.     - Allow Shift to interrupt 'sleep --interruptible'.     - Don't display introductory message about line editing unless we're       actually offering a shell prompt. Don't clear the screen just before       booting if we never drew the menu in the first place.     - Remove some verbose messages printed before reading the configuration       file.     - Suppress progress messages as the kernel and initrd load for       non-recovery kernel menu entries.     - Keep the loopback file open so that subsequent changes to the ""root""       environment variable don't affect it.     - Change prepare_grub_to_access_device to handle filesystems       loop-mounted on file images.     - Ignore devices loop-mounted from files in 10_linux.     - Show the boot menu if the previous boot failed, that is if it failed       to get to the end of one of the normal runlevels.     - Handle RAID devices containing virtio components.     - Don't generate /boot/grub/device.map during grub-install or       grub-mkconfig by default.     - Store grub-pc/install_devices as persistent device names under       /dev/disk/by-id/.     - Change priority to optional to match the priority of grub.     - Don't display ""GRUB loading"" unless Shift is held down.     - Adjust versions of grub-doc and grub-legacy-doc conflicts to tolerate       our backport of the grub-doc split.     - Fix LVM/RAID probing in the absence of /boot/grub/device.map.     - Look for .mo files in /usr/share/locale-langpack as well, in       preference.     - Don't run /etc/grub.d/README, even if it somehow ended up being       executable.     - Make sure GRUB_TIMEOUT isn't quoted unnecessarily.     - Probe all devices in 'grub-probe --target=drive' if       /boot/grub/device.map is missing.     - Adjust hostdisk id for hard disks, allowing grub-setup to use its       standard workaround for broken BIOSes.     - grub-common Breaks: lupin-support (<< 0.30) due to a grub-mkimage       syntax change.     - Build-depend on qemu-kvm rather than qemu-system for grub-pc tests.     - Use qemu rather than qemu-system-i386.",1276708958+0100,deb,qemu-system [i386 kfreebsd-i386 hurd-i386 kopensolaris-i386 amd64 kfreebsd-amd64] qemu-kvm [i386 kfreebsd-i386 hurd-i386 kopensolaris-i386 amd64 kfreebsd-amd64],https://github.com/delphix/grub2,OS Dev,C,deb,1,0.8,pkg_rule,
881288b9e9349063f491cfe5fa4068becacd2d7d,asciidoc-base,asciidoc,debian/control: Change to asciidoc-base in B-D.,1499670285+0900,deb,asciidoc asciidoc-base,https://salsa.debian.org/debian/yash,documentation,C,deb,1,0.8,pkg_rule,
881936422efe6d5502cdcceae49ca7d59b75c310,libjson-c-dev,libjson0-dev,Merge branch '2.1' into fix-721,1457347865+0100,deb,libjson0-dev libjson-c-dev,https://github.com/shimaore/opensips,serializing,C,deb,1,0.9,pkg_rule,
881a36f27ec77512524766997dd0727429385c02,yelp-tools,gnome-doc-utils,[svn-buildpackage] Tagging epiphany-browser 3.16.2-1,1435092905+0000,deb,gnome-doc-utils yelp-tools,https://salsa.debian.org/gnome-team/epiphany-browser,documentation,C,deb,1,0.95,pkg_rule,
8833bac3f52e007dbe85170258e66ce54d9cab3c,389-ds-base-dev,libdirsrv-dev,Build-depend on 389-ds-base-dev instead of libdirsrv-dev.,1328565801+0200,deb,libdirsrv-dev 389-ds-base-dev,https://salsa.debian.org/freeipa-team/obsolete/389-admin,database,C,deb,1,0.8,pkg_rule,
8834a24c6ae2ee8e5b3d87be0254324e5d9a3d7e,dpkg-dev,hardening-includes,* debian/rules:   - use debhelper 9 and dpkg-dev 1.16.1 hardening support.   - use multiarch paths. * debian/compat bumped to 9. * debian/control:   - debhelper build-dep bumped to 8.9.4 for hardening support.   - dpkg-dev (>= 1.16.1) added for hardening support.,1325772027+0000,deb,hardening-includes dpkg-dev,https://salsa.debian.org/xfce-team/apps/orage,build,C,deb,1,0.9,pkg_rule,
883e92ff5a02760dfb833b461f21edcc63467ef0,lv2-dev,lv2core,Replace lv2core with lv2-dev in Build-Depends.,1337243723+0200,deb,lv2core lv2-dev,https://github.com/marado/composite,Multi Media,C++,deb,1,0.9,pkg_rule,
884570a30ac5a4d409fa129d64819cfc6b4ef743,libgbm-dev [!armhf],libhybris-dev [linux-armhf],update control file for armhf builds,1357677924-0800,deb,libhybris-dev [linux-armhf] libgbm-dev [!armhf],https://github.com/Decatf/mir,GUI,C++,deb,1,0.9,pkg_rule,
884570a30ac5a4d409fa129d64819cfc6b4ef743,libdrm-dev [!armhf],libhybris-dev [linux-armhf],update control file for armhf builds,1357677924-0800,deb,libhybris-dev [linux-armhf] libdrm-dev [!armhf],https://github.com/Decatf/mir,GUI,C++,deb,1,0.9,pkg_rule,
885c5b96e84d5cab0c4ef4c37f097147a16cae19,yelp-tools,gnome-doc-utils,[svn-buildpackage] Tagging epiphany-browser 3.18.2-1,1450213129+0000,deb,gnome-doc-utils yelp-tools,https://salsa.debian.org/gnome-team/epiphany-browser,documentation,C,deb,1,0.95,pkg_rule,
8884b6454cf1e61400e4ea3693f89aeb4d86b9e2,default-libmysqlclient-dev,libmysqlclient-dev,Include missing changes to VCS,1526975628+0100,deb,libmysqlclient-dev default-libmysqlclient-dev,https://salsa.debian.org/neurodebian-team/cctools,database,C,deb,1,0.9,pkg_rule,
8895449970d5726d3742e4bf2e5dfdf178e3c5cf,libmariadbclient-dev,libmysqlclient-dev,Update packaging metadata used in OBS to use libmariadbclient(-dev) rather than libmysqlclient(-dev),1502990710+0200,deb,libmysqlclient-dev libmariadbclient-dev,https://github.com/42ity/tntdb,database,C++,deb,1,0.9,lib_replacement,
88b1745fffbf03a7b85e33c696a5cdb370e4353a,libblas-dev,libopenblas-dev,Changing libopenblas-dev by libblas-dev to support arm64 architecture,1418234819+0100,deb,libopenblas-dev libblas-dev,https://salsa.debian.org/antonioramosdet-guest/gnss-sdr,computing,C++,deb,1,0.8,lib_replacement,Integration
88b54c4346ef77876519b8475ebf80fe36e76427,quilt,dpatch,"Use quilt patch system, clean up patches outside the patch system.",1309169116+0800,deb,dpatch quilt,https://salsa.debian.org/debian-gis-team/earth3d,build,C++,deb,1,0.9,pkg_rule,
88c2f32e066c9ba8e0acf570326f985eb72b1fc6,libimengines4-dev,libimlayouts0,Start using libimlayouts0-dev and libimengines4-dev and finish off/clean up/fix hildon-im-word-completer,1509241373-0400,deb,libimlayouts0 libimengines4-dev,https://github.com/community-ssu/hildon-input-method-plugins,OS Dev,C,deb,1,0.7,pkg_rule,
88c2f32e066c9ba8e0acf570326f985eb72b1fc6,libimlayouts0-dev,libimlayouts0,Start using libimlayouts0-dev and libimengines4-dev and finish off/clean up/fix hildon-im-word-completer,1509241373-0400,deb,libimlayouts0 libimlayouts0-dev,https://github.com/community-ssu/hildon-input-method-plugins,GUI,C,deb,1,0.7,pkg_rule,
88d00a4b926ea4cc00f1b48b807ab6649a247c09,texlive-latex-base,tetex-bin,Imported Debian patch 2.3.3-14,1177252910+0200,deb,tetex-bin texlive-latex-base,https://github.com/nbargnesi/debian-snort,documentation,C,deb,1,0.9,pkg_rule,
88d00a4b926ea4cc00f1b48b807ab6649a247c09,texlive,tetex-bin,Imported Debian patch 2.3.3-14,1177252910+0200,deb,tetex-bin texlive,https://github.com/nbargnesi/debian-snort,documentation,C,deb,1,0.9,pkg_rule,
88d00a4b926ea4cc00f1b48b807ab6649a247c09,texlive,tetex-extra,Imported Debian patch 2.3.3-14,1177252910+0200,deb,tetex-extra texlive,https://github.com/nbargnesi/debian-snort,documentation,C,deb,1,0.9,pkg_rule,
88d019395082ecb275ec51e8c50a16117b69250b,quilt,cdbs,"lua5.1 switch to dh, 3.0 (quilt), no .la, multiarch\n\ngit-svn-id: svn+ssh://svn.debian.org/svn/pkg-lua/packages/lua5.1/trunk@1599 89f1b25a-b406-0410-a54b-923002d7f319",1311085723+0000,deb,cdbs quilt,https://salsa.debian.org/lua-team/lua5.1,build,C,deb,1,0.9,pkg_rule,
88d019395082ecb275ec51e8c50a16117b69250b,quilt,dpatch,"lua5.1 switch to dh, 3.0 (quilt), no .la, multiarch\n\ngit-svn-id: svn+ssh://svn.debian.org/svn/pkg-lua/packages/lua5.1/trunk@1599 89f1b25a-b406-0410-a54b-923002d7f319",1311085723+0000,deb,dpatch quilt,https://salsa.debian.org/lua-team/lua5.1,build,C,deb,1,0.9,pkg_rule,
88dff5e571d0fa706384c77b5f3ef50892cab0c0,dh-autoreconf,autotools-dev,"debian: use dh-autoreconf instead of autotools_dev\n\nDebhelper has a more modern and nicer autotools helper, so use that instead.",1494672430+0100,deb,autotools-dev dh-autoreconf,https://github.com/mstpd/mstpd,build,C,deb,1,0.9,pkg_rule,
88f5b27d12b0a476a5426df9c1faf1d6062e5a60,apache2-dev,apache2-threaded-dev,New upstream version 3.4,1391084435+0000,deb,apache2-threaded-dev apache2-dev,https://github.com/pexip/os-mod-wsgi,network,C,deb,1,0.9,pkg_rule,
0900c659f3a61831b00a01d26d76daa305fe903b,qtbase5-dev,libqt4-dev,Porting to Qt5,1505129133+0200,deb,libqt4-dev qtbase5-dev,https://salsa.debian.org/med-team/clustalx,GUI,C++,deb,1,0.95,lib_replacement,
0900c659f3a61831b00a01d26d76daa305fe903b,qttools5-dev-tools,libqt4-dev,Porting to Qt5,1505129133+0200,deb,libqt4-dev qttools5-dev-tools,https://salsa.debian.org/med-team/clustalx,GUI,C++,deb,1,0.95,lib_replacement,
09064ec970ec1d5ad7e31d1b3fd2eb49831bfddf,qtbase5-dev,libqt4-dev,Changes towards qt5,1413199781+0700,deb,libqt4-dev qtbase5-dev,https://github.com/sigsergv/ororok,GUI,C++,deb,1,0.9,lib_replacement,
09064ec970ec1d5ad7e31d1b3fd2eb49831bfddf,qttools5-dev-tools,libqt4-dev,Changes towards qt5,1413199781+0700,deb,libqt4-dev qttools5-dev-tools,https://github.com/sigsergv/ororok,GUI,C++,deb,1,0.9,lib_replacement,
090bf0c9132b441dd3d22b3154ad21461a0fb8ee,dh-octave,octave-pkg-dev,Build the package against dh-octave\n\nGbp-Dch: Ignore,1526752006-0300,deb,octave-pkg-dev dh-octave,https://salsa.debian.org/pkg-octave-team/octave-instrument-control,build,C++,deb,1,0.8,pkg_rule,
09169ec2c29539a67bc71fabd01040cd7db77ff7,dh-autoreconf,autoconf,Import patches-unapplied version 1:7.2d-6.1 to debian/sid\n\nImported using git-ubuntu import.\n\nChangelog parent: 148251f3e8a60037ea27f1743e81419e42d9282c\n\nNew changelog entries:   * Non-maintainer upload.   * Use dh-autoreconf in build to support new architectures (Closes: #732349)   * Add aarch64/arm64 support: gcconfig.h and symbols file,1404350703+0000,deb,autoconf dh-autoreconf,https://github.com/ivmai/ubuntu-libgc,build,C,deb,1,0.9,pkg_rule,
09239bcb42d283d52ea01f324aa01bf79342d4d4,postgresql-all,postgresql-server-dev-all,Debian: Upload for PostgreSQL 13.\n\n* Use dh --with pgxs. * R³: no. * DH 13. * debian/tests: Use 'make' instead of postgresql-server-dev-all.,1603136987+0200,deb,postgresql-server-dev-all postgresql-all,https://github.com/df7cb/postgresql-unit,database,C,deb,1,0.85,pkg_rule,
092bf5cd5c901cb97ef52511a41e00c2eec30285,libnma-dev,libgnomeui-dev,Merge tag '5.5.1' into issue/ext-auth-block\n\nrelease 5.5.1,1490183002+0100,deb,libgnomeui-dev libnma-dev,https://github.com/COCUS-NEXT/strongswan,network,C,deb,1,0.95,pkg_rule,
0958c61b0cb643bed466d529e3849f70bf065cd7,libncurses-dev,libncursesw5-dev,Imported Debian patch 7.0-5,1525531966+0200,deb,libncursesw5-dev libncurses-dev,https://github.com/pexip/os-readline,other,C,deb,1,0.9,pkg_rule,
095918917df91d7a584dabb3ca3eb29fe36eeb96,tcl-itcl4-dev,itcl3-dev,"Switch to Itcl/Itk 4\n\nCloses: #893413\n\nI'm planning to switch the iwidgets4 package from Itcl/Itk 3 to Itcl/Itk 4. And I'd like to do that before the buster's release. Currently, plplot depends on iwidgets4 and itcl3, itk3 (actualy, if you look at the build log [1] you'll find that itcl stuff is disabled, but anyway, it's probably the subject of another bugreport).\n\nUpstream seems to have support for Itcl/Itk 4 (there's one option in tcl-related.cmake to switch on, thought I also had to change the Itcl headers search path).  The proposed changes are in the attached patch.\n\nSo could you test if the plplot-tcl is indeed working with Itcl/Itk 4? You could upload this package into experimental, iwidgets4 built against Itcl/Itk 4 is already there.\n\n[1] https://buildd.debian.org/status/fetch.php?pkg=plplot&arch=amd64&ver=5.13.0%2Bdfsg-7&stamp=1511279089&raw=0",1521396053+0300,deb,itcl3-dev tcl-itcl4-dev,https://salsa.debian.org/science-team/plplot,computing,C,deb,1,0.85,pkg_rule,
09614645379d4d4d1df6814508ae7e46a6bca32b,liblapacke-dev,liblapack-dev,use liblapacke,1383217452+0100,deb,liblapack-dev liblapacke-dev,https://salsa.debian.org/debian-astro-team/cpl-plugin-xshoo,computing,C,deb,1,0.75,lib_replacement,
0963008dbf859d8734130932b0bb6a1ef55938b5,qttools5-dev,libqt4-dev,Build with Qt5.\n\n- d/rules: Add Qt5 cmake flags. - d/control: Adjust Build-Deps. - d/pentobi-kde-thumbnailer.install: Adjust for new install locations.,1436011190+0300,deb,libqt4-dev qttools5-dev,https://salsa.debian.org/games-team/pentobi,GUI,C++,deb,1,0.9,pkg_rule,
0963008dbf859d8734130932b0bb6a1ef55938b5,qttools5-dev-tools,libqt4-dev,Build with Qt5.\n\n- d/rules: Add Qt5 cmake flags. - d/control: Adjust Build-Deps. - d/pentobi-kde-thumbnailer.install: Adjust for new install locations.,1436011190+0300,deb,libqt4-dev qttools5-dev-tools,https://salsa.debian.org/games-team/pentobi,GUI,C++,deb,1,0.9,pkg_rule,
096844e7ae1a67b529ac12a976b03bd9e2c0f454,quilt,dpatch,Imported Debian patch 1:4.0.3.2202-1,1271326454+0200,deb,dpatch quilt,https://salsa.debian.org/ina-guest/squeak-vm,build,C,deb,1,0.85,pkg_rule,
096a28521263b7aa58016336cb9e3175dc1729aa,libqmqtt-dev,libaws-iot-device-sdk-cpp,switch from aws sdk to qmqtt,1535623195+0200,deb,libaws-iot-device-sdk-cpp libqmqtt-dev,https://github.com/Guh/nymea,network,C++,deb,1,0.95,lib_replacement,
096e248a9016866705379002fff9f5a94d365cd2,dh-autoreconf,autotools-dev,Merge 713eb325b1805813e701a49685b5480a9c4f4d33 into 8f44289d9a2819e15bd6443baa2f32df0bd5b7a8,1485265342+0000,deb,autotools-dev dh-autoreconf,https://github.com/Mellanox/mst,build,C,deb,1,0.95,pkg_rule,
0987a1e131bafde80fe6e38dacf54c8604d674c0,libcurl4-gnutls-dev,libcurl4-openssl-dev,Rhel8 changes,1552305343+0200,deb,libcurl4-openssl-dev libcurl4-gnutls-dev,https://github.com/percona/percona-server,network,C++,deb,1,0.85,pkg_rule,
09a75929911be7478ae169f3062fa66c2678760d,libgnomeprintui2.2-dev,libgnomeprint2.2-dev,Change depend on libgnomeprint2.2-dev to libgnomeprintui2.2-dev and also depend on gnome-doc-utils,1126046277+0000,deb,libgnomeprint2.2-dev libgnomeprintui2.2-dev,https://salsa.debian.org/gnome-team/epiphany-browser,GUI,C,deb,1,0.75,pkg_rule,
09a75929911be7478ae169f3062fa66c2678760d,gnome-doc-utils,libgnomeprint2.2-dev,Change depend on libgnomeprint2.2-dev to libgnomeprintui2.2-dev and also depend on gnome-doc-utils,1126046277+0000,deb,libgnomeprint2.2-dev gnome-doc-utils,https://salsa.debian.org/gnome-team/epiphany-browser,documentation,C,deb,1,0.75,pkg_rule,
09bb27a459c9a6d798a3fe4c00f589fce57e0d03,"glslang-tools
 cmake",glslang,update glslang package name,1532561122-0600,deb,"glslang glslang-tools
 cmake",https://github.com/linuxturtle/VulkanTools,GUI,C++,deb,1,0.9,pkg_rule,
09bff2b954f18ee8533f332bc09dcc7f7c9d6fb1,qtbase5-dev,libqt4-dev,Update dependencies for Qt5,1505489456+0200,deb,libqt4-dev qtbase5-dev,https://salsa.debian.org/debian/brewtarget,GUI,C++,deb,1,0.9,pkg_rule,
09bff2b954f18ee8533f332bc09dcc7f7c9d6fb1,qttools5-dev-tools,libqt4-dev,Update dependencies for Qt5,1505489456+0200,deb,libqt4-dev qttools5-dev-tools,https://salsa.debian.org/debian/brewtarget,GUI,C++,deb,1,0.9,pkg_rule,
09c3c0d3cc0d45c196c6f2c812fafd53205b3887,libhdf5-openmpi-dev,libhdf5-serial-dev,Prepare for upstream release 2.0.16.  Build using libhdf5-mpi rather than -serial.,1223784741+0000,deb,libhdf5-serial-dev libhdf5-openmpi-dev,https://salsa.debian.org/med-team/libminc,Multi Media,C,deb,1,0.85,pkg_rule,
09c64237283194e594a1070c59042a0ee2bb444a,gettext,intltool,"Simplify PO template creation\n\nUse the existing upstream build system instead of a manual call to `intltool-update` and `xgettext` to build systemd.pot. Remove the now obsolete intltool build dependency, but still explicitly keep gettext.",1518639277+0100,deb,intltool gettext,https://github.com/d4s/systemd,other,C,deb,1,0.9,pkg_rule,
09c795fe67ce64db81d91a55cb68080318805896,qtbase5-dev,libqt4-dev,Switch autoconf build to Qt5.,1466547005+0200,deb,libqt4-dev qtbase5-dev,https://github.com/bernhardu/dvbcut-deb,GUI,C++,deb,1,0.9,pkg_rule,
09c795fe67ce64db81d91a55cb68080318805896,qttools5-dev-tools,libqt4-dev,Switch autoconf build to Qt5.,1466547005+0200,deb,libqt4-dev qttools5-dev-tools,https://github.com/bernhardu/dvbcut-deb,GUI,C++,deb,1,0.9,pkg_rule,
09ead65aa8ff325be8c39d44a2bd2f59724c9bc2,libslang2-dev,slang1-dev,* debian/control: use libslang2 instead of slang1.\n\n git-svn-id: file:///srv/caca.zoy.org/var/lib/svn/libcaca/trunk@484 92316355-f0b4-4df1-b90c-862c8a59935f,1119361573+0000,deb,slang1-dev libslang2-dev,https://github.com/Distrotech/libcaca,GUI,C,deb,1,0.85,pkg_rule,
09ed69c7176c617b13c137bd7f821724b7c99258,libsecret-1-dev,libgnome-keyring-dev,[svn-buildpackage] Tagging gvfs 1.22.0-1,1411407886+0000,deb,libgnome-keyring-dev libsecret-1-dev,https://salsa.debian.org/gnome-team/gvfs,cryptography,C,deb,1,0.9,pkg_rule,
09edc59ab900bd011c25e9faca8e86fefb81c70f,libkf5kio-dev,kio-dev,Cala 3.2.7,1557074141+0200,deb,kio-dev libkf5kio-dev,https://github.com/siduction/calamares,File Handling,C++,deb,1,0.9,pkg_rule,
09f9a53f69b1af3dcb02ce6db5aa3c3bd1fb3f71,qtbase5-dev,libqt4-dev,"Build against Qt5 instead of Qt4\n\nqcustomplot is built against Qt5 causing the resulting binary to be linked against both versions, and fail to start.",1406311162+0300,deb,libqt4-dev qtbase5-dev,https://salsa.debian.org/sqlitebrowser-team/sqlitebrowser,GUI,C++,deb,1,0.9,pkg_rule,
890b2ba253e5bc4759f103c38807533fc843d9be,libcurl4-openssl-dev,libcurl4-gnutls-dev,TT#5449 debian: support stretch build\n\n* merge packaging from Debian\n\nChange-Id: If1a8cc31a0914b4ad8abac95cf9b3a37e012a419,1479400369+0100,deb,libcurl4-gnutls-dev libcurl4-openssl-dev,https://github.com/ca4ti/kamailio,network,C,deb,1,0.85,pkg_rule,
890b2ba253e5bc4759f103c38807533fc843d9be,libjson-c-dev,libjson0-dev,TT#5449 debian: support stretch build\n\n* merge packaging from Debian\n\nChange-Id: If1a8cc31a0914b4ad8abac95cf9b3a37e012a419,1479400369+0100,deb,libjson0-dev libjson-c-dev,https://github.com/ca4ti/kamailio,serializing,C,deb,1,0.85,pkg_rule,
890e8a7f4aa0a23e7c38bdb16a07d3153a8d7adf,freeglut3-dev,glutg3-dev,Merge: pinball_0.3.1-12.dsc Tested to rebuild gnu table,1267915264+0000,deb,glutg3-dev freeglut3-dev,https://github.com/NickolasJShoemaker/pinball,GUI,C++,deb,1,0.85,pkg_rule,
89158919eb8e29977209ec3209aedbced3b094ac,qttools5-dev-tools,libqt4-dev,Merge 2bb5cbafdce3e74fbaedac36c1d06d6d399199a3 into 24c5b0326f21ff4b82286aa365679d1ff828af57,1492580041+0000,deb,libqt4-dev qttools5-dev-tools,https://github.com/qgis/QGIS,GUI,C++,deb,1,0.95,pkg_rule,
89158919eb8e29977209ec3209aedbced3b094ac,qtbase5-dev,libqt4-dev,Merge 2bb5cbafdce3e74fbaedac36c1d06d6d399199a3 into 24c5b0326f21ff4b82286aa365679d1ff828af57,1492580041+0000,deb,libqt4-dev qtbase5-dev,https://github.com/qgis/QGIS,GUI,C++,deb,1,0.95,pkg_rule,
89158919eb8e29977209ec3209aedbced3b094ac,qttools5-dev,libqt4-dev,Merge 2bb5cbafdce3e74fbaedac36c1d06d6d399199a3 into 24c5b0326f21ff4b82286aa365679d1ff828af57,1492580041+0000,deb,libqt4-dev qttools5-dev,https://github.com/qgis/QGIS,GUI,C++,deb,1,0.95,pkg_rule,
89167843650d670b9575c2ed72bbc04738dce78c,dh-autoreconf,autotools-dev,"Import Debian packaging from Debian project\n\nThe Debian packaging from the Debian project is better maintained (e.g. it is lintian clean, has a proper copyright file, etc). Reduce the differences by importing the Debian package from the Debian project.\n\nSigned-off-by: Benjamin Drung <benjamin.drung@profitbricks.com>",1519324586+0100,deb,autotools-dev dh-autoreconf,https://github.com/bdrung/mstflint,build,C,deb,1,0.9,pkg_rule,
8926e1e12988f010c11e15cea4a59b512bedce15,libx11-dev,xlibs-dev,"xlibs-dev don't exist anymore, as well as libpng-dev and libgtk-dev. Moreover, we now also support gtk2.",1136927962+0000,deb,xlibs-dev libx11-dev,https://github.com/BlueLibrary/mplayer,GUI,C,deb,1,0.9,pkg_rule,
8926e1e12988f010c11e15cea4a59b512bedce15,x-dev,xlibs-dev,"xlibs-dev don't exist anymore, as well as libpng-dev and libgtk-dev. Moreover, we now also support gtk2.",1136927962+0000,deb,xlibs-dev x-dev,https://github.com/BlueLibrary/mplayer,GUI,C,deb,1,0.9,pkg_rule,
893abd00812145b19b0e05abcbbecae33c8690e5,cmake,autotools-dev,Version 1.7.\n\n,1269508441+0000,deb,autotools-dev cmake,https://github.com/BioPP/bpp-seq,build,C++,deb,1,0.95,pkg_rule,
893c4c51c6e3cff355d9570a22d590f5b0f3d1d0,tox-libopus-dev,libopus-dev,Switch to static tox-libopus from tox.pkg project,1449072317+0300,deb,libopus-dev tox-libopus-dev,https://github.com/abbat/pytoxcore,Multi Media,C,deb,1,0.75,pkg_rule,
893dad0c74bd870ba71aaa4d8e5f8f460b0e2b30,qttools5-dev-tools,libqt4-dev,update to qt5  added systemctl commands  Turkish now complete and added Czech and Indonesian translations.,1397424990+0200,deb,libqt4-dev qttools5-dev-tools,https://github.com/hakaishi/shutdown-qapps,GUI,C++,deb,1,0.9,pkg_rule,
8944fd597ca85a8261e2eb95798503b9876a8ac2,libncursesw5-dev,libncurses5-dev,"requires ncurses with wide character support, so B-D on libncursesw5-dev instead of libncurses5-dev.",1505562194+0200,deb,libncurses5-dev libncursesw5-dev,https://salsa.debian.org/debian/clex,other,C,deb,1,0.9,pkg_rule,
89470b05fac2c4cbad16408916a7045bcaf147d9,dh-autoreconf,autotools-dev,Merge branch 'debian-review' into devel,1444436721+0200,deb,autotools-dev dh-autoreconf,https://github.com/BrainTech/eviacam,build,C++,deb,1,0.95,pkg_rule,
89492329d14bfee1a40cc4872a74dbd9241d3b05,libnss3-dev,libcrypto++-dev,debian: build with libnss instead of crypto++\n\nSigned-off-by: Laszlo Boszormenyi (GCS) <gcs@debian.hu>,1339879196-0700,deb,libcrypto++-dev libnss3-dev,https://github.com/0003ydlom/ceph,cryptography,C++,deb,1,0.95,lib_replacement,
8955c3fef50b32448b7378ab5c9e026ee165b041,dh-autoreconf,autotools-dev,"Switch debian/rules to dh8 and its ""dh and ""override_dh_*"" interface.",1313937277+0000,deb,autotools-dev dh-autoreconf,https://github.com/barak/liboping,build,C,deb,1,0.9,pkg_rule,
896344d6dfae2e6a5a5e3a42e5c2b3d36d54633f,libfftw3-dev,fftw3-dev,Merge branch 'master' into no-return-value,1399663479+0200,deb,fftw3-dev libfftw3-dev,https://github.com/beequ7et/cinelerra-cv,computing,C,deb,1,0.95,pkg_rule,
896448ca0212591dd1980bc9cc3718308f525331,libgd-dev,libgd2-xpm-dev,Change Build-Depends: libgd2-xpm-dev to libgd-dev.,1508878047+0100,deb,libgd2-xpm-dev libgd-dev,https://salsa.debian.org/science-team/brial,Multi Media,C++,deb,1,0.9,pkg_rule,
89673fdc3ceabf2b330de03d47c5ac815c8b4976,libjson-c-dev,libjson0-dev,d/control: Replace b-dep libjson0-dev with libjson-c-dev. Closes: #745009,1408299795-0700,deb,libjson0-dev libjson-c-dev,https://salsa.debian.org/debian/pianobar,serializing,C,deb,1,0.9,pkg_rule,
8978b8db0c2610a1a436d7b9f0f75c27c69620fb,dpkg-dev,hardening-wrapper,debian: Use the new dpkg-dev/debhelper provided hardening.,1328363236-0200,deb,hardening-wrapper dpkg-dev,https://github.com/AOSC-Dev/hfsprogs,build,C,deb,1,0.9,pkg_rule,
898acde6ac503c716698951e5492147761065b90,dh-autoreconf,autoconf,use dh-autoreconf,1313176830+0200,deb,autoconf dh-autoreconf,https://github.com/slyon/debian-libfsoframework,build,C,deb,1,0.85,pkg_rule,
898f439e27c769f5ce859f197282356750045393,dh-autoreconf,autoconf,Use d-shlibs,1397372910+0200,deb,autoconf dh-autoreconf,https://salsa.debian.org/med-team/bambamc,build,C,deb,1,0.9,pkg_rule,
89953e02dabfb6e2184362e76509b831b41a1978,libsystemd-dev,libsystemd-daemon-dev,Switch to libsystemd-dev\n\nCloses: #779745,1482944141+0100,deb,libsystemd-daemon-dev libsystemd-dev,https://salsa.debian.org/md/inn,OS Dev,C,deb,1,0.9,pkg_rule,
8995c68c2a5d13717b0d7528327df7e666d79754,qtbase5-dev,libqt4-dev,d/control: update build-depends\n\nSigned-off-by: Shengjing Zhu <i@zhsj.me>,1504013671+0800,deb,libqt4-dev qtbase5-dev,https://salsa.debian.org/input-method-team/fcitx-libpinyin,GUI,C++,deb,1,0.85,pkg_rule,
89a7d416f360f8fdaef5f7dfbd451f973fa4f4de,dh-autoreconf,autoconf,Use dh-autoreconf. (Closes: #713300),1410367471+0200,deb,autoconf dh-autoreconf,https://salsa.debian.org/science-team/arpackcpp,build,C++,deb,1,0.85,pkg_rule,
89b2f7995470419ca81979a47254209d482bc633,libx11-dev,xlibs-dev,Imported Debian patch 3.1.1-1.1,1137772986-0800,deb,xlibs-dev libx11-dev,https://github.com/JackCap/fcitx,GUI,C,deb,1,0.85,pkg_rule,
89b2f7995470419ca81979a47254209d482bc633,x-dev,xlibs-dev,Imported Debian patch 3.1.1-1.1,1137772986-0800,deb,xlibs-dev x-dev,https://github.com/JackCap/fcitx,GUI,C,deb,1,0.85,pkg_rule,
89c2785794a842dc1f2132355f4b9f2b874f9ee8,dh-r,cdbs,releasing package polspline version 1.1.13-1,1529030730-0500,deb,cdbs dh-r,https://salsa.debian.org/edd/r-cran-polspline,build,C,deb,1,0.9,pkg_rule,
89d9b48dcd6eaad9584cde9e8aee70da903abddc,gem2deb,ruby1.8-dev,Switched package to gem2deb helper,1387220925+0100,deb,ruby1.8-dev gem2deb,https://salsa.debian.org/jelmer/ruby-odbc,GUI,C,deb,1,0.8,pkg_rule,
89d9b48dcd6eaad9584cde9e8aee70da903abddc,gem2deb,ruby1.9.1,Switched package to gem2deb helper,1387220925+0100,deb,ruby1.9.1 gem2deb,https://salsa.debian.org/jelmer/ruby-odbc,build,C,deb,1,0.8,pkg_rule,
89d9b48dcd6eaad9584cde9e8aee70da903abddc,gem2deb,cdbs,Switched package to gem2deb helper,1387220925+0100,deb,cdbs gem2deb,https://salsa.debian.org/jelmer/ruby-odbc,computing,C,deb,1,0.8,pkg_rule,
89d9b48dcd6eaad9584cde9e8aee70da903abddc,gem2deb,ruby-pkg-tools,Switched package to gem2deb helper,1387220925+0100,deb,ruby-pkg-tools gem2deb,https://salsa.debian.org/jelmer/ruby-odbc,computing,C,deb,1,0.8,pkg_rule,
89d9b48dcd6eaad9584cde9e8aee70da903abddc,gem2deb,ruby1.9.1-dev,Switched package to gem2deb helper,1387220925+0100,deb,ruby1.9.1-dev gem2deb,https://salsa.debian.org/jelmer/ruby-odbc,build,C,deb,1,0.8,pkg_rule,
89d9b48dcd6eaad9584cde9e8aee70da903abddc,gem2deb,ruby1.8,Switched package to gem2deb helper,1387220925+0100,deb,ruby1.8 gem2deb,https://salsa.debian.org/jelmer/ruby-odbc,GUI,C,deb,1,0.8,pkg_rule,
89e0cffd12ddf3c0d2f50dbc6bb411744c12f2c7,libudev-dev,libhal-dev,"Import patches-unapplied version 1:0.9.16~test3-0ubuntu1 to ubuntu/karmic\n\nImported using git-ubuntu import.\n\nChangelog parent: a2e8187c3178134f95ce44a9a7657340dabd53b2\n\nNew changelog entries:   * New upstream release   * debian/pulseaudio.postinst:     - Do not create the pulse-rt group any more     - Do not make the pulseaudio binary suid root   * debian/pulseaudio.postrm: Do not try to remove the pulse-rt group   * debian/pulseaudio.preinst: Remove the pulse-rt group on upgrade   * debian/control:     - Suggest rtkit     - Renamed pulseaudio-module-hal and pulseaudio-module-hal-dbg to       pulseaudio-module-udev and pulseaudio-module-udev-dbg respectively     - pulseaudio-module-udev replaces pulseaudio-module-hal     - Bumped libudev-dev requirement to >= 143     - Added build dependencies libICE-dev, libxi-dev, x11proto-core-dev     - Add new package for the rygel-media-server module     - Tighten libasound2-dev and libsndfile1-dev dependencies   * debian/pulseaudio.init: Change all hal references to udev   * debian/patches/0008-clean-out-old-files.patch: Remove non-existant files     from POTFILES.in, patch sent upstream   * Merge from Debian unstable, remaining changes:     - epoch (my stupid fault :S)     - Don't build against, and create jack package. Jack is not in main     - use speex-float-1 resampler to work better with lack of PREEMPT in       karmic's -generic kernel config, also change buffer size     - Add alsa configuration files to route alsa applications via pulseaudio     - Move libasound2-plugins from Recommends to Depends     - Add pm-utils sleep hook to suspend (and resume) users' pulseaudio       daemons     - patch to fix source/sink and suspend-on-idle race     - Make initscript more informative in the default case of per-user       sessions     - add status check for system wide pulseaudio instance     - create /var/run/pulse, and make restart more robust     - LSB {Required-*,Should-*} should specify hal instead of dbus,       since hal is required (and already requires dbus)     - indicate that the system pulseaudio instance is being started from the init       script     - Install more upstream man pages     - Link to pacat for parec man page     - check whether pulseaudio is running before preloading the padsp library     - Add DEB_OPT_FLAG = -O3 as per recommendation from       pulseaudio-discuss/2007-December/001017.html     - cache /usr/share/sounds/ubuntu/stereo/ wav files on pulseaudio load     - Generate a PO template on build     - add special case to disable pulseaudio loading if accessibility/speech       is being used     - the esd wrapper script should not load pulseaudio if pulseaudio is being       used as a system service     - add a pulseaudio apport hook     - fix some typos in README.Debian     - drop padevchooser(Recommends) and pavucontrol (Suggests)     - drop libasyncns-dev build dependency, its in universe     - add libudev-dev as a build-dependency",1249382785+0100,deb,libhal-dev libudev-dev,https://github.com/tobetter/pulseaudio,Multi Media,C,deb,1,0.95,lib_replacement,Deprecation
89e45d4d2158afddb607bf9f1ac50270cf2c6d39,libx11-dev,xlibs-dev,Imported Debian patch 0.9.2-10.1,1137270334-0500,deb,xlibs-dev libx11-dev,https://github.com/d-torrance/wmload,GUI,C,deb,1,0.85,pkg_rule,
89e45d4d2158afddb607bf9f1ac50270cf2c6d39,x-dev,xlibs-dev,Imported Debian patch 0.9.2-10.1,1137270334-0500,deb,xlibs-dev x-dev,https://github.com/d-torrance/wmload,GUI,C,deb,1,0.85,pkg_rule,
89e45d4d2158afddb607bf9f1ac50270cf2c6d39,libxpm-dev,xlibs-dev,Imported Debian patch 0.9.2-10.1,1137270334-0500,deb,xlibs-dev libxpm-dev,https://github.com/d-torrance/wmload,GUI,C,deb,1,0.85,pkg_rule,
89efff708f3911fd6b81a8c28c5f4b355b17f6f6,qtbase5-dev,libqt4-dev,Merge 142e1ec0c141279335f72e43471c3d1d3f9c11ad into e4ba16495e8d8177eb85d6bfcc69089b38753e39,1472210805+0000,deb,libqt4-dev qtbase5-dev,https://github.com/apache/thrift,GUI,C++,deb,1,0.9,pkg_rule,
89f8b570cd575a0a7fc4ca6e40c693e24b09947e,mate-common,gnome-common,build system: Switch to mate-common.,1494836841+0200,deb,gnome-common mate-common,https://github.com/AyatanaIndicators/ayatana-ido,OS Dev,C,deb,1,0.5,lib_replacement,
89f9397d6c9e5608c6d95d472264f12d086fdb77,libmaodbc,libmyodbc,"Version change, changed libmyodbc dependency to libmaodbc",1546116468-0800,deb,libmyodbc libmaodbc,https://github.com/powerpbx/asterisk,database,C,deb,1,0.85,pkg_rule,
0a03a8dc9b50beb09acb86a2d6720b61f2cb64e9,libqtsparql-dev,libqtsparql-tracker-live-dev,Changes: soundsettings: trackerIdToFilename reimplemented with QSparql,1301299152+0300,deb,libqtsparql-tracker-live-dev libqtsparql-dev,https://github.com/deztructor/meegotouch-controlpanelapplets,GUI,C++,deb,1,0.75,pkg_rule,
0a2e0c7e7fbad2c87d2781aa2c3a63ba3022fa9d,quilt,dpatch,Imported Debian patch 1.2.0-2,1221661170+0200,deb,dpatch quilt,https://salsa.debian.org/debian/detox,build,C,deb,1,0.9,pkg_rule,
0a319341598c4d303108d64a657c6cc8ee18fb8e,dh-autoreconf,autotools-dev,"Add patches 09_save_settings.patch and 10_man_typos.patch. Add zapping-dbg.\n\n* 09_save_settings.patch: have actual volume level stored in settings file. * 10_man_typos.patch: fix man typo found by linitan. * 00_automake.patch: updated to fix warnings given by current automake. * Switch to the `3.0 (quilt)' source format. * Bump debhelper compat mode to 8. * debian/rules:   + switch to using dh command and tiny rules format    + call dpkg-buildflags for intial values of CFLAGS and LDFLAGS    + use dh_autoreconf instead of fl-cow. * debian/control:   + bump Standards-Version to 3.9.2 (no changes).   + add zapping-dbg package with debugging symbols for zapping    + remove build dependencies on libartsc0-dev (closes: #620575), quilt,     and autotools-dev, add build dependenency on dh-autoreconf and automake. * Remove debian/README.source file.",1303547378+0200,deb,autotools-dev dh-autoreconf,https://salsa.debian.org/debian/zapping,build,C,deb,1,0.85,pkg_rule,
0a33f572ffb9c370a723bcb617a0dbb5d8f30a66,dh-autoreconf,autotools-dev,Switch to dh-autoreconf as upstream tarball does not ship configure script anymore,1325242562+0100,deb,autotools-dev dh-autoreconf,https://github.com/yoann-dev/gsimplecal_Debian,build,C++,deb,1,0.9,pkg_rule,
0a37cdf7c02ae9070ee2f70e391959477b43960c,dh-autoreconf,autotools-dev,Import patches-unapplied version 2.3.1-2 to debian/sid\n\nImported using git-ubuntu import.\n\nChangelog parent: 5d44a3822420963387becb70c9b026c5aefdbbfc\n\nNew changelog entries:   * Use dh-autoreconf instead of a homegrown autotools target  this fixes     problems caused by config.sub having the wrong permissions in the upstream     tarball.  Closes: #738516.,1396778298+0000,deb,autotools-dev dh-autoreconf,https://github.com/ByteInternet/unixodbc,build,C,deb,1,0.9,pkg_rule,
0a3dd029838c69486d7b084250bc7c846a83503f,openjdk-6-jdk,sun-java6-jdk,updates dependency,1339919576+0900,deb,sun-java6-jdk openjdk-6-jdk,https://github.com/fkanehiro/etc,serializing,C++,deb,1,0.8,lib_replacement,
0a40012cb11e53ed8c902dc183264ed3c818ecaf,qtbase5-dev,libqt4-dev,* Fixed configure script's Qt include directory lookup   for some 64 bit Linux flavours. * Prefer Qt5 over Qt4 by default with configure script.,1437151822+0000,deb,libqt4-dev qtbase5-dev,https://github.com/hayate891/linuxsampler,GUI,C++,deb,1,0.9,lib_replacement,
0a469b1fd04bc5d687fb0b730a69991613aecc3d,qtbase5-dev,qt5-default,Merge d5912d8f845f494420fc769d9ec68e8fa384278b into ef5438d36886b36b13f2902e84091e920585dd15,1649618804+0000,deb,qt5-default qtbase5-dev,https://github.com/marcelraschke/mediaelch,GUI,C++,deb,1,0.9,pkg_rule,
0a4ed83d49098e98866eed649730efc90fc35006,qtbase5-dev,libqt4-dev,Port changes from 3.3 and 3.2 series.,1458251410+0100,deb,libqt4-dev qtbase5-dev,https://salsa.debian.org/openscenegraph-team/openscenegraph-3.4,GUI,C++,deb,1,0.8,pkg_rule,
0a55094dc5d01c1a27c6f86e2ae01b143b439747,libjack-jackd2-dev,libjack-dev,Imported Upstream version 0.9.5,1300392224+0100,deb,libjack-dev libjack-jackd2-dev,https://salsa.debian.org/multimedia-team/hydrogen,Multi Media,C++,deb,1,0.85,pkg_rule,
0a576453593c83db9f31322ee1995d76fd60adbf,qttools5-dev-tools,libqt4-dev,Merge e50972b51856b046d52a5d797bd48121fd4c1322 into 2264661eb364609d4473d65b66c6c19581a568ca,1492331572+0000,deb,libqt4-dev qttools5-dev-tools,https://github.com/qgis/QGIS,GUI,C++,deb,1,0.9,pkg_rule,
0a576453593c83db9f31322ee1995d76fd60adbf,qtbase5-dev,libqt4-dev,Merge e50972b51856b046d52a5d797bd48121fd4c1322 into 2264661eb364609d4473d65b66c6c19581a568ca,1492331572+0000,deb,libqt4-dev qtbase5-dev,https://github.com/qgis/QGIS,GUI,C++,deb,1,0.9,pkg_rule,
0a576453593c83db9f31322ee1995d76fd60adbf,qttools5-dev,libqt4-dev,Merge e50972b51856b046d52a5d797bd48121fd4c1322 into 2264661eb364609d4473d65b66c6c19581a568ca,1492331572+0000,deb,libqt4-dev qttools5-dev,https://github.com/qgis/QGIS,GUI,C++,deb,1,0.9,pkg_rule,
0a81132b948955c52ec2691ae8d066dd2e605965,imx-kernel-api,kernel-cubox-i-dev,use new imx-kernel-api virtual package for kernel headers,1439498224+0800,deb,kernel-cubox-i-dev imx-kernel-api,https://github.com/mxOBS/deb-pkg_gstreamer-imx-1.0,Multi Media,C,deb,1,0.8,pkg_rule,
0a8203fea8eb5292532c6d0f198adf18a0cdde49,qttools5-dev-tools,libqt4-dev,Merge pull request #3 from qgis/master\n\nUpstream merge,1542910386+0100,deb,libqt4-dev qttools5-dev-tools,https://github.com/blazek/QGIS,GUI,C++,deb,1,0.9,pkg_rule,
0a8203fea8eb5292532c6d0f198adf18a0cdde49,qtbase5-dev,libqt4-dev,Merge pull request #3 from qgis/master\n\nUpstream merge,1542910386+0100,deb,libqt4-dev qtbase5-dev,https://github.com/blazek/QGIS,GUI,C++,deb,1,0.9,pkg_rule,
0a8203fea8eb5292532c6d0f198adf18a0cdde49,qttools5-dev,libqt4-dev,Merge pull request #3 from qgis/master\n\nUpstream merge,1542910386+0100,deb,libqt4-dev qttools5-dev,https://github.com/blazek/QGIS,GUI,C++,deb,1,0.9,pkg_rule,
0a843123ef6c79a26181ab217304d6869ac45a7a,dh-autoreconf,autotools-dev,[svn-buildpackage] Tagging cmph 2.0-2,1403725081+0000,deb,autotools-dev dh-autoreconf,https://salsa.debian.org/debian/cmph,build,C,deb,1,0.9,pkg_rule,
0a88b0858fed9ecdd0448fee613c6a06b100a13c,qttools5-dev-tools,libqt4-dev,Merge pull request #3 from CryptoDev-Project/v2\n\nUpdating PEONY to a wallet based on PIVX 3.2.1,1556142683+0100,deb,libqt4-dev qttools5-dev-tools,https://github.com/CryptoDev-Project/peony,GUI,C++,deb,1,0.9,pkg_rule,
0a88b0858fed9ecdd0448fee613c6a06b100a13c,qtbase5-dev,libqt4-dev,Merge pull request #3 from CryptoDev-Project/v2\n\nUpdating PEONY to a wallet based on PIVX 3.2.1,1556142683+0100,deb,libqt4-dev qtbase5-dev,https://github.com/CryptoDev-Project/peony,GUI,C++,deb,1,0.9,pkg_rule,
0a88b0858fed9ecdd0448fee613c6a06b100a13c,qttools5-dev,libqt4-dev,Merge pull request #3 from CryptoDev-Project/v2\n\nUpdating PEONY to a wallet based on PIVX 3.2.1,1556142683+0100,deb,libqt4-dev qttools5-dev,https://github.com/CryptoDev-Project/peony,GUI,C++,deb,1,0.9,pkg_rule,
0a8d936de60cf942dc494886e65d523b2ee7b1b4,dh-autoreconf,autotools-dev,Use dh-autoreconf. Closes: #746690.\n\ngit-svn-id: file:///svn/pkg-gnome/desktop/unstable/gconf@41739 db0db5de-e4c8-0310-9441-90abf70311f7,1400278153+0000,deb,autotools-dev dh-autoreconf,https://salsa.debian.org/gnome-team/gconf,build,C,deb,1,0.9,pkg_rule,
0ab3af9407c1bd9fc830ccf4398525c2a84ff214,aufs-dev,aufs4-headers,"Use renamed packages of source package ""aufs""",1474459206+0200,deb,aufs4-headers aufs-dev,https://github.com/JanLuca/aufs-tools-debian,OS Dev,C,deb,1,0.95,pkg_rule,
0ac0155430dbe2c7b73aefd4e7b4ab08b8dd18d1,cmake,autotools-dev,"Fixing build deps, stripped all the autoconf foo",1425988991+0100,deb,autotools-dev cmake,https://github.com/Code7R/icewm,build,C++,deb,1,0.85,pkg_rule,
0acc523e01827e868e118ab887086520904eb877,libpaper-dev,libpaperg-dev,Import Debian changes 4.34-4\n\ne2ps (4.34-4) unstable  urgency=low\n\n  * Removed ghostview (and easypr) from Suggests field.  (Closes: #289696)\n\ne2ps (4.34-3) unstable  urgency=low\n\n  * Modified multiline strings to single line strings.  (Closes: #195148)\n\ne2ps (4.34-2) unstable  urgency=low\n\n  * Fixed libpaper support.  (Closes: #182066)\n\ne2ps (4.34-1) unstable  urgency=low\n\n  * New Upstream Release.  Now support Japanese in -head option and     seg fault problem without LANG was fixed by upstream author.\n\ne2ps (4.33-1) unstable  urgency=low\n\n  * New Upstream Release.,1105399025+0900,deb,libpaperg-dev libpaper-dev,https://salsa.debian.org/debian/e2ps,documentation,C,deb,1,0.85,pkg_rule,
0adc569d81eb7de3e383a791a5f5a464cd462063,libgeonames-dev,libtimezonemap1-dev,"Merge trunk\n\n* Bump Ubuntu.Content import to 1.3 to prevent mixed version imports   (LP: #1554621) * Only include the ""any data connection"" item when there is a modem   present. (LP: #1560884) * Play haptic feedback when selecting About and Reset from the main   view. (LP: #1560571) * Removed unnecessary mouse-plugin, it was intended for use with   dynamic visibility, which is no longer needed. [ Jim Hodapp ] * Make sure the sound preview plugin can find the QML Audio.audioRole   property. [ jonas-drange ] * Add External Keyboard panel which allows for configuration of the   default keymap. (LP: #1524400, #1491340) * Process pairing attempts for unknown devices correctly (LP:   #1539158) [ Michael Terry ] * Use geonames library instead of timezonemap library to search city   names, which gives us slightly better sorting (and future   improvements) [ Rodney Dawes ] * Fix the CMakeLists.txt to handle settings.js generation and   translations better. (LP: #1555623) [ jonas-drange ] * Replace usage of backgroundText from the selected palette for labels   with baseText from normal palette. [ jonas-drange ] * New VPN panel with happy path test (LP: #1495553) * Rework Bluetooth device discovery handling [ Ken VanDine ] * Added status tracking for updates to be used for system updates.   Added handling of started signal from system-image-dbus as well as   ForceAllowGSMDownload (LP: #1508081) [ Ken VanDine ] * Enable mouse test and use LD_PRELOAD to fix crash running with Xvfb * Hide MouseDoubleClickSpeed and TouchpadDoubleClickSpeed settings   because they are not supported by USC yet. * Use accountsservice for properties instead of gsettings",1459346215+0200,deb,libtimezonemap1-dev libgeonames-dev,https://github.com/Daniel20000522/system-settings,GUI,C++,deb,1,0.95,lib_replacement,Functionality
0ae0099a09762228ef3fef36cd96fc6df6e5bb87,libkf5kio-dev,kio-dev,Update Kio build dependency: kio-dev -> libkf5kio-dev,1528577656+0100,deb,kio-dev libkf5kio-dev,https://github.com/KDE/kubuntu-notification-helper,File Handling,C++,deb,1,0.8,pkg_rule,
0ae9f89096634c66fc152d38a25fbb6e0297a97a,dh-autoreconf,autoconf,"Switch to dh-autoreconf, build-depend on gobject-introspection (>= 0.9.12).",1296351035+0100,deb,autoconf dh-autoreconf,https://salsa.debian.org/bluca/accountsservice,build,C,deb,1,0.9,pkg_rule,
0ae9f89096634c66fc152d38a25fbb6e0297a97a,gobject-introspection,autoconf,"Switch to dh-autoreconf, build-depend on gobject-introspection (>= 0.9.12).",1296351035+0100,deb,autoconf gobject-introspection,https://salsa.debian.org/bluca/accountsservice,build,C,deb,1,0.9,pkg_rule,
0afd9d11f312976db7d0f00e3f68e1b63f267c3a,libelf-dev,libelfg0-dev,debian changes for 2.46\n\nCopied in files from debian sid release of glib 2.46.2-3. Debian patches are applied directly to the main branch and are not present here. [endlessm/eos-sdk#3590],1452118415-0800,deb,libelfg0-dev libelf-dev,https://github.com/LuisBuenanyo/glib,OS Dev,C,deb,1,0.85,pkg_rule,
8a011858287e1ded9bdcaac957a179340e61abcd,libp8-platform-dev,libkodiplatform-dev,[cmake] remove usage of kodi-platform\n\nThe pvr.nextpvr binary addon does not use kodi-platform. Remove existing references from CMakeLists.txt and debian/control. Add dependency to libp8-platform-dev because libkodiplatform-dev pulled that dependency in as a side effect. Fix that bug too by adding an explicit dependency.\n\nSigned-off-by: Olaf Hering <olaf@aepfle.de>,1556798950+0200,deb,libkodiplatform-dev libp8-platform-dev,https://github.com/JHP4911/kodi-pvr-pvr.nextpvr,Multi Media,C++,deb,1,0.9,pkg_rule,
8a01ba091b34389d2c36fcbe1bfdc7a4f3523af1,quilt,cdbs,"Import Debian changes 16.04.1+17.04.20170109.1-0ubuntu1\n\nlibdbusmenu (16.04.1+17.04.20170109.1-0ubuntu1) zesty  urgency=medium\n\n  [ Dmitry Shachnev ]   * Fix build with --enable-massivedebugging\n\n  [ Marco Trevisan (Treviño) ]   * debian/control: add gnome-common as build dependency for autogen.sh""     debian/control\n\nlibdbusmenu (16.04.1+16.10.20160927.2-0ubuntu1) yakkety  urgency=medium\n\n  [ Marco Trevisan (Treviño) ]   * New upstream release\n\n  [ Albert Astals Cid ]   * genericmenuitem: Make accelerator text appear again (LP: #1628196)",1483976329+0000,deb,cdbs quilt,https://salsa.debian.org/debian-ayatana-team/libdbusmenu,build,C,deb,1,0.9,pkg_rule,
8a02fc8b8d91e2758d8d9f84b016e6c28c57e52f,cmake,autotools-dev,Initial changes for GMT 5 series.,1395306200+0100,deb,autotools-dev cmake,https://github.com/cvvergara/gmt-OSGeoLive,build,C,deb,1,0.85,pkg_rule,
8a0778d69555c8080aead4d5590b0fa837759212,libfftw3-dev,fftw3-dev,Fix for cross build. Signed-off-by: Kumar Appaiah <akumar@ee.iitm.ac.in>,1198118718+0530,deb,fftw3-dev libfftw3-dev,https://github.com/kumanna/itpp-debian,computing,C++,deb,1,0.9,pkg_rule,
8a2453c52aac6e53bef5d50e7cbd0e5003eda92d,qtbase5-dev,libqt4-dev,Depend on QT 5,1444120993+0200,deb,libqt4-dev qtbase5-dev,https://github.com/Aadarsh001/openjfx,GUI,C++,deb,1,0.92,lib_replacement,
8a26005d162fbaee9b655f0f3ea2e044f1e1aeb3,dh-autoreconf,autotools-dev,"mangler: Use dh-autoreconf, update standards version to 3.9.5\n\n",1392811575+0000,deb,autotools-dev dh-autoreconf,https://salsa.debian.org/wpanlener-guest/mangler,build,C,deb,1,0.9,pkg_rule,
8a2a174e9f15391e18da69b867bdefdd7318ed04,dh-autoreconf,autotools-dev,"Import Debian changes 0.2.78-2\n\npartclone (0.2.78-2) unstable  urgency=medium\n\n  * modified the build system to compile fail-mbr.bin only with x86     architectures.   * the binary file fail-mbr/fail-mbr.bin.orig is no longer removed, it used as     a comparison for successful builds, or as a file to copy for non-x86     architectures. The file fail-mbr/compile.sh does this job.   * documented this peculiarity in debian/README.source  Closes: #784975   * simplified d/rules by using ""--with autoreconf"" and d/control by using the     build-dependency on dh-autoreconf",1431518759+0200,deb,autotools-dev dh-autoreconf,https://github.com/nabijaczleweli/partclone.deb,build,C,deb,1,0.9,pkg_rule,
8a2a174e9f15391e18da69b867bdefdd7318ed04,dh-autoreconf,autoconf,"Import Debian changes 0.2.78-2\n\npartclone (0.2.78-2) unstable  urgency=medium\n\n  * modified the build system to compile fail-mbr.bin only with x86     architectures.   * the binary file fail-mbr/fail-mbr.bin.orig is no longer removed, it used as     a comparison for successful builds, or as a file to copy for non-x86     architectures. The file fail-mbr/compile.sh does this job.   * documented this peculiarity in debian/README.source  Closes: #784975   * simplified d/rules by using ""--with autoreconf"" and d/control by using the     build-dependency on dh-autoreconf",1431518759+0200,deb,autoconf dh-autoreconf,https://github.com/nabijaczleweli/partclone.deb,build,C,deb,1,0.9,pkg_rule,
8a2dc3ad7ffc96f8f1ac376b3e5c2279bc619d21,libxul-dev,iceape-dev,"Import patches-applied version 0.9.9a-2ubuntu1 to applied/ubuntu/jaunty\n\nImported using git-ubuntu import.\n\nChangelog parent: 97dfccc3b62a19fe409be38444629a9ff9d9a5b3 Unapplied parent: 96daf8e19219fea72264c3601a2ddeeb10ce6143\n\nNew changelog entries:   * Merge from debian which includes a small security fix.   * Adjusted Vcs fields to point to pkg-multimedia's git branch. The     package is maintained in the 'jaunty' branch.   * Remaining changes to debian:     - build against libxul-dev instead of iceape-dev     - build against libass-dev and libx264-dev     - build against and install libx264 plugin     - add Xb-Npp header to vlc package     - debian/patches/301_DVD_media.diff: Change %U to %f        in VLC .desktop file, cf LP #275043     - Remove arts from dependencies. (LP: #320915)       - debian/control:         - Remove libarts1-dev from build depends         - Don't build package vlc-plugin-arts         - Remove all notions of vlc-plugin-arts from packages descriptions       - debian/rules:         - Remove --enable-arts from confflags       - Delete debian/vlc-plugin-arts.install       - Delete debian/vlc-plugin-arts.links",1240077177+0200,deb,iceape-dev libxul-dev,https://github.com/omunroe-com/ubtvlc,GUI,C,deb,1,0.9,lib_replacement,
8a2dc3ad7ffc96f8f1ac376b3e5c2279bc619d21,libx264-dev,iceape-dev,"Import patches-applied version 0.9.9a-2ubuntu1 to applied/ubuntu/jaunty\n\nImported using git-ubuntu import.\n\nChangelog parent: 97dfccc3b62a19fe409be38444629a9ff9d9a5b3 Unapplied parent: 96daf8e19219fea72264c3601a2ddeeb10ce6143\n\nNew changelog entries:   * Merge from debian which includes a small security fix.   * Adjusted Vcs fields to point to pkg-multimedia's git branch. The     package is maintained in the 'jaunty' branch.   * Remaining changes to debian:     - build against libxul-dev instead of iceape-dev     - build against libass-dev and libx264-dev     - build against and install libx264 plugin     - add Xb-Npp header to vlc package     - debian/patches/301_DVD_media.diff: Change %U to %f        in VLC .desktop file, cf LP #275043     - Remove arts from dependencies. (LP: #320915)       - debian/control:         - Remove libarts1-dev from build depends         - Don't build package vlc-plugin-arts         - Remove all notions of vlc-plugin-arts from packages descriptions       - debian/rules:         - Remove --enable-arts from confflags       - Delete debian/vlc-plugin-arts.install       - Delete debian/vlc-plugin-arts.links",1240077177+0200,deb,iceape-dev libx264-dev,https://github.com/omunroe-com/ubtvlc,Multi Media,C,deb,1,0.9,lib_replacement,
8a381519b7a8e54054d8544025182c6236c0c31c,dh-autoreconf,autoconf,git-debimport tftp-hpa_5.2-10.debian.tar.xz,1370433537+0200,deb,autoconf dh-autoreconf,https://salsa.debian.org/ron/tftp-hpa,build,C,deb,1,0.9,pkg_rule,
8a512b3945986e52aa6c11caac9212f26dd484cb,dh-autoreconf,autoconf,git-debimport libxfont_1.4.5-2.diff.gz,1392176229+0900,deb,autoconf dh-autoreconf,https://github.com/ystk/debian-libxfont,build,C,deb,1,0.9,pkg_rule,
8a58a91cceec6f408efe19e43dba16fc8f0e7e96,libcurl4-openssl-dev,libcurl4-gnutls-dev,Merge pull request #28 from bafna/hammer\n\nChanging the curl library from gnutls to openssl.,1459009558+0530,deb,libcurl4-gnutls-dev libcurl4-openssl-dev,https://github.com/bafna/ceph,network,C++,deb,1,0.99,lib_replacement,
8a92653c893e7ccbe5b38a5153ff0e7b357a8e33,libboost-math-dev,libboost-math,fixed libboost-math dependency,1307485259+0000,deb,libboost-math libboost-math-dev,https://github.com/wuan/bo-tracker,computing,C++,deb,1,0.9,pkg_rule,
8aa8e4ea070d03562798497f1d4ec7c8f678a14a,dh-autoreconf,autotools-dev,git-debimport gconf_3.2.6-3.debian.tar.xz,1428931280+0900,deb,autotools-dev dh-autoreconf,https://github.com/ystk/debian-gconf,build,C,deb,1,0.85,pkg_rule,
8aba9b9ae53ba8a14c1949ecd72976785a92341f,cmake,autotools-dev,Pushed 1.7 version.,1331592738+0100,deb,autotools-dev cmake,https://salsa.debian.org/debian-gis-team/liblas,build,C++,deb,1,0.9,pkg_rule,
8ac44a5ed75609efaacea83f8dc3f04de3b2abae,qtbase5-dev,qt5-default,fix: issues with creating debian package,1581495005+0800,deb,qt5-default qtbase5-dev,https://github.com/linuxdeepin/open-with-dialog,GUI,C++,deb,1,0.85,pkg_rule,
8ada5f8a931bbd53072d0b13beb8ae2451036a49,qtbase5-dev,libqt4-dev,Prepare debian files to build qt5 version,1540844143+0000,deb,libqt4-dev qtbase5-dev,https://salsa.debian.org/science-team/qucs,GUI,C++,deb,1,0.8,pkg_rule,
8ada5f8a931bbd53072d0b13beb8ae2451036a49,qttools5-dev,libqt4-dev,Prepare debian files to build qt5 version,1540844143+0000,deb,libqt4-dev qttools5-dev,https://salsa.debian.org/science-team/qucs,GUI,C++,deb,1,0.8,pkg_rule,
8ada5f8a931bbd53072d0b13beb8ae2451036a49,qttools5-dev-tools,libqt4-dev,Prepare debian files to build qt5 version,1540844143+0000,deb,libqt4-dev qttools5-dev-tools,https://salsa.debian.org/science-team/qucs,GUI,C++,deb,1,0.8,pkg_rule,
8af210661bf030143aec87afa56da54a30074747,qtbase5-dev,libqt4-dev,Enable Qt5.,1438162574+0100,deb,libqt4-dev qtbase5-dev,https://salsa.debian.org/science-team/magics,GUI,C++,deb,1,0.85,pkg_rule,
8af5a1c058d54c7a7f46e70360a2e29460a4c912,unity-settings-daemon-dev,gnome-settings-daemon-dev,Compile with unity-settings-daemon instead of gnome-settings-daemon,1391791225+0000,deb,gnome-settings-daemon-dev unity-settings-daemon-dev,https://github.com/khurshid-alam/Unity-Control-Center,OS Dev,C,deb,1,0.95,lib_replacement,
8afc9628d3422beba4123a5b25d566a177bb4e39,libgl1-mesa-dev,xlibmesa-gl-dev,"Import patches-applied version 0.8.6.release.h-1ubuntu1 to applied/ubuntu/intrepid\n\nImported using git-ubuntu import.\n\nChangelog parent: c1027974e17270b4f41dc52009b2ccc8a6864202 Unapplied parent: e6c0bde3b49a1900d257cf8550db86c34c99e15c\n\nNew changelog entries:   * Merge from Debian unstable. (LP: #238873, #243450, #245563)     Remaining changes:     - Add PulseAudio support.     - Enable (and build-depend on) x264 support.     - Add Xb-Npp-.* fields to mozilla-plugin-vlc, for the Firefox plugin       finder service.     - Clean up debian/vlc.desktop.     - Make vlc recommend vlc-plugin-pulse.     - Install link to plugin in xulrunner 1.9 plugin directory.     - Build against xul rather then iceape.     - Rename the upstream tarball to match old Ubuntu convention.     - Modify Maintainer value to match the DebianMaintainerField       specification.   [ Christophe Mutricy ]   * Acknowledge NMU by Nico Golde. Thanks.   * Acknowledge NMU by Mike Hommey. Thanks.   * New security upstrem release     - Fix buffer overflow (CVE-2008-1881)     - Fix out of bound array access (CVE-2008-1769)     - Fix various integer overflow in MP4 demuxer, Cinepak, RTSP       (CVE-2008-1489, CVE-2008-1768)     - Remove 105_min_mkv.patch, 400-CVE-2008-1489.diff and       401-CVE-2008-0073.diff, 402-CVE-2008-1881, 403-CVE-2008-1768.diff       and 404-CVE-2008-1881 integrated upstream   * Remove old transitional packages: vlc-plugin-alsa and wxvlc     (Closes: #477543, #477545)   * Add some magic for reportbug to ask people to remove their plugin cache     and get the info for vlc-nox and libvlc0 also.   [ Reinhard Tartler ]   * added a watch file   * new upstream release, refreshing patches   [ Christophe Mutricy ]   * Fix buffer overflow in Wav demux.(CVE-2008-2430)(Closes: #489004)     (Patch taken from upstream: 401-CVE-2008-2430.diff)",1215345206+1000,deb,xlibmesa-gl-dev libgl1-mesa-dev,https://github.com/omunroe-com/ubtvlc,GUI,C,deb,1,0.95,pkg_rule,
0b06a7ab34d86181c4f693686d9ae3d63f3f03f8,qtbase5-dev,libqt4-dev,control file fix\n\nwebsite and dependencies,1510159067+0100,deb,libqt4-dev qtbase5-dev,https://github.com/davy7125/polyphone,GUI,C++,deb,1,0.9,pkg_rule,
0b0a2ac9c78401d9dbbfe9ef659d6f38377fc54b,dh-autoreconf,autoconf,Merge branch 'experimental'\n\nConflicts: 	debian/changelog 	debian/control.in 	debian/patches/series 	debian/rules,1463760760+0200,deb,autoconf dh-autoreconf,https://salsa.debian.org/debian-gis-team/hdf4,build,C,deb,1,0.9,pkg_rule,
0b0dd8491041fdc8a442c40ec496540f3520ce99,qttools5-dev-tools,libqt4-dev,Merge bc0ecf4533ee409081bf64334dab7144d9c4603c into 922b162b867efa15336aa5e2a4ce054aa9463bb3,1494867240+0000,deb,libqt4-dev qttools5-dev-tools,https://github.com/qgis/QGIS,GUI,C++,deb,1,0.9,pkg_rule,
0b0dd8491041fdc8a442c40ec496540f3520ce99,qtbase5-dev,libqt4-dev,Merge bc0ecf4533ee409081bf64334dab7144d9c4603c into 922b162b867efa15336aa5e2a4ce054aa9463bb3,1494867240+0000,deb,libqt4-dev qtbase5-dev,https://github.com/qgis/QGIS,GUI,C++,deb,1,0.9,pkg_rule,
0b0dd8491041fdc8a442c40ec496540f3520ce99,qttools5-dev,libqt4-dev,Merge bc0ecf4533ee409081bf64334dab7144d9c4603c into 922b162b867efa15336aa5e2a4ce054aa9463bb3,1494867240+0000,deb,libqt4-dev qttools5-dev,https://github.com/qgis/QGIS,GUI,C++,deb,1,0.9,pkg_rule,
0b1ca017fe9092640107467f31e956e5d298b4e3,libcurl4-openssl-dev,libcurl4-gnutls-dev,Debian files for 0.8.4-1fremantle1,1293393703+0100,deb,libcurl4-gnutls-dev libcurl4-openssl-dev,https://github.com/bertogg/vagalume,network,C,deb,1,0.9,pkg_rule,
0b1e350fa16d8c7bacc7e060bcf938201b8bc29e,libefivar-dev,efivar-dev,use libefivar-dev instead of efivar-dev\n\nOriginally commit 12151d940d6fdb7672d9dcf411ee2b3175081900,1402087877-0500,deb,efivar-dev libefivar-dev,https://salsa.debian.org/efi-team/efibootmgr,OS Dev,C,deb,1,0.9,pkg_rule,
0b3473d96ee67f92d7e7d8c8d07ef80c4aee5b74,mpich-bin,mpich,Change MPI package name to keep up with Debian Unstable,1130432940+0200,deb,mpich mpich-bin,https://github.com/FreeFem/FreeFem-sources,computing,C++,deb,1,0.9,pkg_rule,
0b4075e13153aa44a12340943689c681d99b0056,dh-r,cdbs,* Bump Standards-Version to 4.1.0.   * Bump debhelper to 10.   * Switch to automatic dbgsym package.   * Convert to dh-r.   * cme fix dpkg-control.   * Use secure VCS URI.,1505429066+0000,deb,cdbs dh-r,https://salsa.debian.org/r-pkg-team/r-other-mott-happy,build,C,deb,1,0.9,pkg_rule,
0b478079cf608bd14106d952524b56e5e492d190,dh-autoreconf,autoconf,Recreate autoconf files before build,1385039616+0700,deb,autoconf dh-autoreconf,https://github.com/embstd/epsoneplijs,build,C,deb,1,0.9,pkg_rule,
0b48eced0ddc46a65369f298f76af8080630e7ae,appstream-util,appdata-tools,Import patches-unapplied version 3.14.2-0ubuntu2 to ubuntu/vivid-proposed\n\nImported using git-ubuntu import.\n\nChangelog parent: 08b581a50d5635e73ec2a67d699f6b8fc39f644a\n\nNew changelog entries:   * Change appdata-tools b-dep to appstream-util,1423862721+1100,deb,appdata-tools appstream-util,https://github.com/monkeyking/gnome-terminal,Command Line,C,deb,1,0.5,pkg_rule,
0b55e1f16a194aad93c8688e0617fac6a158729f,libcurl4-gnutls-dev,libcurl4-openssl-dev,Merge tag 'debian/4.3.30-dfsg-1' into jessie\n\nConflicts: 	debian/changelog,1440762121+0200,deb,libcurl4-openssl-dev libcurl4-gnutls-dev,https://github.com/Free2021Group/virtualbox,network,C++,deb,1,0.9,pkg_rule,
0b5639d6bdeed2fa50cd9d6b22168c6b72326986,qtbase5-dev,libqt4-dev,Updated debian specs to qt5 build,1566652949+0000,deb,libqt4-dev qtbase5-dev,https://github.com/latchdevel/QMC2,GUI,C++,deb,1,0.85,pkg_rule,
0b5639d6bdeed2fa50cd9d6b22168c6b72326986,qttools5-dev-tools,libqt4-dev,Updated debian specs to qt5 build,1566652949+0000,deb,libqt4-dev qttools5-dev-tools,https://github.com/latchdevel/QMC2,GUI,C++,deb,1,0.85,pkg_rule,
0b58626323e7ccc7d3ab57538a8fee5d9ddc9b6a,dh-exec,cdbs,prepare for release,1411984973+0000,deb,cdbs dh-exec,https://github.com/kytvi2p/qTox,build,C++,deb,1,0.9,pkg_rule,
0b5a8794aca473e16eee2d041d6ba46b5a7d942c,dh-autoreconf,autotools-dev,Use dh-autoreconf instead of autotools-dev to fix FTBFS on ppc64el.,1387958560-0500,deb,autotools-dev dh-autoreconf,https://salsa.debian.org/SpaceWhite-guest/curlpp,build,C++,deb,1,0.95,lib_replacement,BugIssue
0b5e3ec18ff4a5f8dcef6c7e87ebd32a5f4a7821,opensp,jade,Replace sp and jade with opensp and openjade.,1473490459+0200,deb,jade opensp,https://salsa.debian.org/debian/privoxy,network,C,deb,1,0.9,lib_replacement,
0b5e3ec18ff4a5f8dcef6c7e87ebd32a5f4a7821,opensp,sp,Replace sp and jade with opensp and openjade.,1473490459+0200,deb,sp opensp,https://salsa.debian.org/debian/privoxy,network,C,deb,1,0.9,lib_replacement,
0b6acda33f620d0c63ee261f1cd75bdd2788c3d9,libgoogle-perftools-dev [i386 amd64],libtcmalloc-minimal0 [i386 amd64],"Build-depend on libgoogle-perftools-dev instead of libtcmalloc-minimal0.\n\nCloses: #673527, #674822.\n\n",1338167440+0000,deb,libtcmalloc-minimal0 [i386 amd64] libgoogle-perftools-dev [i386 amd64],https://salsa.debian.org/med-team/mira,serializing,C,deb,1,0.85,pkg_rule,
0b6c4e7cabe0d1b373d6735b39cd8ec578b80d9d,dh-autoreconf,autotools-dev,Merge branch 'debian' into ubuntu\n\nConflicts: 	debian/control,1318263406+0300,deb,autotools-dev dh-autoreconf,https://salsa.debian.org/freeipa-team/obsolete/389-adminutil,build,C,deb,1,0.9,pkg_rule,
0b6c4e7cabe0d1b373d6735b39cd8ec578b80d9d,dh-autoreconf,autoconf,Merge branch 'debian' into ubuntu\n\nConflicts: 	debian/control,1318263406+0300,deb,autoconf dh-autoreconf,https://salsa.debian.org/freeipa-team/obsolete/389-adminutil,build,C,deb,1,0.9,pkg_rule,
0b80e0c9943d67d51811d3f63d6bb8ed3551361e,yelp-tools,gnome-doc-utils,"debian/control.in: Drop build-depends on itstool and rarian-compat, run w",1364061867+0000,deb,gnome-doc-utils yelp-tools,https://salsa.debian.org/gnome-team/gnome-system-monitor,documentation,C++,deb,1,0.85,pkg_rule,
0b98488375f94589dcf6e56a290f6e7e5875cb62,cmake,scons,Merge commit 'upstream/0.9.6_beta1'\n\nConflicts: 	.gitignore,1327626351+0100,deb,scons cmake,https://salsa.debian.org/multimedia-team/hydrogen,GUI,C++,deb,1,0.9,pkg_rule,
0b9c3a4d74544e813e1d19034b4e4c1cb6bc0e46,libfftw3-dev,fftw3-dev,Merge branch 'master' of ligo-vcs.phys.uwm.edu:/usr/local/git/lalsuite into upv_commit,1327093891-0800,deb,fftw3-dev libfftw3-dev,https://github.com/ADACS-Australia/ADACS-SS18A-RSmith,computing,C,deb,1,0.9,pkg_rule,
0b9c3a4d74544e813e1d19034b4e4c1cb6bc0e46,libfftw3-dev,fftw3-dev,Merge branch 'master' of ligo-vcs.phys.uwm.edu:/usr/local/git/lalsuite into upv_commit,1327093891-0800,deb,fftw3-dev libfftw3-dev,https://github.com/ADACS-Australia/ADACS-SS18A-RSmith,computing,C,deb,1,0.9,pkg_rule,
0b9fa9b85b3b0c1ad906c7bac6e1387e4fd077cc,default-libmysqlclient-dev,libmysqlclient-dev,Merge branch 'master' of ssh://github.com/schafdog/csync2,1576541476+0100,deb,libmysqlclient-dev default-libmysqlclient-dev,https://github.com/schafdog/csync2,database,C,deb,1,0.9,pkg_rule,
0ba880c0ed1967afd7b1f09ef6a1674f65890332,dh-autoreconf,autoconf,rewrite rules file\n\n- remove anything thats not required - use debhelper where possible,1416657214+0100,deb,autoconf dh-autoreconf,https://github.com/boritv/irqbalanced,build,C,deb,1,0.85,pkg_rule,
0ba880c0ed1967afd7b1f09ef6a1674f65890332,autotools-dev,automake,rewrite rules file\n\n- remove anything thats not required - use debhelper where possible,1416657214+0100,deb,automake autotools-dev,https://github.com/boritv/irqbalanced,build,C,deb,1,0.85,pkg_rule,
0be3b125e651d426c1d79891c9086c446e2e4f4d,dh-autoreconf,autotools-dev,"debian: update pam_nfc, mfoc and libfreefare packages to use dh7.",1305907211+0000,deb,autotools-dev dh-autoreconf,https://github.com/10100010meow/libfreefare,build,C,deb,1,0.85,pkg_rule,
0bf001b13ff7386e45dde7d918b45b9e34f722cf,libsecret-1-dev,libgnome-keyring-dev,[svn-buildpackage] Tagging gvfs 1.24.1-1,1429019839+0000,deb,libgnome-keyring-dev libsecret-1-dev,https://salsa.debian.org/gnome-team/gvfs,cryptography,C,deb,1,0.9,pkg_rule,
8b03ecc4761046332d71abfeefd8af49ffd47d37,dh-autoreconf,autotools-dev,debian/: dh-autoreconf usage applied,1407586835+0200,deb,autotools-dev dh-autoreconf,https://salsa.debian.org/andrewsh/inkscape,build,C++,deb,1,0.7,pkg_rule,
8b09bde43d626c79b80144914bc8fb3501c93ede,qemu-kvm [i386 kfreebsd-i386 kopensolaris-i386 any-amd64],qemu-utils [!hurd-any],"Import patches-unapplied version 1.99-14ubuntu1 to ubuntu/precise\n\nImported using git-ubuntu import.\n\nChangelog parent: 3fc6c6410a2be15656ea35af56ff3536947ecf7d\n\nNew changelog entries:   * Resynchronise with Debian.  Remaining changes:     - Adjust for default Ubuntu boot options (""quiet splash"").     - Default to hiding the menu  holding down Shift at boot will show it.     - Set a monochromatic theme and an appropriate background for Ubuntu.     - Apply Ubuntu GRUB Legacy changes to legacy update-grub script.     - Fix backslash-escaping in merge_debconf_into_conf.     - Remove ""GNU/Linux"" from default distributor string.     - Add crashkernel option.     - Bypass menu unless other OSes are installed or Shift is pressed.     - Allow Shift to interrupt 'sleep --interruptible'.     - Reduce visual clutter in normal mode.     - Remove verbose messages printed before reading configuration.     - Suppress kernel/initrd progress messages, except in recovery mode.     - Show the boot menu if the previous boot failed.     - Don't generate device.map during grub-install or grub-mkconfig.     - Adjust upgrade version checks for Ubuntu.     - Suppress ""GRUB loading"" message unless Shift is held down.     - Adjust versions of grub-doc and grub-legacy-doc conflicts.     - Fix LVM/RAID probing in the absence of /boot/grub/device.map.     - Look for .mo files in /usr/share/locale-langpack first.     - Build-depend on qemu-kvm rather than qemu-system for grub-pc tests.     - Check hardware support before using gfxpayload=keep.     - Put second and subsequent Linux menu entries in a submenu.     - Preferred resolution detection for VBE.     - Set vt.handoff=7 for smooth handoff to kernel graphical mode.     - Update default/grub.md5sum to include maverick's default md5sum.     - In recovery mode, add nomodeset to the Linux kernel arguments, and       remove the 'set gfxpayload=keep' command.     - Skip Windows os-prober entries on Wubi systems, and suppress the menu       by default if those are the only other-OS entries.     - Handle probing striped DM-RAID devices.     - Replace 'single' by 'recovery' when friendly-recovery is installed.",1322414449+0000,deb,qemu-utils [!hurd-any] qemu-kvm [i386 kfreebsd-i386 kopensolaris-i386 any-amd64],https://github.com/delphix/grub2,OS Dev,C,deb,1,0.9,pkg_rule,
8b09bde43d626c79b80144914bc8fb3501c93ede,qemu-kvm [i386 kfreebsd-i386 kopensolaris-i386 any-amd64],qemu-system [i386 kfreebsd-i386 kopensolaris-i386 any-amd64],"Import patches-unapplied version 1.99-14ubuntu1 to ubuntu/precise\n\nImported using git-ubuntu import.\n\nChangelog parent: 3fc6c6410a2be15656ea35af56ff3536947ecf7d\n\nNew changelog entries:   * Resynchronise with Debian.  Remaining changes:     - Adjust for default Ubuntu boot options (""quiet splash"").     - Default to hiding the menu  holding down Shift at boot will show it.     - Set a monochromatic theme and an appropriate background for Ubuntu.     - Apply Ubuntu GRUB Legacy changes to legacy update-grub script.     - Fix backslash-escaping in merge_debconf_into_conf.     - Remove ""GNU/Linux"" from default distributor string.     - Add crashkernel option.     - Bypass menu unless other OSes are installed or Shift is pressed.     - Allow Shift to interrupt 'sleep --interruptible'.     - Reduce visual clutter in normal mode.     - Remove verbose messages printed before reading configuration.     - Suppress kernel/initrd progress messages, except in recovery mode.     - Show the boot menu if the previous boot failed.     - Don't generate device.map during grub-install or grub-mkconfig.     - Adjust upgrade version checks for Ubuntu.     - Suppress ""GRUB loading"" message unless Shift is held down.     - Adjust versions of grub-doc and grub-legacy-doc conflicts.     - Fix LVM/RAID probing in the absence of /boot/grub/device.map.     - Look for .mo files in /usr/share/locale-langpack first.     - Build-depend on qemu-kvm rather than qemu-system for grub-pc tests.     - Check hardware support before using gfxpayload=keep.     - Put second and subsequent Linux menu entries in a submenu.     - Preferred resolution detection for VBE.     - Set vt.handoff=7 for smooth handoff to kernel graphical mode.     - Update default/grub.md5sum to include maverick's default md5sum.     - In recovery mode, add nomodeset to the Linux kernel arguments, and       remove the 'set gfxpayload=keep' command.     - Skip Windows os-prober entries on Wubi systems, and suppress the menu       by default if those are the only other-OS entries.     - Handle probing striped DM-RAID devices.     - Replace 'single' by 'recovery' when friendly-recovery is installed.",1322414449+0000,deb,qemu-system [i386 kfreebsd-i386 kopensolaris-i386 any-amd64] qemu-kvm [i386 kfreebsd-i386 kopensolaris-i386 any-amd64],https://github.com/delphix/grub2,OS Dev,C,deb,1,0.9,pkg_rule,
8b1553e6f3d38c9f3e89368ee0e573c8968c9e79,x11proto-core-dev,x-dev,Imported Debian patch 3.02-2,1270244449-0400,deb,x-dev x11proto-core-dev,https://github.com/hinki1/xpdf-nopoppler,GUI,C++,deb,1,0.9,pkg_rule,
8b1687ba6828cbd6d749dc503a4df7ff0f9ede65,libglib2.0-dev,libgtk2.0-dev,"* debian/control.in:   - Drop Build-Depends on libgnomeui-dev, libgnomeprintui2.2-dev,     libpopt-dev and gconf2.   - Update Build-Depends on libgtk2.0-dev to libgtk-3-dev (>= 3.0.0).   - Update Build-Depends on libgail-dev to libgail-3-dev.   - Bump Build-Depends on intltool to (>= 0.41.1).   - Bump Build-Depends on gnome-doc-utils to (>= 0.9.0).   - Add Build-Depends on libglib2.0-dev (>= 2.26).",1317947398+0000,deb,libgtk2.0-dev libglib2.0-dev,https://salsa.debian.org/gnome-team/ghex,GUI,C,deb,1,0.85,pkg_rule,
8b2039627a65caaf1aac21b2ddde36df956ecaf7,libcurl4-openssl-dev,libcurl4-gnutls-dev,Changing the curl library from gnutls to openssl,1459008560+0530,deb,libcurl4-gnutls-dev libcurl4-openssl-dev,https://github.com/bafna/ceph,network,C++,deb,1,0.99,lib_replacement,
8b3086501c2082c11fb42b96568d84b2e45c7e2d,libjson-c-dev,libjson0-dev,sync with latest debian package,1456331411+0200,deb,libjson0-dev libjson-c-dev,https://github.com/AgalyaR/opensips,serializing,C,deb,1,0.9,pkg_rule,
8b388346e3ce1873c39fba91311c740f6b581d34,qtbase5-dev,libqt4-dev,Update build dependencies,1455317794+0100,deb,libqt4-dev qtbase5-dev,https://salsa.debian.org/jan/zurl,GUI,C++,deb,1,0.9,pkg_rule,
8b38faabd0c95d529671d153ec1b240214ac12f3,libglib2.0-dev,libgtk2.0-dev,Update trunk with new pygobject version.\n\ngit-svn-id: https://vcs.maemo.org/svn/pymaemo@926 f8ba266b-2117-0410-b6ba-c3dd9a426789,1238789196+0000,deb,libgtk2.0-dev libglib2.0-dev,https://github.com/maemo-leste/pymaemo-svn,GUI,C,deb,1,0.9,pkg_rule,
8b3c3d628b275a54654a53501b98eb4873ef0469,pop-libaccountsservice-dev,libaccountsservice-dev,Use pop-accountsservice,1503700404-0600,deb,libaccountsservice-dev pop-libaccountsservice-dev,https://github.com/digideskio/gnome-initial-setup,OS Dev,C,deb,1,0.85,pkg_rule,
8b3e545dc9f68d55809df0858415c591e3325892,dh-autoreconf,autotools-dev,"Use dh_autoreconf instead of manually munging config.{guess,sub}.",1406431674+0000,deb,autotools-dev dh-autoreconf,https://salsa.debian.org/debian/nas,build,C,deb,1,0.75,pkg_rule,
8b45961df97d70b4130cb55d0236e6d6a59592d5,libudev-dev,libselinux1-dev,"Import patches-unapplied version 0.8.1-4 to debian/sid\n\nImported using git-ubuntu import.\n\nChangelog parent: 94344b3101b421cc4abbe420f75e194ce302956f\n\nNew changelog entries:   [ Didier Roche ]   * Cherry-pick commit to fix a race condition when canmount=off     (LP: #1837717) (synced from 0.8.1-1ubuntu8).   [ Fabian Grünbichler ]   * cherry-pick compat fix for CONFIG_X86_DEBUG_FPU (Closes: #934282)   [ Mo Zhou ]   * Drop lib{attr,selinux}1-dev from B-D  add lib{aio,udev,elf}-dev to B-D.     (LP: #1837544) (See https://github.com/zfsonlinux/zfs/issues/9036)",1565411013+0000,deb,libselinux1-dev libudev-dev,https://github.com/tobetter/zfs-linux,OS Dev,C,deb,1,0.9,pkg_rule,
8b4aace50690c20d79ae9dc40de64ea50ee89a01,dh-r,cdbs,releasing package rggobi version 2.1.22-1,1531693204-0500,deb,cdbs dh-r,https://salsa.debian.org/edd/r-cran-rggobi,build,C,deb,1,0.8,pkg_rule,
8b4f44078ae243abac4fa6f105135eb8d349434b,cmake,autotools-dev,"* debian/control (Build-Depends): Dropped all autotools related build   dependencies, libarpack2-dev, libblas-dev and bc. Added cmake,   libpython-dev and zlib1g-dev. * debian/copyright: Updated. * debian/rules: Enable hardening. Dropped all autotools related stuff and   rewrote it for cmake build system. * debian/patches/03_skip_expensive_tests.patch: Dropped. Upstream changed   to cmake. * debian/patches/06_quicktest.patch: Ditto. * debian/patches/07_destdir.patch: Ditto. * debian/patches/08_distclean.patch: Ditto. * debian/patches/09_acinclude_fix.patch: Ditto. * debian/patches/debian_make.patch: Added.   - Compile internal libraries statically into apbs. * debian/patches/series: Adjusted.",1375970334+0000,deb,autotools-dev cmake,https://salsa.debian.org/debichem-team/apbs,build,C,deb,1,0.9,pkg_rule,
8b634178a072a8111348b06311a3f556ddb4a553,libc-ares-dev,libudns-dev,Merge pull request #2 from shadowsocks/master\n\nmerge,1530324775+0800,deb,libudns-dev libc-ares-dev,https://github.com/iceve/shadowsocks-libev,network,C,deb,1,0.9,pkg_rule,
8b66174dbe6ded650f247faec260e8e8eed663ab,libnma-dev,libgnomeui-dev,Merge efffc0ec363d48713ca1b94b25002b6e4452cb7e into aa66e2b704475d6a848b1aa188bc3b28fb9247ca,1496317416+0000,deb,libgnomeui-dev libnma-dev,https://github.com/strongswan/strongswan,network,C,deb,1,0.9,pkg_rule,
8b72581f15b8d560a58776b8674f73bc07df630d,qtbase5-dev,libqt4-dev,"Switch buildsystem: cdbs -> debhelper, Qt4 -> Qt5.\n\n* cdbs -> debhelper v10. * Qt4 -> Qt5. * full security hardening and -Wl,--as-needed.",1477727936+0800,deb,libqt4-dev qtbase5-dev,https://github.com/hosiet/fqterm,GUI,C++,deb,1,0.9,pkg_rule,
8b75b1d85fb19bef2de37172f7777fbe6890fc7e,apache2-dev,apache2-threaded-dev,* Build with Apache 2.4 (closes: #666796):     - use dh_apache2 (remove postinst and prerm)     - 20_apache24.patch: fixes for Apache 2.4.,1369604868+0000,deb,apache2-threaded-dev apache2-dev,https://salsa.debian.org/python-team/modules/libapache2-mod-python,network,C,deb,1,0.85,pkg_rule,
8b75b1d85fb19bef2de37172f7777fbe6890fc7e,dh-apache2,apache2-threaded-dev,* Build with Apache 2.4 (closes: #666796):     - use dh_apache2 (remove postinst and prerm)     - 20_apache24.patch: fixes for Apache 2.4.,1369604868+0000,deb,apache2-threaded-dev dh-apache2,https://salsa.debian.org/python-team/modules/libapache2-mod-python,network,C,deb,1,0.85,pkg_rule,
8b7d094bf630fb2951dbe7ba7de96da92265975f,unity-settings-daemon-dev,gnome-settings-daemon-dev,Compile with unity-settings-daemon instead of gnome-settings-daemon Fixes: 1277585,1393444859+0000,deb,gnome-settings-daemon-dev unity-settings-daemon-dev,https://github.com/khurshid-alam/Unity-Control-Center,OS Dev,C,deb,1,0.8,lib_replacement,
8b85fb12038fa6486fc7552e7df55bed2cb5873c,dh-autoreconf,autotools-dev,"In locker:   * Convert to dh7   * Update build system to use automake   * Provide a pkg-config file   * Switch from pioctl to k_pioctl   * Don't build for squeeze and lucid, OpenAFS 1.4 is too old",1370149047+0000,deb,autotools-dev dh-autoreconf,https://github.com/mit-athena/liblocker,build,C,deb,1,0.8,pkg_rule,
8b85fb12038fa6486fc7552e7df55bed2cb5873c,dh-autoreconf,autoconf,"In locker:   * Convert to dh7   * Update build system to use automake   * Provide a pkg-config file   * Switch from pioctl to k_pioctl   * Don't build for squeeze and lucid, OpenAFS 1.4 is too old",1370149047+0000,deb,autoconf dh-autoreconf,https://github.com/mit-athena/liblocker,build,C,deb,1,0.8,pkg_rule,
8b8ce99611b09136b2c751d29cecc5fb88464457,libxfixes-dev,libxfixes,* debian/control:   - use right build-dep (libxfixes-dev),1331642683+0100,deb,libxfixes libxfixes-dev,https://github.com/arter97/unity,GUI,C++,deb,1,0.95,pkg_rule,
8b8d36695c0ca875da399a855dea91a787c63f91,dh-sequence-gir,debhelper,Merge gtk+3.0 (3.24.11-1) import into refs/heads/workingbranch,1567614742+0100,deb,debhelper dh-sequence-gir,https://github.com/raspbian-packages/gtk-3.0,build,C,deb,1,0.9,pkg_rule,
8ba795408ea10f0d411d025300de8e098ce7fe69,libayatana-appindicator3-dev,libappindicator3-dev,Switch from libappindicator to libayatana-appindicator,1587741039+0200,deb,libappindicator3-dev libayatana-appindicator3-dev,https://salsa.debian.org/debian/modem-manager-gui,GUI,C,deb,1,0.85,lib_replacement,
8bab78d98f91fb91e157d0ddc5e177a8133108d1,default-libmysqlclient-dev,libmysqlclient-dev,d/control: Replacing build-dep libmysqlclient-dev with default-libmysqlclient-dev,1479077340+0100,deb,libmysqlclient-dev default-libmysqlclient-dev,https://salsa.debian.org/nagios-team/pkg-monitoring-plugins,database,C,deb,1,0.8,pkg_rule,
8bab7b2da84e7475f2efef4a563b74d458e44d84,meson,autotools-dev,Use Meson in debian/rules and debian/control,1613991189+0100,deb,autotools-dev meson,https://github.com/linuxmint/nemo-extensions,build,C,deb,1,0.9,pkg_rule,
8bab7b2da84e7475f2efef4a563b74d458e44d84,meson,autotools-dev,Use Meson in debian/rules and debian/control,1613991189+0100,deb,autotools-dev meson,https://github.com/linuxmint/nemo-extensions,build,C,deb,1,0.9,pkg_rule,
8bab7b2da84e7475f2efef4a563b74d458e44d84,meson,autotools-dev,Use Meson in debian/rules and debian/control,1613991189+0100,deb,autotools-dev meson,https://github.com/linuxmint/nemo-extensions,build,C,deb,1,0.9,pkg_rule,
8bab7b2da84e7475f2efef4a563b74d458e44d84,meson,autotools-dev,Use Meson in debian/rules and debian/control,1613991189+0100,deb,autotools-dev meson,https://github.com/linuxmint/nemo-extensions,build,C,deb,1,0.9,pkg_rule,
8bb20bd11c0ce31e7c9a71999a218d859645a9a0,ronn,ruby-ronn,Fix Debian Buster deps,1573422113-0500,deb,ruby-ronn ronn,https://github.com/boarfish55/ckrts,documentation,C,deb,1,0.8,pkg_rule,
8bbf2b2c97261b8f3dd303a01c3f851380112ffb,qtbase5-dev,qt5-default,fix: 解决新添加分区大小大于剩余空间，进度条没有增加至末尾的问题\n\n解决新添加分区大小大于剩余空间，进度条没有增加至末尾的问题\n\nLog: 解决新添加分区大小大于剩余空间，进度条没有增加至末尾的问题 Bug: https://pms.uniontech.com/zentao/bug-view-52751.html Change-Id: I3e628bff4596732faab855d5e662c30f17b3ef5b Reviewed-on: http://gerrit.uniontech.com/c/beijing/deepin-diskmanager/+/10069 Reviewed-by: <mailman@uniontech.com> Reviewed-by: denglinglong <denglinglong@uniontech.com> Tested-by: <mailman@uniontech.com>,1604302943+0800,deb,qt5-default qtbase5-dev,https://github.com/linuxdeepin/deepin-diskmanager,GUI,C++,deb,1,0.95,pkg_rule,
8bc1fab9f70daa2294ee7f7bed3be1265f31cb3e,libcurl4-openssl-dev,libcurl4-gnutls-dev,Merge branch 'hammer' into hammer_cross_account Merging before URL token and cross account changes 1,1459078753+0000,deb,libcurl4-gnutls-dev libcurl4-openssl-dev,https://github.com/bafna/ceph,network,C++,deb,1,0.85,pkg_rule,
8bcb78e4d0e1145ca608116d0c3b36c4ddb4e116,qtbase5-dev,libqt4-dev,Merge 336fa5a8e7bebb4f0e2806b138a37d4b8601320f into e4ba16495e8d8177eb85d6bfcc69089b38753e39,1472210811+0000,deb,libqt4-dev qtbase5-dev,https://github.com/apache/thrift,GUI,C++,deb,1,0.9,pkg_rule,
8bd3a44113d10f6e9bcae329aa57671df398762f,libtool-bin,libtool,debian/control: add libtool-bin,1577478082+0100,deb,libtool libtool-bin,https://github.com/maemo-leste/sdlgles,build,C,deb,1,0.9,pkg_rule,
8bd8c12232c9c6b617fdb8ccbef50daf6eb8f60d,autopoint,cvs,Build-Depend on autopoint instead of cvs. Closes: #572466,1275009334+0200,deb,cvs autopoint,https://salsa.debian.org/debian/eiciel,build,C++,deb,1,0.8,pkg_rule,
8bdd3ceab1784c458c68d830f9ec2a64df411626,dh-autoreconf,autoconf,Import Debian changes 1:2.0.7-3\n\nkexec-tools (1:2.0.7-3) unstable  urgency=medium\n\n  * Fixed kexec-load init script so it will detect systemd     vs initV and load kexec kernel correctly (closes: Bug#764626)   * Added architecture ppc64el and started using dh_autoreconf     (closes: Bug#762628),1412957698-0600,deb,autoconf dh-autoreconf,https://github.com/platinasystems/kexec-tools,build,C,deb,1,0.8,pkg_rule,
8bfa51f3faea82dcbc5839719acbff6997631100,x11proto-core-dev,x-dev,generate build-deps,1152894592+0000,deb,x-dev x11proto-core-dev,https://github.com/rpavlik/lyx-lucid-backport,GUI,C++,deb,1,0.9,pkg_rule,
8bffdaeec33cb1039967f1c662b9ab3fe2355c02,dh-autoreconf,autotools-dev,"Update Autotools build files during the build, fixing pthread issue\n\n* Update Autotools build files via dh_autoreconf, fixing a problem with   libtool not linking properly with -lpthread.",1328054259-0800,deb,autotools-dev dh-autoreconf,https://salsa.debian.org/shib-team/xmltooling,build,C++,deb,1,0.8,pkg_rule,
0c0525fd0ada3fbe98825d12229a276216d318f2,yelp-tools,gnome-doc-utils,[svn-buildpackage] Tagging cheese 3.4.0-2,1333705103+0000,deb,gnome-doc-utils yelp-tools,https://salsa.debian.org/gnome-team/cheese,documentation,C,deb,1,0.9,pkg_rule,
0c079a52f8151af9299b7ac649a6bf87b03155d4,libgeonames-dev,libtimezonemap1-dev,sync w/ trunk,1462536254+0200,deb,libtimezonemap1-dev libgeonames-dev,https://github.com/Daniel20000522/system-settings,GUI,C++,deb,1,0.9,pkg_rule,
0c098b9d00569c369542e5e1b637371c1975cc85,libxfce4ui-1-dev,libxfcegui4-dev,- replace libxfcegui4 build-dep by libxfce4ui.   - add libxfconf-0-dev (>= 4.10) build-dep.,1362692106+0000,deb,libxfcegui4-dev libxfce4ui-1-dev,https://salsa.debian.org/xfce-team/apps/parole,GUI,C,deb,1,0.5,lib_replacement,
0c136401307cc62a3308bd53c5dd1a29135c822b,meson,autotools-dev,New upstream version 4.8.0,1606353496+0900,deb,autotools-dev meson,https://github.com/Ubuntu-Cinnamon-Remix/cinnamon-control-center-packaging,build,C,deb,1,0.9,pkg_rule,
0c1ad421f8b62ac426e22ee907e49549f5d9eff6,libpolkit-gobject-1-dev,policykit,"* New upstream release.   * debian/control.in:     - Update Standards-Version to 3.8.3, no additional changes needed.     - Remove libpolkit-dbus-dev and add libpolkit-gobject-1-dev       build-depends.     - Remove policykit from Build-Depends and from gconf-defaults-service.       Closes: #549518.     - Add misc:Depends to libgconf2-4, gconf2, libgconf2-dev and       gconf-defaults-service.     - Add Vcs-* fields.   * debian/gconf-defaults-service.install:     - Share dir changed from PolicyKit to polkit-1.   * debian/patches/01_defaults_path.patch:     - Update to apply cleanly.\n\n\n\ngit-svn-id: file:///svn/pkg-gnome/desktop/unstable/gconf@21767 db0db5de-e4c8-0310-9441-90abf70311f7",1254654472+0000,deb,policykit libpolkit-gobject-1-dev,https://salsa.debian.org/gnome-team/gconf,OS Dev,C,deb,1,0.85,pkg_rule,
0c1ad421f8b62ac426e22ee907e49549f5d9eff6,libpolkit-gobject-1-dev,libpolkit-dbus-dev,"* New upstream release.   * debian/control.in:     - Update Standards-Version to 3.8.3, no additional changes needed.     - Remove libpolkit-dbus-dev and add libpolkit-gobject-1-dev       build-depends.     - Remove policykit from Build-Depends and from gconf-defaults-service.       Closes: #549518.     - Add misc:Depends to libgconf2-4, gconf2, libgconf2-dev and       gconf-defaults-service.     - Add Vcs-* fields.   * debian/gconf-defaults-service.install:     - Share dir changed from PolicyKit to polkit-1.   * debian/patches/01_defaults_path.patch:     - Update to apply cleanly.\n\n\n\ngit-svn-id: file:///svn/pkg-gnome/desktop/unstable/gconf@21767 db0db5de-e4c8-0310-9441-90abf70311f7",1254654472+0000,deb,libpolkit-dbus-dev libpolkit-gobject-1-dev,https://salsa.debian.org/gnome-team/gconf,OS Dev,C,deb,1,0.85,pkg_rule,
0c4fcb10535862acbf7d92f7eebf9d92aec37b57,xutils-dev,xutils,"Build-depend on xutils-dev rather than xutils (thanks, Daniel Schepler  closes: #485203).",1212945427+0000,deb,xutils xutils-dev,https://salsa.debian.org/debian/groff,GUI,C++,deb,1,0.85,pkg_rule,
0c6d8403e5fe203c8612dc94e1e0d0f2c39f0a1c,libc-ares-dev,libudns-dev,Merge pull request #1 from shadowsocks/master\n\n Update README.md,1510666823+0800,deb,libudns-dev libc-ares-dev,https://github.com/shadowsocks/shadowsocks-libev,network,C,deb,1,0.9,pkg_rule,
0c722697dec716c22d472b9421473279a5e08f45,libx11-dev,xlibs-dev,Imported Debian patch 5.5-1,1136792225+1100,deb,xlibs-dev libx11-dev,https://github.com/barak/ucblogo-code,GUI,C,deb,1,0.9,pkg_rule,
0c75f488edc241fd3b25f3a9d2ad4d7d9de79891,libquazip5-dev,libquazip-qt5-dev,Import Upstream version 1.11,1534231627+0200,deb,libquazip-qt5-dev libquazip5-dev,https://salsa.debian.org/games-team/mupen64plus-qt,GUI,C++,deb,1,0.9,pkg_rule,
0c76d8483c381199d8c005148690ff79455a2615,xutils-dev,xutils,minor lintian issues,1219144824+0000,deb,xutils xutils-dev,https://salsa.debian.org/debian/sciplot,GUI,C,deb,1,0.85,pkg_rule,
0c8a45e7b78616eb9077522972754dab986b2fc7,dh-autoreconf,autotools-dev,Replace autotools-dev with dh-autoreconf,1376821537+0000,deb,autotools-dev dh-autoreconf,https://salsa.debian.org/xfce-team/apps/parole,build,C,deb,1,0.8,pkg_rule,
0c99bea7b4af1b2dad5f2cdbc7f232fdbe26ba9f,libcurl4-openssl-dev,libcurl4-gnutls-dev,Use OpenSSL curl flavour,1533318813+0100,deb,libcurl4-gnutls-dev libcurl4-openssl-dev,https://github.com/pexip/os-xerces-c,network,C++,deb,1,0.9,pkg_rule,
0caacbee21a2560bc86932ae7a40f9e2201e7ae4,handystats,react-dev,Merge pull request #509 from ijon/handystats\n\nInstrumentation with handystats and replacement of react,1412450640+0400,deb,react-dev handystats,https://github.com/3Hren/elliptics,network,C++,deb,1,0.85,lib_replacement,
0cafc578bf0838d6c1e6cefae970ff8b63ad86e1,x11proto-core-dev,x-dev,Imported Debian patch 1.0.0-2,1238095017+0100,deb,x-dev x11proto-core-dev,https://salsa.debian.org/debian/libdv,GUI,C,deb,1,0.9,pkg_rule,
0cbbe56d8ede905c30728a963f2208607c966fc6,liblz4-dev,liblzo2-dev,Sync with upstream debian/ except changelog,1444916179+0900,deb,liblzo2-dev liblz4-dev,https://github.com/kenhys/debian-groonga,documentation,C,deb,1,0.85,pkg_rule,
0cc39d5f4a8fb42d575ef972f32c4aa50419fe2e,cython,swig,"debian/control: Replace build-depends on swig by cython, to enable python bindings made    by cython.",1342742060+0200,deb,swig cython,https://github.com/gilir/libplist-debian,serializing,C,deb,1,0.95,lib_replacement,Functionality
0cca6d868968a411594798b8a481e1489e416238,libsystemd-dev [linux-any],libsystemd-login-dev [linux-any],Merge pull request #1 from rcn-ee/master\n\nUpdate my repo,1455549592-0500,deb,libsystemd-login-dev [linux-any] libsystemd-dev [linux-any],https://github.com/jadonk/repos,OS Dev,C,deb,1,0.9,pkg_rule,
0cd82e5dd7f15f62445b7dfe1869675af8bc5ebe,gem2deb,ruby1.8-dev,"* Moved to the new pkg-ruby-extras team's git repository. * Changed the package names to match the new Debian Policy.   (very thanks to Youhei SASAKI) * Bump Standard-Version: 3.9.2 * Converted the build system to gem2deb, removed build dependency on cdbs and ruby-pkg-tools * debian/control:   - Added XS-Ruby-Versions field   - Added DM-Upload-Allowed: yes   - Added transitional packages in debian/control to allow smooth upgrades from Squeeze. * debian/source/format: using '3.0 (quilt)' * Add source.lintian-overrides for *-dbg package transition.",1305562602+0900,deb,ruby1.8-dev gem2deb,https://salsa.debian.org/ruby-team/ruby-narray,GUI,C,deb,1,0.85,pkg_rule,
0cd82e5dd7f15f62445b7dfe1869675af8bc5ebe,gem2deb,ruby1.9.1,"* Moved to the new pkg-ruby-extras team's git repository. * Changed the package names to match the new Debian Policy.   (very thanks to Youhei SASAKI) * Bump Standard-Version: 3.9.2 * Converted the build system to gem2deb, removed build dependency on cdbs and ruby-pkg-tools * debian/control:   - Added XS-Ruby-Versions field   - Added DM-Upload-Allowed: yes   - Added transitional packages in debian/control to allow smooth upgrades from Squeeze. * debian/source/format: using '3.0 (quilt)' * Add source.lintian-overrides for *-dbg package transition.",1305562602+0900,deb,ruby1.9.1 gem2deb,https://salsa.debian.org/ruby-team/ruby-narray,build,C,deb,1,0.85,pkg_rule,
0cd82e5dd7f15f62445b7dfe1869675af8bc5ebe,gem2deb,cdbs,"* Moved to the new pkg-ruby-extras team's git repository. * Changed the package names to match the new Debian Policy.   (very thanks to Youhei SASAKI) * Bump Standard-Version: 3.9.2 * Converted the build system to gem2deb, removed build dependency on cdbs and ruby-pkg-tools * debian/control:   - Added XS-Ruby-Versions field   - Added DM-Upload-Allowed: yes   - Added transitional packages in debian/control to allow smooth upgrades from Squeeze. * debian/source/format: using '3.0 (quilt)' * Add source.lintian-overrides for *-dbg package transition.",1305562602+0900,deb,cdbs gem2deb,https://salsa.debian.org/ruby-team/ruby-narray,computing,C,deb,1,0.85,pkg_rule,
0cd82e5dd7f15f62445b7dfe1869675af8bc5ebe,gem2deb,ruby-pkg-tools,"* Moved to the new pkg-ruby-extras team's git repository. * Changed the package names to match the new Debian Policy.   (very thanks to Youhei SASAKI) * Bump Standard-Version: 3.9.2 * Converted the build system to gem2deb, removed build dependency on cdbs and ruby-pkg-tools * debian/control:   - Added XS-Ruby-Versions field   - Added DM-Upload-Allowed: yes   - Added transitional packages in debian/control to allow smooth upgrades from Squeeze. * debian/source/format: using '3.0 (quilt)' * Add source.lintian-overrides for *-dbg package transition.",1305562602+0900,deb,ruby-pkg-tools gem2deb,https://salsa.debian.org/ruby-team/ruby-narray,computing,C,deb,1,0.85,pkg_rule,
0cd82e5dd7f15f62445b7dfe1869675af8bc5ebe,gem2deb,ruby1.9.1-dev,"* Moved to the new pkg-ruby-extras team's git repository. * Changed the package names to match the new Debian Policy.   (very thanks to Youhei SASAKI) * Bump Standard-Version: 3.9.2 * Converted the build system to gem2deb, removed build dependency on cdbs and ruby-pkg-tools * debian/control:   - Added XS-Ruby-Versions field   - Added DM-Upload-Allowed: yes   - Added transitional packages in debian/control to allow smooth upgrades from Squeeze. * debian/source/format: using '3.0 (quilt)' * Add source.lintian-overrides for *-dbg package transition.",1305562602+0900,deb,ruby1.9.1-dev gem2deb,https://salsa.debian.org/ruby-team/ruby-narray,build,C,deb,1,0.85,pkg_rule,
0cd82e5dd7f15f62445b7dfe1869675af8bc5ebe,gem2deb,ruby1.8,"* Moved to the new pkg-ruby-extras team's git repository. * Changed the package names to match the new Debian Policy.   (very thanks to Youhei SASAKI) * Bump Standard-Version: 3.9.2 * Converted the build system to gem2deb, removed build dependency on cdbs and ruby-pkg-tools * debian/control:   - Added XS-Ruby-Versions field   - Added DM-Upload-Allowed: yes   - Added transitional packages in debian/control to allow smooth upgrades from Squeeze. * debian/source/format: using '3.0 (quilt)' * Add source.lintian-overrides for *-dbg package transition.",1305562602+0900,deb,ruby1.8 gem2deb,https://salsa.debian.org/ruby-team/ruby-narray,GUI,C,deb,1,0.85,pkg_rule,
0cdab6949cd8864631b000ccb339ee885c29eb06,x11proto-core-dev,x-dev,Import Debian patch 0.6-13,1277655002+0200,deb,x-dev x11proto-core-dev,https://github.com/barak/swisswatch,GUI,C,deb,1,0.9,pkg_rule,
0cdb486e732ef2da518977a072cddb4b397fb8d4,qtbase5-dev,libqt4-dev,Built against qtbase5-dev instead of libqt4-dev. (Closes: #954823),1589932200-0400,deb,libqt4-dev qtbase5-dev,https://salsa.debian.org/multimedia-team/hydrogen,GUI,C++,deb,1,0.9,pkg_rule,
0cdfde1b62134b306f4c122afbd67cb5323bde84,liblz4-dev,liblzo2-dev,Add liblz4-dev and remove the previous liblzo2-dev (as to upstream's Pere Constans personal mail indication).,1613842929+0100,deb,liblzo2-dev liblz4-dev,https://salsa.debian.org/science-team/cb2bib,documentation,C++,deb,1,0.95,lib_replacement,
0ce0487a895991ec34097da760af666ec36a9c41,libx11-dev,xlibs-dev,Fix debian xlibs-dev dependency bug.,1136774422+0000,deb,xlibs-dev libx11-dev,https://github.com/tlwg/xiterm-thai,GUI,C,deb,1,0.85,pkg_rule,
0ce0487a895991ec34097da760af666ec36a9c41,x-dev,xlibs-dev,Fix debian xlibs-dev dependency bug.,1136774422+0000,deb,xlibs-dev x-dev,https://github.com/tlwg/xiterm-thai,GUI,C,deb,1,0.85,pkg_rule,
0ce0487a895991ec34097da760af666ec36a9c41,libxt-dev,xlibs-dev,Fix debian xlibs-dev dependency bug.,1136774422+0000,deb,xlibs-dev libxt-dev,https://github.com/tlwg/xiterm-thai,GUI,C,deb,1,0.85,pkg_rule,
0ce0487a895991ec34097da760af666ec36a9c41,libxpm-dev,xlibs-dev,Fix debian xlibs-dev dependency bug.,1136774422+0000,deb,xlibs-dev libxpm-dev,https://github.com/tlwg/xiterm-thai,GUI,C,deb,1,0.85,pkg_rule,
0ce79e30ad03ae9c327b10077b69cc244a876cd6,qtbase5-dev,libqt4-dev,Build with Qt5 (Closes: 875019).,1551748859+0100,deb,libqt4-dev qtbase5-dev,https://salsa.debian.org/debian/libkolabxml,GUI,C++,deb,1,0.9,pkg_rule,
0ce92455f931926bb67156315089f938791f6bfd,gem2deb,ruby1.9.1-dev,d/control: change ruby depends to gem2deb,1389787905+0100,deb,ruby1.9.1-dev gem2deb,https://github.com/hggh/pkg-rrdtool,build,C,deb,1,0.85,pkg_rule,
0ce92455f931926bb67156315089f938791f6bfd,gem2deb,ruby1.8-dev,d/control: change ruby depends to gem2deb,1389787905+0100,deb,ruby1.8-dev gem2deb,https://github.com/hggh/pkg-rrdtool,GUI,C,deb,1,0.85,pkg_rule,
0ce92455f931926bb67156315089f938791f6bfd,gem2deb,ruby1.9.1,d/control: change ruby depends to gem2deb,1389787905+0100,deb,ruby1.9.1 gem2deb,https://github.com/hggh/pkg-rrdtool,build,C,deb,1,0.85,pkg_rule,
0ce92455f931926bb67156315089f938791f6bfd,gem2deb,ruby1.8,d/control: change ruby depends to gem2deb,1389787905+0100,deb,ruby1.8 gem2deb,https://github.com/hggh/pkg-rrdtool,GUI,C,deb,1,0.85,pkg_rule,
0cfbcd3672319b147cd8366fc63dba34c04fc24e,dh-autoreconf,autotools-dev,Update debian package files.,1345368395-0700,deb,autotools-dev dh-autoreconf,https://github.com/osmobuntu/lcr,build,C++,deb,1,0.85,pkg_rule,
8c0b74bc128c24fdf584bae756f183562fb21845,dh-octave,octave-pkg-dev,Merge branch 'nmus' into debian\n\n* nmus:   NMU 3.0.14.20170103+git6-g605ff5c.dfsg1-1.1 from Rafael Laboissiere <rafael@debian.org>,1527782828-0400,deb,octave-pkg-dev dh-octave,https://github.com/neurodebian/Psychtoolbox-3,build,C,deb,1,0.85,pkg_rule,
8c201093bf5f47b4c77da2c93bc8536ebe724456,dh-r,cdbs,releasing package r-cran-digest version 0.6.16-1,1534985254-0500,deb,cdbs dh-r,https://salsa.debian.org/edd/r-cran-digest,build,C,deb,1,0.9,pkg_rule,
8c2aa8f5f686a4c533a2db0edda5825a8bc4e86d,dh-r,cdbs,* New upstream version   * Convert to dh-r   * Canonical homepage for CRAN\n\n,1478266738+0000,deb,cdbs dh-r,https://salsa.debian.org/r-pkg-team/r-cran-stringi,build,C++,deb,1,0.9,pkg_rule,
8c2e42309e0401ee4f8865c3e9797c78620c7691,cmake,autotools-dev,fix,1401030547+0200,deb,autotools-dev cmake,https://github.com/Pitriss/stikkit,build,C++,deb,1,0.85,pkg_rule,
8c33759396c1e0483979134ddadaf7e6bbf7a5c3,libjack-jackd2-dev,libjack-dev,DEBIAN: use libjack-jackd2-dev instead of libjack-dev\n\nSigned-off-by: Stefan Westerfeld <stefan@space.twc.de>,1506505192+0200,deb,libjack-dev libjack-jackd2-dev,https://github.com/swesterfeld/spectmorph,Multi Media,C++,deb,1,0.85,pkg_rule,
8c540cfe15d2ba7e7e8295923a3e341b1227f89f,default-libmysqlclient-dev,libmysqlclient-dev,Imported Debian patch 1.0+ds-4,1480208524+0000,deb,libmysqlclient-dev default-libmysqlclient-dev,https://salsa.debian.org/science-team/apophenia,database,C,deb,1,0.9,pkg_rule,
8c57390bd51cfcb5d691a4613cc072ecb476aace,libgeoclue-2-dev,geoclue-2.0,* New upstream release. * Update build-dependencies according to configure.ac changes:   - Add libasound2-dev [linux-any] for alsa.pc check   - Replace libnm-glib-dev and libnm-util-dev with     libnm-dev (>= 1.0) [linux-any]   - Bump gsettings-desktop-schemas-dev (>= 3.19.3)   - Replace geoclue-2.0 with libgeoclue-2-dev (>= 2.3.1) * Add --disable-alsa configure flag on non-linux. * Bump Standards-Version to 3.9.7 * Stop ship input-devices-example.sh   (and usr/share/gnome-settings-daemon-* directory)   - upstream removed support for non-libinput mouse configurations\n\ngit-svn-id: file:///svn/pkg-gnome/desktop/experimental/gnome-settings-daemon@47608 db0db5de-e4c8-0310-9441-90abf70311f7,1458215319+0000,deb,geoclue-2.0 libgeoclue-2-dev,https://github.com/droidian/gnome-settings-daemon,OS Dev,C,deb,1,0.85,pkg_rule,
8c5b063df2c7f9c502e11497a48c286548398765,dh-autoreconf,autotools-dev,Use dh_autoreconf instead of dh_autotools-dev_*config,1366216834+0200,deb,autotools-dev dh-autoreconf,https://salsa.debian.org/debian/dillo,build,C++,deb,1,0.9,pkg_rule,
8c7e71ef3259ea2ba18ecef9d0ed5af8ce755e2b,cmake,autotools-dev,Imported Debian patch 1.5-1,1234606129+0100,deb,autotools-dev cmake,https://salsa.debian.org/debian/libopenobex,build,C,deb,1,0.85,pkg_rule,
8c894139c30e0bf59a433102f3851f1e4ea0abdc,cmake,autotools-dev,Merged with Jun2020,1600867577+0200,deb,autotools-dev cmake,https://github.com/MonetDB/MonetDB,build,C,deb,1,0.85,pkg_rule,
8c8bcbb68465910c301a44955ff5f1f50a39f5bd,qtbase5-dev,libqt4-dev,Qt 5 fixes,1542463717+0100,deb,libqt4-dev qtbase5-dev,https://github.com/MartinDelille/Clementine,GUI,C++,deb,1,0.9,pkg_rule,
8c8c6f70d5b6b6e62d479e614e2a690f758ddeb0,x11proto-core-dev,x-dev,Some Update debian/ due to debian policy update\n\ngit-svn-id: file:///usr/local/google/home/rocall/svn/freeciv-warclient/trunk@420 4efe6140-7f1d-0410-9bd2-be1ee28408da,1182674073+0000,deb,x-dev x11proto-core-dev,https://github.com/rcallahan/freeciv-warclient,GUI,C,deb,1,0.85,pkg_rule,
8c9eb0560b89c4fdee4ca698b54d4999b2e6c441,apache2-dev,apache2-threaded-dev,packaging for libapache2-mod-gnutls 0.5.10-2,1392944244-0500,deb,apache2-threaded-dev apache2-dev,https://github.com/BenBE/mod_gnutls,network,C,deb,1,0.85,pkg_rule,
8c9eb0560b89c4fdee4ca698b54d4999b2e6c441,dh-apache2,apache2-threaded-dev,packaging for libapache2-mod-gnutls 0.5.10-2,1392944244-0500,deb,apache2-threaded-dev dh-apache2,https://github.com/BenBE/mod_gnutls,network,C,deb,1,0.85,pkg_rule,
8ca1e40e2529ebe82b2fc5f7420b0e42226611bf,dh-autoreconf,autotools-dev,Use dh-autoreconf to fix new architectures (ppc64el)\n\nCloses: #757110,1408893429-0700,deb,autotools-dev dh-autoreconf,https://salsa.debian.org/gnome-team/libgee,build,C,deb,1,0.9,pkg_rule,
8cae3cc852788553cece215a501714b8a48af8b8,dh-autoreconf,autotools-dev,Use dh-autoreconf instead of autotools-dev. Closes: #763443.,1438366337+0200,deb,autotools-dev dh-autoreconf,https://github.com/Cloudxtreme/SystemTap,build,C++,deb,1,0.9,pkg_rule,
8cb91b8ec59b74acd7a21245f6c1341bc4a76494,dh-autoreconf,autotools-dev,"Import Debian changes 1.16+dfsg-2\n\ngsl (1.16+dfsg-2) unstable  urgency=low\n\n  * debian/rules: Applies patch by Fernando Seiti Furusato to switch to     autoreconf use via debhelper in order to build on eg the ppc64el     architecture.					(Closes: #753360)   * debian/control: Idem, in Build-Depends s/autotools-dev/dh-autoreconf/\n\n  * debian/rules: Add dpkg-buildflags call for CFLAGS and LDFLAGS      * debian/control: Set Standards-Version: to current version",1404577396-0500,deb,autotools-dev dh-autoreconf,https://salsa.debian.org/edd/gsl,build,C,deb,1,0.9,pkg_rule,
8cbf2a65b40cd9613e1561f62c813cf150c3680f,autotools-dev,dh-autoreconf,Replace dh_autoreconf with autotools_dev addon.,1278371629+0200,deb,dh-autoreconf autotools-dev,https://salsa.debian.org/multimedia-team/lives,build,C,deb,1,0.9,pkg_rule,
8cd861370b1dca682f463d47080e0874de936c39,libjson-c-dev,libjson0-dev,Change jsonc library build dependency from transitional libjson0-dev to libjson-c-dev,1378582779+0200,deb,libjson0-dev libjson-c-dev,https://github.com/JoseLSegura/Grive-Debian-packaging,serializing,C++,deb,1,0.9,pkg_rule,
8ceb08b372fe2ae0456055248c0906c0af558fbd,dh-sequence-gnome,debhelper,"Import patches-unapplied version 3.34.0-1 to debian/sid\n\nImported using git-ubuntu import.\n\nChangelog parent: c61bda87aa1df3213625965315a26cddb1490e26\n\nNew changelog entries:   * New upstream release   * control: Bump vte Build-Depends version to 0.58 per configure.ac   * control, rules: Port to specifying compat level and sequences in     Build-Depends. Bump to compat 12   * control, rules, gnome-terminal.install: Standards-Version 4.4.0 & FHS 3.0.     This means we can stop overriding the libexecdir.",1568284216+0100,deb,debhelper dh-sequence-gnome,https://github.com/monkeyking/gnome-terminal,build,C,deb,1,0.85,pkg_rule,
8cec068c78527b0d191eb5d81842e398d5306cce,cmake,autotools-dev,* build with qt4 and cmake:   - debian/control: updated.   - debian/rules: updated.,1204448887+0800,deb,autotools-dev cmake,https://github.com/debian-pkg-chinese/qterm,build,C++,deb,1,0.85,pkg_rule,
8cecc33835e0da6d2e2f63cdb02f7ba2f58fcf3c,qtbase5-dev,libqt4-dev,Upgrade to qt5\n\nCloses: #816810,1457970003+0800,deb,libqt4-dev qtbase5-dev,https://salsa.debian.org/multimedia-team/mediaconch,GUI,C,deb,1,0.9,pkg_rule,
8cee21986877bd4d324d078203e2bd9101e794ec,libp8-platform-dev,libkodiplatform-dev,[cmake] remove usage of kodi-platform\n\nThe pvr.stalker binary addon does not use kodi-platform. Remove existing references from CMakeLists.txt and debian/control. Add dependency to libp8-platform-dev because libkodiplatform-dev pulled that dependency in as a side effect. Fix that bug too by adding an explicit dependency.\n\nSigned-off-by: Olaf Hering <olaf@aepfle.de>,1556798240+0200,deb,libkodiplatform-dev libp8-platform-dev,https://github.com/JHP4911/pvr.stalker,Multi Media,C++,deb,1,0.85,pkg_rule,
0d00f8df28fac854d9eaad2a900f7250de9134b6,qtbase5-dev,libqt4-dev,Updated dependencies,1448106477+0100,deb,libqt4-dev qtbase5-dev,https://github.com/dci-debian-packaging-backports/libkolab,GUI,C++,deb,1,0.9,pkg_rule,
0d0318ab28c906169ac43c62015aa2921c3fb087,libgd-dev,libgd2-xpm-dev,Change libgd2-xpm-dev to libgd-dev,1436227252+0100,deb,libgd2-xpm-dev libgd-dev,https://salsa.debian.org/science-team/grads,Multi Media,C,deb,1,0.9,pkg_rule,
0d1d1203526fd8f194111d3388a8f25dd2530ae7,dh-autoreconf,autotools-dev,merged upstream changes for trusty,1400938638+0530,deb,autotools-dev dh-autoreconf,https://github.com/MenkeTechnologies/iftopcolor,build,C,deb,1,0.85,pkg_rule,
0d1fb62e9e7bd941ea7646386f4516493da37e50,google-mock,libgtest-dev,"Ver 1.4.1003.102: - Link statically with the protocol buffer lib by default. (Issue 14) - Fixed bugs:   - ""build_mozc.py clean"" doesn't remove some generated files. (Issue 54)   - Cannot be built with IBus 1.4.1. (Issue 117)   - Use ibus_engine_delete_surrounding_text instead of backspace forwarding     for IBus 1.2.1 or later. (Issue 126)   - Enable ""Set input mode to X"" commands on Linux. (Issue 128)\n\n git-svn-id: https://mozc.googlecode.com/svn/trunk@96 a6090854-d499-a067-5803-1114d4e51264",1331097746+0000,deb,libgtest-dev google-mock,https://github.com/GAumala/mozc,testing,C++,deb,1,0.85,pkg_rule,
0d202c49763259bb044a307e15b7ce034711a4f9,qttools5-dev-tools,libqt4-dev,Merge pull request #1 from CryptoDev-Project/master\n\nUpdate CHTC to fix minor bugs and reduce CPU usage,1556256973+0100,deb,libqt4-dev qttools5-dev-tools,https://github.com/CryptoDev-Project/CHTC,GUI,C++,deb,1,0.85,pkg_rule,
0d202c49763259bb044a307e15b7ce034711a4f9,qtbase5-dev,libqt4-dev,Merge pull request #1 from CryptoDev-Project/master\n\nUpdate CHTC to fix minor bugs and reduce CPU usage,1556256973+0100,deb,libqt4-dev qtbase5-dev,https://github.com/CryptoDev-Project/CHTC,GUI,C++,deb,1,0.85,pkg_rule,
0d202c49763259bb044a307e15b7ce034711a4f9,qttools5-dev,libqt4-dev,Merge pull request #1 from CryptoDev-Project/master\n\nUpdate CHTC to fix minor bugs and reduce CPU usage,1556256973+0100,deb,libqt4-dev qttools5-dev,https://github.com/CryptoDev-Project/CHTC,GUI,C++,deb,1,0.85,pkg_rule,
0d21f8580c1713f177863f476115669c26a82319,qttools5-dev-tools,libqt4-dev,Update Build-Depends (Qt5),1453550200+0100,deb,libqt4-dev qttools5-dev-tools,https://salsa.debian.org/debian/qmmp,GUI,C++,deb,1,0.85,pkg_rule,
0d21f8580c1713f177863f476115669c26a82319,qtbase5-dev,libqt4-dev,Update Build-Depends (Qt5),1453550200+0100,deb,libqt4-dev qtbase5-dev,https://salsa.debian.org/debian/qmmp,GUI,C++,deb,1,0.85,pkg_rule,
0d21fa95f2c0dbd9f1ffb2a85e1c7a57bf1d61e2,qttools5-dev-tools,libqt4-dev,"Import Debian changes 0.12.1-0.1\n\nbitcoin (0.12.1-0.1) unstable  urgency=medium\n\n  * Non-maintainer upload.   * New upstream release. (Closes: Bug#822203)   * Remove cdbs from debian/rules, add debian/copyright-check to help     with updating debian/copyright info (Closes: Bug#808969)   * Update dependencies to qt5.   * Add dependency on libdevent-dev.   * Add dependency on libzmq for ZeroMQ support.   * Force use of gcc/g++ 5. (Closes: Bug#812275)   * Compatibility patch for OpenSSL 1.1 opaque types. (Closes: Bug#828248)   * Apply reproducible build patch from Reiner Herrmann. (Closes: Bug#791834)   * Bump standards version.",1471596531+1000,deb,libqt4-dev qttools5-dev-tools,https://salsa.debian.org/cryptocoin-team/bitcoin,GUI,C++,deb,1,0.9,pkg_rule,
0d21fa95f2c0dbd9f1ffb2a85e1c7a57bf1d61e2,qtbase5-dev,libqt4-dev,"Import Debian changes 0.12.1-0.1\n\nbitcoin (0.12.1-0.1) unstable  urgency=medium\n\n  * Non-maintainer upload.   * New upstream release. (Closes: Bug#822203)   * Remove cdbs from debian/rules, add debian/copyright-check to help     with updating debian/copyright info (Closes: Bug#808969)   * Update dependencies to qt5.   * Add dependency on libdevent-dev.   * Add dependency on libzmq for ZeroMQ support.   * Force use of gcc/g++ 5. (Closes: Bug#812275)   * Compatibility patch for OpenSSL 1.1 opaque types. (Closes: Bug#828248)   * Apply reproducible build patch from Reiner Herrmann. (Closes: Bug#791834)   * Bump standards version.",1471596531+1000,deb,libqt4-dev qtbase5-dev,https://salsa.debian.org/cryptocoin-team/bitcoin,GUI,C++,deb,1,0.9,pkg_rule,
0d2f47c738c63b59effe86a86329bb8a405ca85d,libmagickwand-dev,libmagick9-dev,* for squeeze,1299151265+0900,deb,libmagick9-dev libmagickwand-dev,https://github.com/atkonn/mod_chxj,Multi Media,C,deb,1,0.85,pkg_rule,
0d2f47c738c63b59effe86a86329bb8a405ca85d,libssl-dev,openssl,* for squeeze,1299151265+0900,deb,openssl libssl-dev,https://github.com/atkonn/mod_chxj,cryptography,C,deb,1,0.85,pkg_rule,
0d2f7bc81eaabd7818e2ff86a3426cc6f4042830,cmake,autotools-dev,Replace autotools build by cmake.,1367001673+0200,deb,autotools-dev cmake,https://salsa.debian.org/jelmer/alglib,build,C++,deb,1,0.95,pkg_rule,
0d2fe6549c99a11b4e33c7703eefd15498a6b4eb,dh-autoreconf,autotools-dev,bump debian packaging scripts dh-autoreconf,1325624292+0000,deb,autotools-dev dh-autoreconf,https://github.com/Distrotech/djview4,build,C++,deb,1,0.9,pkg_rule,
0d3231faf6564dc5a16bde71ba819bedc762b207,libchoicebox-dev,echoicebox-dev,"Use libchoicebox1, simplify key handling",1251669812+0700,deb,echoicebox-dev libchoicebox-dev,https://github.com/OpenInkpot-archive/fbreader,documentation,C++,deb,1,0.7,pkg_rule,
0d3665e575cceecccfd007e0a04b57881c3e1f0a,yelp-tools,gnome-doc-utils,[svn-buildpackage] Tagging anjuta 2:3.8.4-2,1392423349+0000,deb,gnome-doc-utils yelp-tools,https://salsa.debian.org/gnome-team/anjuta,documentation,C,deb,1,0.95,pkg_rule,
0d5d9b7c94e8b62901764de236f0445621e72530,cheerp-musl,cheerp-newlib,CI: Replace newlib package with musl,1652769718+0200,deb,cheerp-newlib cheerp-musl,https://github.com/leaningtech/cheerp-compiler,other,C++,deb,1,0.8,pkg_rule,
0d5f093fd19feb9eb0e4419c8f1c49d3d6abb572,x11proto-core-dev,x-dev,Imported Debian patch 3.4.3-1.1,1227115870-0500,deb,x-dev x11proto-core-dev,https://github.com/JackCap/fcitx,GUI,C,deb,1,0.98,pkg_rule,
0d678719ca748aced4cd0bb53c646ad287707d16,libfarstream-0.1-dev,libgstfarsight0.10-dev,Build-depends against libfarstream-0.1-dev instead of libgstfarsight0.10-dev\n\nCloses: #664527,1337907458-0400,deb,libgstfarsight0.10-dev libfarstream-0.1-dev,https://github.com/mrakhunathan/pidgin,network,C,deb,1,0.9,lib_replacement,
0d79c5f7580c9556ec53e9475e0a54474e6fd3c5,pike7,pike7-cvs,Changes for pike7 in Debian,983291970+0000,deb,pike7-cvs pike7,https://github.com/hww3/pexts,GUI,C,deb,1,0.85,pkg_rule,
0d9fd0355a533ac4e0c87e35d9182c6d77500a5a,dh-autoreconf,autotools-dev,Use dh-autoreconf to update the build system\n\nOverride dh_autoreconf since we need to run gtkdocize and intltoolize.,1393768006+0100,deb,autotools-dev dh-autoreconf,https://github.com/darkxst/tracker-debian,build,C,deb,1,0.9,pkg_rule,
0da82ef2c6ea0f2839c2b488bada15be4aff5475,xutils-dev,xutils,Imported debian files as of 1.08-9.,1290401241-0800,deb,xutils xutils-dev,https://github.com/xBugs-dot/bugsx,GUI,C,deb,1,0.95,pkg_rule,
0db68411058c097e7e44b03edaed8ea10167c837,libgck-dev,libgp11-dev,Replace Build-Depends on libgp11-dev with libgck-dev (>= 3.0.0) for PKCS#11 support.,1307049583+0000,deb,libgp11-dev libgck-dev,https://salsa.debian.org/gnome-team/seahorse,cryptography,C,deb,1,0.95,lib_replacement,
0db84c4e992bfc4894b9f3cfe30d0eb39f80c6d2,qtbase5-dev,libqt4-dev,Merge be42ebfb6bfca0e2e925d42ad2a6a7aa55d5aeec into e4ba16495e8d8177eb85d6bfcc69089b38753e39,1472210940+0000,deb,libqt4-dev qtbase5-dev,https://github.com/apache/thrift,GUI,C++,deb,1,0.95,pkg_rule,
0dc303e803aee2068df8dc491a5e1be5e4075128,kde-workspace-dev,kdebase-workspace-dev,Build-depend on kde-workspace-dev instead of the transitional package kdebase-workspace-dev.,1368735649+0200,deb,kdebase-workspace-dev kde-workspace-dev,https://github.com/netrunner-debian-kde-extras/ktorrent,OS Dev,C++,deb,1,0.9,pkg_rule,
0dc3118f9eea0ae626cf9f9f429fc995e5f26710,qttools5-dev-tools,libqt4-dev,Peercoin now,1522451530-0400,deb,libqt4-dev qttools5-dev-tools,https://github.com/MattLongCL/primecoin,GUI,C++,deb,1,0.9,pkg_rule,
0dc3118f9eea0ae626cf9f9f429fc995e5f26710,qtbase5-dev,libqt4-dev,Peercoin now,1522451530-0400,deb,libqt4-dev qtbase5-dev,https://github.com/MattLongCL/primecoin,GUI,C++,deb,1,0.9,pkg_rule,
0dc3118f9eea0ae626cf9f9f429fc995e5f26710,qttools5-dev,libqt4-dev,Peercoin now,1522451530-0400,deb,libqt4-dev qttools5-dev,https://github.com/MattLongCL/primecoin,GUI,C++,deb,1,0.9,pkg_rule,
0dd4bd38f4c4e41be186ad1f24405119bff7fdfb,dh-autoreconf,autotools-dev,"Fix ""FTBFS due to locally changed files without patch""\n\ninspirations taken from Ubuntu / Luke Yelavich:     - don't run ./configure in the clean target     - drop automatically generated patch debian-changes-0.7.1-6     - use dh-autoreconf for handling autotools files     (Closes: #646388)",1354840899+0100,deb,autotools-dev dh-autoreconf,https://salsa.debian.org/jbicha/speech-dispatcher,build,C,deb,1,0.9,pkg_rule,
8d06124ee357393478c03b12aa51825ea2fc0c02,gem2deb,ruby1.8-dev,Fix some minor change,1336285846+0900,deb,ruby1.8-dev gem2deb,https://salsa.debian.org/ruby-team/ruby-uconv,GUI,C,deb,1,0.9,pkg_rule,
8d06124ee357393478c03b12aa51825ea2fc0c02,gem2deb,ruby1.9.1,Fix some minor change,1336285846+0900,deb,ruby1.9.1 gem2deb,https://salsa.debian.org/ruby-team/ruby-uconv,build,C,deb,1,0.9,pkg_rule,
8d06124ee357393478c03b12aa51825ea2fc0c02,gem2deb,ruby1.9.1-dev,Fix some minor change,1336285846+0900,deb,ruby1.9.1-dev gem2deb,https://salsa.debian.org/ruby-team/ruby-uconv,build,C,deb,1,0.9,pkg_rule,
8d06124ee357393478c03b12aa51825ea2fc0c02,gem2deb,ruby1.8,Fix some minor change,1336285846+0900,deb,ruby1.8 gem2deb,https://salsa.debian.org/ruby-team/ruby-uconv,GUI,C,deb,1,0.9,pkg_rule,
8d0be3f0317b08fe53d25513a5bbdecf7f6b1d50,libftp-dev,ftplib-dev,Build-depend on libftp-dev instead of ftplib-dev (Closes: #832525),1469549139+0200,deb,ftplib-dev libftp-dev,https://salsa.debian.org/vdr-team/vdr-plugin-weather,network,C,deb,1,0.8,pkg_rule,
8d122d35855a8bcb27759909a87e9a23fff4e8bb,xutils-dev,makedepend,changed makedepend dependencies into xutils-dev,1280924503+0000,deb,makedepend xutils-dev,https://github.com/CentreForBioRobotics/lpzrobots,computing,C++,deb,1,0.85,pkg_rule,
8d122d35855a8bcb27759909a87e9a23fff4e8bb,xutils-dev,makedepend,changed makedepend dependencies into xutils-dev,1280924503+0000,deb,makedepend xutils-dev,https://github.com/CentreForBioRobotics/lpzrobots,computing,C++,deb,1,0.85,pkg_rule,
8d122d35855a8bcb27759909a87e9a23fff4e8bb,xutils-dev,makedepend,changed makedepend dependencies into xutils-dev,1280924503+0000,deb,makedepend xutils-dev,https://github.com/CentreForBioRobotics/lpzrobots,computing,C++,deb,1,0.85,pkg_rule,
8d136206227b132b62a248344d807159758af3e8,gcc-djgpp,djgpp,deb: switch to gcc-djgpp,1584634467+0300,deb,djgpp gcc-djgpp,https://github.com/dosemu2/comcom32,OS Dev,C,deb,1,0.85,pkg_rule,
8d56872f938574051c755bcac868c63c6bc3e135,qtbase5-dev,libqt4-dev,Replace libqt4-dev by qtbase5-dev in debian/control file.,1524554201+0200,deb,libqt4-dev qtbase5-dev,https://salsa.debian.org/thomaspi-guest/pkg-libmygpo-qt,GUI,C++,deb,1,0.9,pkg_rule,
8d63a997aef8163eb7bdce1b5d7afb17722db14a,libcurl4-openssl-dev,libcurl4-gnutls-dev,Merge pull request #21233 from smithfarm/wip-jinja-mgr-luminous\n\nluminous: build/ops: deb: move python-jinja2 dependency to mgr    Reviewed-by: John Spray <john.spray@redhat.com>  Reviewed-by:   James Page <james.page@ubuntu.com>,1523568766-0700,deb,libcurl4-gnutls-dev libcurl4-openssl-dev,https://github.com/09kobe/ceph,network,C++,deb,1,0.95,pkg_rule,
8d65e5a59516f00f056345f6577e0db071de79de,libcurl4-openssl-dev,libcurl4-gnutls-dev,Merge remote branch 'origin/master',1324088737-0800,deb,libcurl4-gnutls-dev libcurl4-openssl-dev,https://github.com/tahirazim/sirikata,network,C++,deb,1,0.95,pkg_rule,
8d83c312b6230c6f1a8254167ebb1034cfd145fb,libudev-dev,libhal-dev,debian/control: Build-Depend on libudev-dev instead of libhal-dev,1254053478+0200,deb,libhal-dev libudev-dev,https://github.com/Re4son/pulseaudio,Multi Media,C,deb,1,0.95,lib_replacement,
8d84804c59cf992732e2abcde728a6d1c51bdc22,libisal-dev,dpdk-dev,replace dpdk-dev with libisal-dev in debian build requirements\n\nSigned-off-by: Tom Nabarro <tom.nabarro@intel.com>,1653406536-0400,deb,dpdk-dev libisal-dev,https://github.com/daos-stack/daos,network,C,deb,1,0.9,pkg_rule,
8d9a5d251195645fb660c9865ec72789f3c81c86,quilt,dpatch,Update package to 1.11.0~svn4425,1304560768+0000,deb,dpatch quilt,https://salsa.debian.org/science-team/teem,build,C,deb,1,0.95,pkg_rule,
8d9b2b2ff90fdd095c211940ab3e066ed1daf464,quilt,dpatch,Moving from dpatch to quilt.,1234303701+0100,deb,dpatch quilt,https://github.com/bzed/pkg-gpsd,build,C,deb,1,0.9,pkg_rule,
8d9daefefccbf3e5e9bc95d7f5193a7fe7a22123,meson,autotools-dev,Merge 9a008df96a5e4feaa6326a81c2ad937241321801 into 8bac701b9df99d85f1299a3568086e390a0eb6ac,1635955974+0000,deb,autotools-dev meson,https://github.com/linuxmint/xviewer,build,C,deb,1,0.95,pkg_rule,
8d9daefefccbf3e5e9bc95d7f5193a7fe7a22123,meson,cdbs,Merge 9a008df96a5e4feaa6326a81c2ad937241321801 into 8bac701b9df99d85f1299a3568086e390a0eb6ac,1635955974+0000,deb,cdbs meson,https://github.com/linuxmint/xviewer,build,C,deb,1,0.95,pkg_rule,
8d9f98eff05d36208228f149dc2a1d68cedad5ee,qtdeclarative5-friends0.2,qtdeclarative5-friends-plugin,"Updated for qtdeclarative5-friends0.2 .\n\nApproved by Günter Schwann, PS Jenkins bot.",1377787322+0000,deb,qtdeclarative5-friends-plugin qtdeclarative5-friends0.2,https://github.com/StefWe/ubuntu-ui-extras,GUI,C++,deb,1,0.9,pkg_rule,
8da11273b9ef1722dc5c9b7c9149776243eedd67,dh-autoreconf,autotools-dev,Branch gdk-pixbuf to exp\n\n\n\ngit-svn-id: file:///svn/pkg-gnome/desktop/experimental/gdk-pixbuf@42583 db0db5de-e4c8-0310-9441-90abf70311f7,1410023153+0000,deb,autotools-dev dh-autoreconf,https://salsa.debian.org/gnome-team/gdk-pixbuf,build,C,deb,1,0.95,pkg_rule,
8db019d9233996e189f1741e3a5d947f55defc1f,qttools5-dev-tools,libqt4-dev,Merge 5a30b72885c0c5953098c28770c1e2dddd13081a into 2264661eb364609d4473d65b66c6c19581a568ca,1492331577+0000,deb,libqt4-dev qttools5-dev-tools,https://github.com/qgis/QGIS,GUI,C++,deb,1,0.95,pkg_rule,
8db019d9233996e189f1741e3a5d947f55defc1f,qtbase5-dev,libqt4-dev,Merge 5a30b72885c0c5953098c28770c1e2dddd13081a into 2264661eb364609d4473d65b66c6c19581a568ca,1492331577+0000,deb,libqt4-dev qtbase5-dev,https://github.com/qgis/QGIS,GUI,C++,deb,1,0.95,pkg_rule,
8db019d9233996e189f1741e3a5d947f55defc1f,qttools5-dev,libqt4-dev,Merge 5a30b72885c0c5953098c28770c1e2dddd13081a into 2264661eb364609d4473d65b66c6c19581a568ca,1492331577+0000,deb,libqt4-dev qttools5-dev,https://github.com/qgis/QGIS,GUI,C++,deb,1,0.95,pkg_rule,
8df97460051ae77ecaf42cd28eb2f7f1813bd936,libkf5kio-dev,kio-dev,Merge branch 'master' into upstream/pr/6372,1540935450+0100,deb,kio-dev libkf5kio-dev,https://github.com/11Catwoman/desktop,File Handling,C++,deb,1,0.95,pkg_rule,
8dff42401f871a9f9af4dcb833fac4c1298aa318,dpkg-dev,hardening-wrapper,Merge commit 'debian/nautiluswipe_0.1.1-3' into squeeze-backports\n\nConflicts: 	debian/changelog,1327242184+0100,deb,hardening-wrapper dpkg-dev,https://salsa.debian.org/pkg-privacy-team/nautilus-wipe,build,C,deb,1,0.95,pkg_rule,
0e1adcc18067eac2d61eaa07b36ab1fb253186c3,quilt,cdbs,Update to Debian Squeeze version of grub2\n\nManual merge of Debian Squeeze 1.98+20100804 with Vyatta changes.,1283883444-0700,deb,cdbs quilt,https://github.com/cyclops8456/vyatta-grub,build,C,deb,1,0.9,pkg_rule,
0e1baf00ab3419fe08f99680b9e4ca72623a15d8,libcurl4-openssl-dev,libcurl4-gnutls-dev,"Merge remote branch 'origin/tmp/k3.0_sr_backports' into sr_3.0\n\n* origin/tmp/k3.0_sr_backports: (86 commits)   usrloc(k): rpc version for ul.dump   core: init the len of sock_str attribute   ctl: added parameters to control buffer size   htable(k): rpc commad to dump htable   pv(k): fixed $shv engine   sanity: print From hdr in warning message   nathelper(k): print bad contact uri   core: more verbose when error parsing hdr   kamailio.cfg: updated cfg with sample PSTN gw routing   nathelper(k): fix for swap scenario   presence(k): aliased MLA to SLA   core: event parsing enahced for dialog ma   tm: documented t_relay_to() function   tm: added t_relay_to(proxy, flags)   tm: documented t_replicate() functions   tm: t_replicate() can take avps & select as params   tm: added t_replicate(uri)   db_oracle: use PARAM_TYPE_MASK when checking param type   snmpstats: fix param type checking   core: define module_loaded to use find_module_by_name   ...",1264533053+0100,deb,libcurl4-gnutls-dev libcurl4-openssl-dev,https://github.com/1and1/kamailio,network,C,deb,1,0.95,pkg_rule,
0e274d07daa43b3e3ec6bcc4f948cd7c769affc9,dh-autoreconf,autotools-dev,"Update d/rules, d/compat and d/rules for new source",1358106045+0100,deb,autotools-dev dh-autoreconf,https://salsa.debian.org/debian/motif,build,C,deb,1,0.9,pkg_rule,
0e2cd30ea1ad08fa9ca9f2a7dbb4a55bf974164f,libkf5kio-dev,kio-dev,Merge branch 'master' into bugfix/noid/wizard-external-links,1534153422+0200,deb,kio-dev libkf5kio-dev,https://github.com/0xBADCA7/desktop,File Handling,C++,deb,1,0.95,pkg_rule,
0e3c707a1ef53c832f409d4553af28f5cff171ac,libjson-c-dev,libjson0-dev,Merge branch 'master' of https://github.com/OpenSIPS/opensips.git,1456473181+0800,deb,libjson0-dev libjson-c-dev,https://github.com/AgalyaR/opensips,serializing,C,deb,1,0.85,pkg_rule,
0e46dba69170ac3f9a778003f14a060f09155dc3,libsecret-1-dev,libgnome-keyring-dev,Update Build-Depends according to configure.ac.,1352789556+0100,deb,libgnome-keyring-dev libsecret-1-dev,https://github.com/pop-os/gnome-disk-utility,cryptography,C,deb,1,0.5,lib_replacement,
0e507776ad1f81a9346b2d19df6ebf8db57ea1c7,autoconf-archive,gnome-common,Branch gnome-documents to experimental,1494010138+0000,deb,gnome-common autoconf-archive,https://salsa.debian.org/gnome-team/gnome-books,OS Dev,C,deb,1,0.95,pkg_rule,
0e7469c9fe6d5adf48d9c6f4904d9456784abafc,libcurl4-openssl-dev,libcurl4-gnutls-dev,Merge pull request #2 from ceph/master\n\nMerge ceph/ceph,1527818000+0800,deb,libcurl4-gnutls-dev libcurl4-openssl-dev,https://github.com/wumingqiao/ceph,network,C++,deb,1,0.95,pkg_rule,
0e767d0cdf0c981a890cea43426e296a832d6f90,libelf-dev,libelfg0-dev,"Import Debian changes 3.99.8-3\n\nelk (3.99.8-3) unstable  urgency=medium\n\n  * Switch to debhelper 9 so that we automatically get hardening flags,     as well as build-arch and build-indep targets (Closes: #648293).   * Use dh-autoreconf to fix builds on some platforms (Closes: #733085).   * Build-depend on libelf-dev instead of libelf0g-dev (Closes: #769430).\n\n  * 100_multiarch.diff: new patch  add multiarch support (Closes: #723298).   * 200_64-bit-support.diff: new patch  add 64-bit support.   * 210_hurd.diff: new patch, courtesy of Cyril Roelandt  fix Hurd     support by not using MAXHOSTNAMELEN (Closes: #672513).",1430767506+0200,deb,libelfg0-dev libelf-dev,https://salsa.debian.org/debian/elk,OS Dev,C,deb,1,0.8,lib_replacement,
0e8409ad9811bc7ca83aaf7b403ded140bb856a9,cmake,cmake:native,Update control,1578579302+0000,deb,cmake:native cmake,https://salsa.debian.org/LebedevRI-guest/z3,computing,C++,deb,1,0.95,pkg_rule,
0eadbc0f84b3b04418ee0b62fb4761fff918d506,yelp-tools,gnome-doc-utils,New upstream release (0.3.2).,1467895587+0100,deb,gnome-doc-utils yelp-tools,https://salsa.debian.org/debian/telegnome,documentation,C,deb,1,0.75,pkg_rule,
0eafb015dd397a1790e06919ad2924e1511685db,meson,autotools-dev,"Change build system to Meson\n\nRemove the old Autotools build system and build using Meson instead.\n\nA few changes in the way things are done: - Building the inweb and cBlorb manuals is no longer supported. - Now run data/styles/update-pot.sh manually when updating the .pot file   for the GtkSourceView style files. - Build system no longer verifies if you have pdftex and evince installed. - Building binary packages is done with scripts now, not make targets.",1610927616-0800,deb,autotools-dev meson,https://github.com/ptomato/gnome-inform7,build,C,deb,1,0.9,lib_replacement,
0ec5223ef9789a68d2a3e432bce7f80509aee419,libsystemd-dev [linux-any],libsystemd-login-dev [linux-any],Migrate to libsystemd-dev build-dependency,1436699071+1000,deb,libsystemd-login-dev [linux-any] libsystemd-dev [linux-any],https://github.com/RAOF/colord,OS Dev,C,deb,1,0.8,pkg_rule,
0ecc3d15e325fac435f59d8f04e7b67f5ead7216,dh-autoreconf,autotools-dev,Merge 31b6c1f97e95f223b59ed0094c34586abc846f69 into 61528d44a134e817254e1deafe7f573c2f72e72d,1559128667+0000,deb,autotools-dev dh-autoreconf,https://github.com/Mellanox/mstflint,build,C,deb,1,0.98,pkg_rule,
0ed1010a466a001b4bf2ae9d847b14ddfda45f53,libboost-dev,libboost-signals-dev,Use signals2 instead of deprecated signals boost library\n\nCloses: #950633,1581015776+0100,deb,libboost-signals-dev libboost-dev,https://salsa.debian.org/games-team/morris,GUI,C++,deb,1,0.9,lib_replacement,Deprecation
0ee2348b05002472ad0bf533bf1393a33111800f,meson,autotools-dev,Add a build dependency on Meson\n\nThe master branch switched to Meson for the build.\n\nhttps://phabricator.endlessm.com/T18507,1507213812+0100,deb,autotools-dev meson,https://github.com/endlessm/xapian-glib,build,C++,deb,1,0.85,lib_replacement,
0ef1a48527bddf91a736fd72ecf04d40c4eb3b4a,libncurses-dev,libncursesw5-dev,Fix lintian build-depends-on-obsolete-package\n\nW: neomutt source: build-depends-on-obsolete-package Build-Depends: libidn11-dev => libidn-dev libncurses5-dev => libncurses-dev libncursesw5-dev => libncurses-dev,1679664024+0100,deb,libncursesw5-dev libncurses-dev,https://github.com/nabijaczleweli/neomutt.deb,other,C,deb,1,0.95,pkg_rule,
0ef571882dc37060da92a5d0a027ee4cb9b2953f,dh-autoreconf,autotools-dev,debian/: dh-autoreconf usage added\n\nCloses: #749505 Thanks: Fernando Seiti Furusato for the patch.,1410431660+0200,deb,autotools-dev dh-autoreconf,https://salsa.debian.org/multimedia-team/mpeg2dec,build,C,deb,1,0.75,pkg_rule,
0ef94766b877b04a6aa2b097d5cc040ff592d524,libsecret-1-dev,libgnome-keyring-dev,[svn-buildpackage] Tagging gvfs 1.27.90-1,1455620555+0000,deb,libgnome-keyring-dev libsecret-1-dev,https://salsa.debian.org/gnome-team/gvfs,cryptography,C,deb,1,0.85,pkg_rule,
8e04cbc4944a6860faa68d4521a8bce72aa17a79,dh-exec,cdbs,"Prepare new upload (0.11-5, unstable)",1545097948-0500,deb,cdbs dh-exec,https://salsa.debian.org/debian/libxsettings,build,C,deb,1,0.9,pkg_rule,
8e24a8209971569710371e157aed1be49adbe9a3,libmotif-dev,lesstif2-dev,"Build against libmotif-dev not lesstif2-dev.\n\nMotif was released under a free licence (LGPL) in 2012, lesstif has done its job.\n\nCloses: #714671.",1379738124+1000,deb,lesstif2-dev libmotif-dev,https://salsa.debian.org/debichem-team/viewmol,GUI,C,deb,1,0.98,lib_replacement,License
8e4c0a9e9a6192d4a2389441360c197b8ae7f184,libc-ares-dev,libudns-dev,Merge pull request #1 from shadowsocks/master\n\ntest,1546938974-0500,deb,libudns-dev libc-ares-dev,https://github.com/debiansid/shadowsocks-libev,network,C,deb,1,0.97,pkg_rule,
8e4c2cda94b4fe8a47454d75690d10580cf42b01,qtbase5-dev,qt5-default,fixed dependency issues for Qt5,1422213697+0100,deb,qt5-default qtbase5-dev,https://github.com/hakaishi/shutdown-qapps,GUI,C++,deb,1,0.8,pkg_rule,
8e51d9231e5c865dbf3a9c716630a07b8e88ffd7,libcurl4-openssl-dev,libcurl4-gnutls-dev,debian/control: Change curl-gnutls by curl-openssl\n\nChange-Id: I0e67376e4ae8f48a5e74d16ac48cfac0a09059d1,1431941858+0200,deb,libcurl4-gnutls-dev libcurl4-openssl-dev,https://github.com/ESTOS/gst-plugins-bad,network,C,deb,1,0.85,lib_replacement,
8e6bb84539f6e2d983a7b02fb7ba3da2b5b354a7,qtbase5-dev,libqt4-dev,"Modified debian/changelog,control,rules for upstream 0.08 release.",1443641852+0300,deb,libqt4-dev qtbase5-dev,https://github.com/operatornormal/classified-ads,GUI,C++,deb,1,0.75,pkg_rule,
8e7ac5711f293fa54fab1dc08f17817575daaf33,lv2-dev,lv2-extensions-good,Replace old LV2 build-deps with lv2-dev.,1336176641+0200,deb,lv2-extensions-good lv2-dev,https://salsa.debian.org/multimedia-team/lilv,Multi Media,C,deb,1,0.8,pkg_rule,
8e7ac5711f293fa54fab1dc08f17817575daaf33,lv2-dev,lv2core,Replace old LV2 build-deps with lv2-dev.,1336176641+0200,deb,lv2core lv2-dev,https://salsa.debian.org/multimedia-team/lilv,Multi Media,C,deb,1,0.8,pkg_rule,
8e7e878f0a45815c23bfed69584f48635a5b98b2,qemu-kvm [i386 kfreebsd-i386 kopensolaris-i386 any-amd64],qemu-utils [!hurd-any],"Import patches-unapplied version 1.99-7ubuntu1 to ubuntu/oneiric\n\nImported using git-ubuntu import.\n\nChangelog parent: 6a845a0b889fce8e32c2c7e11ec588f4ca8e4adf\n\nNew changelog entries:   * Resynchronise with Debian.  Remaining changes:     - Adjust for default Ubuntu boot options (""quiet splash"").     - Default to hiding the menu  holding down Shift at boot will show it.     - Set a monochromatic theme and an appropriate background for Ubuntu.     - Apply Ubuntu GRUB Legacy changes to legacy update-grub script.     - Fix backslash-escaping in merge_debconf_into_conf.     - Remove ""GNU/Linux"" from default distributor string.     - Add crashkernel option.     - Bypass menu unless other OSes are installed or Shift is pressed.     - Allow Shift to interrupt 'sleep --interruptible'.     - Reduce visual clutter in normal mode.     - Remove verbose messages printed before reading configuration.     - Suppress kernel/initrd progress messages, except in recovery mode.     - Show the boot menu if the previous boot failed.     - Don't generate device.map during grub-install or grub-mkconfig.     - Adjust upgrade version checks for Ubuntu.     - Suppress ""GRUB loading"" message unless Shift is held down.     - Adjust versions of grub-doc and grub-legacy-doc conflicts.     - Fix LVM/RAID probing in the absence of /boot/grub/device.map.     - Look for .mo files in /usr/share/locale-langpack first.     - Build-depend on qemu-kvm rather than qemu-system for grub-pc tests.     - Check hardware support before using gfxpayload=keep.     - Put second and subsequent Linux menu entries in a submenu.     - Preferred resolution detection for VBE.     - Set vt.handoff=7 for smooth handoff to kernel graphical mode.     - Update default/grub.md5sum to include maverick's default md5sum.     - Add nomodeset to Linux kernel arguments in recovery mode.",1308184261+0100,deb,qemu-utils [!hurd-any] qemu-kvm [i386 kfreebsd-i386 kopensolaris-i386 any-amd64],https://github.com/delphix/grub2,OS Dev,C,deb,1,0.9,pkg_rule,
8e7e878f0a45815c23bfed69584f48635a5b98b2,qemu-kvm [i386 kfreebsd-i386 kopensolaris-i386 any-amd64],qemu-system [i386 kfreebsd-i386 kopensolaris-i386 any-amd64],"Import patches-unapplied version 1.99-7ubuntu1 to ubuntu/oneiric\n\nImported using git-ubuntu import.\n\nChangelog parent: 6a845a0b889fce8e32c2c7e11ec588f4ca8e4adf\n\nNew changelog entries:   * Resynchronise with Debian.  Remaining changes:     - Adjust for default Ubuntu boot options (""quiet splash"").     - Default to hiding the menu  holding down Shift at boot will show it.     - Set a monochromatic theme and an appropriate background for Ubuntu.     - Apply Ubuntu GRUB Legacy changes to legacy update-grub script.     - Fix backslash-escaping in merge_debconf_into_conf.     - Remove ""GNU/Linux"" from default distributor string.     - Add crashkernel option.     - Bypass menu unless other OSes are installed or Shift is pressed.     - Allow Shift to interrupt 'sleep --interruptible'.     - Reduce visual clutter in normal mode.     - Remove verbose messages printed before reading configuration.     - Suppress kernel/initrd progress messages, except in recovery mode.     - Show the boot menu if the previous boot failed.     - Don't generate device.map during grub-install or grub-mkconfig.     - Adjust upgrade version checks for Ubuntu.     - Suppress ""GRUB loading"" message unless Shift is held down.     - Adjust versions of grub-doc and grub-legacy-doc conflicts.     - Fix LVM/RAID probing in the absence of /boot/grub/device.map.     - Look for .mo files in /usr/share/locale-langpack first.     - Build-depend on qemu-kvm rather than qemu-system for grub-pc tests.     - Check hardware support before using gfxpayload=keep.     - Put second and subsequent Linux menu entries in a submenu.     - Preferred resolution detection for VBE.     - Set vt.handoff=7 for smooth handoff to kernel graphical mode.     - Update default/grub.md5sum to include maverick's default md5sum.     - Add nomodeset to Linux kernel arguments in recovery mode.",1308184261+0100,deb,qemu-system [i386 kfreebsd-i386 kopensolaris-i386 any-amd64] qemu-kvm [i386 kfreebsd-i386 kopensolaris-i386 any-amd64],https://github.com/delphix/grub2,OS Dev,C,deb,1,0.9,pkg_rule,
8e86a5a6111f8b59d68a95452d25e2abfd04177b,qtbase5-dev,libqt4-dev,debian: update dependencies,1552582656+0400,deb,libqt4-dev qtbase5-dev,https://github.com/antonsviridenko/pica-pica,GUI,C,deb,1,0.8,pkg_rule,
8e8eda413f41c4b61746c4c6e1686e9ce28d9e27,libsystemd-dev[linux-any],libsystemd-daemon-dev[linux-any],Update b-d according to libsystemd transition\n\nSee bug#779740,1433317340+0100,deb,libsystemd-daemon-dev[linux-any] libsystemd-dev[linux-any],https://salsa.debian.org/bluca/accountsservice,OS Dev,C,deb,1,0.9,pkg_rule,
8e8eda413f41c4b61746c4c6e1686e9ce28d9e27,libsystemd-dev[linux-any],libsystemd-login-dev[linux-any],Update b-d according to libsystemd transition\n\nSee bug#779740,1433317340+0100,deb,libsystemd-login-dev[linux-any] libsystemd-dev[linux-any],https://salsa.debian.org/bluca/accountsservice,OS Dev,C,deb,1,0.9,pkg_rule,
8e90313a3fced2f760c75c539d51c4dd6cc50858,cmake,make,Change building dependencies from make to cmake for debian sources\n\nsvn:revision:46563 svn:branch:trunk svn:account:jordisayol,1315083365+0000,deb,make cmake,https://github.com/BRL-CAD/brlcad,GUI,C,deb,1,0.8,lib_replacement,
8ea013ed9bbdc6ba670f44733ebb521f446ce6cd,dh-autoreconf,autotools-dev,Include the work done by Albert Huang <alberth.debian@gmail.com>.\n\nFetched from: <URL:https://code.google.com/p/tilp-debian/>.,1375899422+0200,deb,autotools-dev dh-autoreconf,https://github.com/alberthdev/debian-science-packages-libticalcs,build,C,deb,1,0.95,pkg_rule,
8ea65e858a8b8fb4dfb58973053464ff4fb0331b,qtbase5-dev,libqt4-dev,"debian: Switch to keepassxc and Qt5\n\nReplace keepassx with keepassxc everywhere, and adjust the build-depends for Qt5.",1498632347+0200,deb,libqt4-dev qtbase5-dev,https://github.com/iluminat23/keepassxc-debian,GUI,C++,deb,1,0.8,pkg_rule,
8ea65e858a8b8fb4dfb58973053464ff4fb0331b,qttools5-dev-tools,libqt4-dev,"debian: Switch to keepassxc and Qt5\n\nReplace keepassx with keepassxc everywhere, and adjust the build-depends for Qt5.",1498632347+0200,deb,libqt4-dev qttools5-dev-tools,https://github.com/iluminat23/keepassxc-debian,GUI,C++,deb,1,0.8,pkg_rule,
8ea6a167e95f0c6966539813ba5c7d4442879b28,libncurses-dev,libncursesw5-dev,Build-Depend on libncurses-dev instead of libncursesw5-dev,1538890641+0500,deb,libncursesw5-dev libncurses-dev,https://salsa.debian.org/debian/mdp,other,C,deb,1,0.95,pkg_rule,
8eab9aab24c33f067dbd9ef3432a0e96c6b08596,cmake,autotools-dev,Update debian files for cmake build,1535800302-0500,deb,autotools-dev cmake,https://salsa.debian.org/kkremitzki-guest/simage,build,C,deb,1,0.5,pkg_rule,
8eac101161f77c8b1d3b88006b366857118e0072,libgd-dev,libgd2-xpm-dev,Update B-D on libgd-dev according libgd transition,1370232081+0000,deb,libgd2-xpm-dev libgd-dev,https://salsa.debian.org/python-team/modules/python-gd,Multi Media,C,deb,1,0.9,pkg_rule,
8ebfc862b8cc74105757c158ad8dcee5ab0496f5,libboost-thread-dev,libboost-dev,Build-Depends certain boost modules completed,1553681754+0100,deb,libboost-dev libboost-thread-dev,https://salsa.debian.org/med-team/sailfish,Multi Media,C++,deb,1,0.85,pkg_rule,
8ebfc862b8cc74105757c158ad8dcee5ab0496f5,libboost-program-options-dev,libboost-dev,Build-Depends certain boost modules completed,1553681754+0100,deb,libboost-dev libboost-program-options-dev,https://salsa.debian.org/med-team/sailfish,Multi Media,C++,deb,1,0.85,pkg_rule,
8ebfc862b8cc74105757c158ad8dcee5ab0496f5,libboost-date-time-dev,libboost-dev,Build-Depends certain boost modules completed,1553681754+0100,deb,libboost-dev libboost-date-time-dev,https://salsa.debian.org/med-team/sailfish,Multi Media,C++,deb,1,0.85,pkg_rule,
8ec8671153d5c9d5bf4162302dda8870ce400f88,opensp,sp,debian: Update deps for debian-10\n\nSigned-off-by: Philippe Coval <rzr@users.sf.net>,1575376987+0100,deb,sp opensp,https://github.com/adoptware/pinball,network,C++,deb,1,0.5,lib_replacement,
8ef542cae8f2d429b5f5689a8bbfa06c68ab3da6,dh-autoreconf,autoconf,Imported Debian patch 0.2.4-2,1331900254+0000,deb,autoconf dh-autoreconf,https://salsa.debian.org/janitor-team/proposed/libwps,build,C++,deb,1,0.95,pkg_rule,
8efa933bfbf86aa108e282af65715b449c0d2aa8,qtbase5-dev,qt5-default,"adjust control file, change dependency on qt5base-dev",1567540465-0400,deb,qt5-default qtbase5-dev,https://github.com/AdrianTM/mx-tools,GUI,C++,deb,1,0.85,pkg_rule,
0f07ba17b955592646c170ab7c9150b92c978880,quilt,dpatch,Switch to quilt.,1321966600+0200,deb,dpatch quilt,https://github.com/danos/sssd,build,C,deb,1,0.75,lib_replacement,
0f0f4244ada8ca980c8644eb7c9da159d2237037,libwxgtk3.0-gtk3-dev,libwxgtk3.0-dev,Updated ubuntu PPA build script,1681458214+0200,deb,libwxgtk3.0-dev libwxgtk3.0-gtk3-dev,https://github.com/fransschreuder/usbpicprog,GUI,C,deb,1,0.85,pkg_rule,
0f16306a322448d5e3598877734029574bed5ea2,libhardware-dev [armhf],libhybris-dev [armhf],"Bring up to date, merging trunk",1384220220+1100,deb,libhybris-dev [armhf] libhardware-dev [armhf],https://github.com/Decatf/mir,OS Dev,C++,deb,1,0.95,pkg_rule,
0f167826c417f86212d0d84afe800a9690c01c9c,dpkg-dev,hardening-wrapper,Merge branch 'mysql-wsrep-bugs_5.5-v25' into mysql-wsrep-bugs_5.6-v25\n\n* mysql-wsrep-bugs_5.5-v25:   MW-394\n\nThis is a null-merge.,1503646072+0300,deb,hardening-wrapper dpkg-dev,https://github.com/5uper5hoot/percona-xtradb-cluster,build,C++,deb,1,0.98,pkg_rule,
0f1dbb294f99f52230ce9ab3de25bdef185d3435,intltool,gnome-common,Replace dependency on gnome-common with autoconf-archive and intltool,1474358465+0300,deb,gnome-common intltool,https://salsa.debian.org/berto/grilo-plugins,GUI,C,deb,1,0.7,pkg_rule,
0f1dbb294f99f52230ce9ab3de25bdef185d3435,autoconf-archive,gnome-common,Replace dependency on gnome-common with autoconf-archive and intltool,1474358465+0300,deb,gnome-common autoconf-archive,https://salsa.debian.org/berto/grilo-plugins,OS Dev,C,deb,1,0.7,pkg_rule,
0f2886c45dd28b280e044beaea845475ed2a3165,quilt,cdbs,Imported Debian patch 1.4.2-1,1230948197-0500,deb,cdbs quilt,https://salsa.debian.org/avolkov-guest/imlib2,build,C,deb,1,0.9,pkg_rule,
0f32bd61ed4808c7b987fd33719b04b8d67bf823,dh-sequence-gnome,gnome-pkg-tools,Import gnome-desktop3 debian packaging version 3.32.0-1\n\nhttps://phabricator.endlessm.com/T25383,1553661630+0530,deb,gnome-pkg-tools dh-sequence-gnome,https://github.com/endlessm/gnome-desktop,build,C,deb,1,0.95,pkg_rule,
0f32bd61ed4808c7b987fd33719b04b8d67bf823,meson,gobject-introspection,Import gnome-desktop3 debian packaging version 3.32.0-1\n\nhttps://phabricator.endlessm.com/T25383,1553661630+0530,deb,gobject-introspection meson,https://github.com/endlessm/gnome-desktop,File Handling,C,deb,1,0.95,pkg_rule,
0f40566c2bb1086977c60760cc6235cb7622dad9,libpoppler-private-dev,libpoppler-dev,git-debimport xpdf_3.03-10.debian.tar.gz,1392197166+0900,deb,libpoppler-dev libpoppler-private-dev,https://github.com/congnt-tsdv/debian-xpdf,documentation,C++,deb,1,0.9,pkg_rule,
0f48fa5447961102b6ad7804faf0e85befa0ae76,libas2js-dev,as2js-dev,Fixed the as2js dependency in control file.,1648787993-0700,deb,as2js-dev libas2js-dev,https://github.com/m2osw/edhttp,network,C++,deb,1,0.95,pkg_rule,
0f9480cefcbdc94fbbd9a6fdb6611d093358c369,yelp-tools,gnome-doc-utils,Branch gnome-dictionary to experimental\n\n,1442943183+0000,deb,gnome-doc-utils yelp-tools,https://salsa.debian.org/gnome-team/gnome-dictionary,documentation,C,deb,1,0.95,pkg_rule,
0f95ea16099e61476a43d00b7b8b8b456be4be60,libwxgtk3.0-gtk3-dev,libwxgtk3.0-dev,Switch to wxWidgets GTK 3 implementation. (closes: #933409),1564496455+0200,deb,libwxgtk3.0-dev libwxgtk3.0-gtk3-dev,https://salsa.debian.org/debian-gis-team/spatialite-gui,GUI,C++,deb,1,0.8,pkg_rule,
0fa1ada9c52369452dc19e0199b697f2765a2acc,qttools5-dev-tools,libqt4-dev,3.0 Init,1580075562+0100,deb,libqt4-dev qttools5-dev-tools,https://github.com/LordSoylent/kabberry,GUI,C++,deb,1,0.95,pkg_rule,
0fa1ada9c52369452dc19e0199b697f2765a2acc,qtbase5-dev,libqt4-dev,3.0 Init,1580075562+0100,deb,libqt4-dev qtbase5-dev,https://github.com/LordSoylent/kabberry,GUI,C++,deb,1,0.95,pkg_rule,
0fa1ada9c52369452dc19e0199b697f2765a2acc,qttools5-dev,libqt4-dev,3.0 Init,1580075562+0100,deb,libqt4-dev qttools5-dev,https://github.com/LordSoylent/kabberry,GUI,C++,deb,1,0.95,pkg_rule,
0fa1b97c3f164461b0573b8cf73ec805faa4745e,texlive-latex-base,tetex-bin,"- texlive transition: Replace Build-Depends tetex-bin with texlive-latex-base - Add Build-Depends: graphviz, gs-gpl which are needed for generating the png images.\n\n git-svn-id: svn+ssh://svn.debian.org/svn/pkg-utopia/packages/unstable/libnl@1401 ceb527fc-18e6-0310-9fe2-813c157c29e7",1176646383+0000,deb,tetex-bin texlive-latex-base,https://salsa.debian.org/utopia-team/libnl,documentation,C,deb,1,1.0,lib_replacement,Deprecation
0fde455039a88251aea6368f5ad4f91e0dba0db3,libmalcontent-0-dev,libeos-parental-controls-0-dev,Replace libeos-parental-controls-0-dev dep with libmalcontent-0-dev\n\nAlso bump release to 1.3.3-1endless2.\n\nSigned-off-by: Andre Moreira Magalhaes <andre@endlessm.com>\n\nhttps://phabricator.endlessm.com/T26996,1560822773-0300,deb,libeos-parental-controls-0-dev libmalcontent-0-dev,https://github.com/endlessm/flatpak,OS Dev,C,deb,1,1.0,lib_replacement,
0fff23ba893c9e2ba6d7cf5e3a7de2260d1d3982,texlive,tetex-bin,"Import Debian changes 0.6.0-1\n\npspp (0.6.0-1) unstable  urgency=low\n\n  * New upstream release (closes:#451825,#486777)   * debian/control:  Debian policy version 3.8.0. Add ""Homepage"" field.     Add to build-depends: libglade2-dev, libreadline5-dev, libxml2-dev,     zlib1g-dev.  Build-depends on texlive rather than old tetex-bin.   * debian/rules: implement DEBIAN_BUILD_OPTIONS value ""parallel=n"".     Add to configuration command (per README):  CFLAGS=-fgnu89-inline.   * debian/copying: now licensed under GPL version 3 or later.   * debian/menu: add Debian menu support   * Add simple manpage for psppire.   * debian/doc-base: update section to agree with menu policy",1215999047-0400,deb,tetex-bin texlive,https://salsa.debian.org/science-team/pspp,documentation,C,deb,1,1.0,lib_replacement,
0fff7b0e3131276d7e1630c3c27d60ca13c78cec,liberfa-dev,libsofa-c-dev,Replace all calls of the IAU SOFA library by its truly open source pendand erfa,1385814792+0100,deb,libsofa-c-dev liberfa-dev,https://salsa.debian.org/debian-astro-team/starlink-pal,computing,C,deb,1,1.0,lib_replacement,License
8f0252d53aae2119abc8f99d455ac5c0badc9fe9,libboost-regex-dev,libboost-dev,fixed boost dependencies,1289463357+0000,deb,libboost-dev libboost-regex-dev,https://github.com/wuan/bo-tracker,Multi Media,C++,deb,1,0.8,pkg_rule,
8f0252d53aae2119abc8f99d455ac5c0badc9fe9,libboost-date-time-dev,libboost-dev,fixed boost dependencies,1289463357+0000,deb,libboost-dev libboost-date-time-dev,https://github.com/wuan/bo-tracker,Multi Media,C++,deb,1,0.8,pkg_rule,
8f0252d53aae2119abc8f99d455ac5c0badc9fe9,libboost-thread-dev,libboost-dev,fixed boost dependencies,1289463357+0000,deb,libboost-dev libboost-thread-dev,https://github.com/wuan/bo-tracker,Multi Media,C++,deb,1,0.8,pkg_rule,
8f0252d53aae2119abc8f99d455ac5c0badc9fe9,libboost-program-options-dev,libboost-dev,fixed boost dependencies,1289463357+0000,deb,libboost-dev libboost-program-options-dev,https://github.com/wuan/bo-tracker,Multi Media,C++,deb,1,0.8,pkg_rule,
8f0d600a0737a1352c3ef3917e7068aab149957a,qtbase5-dev,libqt4-dev,Merge 34a77b64b22243d0d8fe8533a8ca563da20e345c into e4ba16495e8d8177eb85d6bfcc69089b38753e39,1472210834+0000,deb,libqt4-dev qtbase5-dev,https://github.com/apache/thrift,GUI,C++,deb,1,0.95,pkg_rule,
8f1f63040ada7b0272fa15a998afabf6eebffbc3,libjack-jackd2-dev,libjack-dev,fix: 更新版本到3.2\n\n更新版本到3.2\n\nLog: 更新版本到3.2,1669703399+0800,deb,libjack-dev libjack-jackd2-dev,https://github.com/deepin-community/audacity,Multi Media,C++,deb,1,0.85,pkg_rule,
8f20f6d58bd6e154f763aa846b0d9c57faa3c415,libfftw3-dev,fftw3-dev,Merge branch 'master' into HTK_MFCC,1482849202+0100,deb,fftw3-dev libfftw3-dev,https://github.com/MTG/essentia,computing,C++,deb,1,0.95,pkg_rule,
8f2744f6f36bca7d7e7cebffe5ed68ffff7d079b,libmariadb-dev,default-libmysqlclient-dev,replace libmysqlclient-dev with libmariadb-dev,1565960625+0000,deb,default-libmysqlclient-dev libmariadb-dev,https://github.com/jdelic/OpenSMTPD-extras,database,C,deb,1,1.0,lib_replacement,
8f2cb7061e99e47f8cd81aadc7326b1752671805,dh-autoreconf,autotools-dev,Import Debian patch 7.2.646-1,1479900138-0200,deb,autotools-dev dh-autoreconf,https://salsa.debian.org/jelmer/dc3dd,build,C,deb,1,0.95,pkg_rule,
8f2cb7061e99e47f8cd81aadc7326b1752671805,dh-autoreconf,autoconf,Import Debian patch 7.2.646-1,1479900138-0200,deb,autoconf dh-autoreconf,https://salsa.debian.org/jelmer/dc3dd,build,C,deb,1,0.95,pkg_rule,
8f2ced10834feb48a71163873cb7d35a1ce9aba4,php-all-dev,php-dev,Modernize the packaging\n\n- Use dh-php with php-all-dev to build for all available PHP versions - Bump standards version - Bump debhelper compat level to 12,1583138174+0100,deb,php-dev php-all-dev,https://salsa.debian.org/php-team/pecl/php-facedetect,Multi Media,C++,deb,1,0.8,pkg_rule,
8f39087b50f9fce46541d9b56966047567b49ae1,bmake,pmake,Switch from transitional pmake to bmake,1544390416+0000,deb,pmake bmake,https://salsa.debian.org/bsd-team/makefs,OS Dev,C,deb,1,0.9,pkg_rule,
8f3c86745822070330af4d311faf567f4b384947,libkf5plasma-dev,plasma-framework-dev,B-D change: plasma-framework-dev -> libkf5plasma-dev,1514031706+0100,deb,plasma-framework-dev libkf5plasma-dev,https://salsa.debian.org/qt-kde-team/extras/qapt,GUI,C++,deb,1,0.9,pkg_rule,
8f3fe81a242d987e9ea19d9207f270a9e1af782a,libsystemd-dev [linux-any],libsystemd-login-dev [linux-any],Build against libsystemd instead of the old libsystemd-login compat library\n\nCloses: #779756,1436314244+0200,deb,libsystemd-login-dev [linux-any] libsystemd-dev [linux-any],https://github.com/markhindley/polkit,OS Dev,C,deb,1,0.85,pkg_rule,
8f41c7675721a21f94b31b70144276d76b6e8377,meson,autotools-dev,Merge a5a6112fae82d1904f326f13059d8dcb22b9f6fc into 4c19a41429524a2da202b919a335a646103da0fd,1577812538-0700,deb,autotools-dev meson,https://github.com/linuxmint/cinnamon-settings-daemon,build,C,deb,1,0.95,pkg_rule,
8f8d8a43d65566b800498df4dbfbbb42597751f8,dh-sequence-gnome,debhelper,Record mutter (3.34.1+git20191107-1) in archive suite sid,1573125059+0000,deb,debhelper dh-sequence-gnome,https://github.com/raspbian-packages/mutter,build,C,deb,1,1.0,pkg_rule,
8f8d8a43d65566b800498df4dbfbbb42597751f8,dh-sequence-gir,debhelper,Record mutter (3.34.1+git20191107-1) in archive suite sid,1573125059+0000,deb,debhelper dh-sequence-gir,https://github.com/raspbian-packages/mutter,build,C,deb,1,1.0,pkg_rule,
8f90513f01b191cb7dd526d7babb69953f17e6fc,cmake,autotools-dev,Merge 5032ca2b4abf701a22f9a71a57d48c221a8d935e into af5dab0613b11f779f426ca2dd685df78ce0bf15,1488063748+0000,deb,autotools-dev cmake,https://github.com/ceph/ceph,build,C++,deb,1,0.95,pkg_rule,
8f9ee1a2cfa3d847efe67b5a4757283c83b007f3,quilt,dpatch,git-debimport cyrus-sasl2_2.1.25.dfsg1-6+deb7u1.debian.tar.gz,1391752912+0900,deb,dpatch quilt,https://github.com/ystk/debian-cyrus-sasl2,build,C,deb,1,0.9,pkg_rule,
8fa4c525f3dd64230cbfa7a132177141725e4bce,dh-autoreconf,scons,"Remove build-depends scons, add dh-autoreconf.",1456187061+0000,deb,scons dh-autoreconf,https://salsa.debian.org/science-team/brial,computing,C++,deb,1,0.85,pkg_rule,
8fa7955874b77afd4f73d5cf270c659695ab41cc,qtbase5-dev,libqt4-dev,Merge branch 'master' into exp-lines,1609873404-0500,deb,libqt4-dev qtbase5-dev,https://github.com/mcallegari/qlcplus,GUI,C++,deb,1,0.95,pkg_rule,
8fac28f7b989b9ba35ae6a178eb92b8bee9f2956,opensp,sp,Use opensp instead of sp (Closes: #837870),1474190604+0200,deb,sp opensp,https://github.com/rhenium/bird,network,C,deb,1,0.75,lib_replacement,
8fb413f2cb720f90bc51f9e5b2dfb5fcb911e777,dpatch,apache-dev,apply debian build related patch,1311788568-0700,deb,apache-dev dpatch,https://github.com/ceph/mod_fastcgi,network,C,deb,1,0.95,pkg_rule,
8fc7478b5bbef75ed777305119c76a59feab2839,libjson-c-dev,libjson0-dev,Merge pull request #1 from rhagelstrom/packaging\n\nPackaging,1498680417-0500,deb,libjson0-dev libjson-c-dev,https://github.com/AT-Corp/frr,serializing,C,deb,1,0.95,pkg_rule,
8fc95c547fbc4559c13403b8f1977ff6175ffe00,libxfce4ui-1-dev,libxfcegui4-dev,"* debian/patches:   - 01_port-to-gio-udev.patch: drop thunar-vfs and hal support, port to     gio and gudev instead.   - 02_port-to-libxfce4ui.patch: replace deprecated libxfcegui4 dep by     libxfce4ui.   - series: add these patches. * debian/control: b-dep on libgudev-1.0-dev [linux-any] and libxfce4ui-1-dev    drop libxfcegui4-dev. * debian/rules: run xdt-autogen brefoe the build (required by these patches),   and cleanup autogenerated files after.",1309459666+0000,deb,libxfcegui4-dev libxfce4ui-1-dev,https://salsa.debian.org/Valdaer/xfburn,GUI,C,deb,1,1.0,lib_replacement,Deprecation
8fce3775abc476fdd8e4225502bf9b5ccbac8331,dpkg-dev,hardening-includes,- update debhelper build-dep to 9.   - add build-dep on dpkg-dev 1.16.1.   - drop build-dep on hardening-includes.   - make libexo-helpers Multi-Arch: foreign. * debian/compat bumped to 9. * debian/rules:   - use debhelper 9 and dpkg-dev 1.16.1 hardening support.,1333196213+0000,deb,hardening-includes dpkg-dev,https://salsa.debian.org/xfce-team/desktop/exo,build,C,deb,1,0.9,pkg_rule,
8fd0450cd435a20582b8dec435b4c1be4c649229,qtbase5-dev,libqt4-dev,Build with qt5 transitional packages (qtbase5-dev and qt5-qmake) \n\ngit-svn-id: https://svn.code.sf.net/p/hyne/svn/trunk@141 c84c93af-c3a3-4a1d-84ff-4977ccd10b0c,1389882792+0000,deb,libqt4-dev qtbase5-dev,https://github.com/Aether176/hyne,GUI,C++,deb,1,0.8,pkg_rule,
8fe5288704fdbba9b9c077f57121495bf4feff5b,libticcutils2-dev,libticcutils2,"Non-maintainer upload: Build-dep on libticcutils2-dev (closes: #723156)\n\n* Non-maintainer upload: Build-dep on libticcutils2-dev (closes: #723156) * Non-maintainer upload. * Fix ""FTBFS: No package 'ticcutils' found""   - d/control: update build depend on libticcutils-dev.     Thanks Aaron M. Ucko for report.   (Closes: #714711)",1410002764+0200,deb,libticcutils2 libticcutils2-dev,https://salsa.debian.org/science-team/libfolia,documentation,C++,deb,1,0.95,pkg_rule,
8febcfdd428108ccaf20b39258b82d3411573d5c,libgd2-noxpm-dev,libgd2-dev,Replace libgd2-dev by libgd2-noxpm-dev in BD.,1382560067+0200,deb,libgd2-dev libgd2-noxpm-dev,https://salsa.debian.org/science-team/gnuplot,Multi Media,C,deb,1,0.85,pkg_rule,
8ffc2555689fac87031736feb0eb8b93bde433ee,qttools5-dev-tools,libqt4-dev,Merge #866: [Build] Update debian contrib files\n\n51616cb0d7 [Build] Update debian contrib files (Fuzzbawls)\n\nTree-SHA512: 233e6ff9b37f1c662be2e09bfe272bba48054c8e0e0d0fffbd5c66b0ae33dc8e43a09efef4f4b376828a8040a7e435bcfc0f5cc14c378eca1a771f2883999481,1555543233-0700,deb,libqt4-dev qttools5-dev-tools,https://github.com/ALQO-Universe/ALQO,GUI,C++,deb,1,0.95,pkg_rule,
8ffc2555689fac87031736feb0eb8b93bde433ee,qtbase5-dev,libqt4-dev,Merge #866: [Build] Update debian contrib files\n\n51616cb0d7 [Build] Update debian contrib files (Fuzzbawls)\n\nTree-SHA512: 233e6ff9b37f1c662be2e09bfe272bba48054c8e0e0d0fffbd5c66b0ae33dc8e43a09efef4f4b376828a8040a7e435bcfc0f5cc14c378eca1a771f2883999481,1555543233-0700,deb,libqt4-dev qtbase5-dev,https://github.com/ALQO-Universe/ALQO,GUI,C++,deb,1,0.95,pkg_rule,
8ffc2555689fac87031736feb0eb8b93bde433ee,qttools5-dev,libqt4-dev,Merge #866: [Build] Update debian contrib files\n\n51616cb0d7 [Build] Update debian contrib files (Fuzzbawls)\n\nTree-SHA512: 233e6ff9b37f1c662be2e09bfe272bba48054c8e0e0d0fffbd5c66b0ae33dc8e43a09efef4f4b376828a8040a7e435bcfc0f5cc14c378eca1a771f2883999481,1555543233-0700,deb,libqt4-dev qttools5-dev,https://github.com/ALQO-Universe/ALQO,GUI,C++,deb,1,0.95,pkg_rule,
10152ecafa16d5aa7cd0e853ce5f904d63f43be1,libxaw3dxft8-dev,libxaw7-dev,"* New upstream release    - Now uses libxaw3dxft8-dev instead of libxaw7-dev, for UTF8, Freetype",1499415340+0100,deb,libxaw7-dev libxaw3dxft8-dev,https://salsa.debian.org/science-team/libsx,GUI,C,deb,1,0.8,lib_replacement,Functionality
101c3503c036a7d84fbc17651830a1015388a797,libpcaudio-dev,portaudio19-dev,"Switch to espeak-ng (Closes: #833658)\n\n  * control: Replace libespeak-dev, libportaudio19-dev, libjack-dev with     libespeak-ng-libespeak-dev and libpcaudio-dev.   * rules: Define symbol create_pulseaudio_object to create_alsa_object so that     we don't need to link espeakup-udeb with pulseaudio.",1478649172+0100,deb,portaudio19-dev libpcaudio-dev,https://salsa.debian.org/a11y-team/espeakup,Multi Media,C,deb,1,0.9,lib_replacement,
102f1c998dfb9f62577df95d58b3dbc156ec7ae2,yelp-tools,gnome-doc-utils,Move experimental branch of evolution to unstable\n\n git-svn-id: file:///svn/pkg-evolution/unstable/evolution@2425 ed03ce00-e4f4-0310-9448-ee38221cb277,1378512283+0000,deb,gnome-doc-utils yelp-tools,https://salsa.debian.org/bluca/evolution,documentation,C,deb,1,0.95,pkg_rule,
1047137198d5dfbc2c77f60b7934ccd53bef4e18,libhandystats-dev,handystats,"handystats: update to handystats v2\n\nRequest metrics collection mechanics is performed via request_wrapper. Upload request instrumented. Handystats' file_logger added (""stats-log"" config section).\n\nCollected metrics:\n\n* mds.<request>   -- rate for request (get, upload)\n\n* mds.<request>.<response code | group>   -- rate for response code (100, 201, 404, etc.) or group (1xx, 2xx, 3xx, 4xx, 5xx)      of request (get, upload)\n\n* mds.<request>.<2xx | 3xx>.time   -- timings for response code group (2xx, 3xx) of request (get, upload)   -- 'frequency' statistic may be used for rps",1416335330+0300,deb,handystats libhandystats-dev,https://github.com/shindo/mediastorage-proxy,network,C++,deb,1,0.9,pkg_rule,
1047137198d5dfbc2c77f60b7934ccd53bef4e18,libhandystats2,handystats,"handystats: update to handystats v2\n\nRequest metrics collection mechanics is performed via request_wrapper. Upload request instrumented. Handystats' file_logger added (""stats-log"" config section).\n\nCollected metrics:\n\n* mds.<request>   -- rate for request (get, upload)\n\n* mds.<request>.<response code | group>   -- rate for response code (100, 201, 404, etc.) or group (1xx, 2xx, 3xx, 4xx, 5xx)      of request (get, upload)\n\n* mds.<request>.<2xx | 3xx>.time   -- timings for response code group (2xx, 3xx) of request (get, upload)   -- 'frequency' statistic may be used for rps",1416335330+0300,deb,handystats libhandystats2,https://github.com/shindo/mediastorage-proxy,network,C++,deb,1,0.9,pkg_rule,
105a440edbd2d5d30ebce7741721b19ab86d6952,libtool-bin,libtool,control: Build-dep on libtool-bin in stead of libtool.,1540489711+0300,deb,libtool libtool-bin,https://salsa.debian.org/science-team/neartree,build,C++,deb,1,0.95,pkg_rule,
1061e9f7f2956b4fabcbcd34ef292229ea43f3e2,qemu-system,qemu-kvm,Depend on qemu-system instead the obsolete qemu-kvm.,1368980452+0200,deb,qemu-kvm qemu-system,https://github.com/digitalocean/libguestfs,OS Dev,C,deb,1,0.8,pkg_rule,
1066d284ace3270894aefd7acf2ed142e97c1ba8,autoconf-archive,gnome-common,[svn-buildpackage] Tagging devhelp 3.25.91-1,1503969771+0000,deb,gnome-common autoconf-archive,https://salsa.debian.org/gnome-team/devhelp,OS Dev,C,deb,1,0.95,pkg_rule,
107c0811235a4666c830c48ec9a9845e6536d779,qtbase5-dev,libqt4-dev,Incorporate last two NMUs,1454084639+0530,deb,libqt4-dev qtbase5-dev,https://salsa.debian.org/debian/recoll,GUI,C++,deb,1,0.95,pkg_rule,
1082cbe2785d20e46d11829cd9da279c2c112d23,gcc,build-essential,"Removed dependency on meta package build-essential.\n\nReplaced build-essential by gcc, g++ and make. This appears to be sufficient.\n\n(cherry picked from commit eec4eb5d41ec573d3e227599ccf9ff368cfdc725)",1535450032+0200,deb,build-essential gcc,https://github.com/casperbp/mcrl2,computing,C++,deb,1,0.85,pkg_rule,
1082cbe2785d20e46d11829cd9da279c2c112d23,g++,build-essential,"Removed dependency on meta package build-essential.\n\nReplaced build-essential by gcc, g++ and make. This appears to be sufficient.\n\n(cherry picked from commit eec4eb5d41ec573d3e227599ccf9ff368cfdc725)",1535450032+0200,deb,build-essential g++,https://github.com/casperbp/mcrl2,computing,C++,deb,1,0.85,pkg_rule,
1082cbe2785d20e46d11829cd9da279c2c112d23,make,build-essential,"Removed dependency on meta package build-essential.\n\nReplaced build-essential by gcc, g++ and make. This appears to be sufficient.\n\n(cherry picked from commit eec4eb5d41ec573d3e227599ccf9ff368cfdc725)",1535450032+0200,deb,build-essential make,https://github.com/casperbp/mcrl2,computing,C++,deb,1,0.85,pkg_rule,
109a4e39e65a95fbd7b2de721ad022b1b47f575a,qtbase5-dev,libqt4-dev,Deb Qt5,1566064721+0200,deb,libqt4-dev qtbase5-dev,https://github.com/ElTh0r0/iqpuzzle,GUI,C++,deb,1,0.95,pkg_rule,
109daf36b204c1c0835e783899eb37c647f328c6,qtbase5-dev,libqt4-dev,Update to qt5\n\nSigned-off-by: Nobuhiro Iwamatsu <iwamatsu@debian.org>,1479245750+0900,deb,libqt4-dev qtbase5-dev,https://salsa.debian.org/debian/mozc,GUI,C++,deb,1,0.95,pkg_rule,
10b94d67698e5c37359d5967d212a2782b768637,libx11-dev,xlibs-dev,Merge branch 'master' of git+ssh://git.directfb.org/git/directfb/core/DirectFB,1301713477+0200,deb,xlibs-dev libx11-dev,https://github.com/Acidburn0zzz/DirectFB,GUI,C,deb,1,0.85,pkg_rule,
10bc0d969353e0861de6c547b0fab28b3864cb0f,libhardware-dev [armhf],libhybris-dev [armhf],Merge trunk,1375905856-0700,deb,libhybris-dev [armhf] libhardware-dev [armhf],https://github.com/Decatf/mir,OS Dev,C++,deb,1,0.9,pkg_rule,
10c04c1196978699a4e1ab777bc2e5316e3e105f,linux-kernel-headers,linux-libc-dev,"Import Debian changes 4.4.1-2~bpo40+1\n\ncollectd (4.4.1-2~bpo40+1) etch-backports  urgency=low\n\n  * Rebuild for Etch.   * Removed dpkg-dev build-dependency - we don't care about Vcs-* and Homepage     fields in backports.org.   * Removed optional build-dependencies libcurl4-gnutls-dev and libsnmp-dev -     they are not available in Etch and might confuse buildds.   * Switch back to build-depend on nut-dev - libupsclient1-dev is not     available in Etch:     - Limit the ""nut"" plugin to [!alpha !amd64 !hppa !ia64 !ppc64].   * No longer remove version from libvirt-dev build-dependency - a version     with Xen support is now available on backports.org.   * Replaced linux-libc-dev build-dependency with linux-kernel-headers.   * Build-conflict with iptables-dev to force the use of the shipped libiptc.\n\ncollectd (4.4.1-2) unstable  urgency=low\n\n  * Restrict libcurl4-gnutls-dev build dependency to versions which are not     affected by #488701 (Closes: #489091).   * Added linux-libc-dev (<< 2.6.25-1) as an option to the linux-libc-dev     (>= 2.6.25-4) build dependency - those versions are not affected by     #479899.   * Added build dependency on pkg-config - this is used by collectd's     configure script to check for a couple of libraries.   * Added libupsclient-config.sh to imitate libupsclient-config which is no     longer available. libupsclient-config.sh is a simple wrapper around     pkg-config. This is a workaround until upstream supports pkg-config for     libupsclient.   * Replaced nut-dev build dependency with libupsclient1-dev:     Reenabled the ""nut"" plugin on all architectures.",1219222334+0200,deb,linux-libc-dev linux-kernel-headers,https://salsa.debian.org/aerusso-guest/pkg-collectd,OS Dev,C,deb,1,0.8,pkg_rule,
10c4cc3cd36b688f2719b0061022bce0070767ed,dh-autoreconf,autoconf,git-debimport setools_3.3.8-3.1.debian.tar.xz,1444508421+0900,deb,autoconf dh-autoreconf,https://github.com/ystk/debian-setools,build,C,deb,1,0.9,pkg_rule,
10c4cc3cd36b688f2719b0061022bce0070767ed,dh-autoreconf,autotools-dev,git-debimport setools_3.3.8-3.1.debian.tar.xz,1444508421+0900,deb,autotools-dev dh-autoreconf,https://github.com/ystk/debian-setools,build,C,deb,1,0.9,pkg_rule,
10cecc3fd0b68f9b9c15ff0242abfa27141d836a,dh-autoreconf,autoconf,"control: Build-depend on dh-autoreconf, drop duplicate bdeps.",1318325150+0300,deb,autoconf dh-autoreconf,https://salsa.debian.org/freeipa-team/389-ds-base,build,C,deb,1,0.85,pkg_rule,
10d2027a4544e624e3a76c2402aee4196b7457bf,qtbase5-dev,libqt4-dev,Port to qt5,1644608059+0100,deb,libqt4-dev qtbase5-dev,https://github.com/nxdefiant/easylist,GUI,C++,deb,1,0.5,lib_replacement,
10d60a291ba62cf5b43cb9a15444a04c3578ee27,cmake,autotools-dev,Updated Debian packaging files.,1535839228+0200,deb,autotools-dev cmake,https://github.com/dreibh/rsplib,build,C,deb,1,0.8,pkg_rule,
10e0cb4ae1bb90a5f5d10f36b7e834863b63029f,libcurl4-openssl-dev,libcurl4-gnutls-dev,Merge 87b1fea14674b14f535dc6fd7889d8f95fe198a6 into 27f6012ff47833c7148a4f21ac6ba5c6358f62b3,1528978081+0000,deb,libcurl4-gnutls-dev libcurl4-openssl-dev,https://github.com/ceph/ceph,network,C++,deb,1,0.8,pkg_rule,
10fa950cb9fee0ba28adfc5ead108657655bb289,gtk-update-icon-cache,libgtk-3-bin,"switch libgtk-3-bin build-dep to gtk-update-icon-cache, closes: #825455",1466629269-0600,deb,libgtk-3-bin gtk-update-icon-cache,https://github.com/optorres/AltOS,GUI,C,deb,1,0.85,pkg_rule,
9002c6188dfb9ffd0504a82727de98e7ccc99f8a,dpkg-dev,hardening-includes,- update debhelper build-dep to 9.   - add build-dep on dpkg-dev 1.16.1.   - drop hardening-includes build-dep. * debian/rules:   - use hardening support in debhelper 9 and dpkg-dev 1.16.1   - multi-archify the paths.  * debian/*.install:   - multi-archify the paths.,1333137723+0000,deb,hardening-includes dpkg-dev,https://salsa.debian.org/xfce-team/desktop/libxfce4ui,build,C,deb,1,0.9,pkg_rule,
900369e4f003f90ea60873ff093a6720ce405b00,libncurses5,libslang2-dev,Switch from slang2 to ncurses5.\n\nAddresses-Debian-Bug: 581631 Signed-off-by: LaMont Jones <lamont@debian.org>,1273844031-0600,deb,libslang2-dev libncurses5,https://github.com/dci-debian-packaging-backports/util-linux,other,C,deb,1,0.9,lib_replacement,
900b4c7001ac8c7188178c0c0af6e0b7b69913d7,dh-autoreconf,autotools-dev,Use dh-autoreconf during build to support new architectures like ppc64el. Closes: #733555,1409685795+0000,deb,autotools-dev dh-autoreconf,https://salsa.debian.org/gnome-team/caribou,build,C,deb,1,0.8,pkg_rule,
900b9d6cb3006a96f726b19e45c4ba0aa70151a5,libsystemd-dev,libdbus-cpp-dev,"d/control: remove libdbus-cpp-dev, add libsystemd-dev\n\nSigned-off-by: Shengjing Zhu <i@zhsj.me>",1527490361+0800,deb,libdbus-cpp-dev libsystemd-dev,https://github.com/zhsj/anbox,OS Dev,C++,deb,1,0.85,pkg_rule,
90160440021a68d48ee81ca0ea3718c8a6025a89,man2html-base,man2html,Change depends from man2html to man2html-base,1529833662+0200,deb,man2html man2html-base,https://salsa.debian.org/hugopeixoto/html-xml-utils,documentation,C,deb,1,0.9,pkg_rule,
901e43cc653b3d5f9cba1c04326e6b47bfa29b8b,quilt,dpatch,Switch to quilt.,1243754248-0400,deb,dpatch quilt,https://salsa.debian.org/multimedia-team/faad2,build,C,deb,1,0.75,lib_replacement,
9029377f2d529dc6bc8942a3d8ae39322fd5e590,cmake,autotools-dev,Some fixes and improvements for the build scripts.,1494948604+0200,deb,autotools-dev cmake,https://github.com/Ishana/netperfmeter,build,C++,deb,1,0.85,pkg_rule,
902f55e78046591b8ead60142991d2d1fa187014,dh-autoreconf,autotools-dev,Imported Debian patch 0.9.0-9,1416260570+0100,deb,autotools-dev dh-autoreconf,https://github.com/pexip/os-plymouth,build,C,deb,1,0.9,pkg_rule,
9036ecf0df54fb7e4bc466cf3b27dfaa4df0e4f0,qtbase5-dev,qt5-default,"adjust control file, change dependency on qt5base-dev",1567540281-0400,deb,qt5-default qtbase5-dev,https://github.com/MX-Linux/mx-select-sound,GUI,C++,deb,1,0.85,pkg_rule,
903cbca0714025f1ec062c274758f231a024c2d4,libdbus-1-dev [linux-any],libsystemd-dev [linux-any],Switch b-d from libystemd to libdbus\n\nIt was only used for sd_notify which is now open coded in libvirt itself.,1467129942+0200,deb,libsystemd-dev [linux-any] libdbus-1-dev [linux-any],https://github.com/agx/libvirt-debian,OS Dev,C,deb,1,0.75,pkg_rule,
903da8791b42db01f60c7c1c77037f2ffda69e6c,libgd2-xpm-dev,libgd2-noxpm-dev,Build-Depend on libgd2-xpm-dev instead of libgd2-noxpm-dev,1329934064+0100,deb,libgd2-noxpm-dev libgd2-xpm-dev,https://salsa.debian.org/debian-phototools-team/libgphoto2,Multi Media,C,deb,1,0.85,pkg_rule,
906c13f0f65c51ae3bf13705ed9f9802f7d093b3,opencl-c-headers,opencl-headers,Change BD on opencl-headers to opencl-c-headers,1475319166+0100,deb,opencl-headers opencl-c-headers,https://salsa.debian.org/opencl-team/oclgrind,computing,C++,deb,1,0.85,pkg_rule,
907a5e63d981d321fb59552e513fea261a2b24cb,libmnl-dev,libhal-dev,"Import Debian changes 5.4.0-1\n\ncollectd (5.4.0-1) unstable  urgency=low\n\n  * New upstream release (Closes: #723187):     - MySQL plugin now uses the name of the <Database> block rather than the       database name to identify the read callback  thanks to Mathieu Parent       for reporting this (Closes: #703446).     - Fixed a segfault in the ethstat plugin  thanks to Maximilian Engelhardt       for reporting this (Closes: #698584).     - The swap plugin now reports NaN rather than failing if no swap space is       available  thanks to Simon Richter for reporting this (Closes: #679163).     New plugins:     - read statistics from Aquaero 5 watercooling boards: aquaero (disabled in       Debian because of missing dependencies)     - CPU accounting information for Linux process groups: cgroups (disabled       on non-Linux systems)     - Logical Volume Manager usage: lvm (disabled on non-Linux systems)     - Intel Many-Integrated-Core (MIC) statistics: mic (disabled in Debian       because of missing dependencies)     - statistics of sigrok-supported devices: sigrok (disabled in Debian       because of missing dependencies)     - aggregate values received with the StatsD protocol: statsd     - incremental parsing of CSV files: tail_csv     - send collected values to Riemann: write_riemann   * Uploading to unstable  Wheezy has long been released.   * debian/patches:     - Removed pod-perl-5.18.dpatch  applied upstream.   * debian/control, debian/rules:     - Depend on libmnl-dev and enable the netlink plugin on all architectures       (upstream removed the dependency on the netlink library which is only       available as a static non-PIC library on Debian) (Closes: #531352).     - Depend on liblvm2-dev and enable the LVM plugin on Linux.   * debian/rules:     - Disable the aquaero plugin which requires libaquaero5.     - Disable the cgroups plugin on non-Linux.     - Disable the MIC plugin which requires libmic.     - Disable the sigrok plugin which requires libsigrok >= 0.2.0.     - Removed the Perl INSTALL_BASE workaround introduced in 5.2.0-1.   * debian/control:     - Removed build-dependency on libhal-dev  HAL is deprecated and will be       removed from Debian. It was optionally used by the uuid plugin.       (Closes: #615203)     - Build-conflict with libhal-dev to ensure consistent builds (cf. #615203).     - Let libcollectdclient-dev replace/break collectd-dev (<< 5.2.0-1)       because it ships files previously shipped by that package  thanks to       Andreas Beckmann for reporting this (Closes: #717973).     - Let collectd-core / collectd suggest / recommend default-jre-headless       (cf. #683525).   * debian/collectd-core.collectd.init.d:     - Do not use different PID files for collectd and collectdmon. Else, a       process might be left-over after changing USE_COLLECTDMON and restarting       collectd. Thanks to Dennis Hoppe for reporting this (Closes: #704048).   * debian/collectd-core.templates, debian/po/:     - Fixed path-names of NEWS.Debian.gz and the migrate scripts  thanks to       Uli Martens for reporting this (Closes: #719292).   * debian/po/:     - Updated Italian debconf template translation  thanks to Beatrice       Torracca (Closes: #705869).     - Updated Japanese debconf template translation  thanks to 'victory'       (Closes: #715283).   * debian/collectd.conf:     - Recursively include all '*.conf' files in /etc/collectd/collectd.conf.d/       using the new 'Include' option's 'Filter' feature  thanks to Laurent       Bigonville for suggesting this change (Closes: #690668).",1379503618+0200,deb,libhal-dev libmnl-dev,https://salsa.debian.org/aerusso-guest/pkg-collectd,network,C,deb,1,0.85,pkg_rule,
9093e00268b93974e47e5403f53f27636b76dec9,cmake,autotools-dev,Import Debian changes 1.14.1-1\n\ntrustedqsl (1.14.1-1) unstable  urgency=low\n\n  * New upstream release     - new application feature: direct upload to LoTW     - build system converted to CMake   * Debian packaging overhaul     - upstream source now bundles tqsllib (unversioned libtqsllib.so in         /usr/lib/trustedqsl/) so drop build-dep tqsllib-dev (>= 2.2)     - omit header files from application package,1370131264-0700,deb,autotools-dev cmake,https://salsa.debian.org/debian-hamradio-team/trustedqsl,build,C++,deb,1,0.8,pkg_rule,
909562f3870f7ffafe19d65a91bddb4db5de1561,libwxgtk3.0-gtk3-dev,libwxgtk3.0-dev,debian/control: build against GTK+ 3 build of wxwidgets3.0,1522195657-0400,deb,libwxgtk3.0-dev libwxgtk3.0-gtk3-dev,https://salsa.debian.org/freewx-team/wx,GUI,C++,deb,1,0.8,pkg_rule,
90a4f08e32d8f24b9be921320c6c913e8c8ddf9b,libgpm-dev [!hurd-i386 !kfreebsd-i386 !kfreebsd-amd64],libgpmg1-dev [!hurd-i386 !kfreebsd-i386 !kfreebsd-amd64],"Replace build dependency libgpmg1-dev by libgpm-dev\n\nAccording to the package description of libgpmg1-dev, the package was superseded by libgpm-dev.",1234563768+0100,deb,libgpmg1-dev [!hurd-i386 !kfreebsd-i386 !kfreebsd-amd64] libgpm-dev [!hurd-i386 !kfreebsd-i386 !kfreebsd-amd64],https://salsa.debian.org/debian/jed,OS Dev,C,deb,1,0.9,pkg_rule,
90afdf9dbc9e24a87025098c5189236da699ce0f,freeglut3-dev,glutg3-dev,Refresh changelog. Change glutg3-dev build-dep to freeglut3-dev. Bump Standards Version to 3.8.3. Add  to all binary packages,1256321669-0400,deb,glutg3-dev freeglut3-dev,https://salsa.debian.org/games-team/attic/crystalspace,GUI,C++,deb,1,0.85,lib_replacement,
90b8f821b02cceebdd7beadcc3db82bddf6f85c7,meson,cdbs,chore: New upstream version 1.18.5-1\n\nupdate 1.18.5-1\n\nLog: update 1.18.5-1,1669256165+0800,deb,cdbs meson,https://github.com/deepin-community/gst-plugins-bad1.0,build,C,deb,1,0.9,pkg_rule,
90b8f821b02cceebdd7beadcc3db82bddf6f85c7,meson,autotools-dev,chore: New upstream version 1.18.5-1\n\nupdate 1.18.5-1\n\nLog: update 1.18.5-1,1669256165+0800,deb,autotools-dev meson,https://github.com/deepin-community/gst-plugins-bad1.0,build,C,deb,1,0.9,pkg_rule,
90ce477df2fe6f45a7dbee8e86df171ebf6253a1,ronn,ruby-ronn,Merge branch 'master' of salsa.debian.org:science-team/gazebo,1540229138+0000,deb,ruby-ronn ronn,https://salsa.debian.org/science-team/gazebo,documentation,C++,deb,1,0.9,pkg_rule,
90dafb8fdfd43205d5965f8dd4b4fa78c519f5a1,libfftw3-dev,fftw3-dev,Merge branch 'master' into unittest-synth,1453206071+0100,deb,fftw3-dev libfftw3-dev,https://github.com/281600859/essentia,computing,C++,deb,1,0.9,pkg_rule,
90ee97c11ca8fd48531512cb0323bebc9b784848,systemd,libsystemd-dev,"Fix clean chroot build, Build-Depends is systemd not libsystemd-dev\n\nSigned-off-by: Joachim Nilsson <troglobit@gmail.com>",1537122950+0200,deb,libsystemd-dev systemd,https://salsa.debian.org/debian/smcroute,OS Dev,C,deb,1,0.9,pkg_rule,
90f52cef9dd266f66d7a99048126d6d2b02f69f1,cmake,autotools-dev,Imported Debian patch 2.5.0-2~exp1,1341783603+1200,deb,autotools-dev cmake,https://github.com/aragilar/debian-packaging-sundials,build,C,deb,1,0.9,pkg_rule,
90fbb175ef0ee0013407be174868fefa9d8fcb02,qemu-system-x86 [i386 amd64],qemu-system,Changed dependencies to qemu-system-x86,1369927552+0200,deb,qemu-system qemu-system-x86 [i386 amd64],https://github.com/digitalocean/libguestfs,OS Dev,C,deb,1,0.85,pkg_rule,
11010c8bb351e3d48ff39dbc9a8814becf14c2da,libx11-dev,xlibs-dev,importing changes from last debian package,1152977666+0100,deb,xlibs-dev libx11-dev,https://github.com/redblue-pkt/xine-ui,GUI,C,deb,1,0.85,pkg_rule,
11010c8bb351e3d48ff39dbc9a8814becf14c2da,x-dev,xlibs-dev,importing changes from last debian package,1152977666+0100,deb,xlibs-dev x-dev,https://github.com/redblue-pkt/xine-ui,GUI,C,deb,1,0.85,pkg_rule,
11010c8bb351e3d48ff39dbc9a8814becf14c2da,libxt-dev,xlibs-dev,importing changes from last debian package,1152977666+0100,deb,xlibs-dev libxt-dev,https://github.com/redblue-pkt/xine-ui,GUI,C,deb,1,0.85,pkg_rule,
110b896aa7b59d2a1e9c255d9b8d003c477d878f,autopoint,cvs,Build-Depend on autopoint instead of cvs. (Closes: #572473),1268160301+0100,deb,cvs autopoint,https://github.com/kidaa30/kbuild,build,C,deb,1,0.8,pkg_rule,
110d9c99809f3f95a0566376d317bb42e1a80d21,dpkg-dev,hardening-wrapper,1.0.4-1 (patches applied)\n\nImported using git-ubuntu import.,1331127409+0100,deb,hardening-wrapper dpkg-dev,https://github.com/ahoneybun/cups-filters,build,C,deb,1,0.9,pkg_rule,
112463a84a94e52604482b22228b44c510e0a5c6,libnm-dev,libnm-util-dev[linux-any],d/control: update build-deps for libnm port\n\ncloses: #862885,1519121371+0100,deb,libnm-util-dev[linux-any] libnm-dev,https://github.com/danos/strongswan,network,C,deb,1,0.85,lib_replacement,
112463a84a94e52604482b22228b44c510e0a5c6,libnm-dev,libnm-glib-vpn-dev[linux-any],d/control: update build-deps for libnm port\n\ncloses: #862885,1519121371+0100,deb,libnm-glib-vpn-dev[linux-any] libnm-dev,https://github.com/danos/strongswan,cryptography,C,deb,1,0.85,lib_replacement,
112826dd3e409eb804fdd29ae51cbfe297ca59a9,dh-autoreconf,autoconf,,1365798188+0000,deb,autoconf dh-autoreconf,https://github.com/mit-athena/libathdir,build,C,deb,1,0.95,pkg_rule,
112ddf165b1f83b99f05b4f9fad6b22092cf3aac,xutils-dev,xutils,Imported Debian patch 1.17.3b-3,1150546650+0100,deb,xutils xutils-dev,https://github.com/hlef/xmotd,GUI,C,deb,1,0.85,pkg_rule,
113771a20b59d6e6ab3007dece37c17558327d33,libgif-dev,libungif4-dev,"Build with libgif-dev instead of libungif4-dev (closes: #459904).\n\n* Build with libgif-dev instead of libungif4-dev (closes: #459904). * Bump debhelper compat version to 6. * Standards-Version: 3.7.3. * Move url from Description to Homepage field. * Don't suggest bitchx, which was removed from Debian. * debian/README.build: describe steps needed for preparing patches. * Update 00_Makefile_and_configure.patch: fixes to quiet dpkg-shlibdeps   warnings. * 24_AsDocGen_man.patch: fix problems found by lintian in generated man   pages.",1202668110+0100,deb,libungif4-dev libgif-dev,https://salsa.debian.org/debian/afterstep,Multi Media,C,deb,1,0.8,pkg_rule,
114226cb2d53946f5e637aadd8f28b201c0dfff3,libf2fs-format-dev,android-libext2-uuid-dev,"Use libuuid.so, libf2fs.so and libf2fs_format.so instead of libext2_uuid.so and libf2fs_fmt.so",1438409928+0800,deb,android-libext2-uuid-dev libf2fs-format-dev,https://github.com/debian-pkg-android-tools/android-platform-system,OS Dev,C++,deb,1,0.8,pkg_rule,
114226cb2d53946f5e637aadd8f28b201c0dfff3,libf2fs-dev,android-libext2-uuid-dev,"Use libuuid.so, libf2fs.so and libf2fs_format.so instead of libext2_uuid.so and libf2fs_fmt.so",1438409928+0800,deb,android-libext2-uuid-dev libf2fs-dev,https://github.com/debian-pkg-android-tools/android-platform-system,OS Dev,C++,deb,1,0.8,pkg_rule,
114226cb2d53946f5e637aadd8f28b201c0dfff3,libf2fs-format-dev,android-libf2fs-fmt-dev,"Use libuuid.so, libf2fs.so and libf2fs_format.so instead of libext2_uuid.so and libf2fs_fmt.so",1438409928+0800,deb,android-libf2fs-fmt-dev libf2fs-format-dev,https://github.com/debian-pkg-android-tools/android-platform-system,OS Dev,C++,deb,1,0.8,pkg_rule,
114226cb2d53946f5e637aadd8f28b201c0dfff3,libf2fs-dev,android-libf2fs-fmt-dev,"Use libuuid.so, libf2fs.so and libf2fs_format.so instead of libext2_uuid.so and libf2fs_fmt.so",1438409928+0800,deb,android-libf2fs-fmt-dev libf2fs-dev,https://github.com/debian-pkg-android-tools/android-platform-system,OS Dev,C++,deb,1,0.8,pkg_rule,
1151282d2761692292d50656d7f710588a7bc687,autoconf-archive,gnome-common,we needs autoconf-archive for AX_* Macros,1442957065+0900,deb,gnome-common autoconf-archive,https://salsa.debian.org/gnome-team/gnome-todo,OS Dev,C,deb,1,1.0,lib_replacement,Functionality
1153d85ddbb62b1703f6e1bff4c8c4ebd4e7bbb8,libmotif-dev,lesstif2-dev,Replace lesstif lib with motif lib.,1371801596+0200,deb,lesstif2-dev libmotif-dev,https://salsa.debian.org/debian/xsol,GUI,C,deb,1,1.0,lib_replacement,
1156af147834cea277b359566382ae8fdf7066c6,doxygen-latex,doxygen,"Avoid installing .la files and fixed doxygen dependencies, thanks to Luk Claes. Closes: #631898\n\ngit-svn-id: https://svn.smr.arpa.emr.it/dballe/dballe/trunk@3442 5c06e07b-eeef-0310-a3fe-9f68d50baefc",1316188211+0000,deb,doxygen doxygen-latex,https://github.com/ARPA-SIMC/dballe,documentation,C++,deb,1,0.9,pkg_rule,
1156af147834cea277b359566382ae8fdf7066c6,doxygen-latex,texlive-latex-base,"Avoid installing .la files and fixed doxygen dependencies, thanks to Luk Claes. Closes: #631898\n\ngit-svn-id: https://svn.smr.arpa.emr.it/dballe/dballe/trunk@3442 5c06e07b-eeef-0310-a3fe-9f68d50baefc",1316188211+0000,deb,texlive-latex-base doxygen-latex,https://github.com/ARPA-SIMC/dballe,documentation,C++,deb,1,0.9,pkg_rule,
1185adffba09b5f5905e34b9b859e146a1585c80,dh-autoreconf,autotools-dev,Import Debian patch 0.7.6+darcs121130-1.1,1397539017+0200,deb,autotools-dev dh-autoreconf,https://salsa.debian.org/science-team/gts,build,C,deb,1,0.95,pkg_rule,
118794a39d7919ff9ec6b933c6303c329f80faa0,dh-autoreconf,autotools-dev,Convert debian/rules to debhelper 9.,1386674578+0100,deb,autotools-dev dh-autoreconf,https://salsa.debian.org/games-team/chocolate-doom,build,C,deb,1,0.9,pkg_rule,
118d3051bd1c84ba725c719dd6d86e8335d9c274,libjson-c-dev,libjson0-dev,pkg/kamailio/deb: use libjson-c-dev when possible.,1397852131+0200,deb,libjson0-dev libjson-c-dev,https://github.com/1and1/kamailio,serializing,C,deb,1,0.9,lib_replacement,
11a6bece8767e4ac521b60fc5f25ad2d61718f1b,dh-autoreconf,autotools-dev,Fix compilation for version 0.1.8,1386359796+0100,deb,autotools-dev dh-autoreconf,https://salsa.debian.org/andreas-guest/snapper,build,C++,deb,1,0.95,pkg_rule,
11a75cf65d9dc77331b1e9a49c1974675daa1bd1,qttools5-dev-tools,libqt4-dev,[Build] Update debian contrib files,1555128887-0700,deb,libqt4-dev qttools5-dev-tools,https://github.com/akcryptoguy/squorum,GUI,C++,deb,1,0.8,pkg_rule,
11a75cf65d9dc77331b1e9a49c1974675daa1bd1,qtbase5-dev,libqt4-dev,[Build] Update debian contrib files,1555128887-0700,deb,libqt4-dev qtbase5-dev,https://github.com/akcryptoguy/squorum,GUI,C++,deb,1,0.8,pkg_rule,
11a75cf65d9dc77331b1e9a49c1974675daa1bd1,qttools5-dev,libqt4-dev,[Build] Update debian contrib files,1555128887-0700,deb,libqt4-dev qttools5-dev,https://github.com/akcryptoguy/squorum,GUI,C++,deb,1,0.8,pkg_rule,
11b16f2a5895791c806b5d1162e61eb2a9adfc3c,x11proto-core-dev,x-dev,Replace the obsolete x-dev dependency with x11proto-core-dev.\n\n git-svn-id: file:///svn/pkg-games/packages/trunk/xmahjongg@9333 8808ee5c-780a-0410-9abb-a8188df92ce5,1238537810+0000,deb,x-dev x11proto-core-dev,https://salsa.debian.org/games-team/xmahjongg,GUI,C++,deb,1,1.0,lib_replacement,Deprecation
11baff74a0b94c15fd4ac231a29342e248b85936,qtbase5-dev,libqt4-dev,Utilizando a versão mais atualizada do vlc-qt. Adicionando script para compilar o vlc-qt para osx e deploy para osx.,1445717697-0300,deb,libqt4-dev qtbase5-dev,https://github.com/gavaza/pacca,GUI,C++,deb,1,0.85,pkg_rule,
11cbcd9a814fe8ef4629b767535681632df7ee1c,libjpeg-turbo-dev,libjpeg7-dev,changed dependency libjpeg7 -> libjpeg-turbo\n\nrepackaging - eet_1.5.0+svn.65577slp2+build03,1322641131+0900,deb,libjpeg7-dev libjpeg-turbo-dev,https://github.com/tizenorg/framework.uifw.eet,Multi Media,C,deb,1,0.95,lib_replacement,
11f08f768d6dbd91315d4322981d283bdbdaf5b2,libsodium-dev,libnacl-dev,Use libsodium instead of libnacl. Thanks to Tomasz Buchert <tomasz@debian.org> for patch,1443008145+0530,deb,libnacl-dev libsodium-dev,https://salsa.debian.org/debian/netsniff-ng,cryptography,C,deb,1,1.0,lib_replacement,
11fbc1d5fe21d75af4ec39ed2c79347e0db2960e,puredata-dev,puredata,Re-generate debian/control.,1304597425+0200,deb,puredata puredata-dev,https://salsa.debian.org/hartmans/csound,Multi Media,C,deb,1,0.95,pkg_rule,
9107535c4156fa73d3e3c24217e1849a8ce91866,dh-autoreconf,autotools-dev,Add my self to Uploaders. Bump Standards-Version to 3.9.3 with out change. Modify the Build-depends for the simplified rules file and autoreconf.,1331117632+1300,deb,autotools-dev dh-autoreconf,https://salsa.debian.org/games-team/dopewars,build,C,deb,1,0.8,pkg_rule,
9110bc7d8e857c3d06e5ad68144ac92d91c30519,qttools5-dev,libqt4-dev,Drop support for Qt4.,1414941175+0200,deb,libqt4-dev qttools5-dev,https://github.com/AMDmi3/DustRacing2D,GUI,C++,deb,1,0.9,pkg_rule,
9110bc7d8e857c3d06e5ad68144ac92d91c30519,qttools5-dev-tools,libqt4-dev,Drop support for Qt4.,1414941175+0200,deb,libqt4-dev qttools5-dev-tools,https://github.com/AMDmi3/DustRacing2D,GUI,C++,deb,1,0.9,pkg_rule,
912245bbd8b980bf5a3ff383ee2aaf9a975b9f28,libgd2-dev,libgd2-noxpm-dev,Change BD to libgd2-dev. http://lists.alioth.debian.org/pipermail/debian-science-maintainers/2013-May/018035.html,1368478567+0200,deb,libgd2-noxpm-dev libgd2-dev,https://salsa.debian.org/science-team/gnuplot,Multi Media,C,deb,1,1.0,lib_replacement,
91231a547d91261998554c7388d8d4cfac09b410,libev-dev,libevent-dev,Updated dependencies on libev and c-ares,1319658846+0200,deb,libevent-dev libev-dev,https://github.com/op/pkg-python-gevent,network,C,deb,1,0.85,pkg_rule,
912a040cad0af0a1f256eaab03552c16efde99ef,dh-exec,cdbs,Merge pull request #4 from maemo-leste/maemo/ascii-devel\n\nmaemo/ascii devel,1556587700+0200,deb,cdbs dh-exec,https://github.com/maemo-leste/hildon,build,C,deb,1,0.95,pkg_rule,
912b6b650f89f1bdbb078984b109791aa7e69738,liblirc-dev,libsoxr-dev,"Import patches-applied version 1:10.0-1ubuntu1 to applied/ubuntu/zesty-proposed\n\nImported using git-ubuntu import.\n\nChangelog parent: d559e67de2cf82e4cea857b3d5ceda84ec759155 Unapplied parent: 70d263661374f875fb523aa8166937f74ccc8c53\n\nNew changelog entries:   * Merge with Debian experimental:     - epoch (my stupid fault :S)     - Add a module to allow pulseaudio to use the Android audio HAL     - Adjust gbp.conf file to point to the ubuntu branch for package builds     - Disable module-role-cork by default     - Load module-x11-bell in the start-pulseaudio-x11 script     - Hide pulseaudio from startup apps dialog     - Quit daemon if pid file is removed     - Avoid abort when poll descriptor is 0, such as when using it with the       audioflinger bridge, like done in ubuntu touch     - change default rlimit_rttime value to 200 ms     - Don't probe UCM profiles, trust that the profile writer knows what they       are doing     - Add card hook to allow modules to do something before a profile becomes       active     - Add an option to the bluez discovery module to set the profile     - Allow leaving bluetooth transport running while sink and source are       suspended.     - Add option to module-switch-on-connect to skip abstract devices     - Add property to module-device-restore to skip store/restore     - Add missing fields for sink_input/source_output info struct to the vala       bindings     - Add a build/run autopkgtest for libpulse-dev     - Drop libsoxr-dev build dep, its in universe     - Add support for the trust-store     - Add snappy support, preventing snap apps from recording audio, full       support via trust-store is planned     - Add epoch to conflicts/replaces     - Use liblirc-dev instead of liblircclient-dev",1485215112+1100,deb,libsoxr-dev liblirc-dev,https://github.com/tobetter/pulseaudio,Multi Media,C,deb,1,0.95,pkg_rule,
912b6b650f89f1bdbb078984b109791aa7e69738,liblirc-dev,liblircclient-dev,"Import patches-applied version 1:10.0-1ubuntu1 to applied/ubuntu/zesty-proposed\n\nImported using git-ubuntu import.\n\nChangelog parent: d559e67de2cf82e4cea857b3d5ceda84ec759155 Unapplied parent: 70d263661374f875fb523aa8166937f74ccc8c53\n\nNew changelog entries:   * Merge with Debian experimental:     - epoch (my stupid fault :S)     - Add a module to allow pulseaudio to use the Android audio HAL     - Adjust gbp.conf file to point to the ubuntu branch for package builds     - Disable module-role-cork by default     - Load module-x11-bell in the start-pulseaudio-x11 script     - Hide pulseaudio from startup apps dialog     - Quit daemon if pid file is removed     - Avoid abort when poll descriptor is 0, such as when using it with the       audioflinger bridge, like done in ubuntu touch     - change default rlimit_rttime value to 200 ms     - Don't probe UCM profiles, trust that the profile writer knows what they       are doing     - Add card hook to allow modules to do something before a profile becomes       active     - Add an option to the bluez discovery module to set the profile     - Allow leaving bluetooth transport running while sink and source are       suspended.     - Add option to module-switch-on-connect to skip abstract devices     - Add property to module-device-restore to skip store/restore     - Add missing fields for sink_input/source_output info struct to the vala       bindings     - Add a build/run autopkgtest for libpulse-dev     - Drop libsoxr-dev build dep, its in universe     - Add support for the trust-store     - Add snappy support, preventing snap apps from recording audio, full       support via trust-store is planned     - Add epoch to conflicts/replaces     - Use liblirc-dev instead of liblircclient-dev",1485215112+1100,deb,liblircclient-dev liblirc-dev,https://github.com/tobetter/pulseaudio,Multi Media,C,deb,1,0.95,pkg_rule,
912ee285283ee91e90f0cbc8ef917894c721fb6e,libblas-dev [!arm !m68k],libatlas-base-dev,"restore b-d on libblas-dev and liblapack-dev, instead of libatlas-base-dev  Closes: #913567",1546454152-0500,deb,libatlas-base-dev libblas-dev [!arm !m68k],https://salsa.debian.org/python-team/modules/python-numpy,computing,C,deb,1,0.9,lib_replacement,
912ee285283ee91e90f0cbc8ef917894c721fb6e,liblapack-dev [!arm !m68k],libatlas-base-dev,"restore b-d on libblas-dev and liblapack-dev, instead of libatlas-base-dev  Closes: #913567",1546454152-0500,deb,libatlas-base-dev liblapack-dev [!arm !m68k],https://salsa.debian.org/python-team/modules/python-numpy,computing,C,deb,1,0.9,lib_replacement,
91368e6009eb29570501548f1aed495b8dbef153,dh-autoreconf,autotools-dev,Imported Debian patch 4.1.0-2,1403697270+1000,deb,autotools-dev dh-autoreconf,https://salsa.debian.org/pkg-voip-team/libosip2,build,C,deb,1,0.95,pkg_rule,
9139cda4f06d6d940975228b240a737dcfcc0c56,qtbase5-dev,libqt4-dev,Remove qt4 dependency in favor of qt5. Closes #874842,1505386416+0000,deb,libqt4-dev qtbase5-dev,https://salsa.debian.org/med-team/camp,GUI,C++,deb,1,1.0,lib_replacement,
9156d1e52b947bdbf784e1e0f3934d7bdac39ac3,dpkg-dev,hardening-includes,merge changes from experimental\n\n,1369164493+0000,deb,hardening-includes dpkg-dev,https://salsa.debian.org/xfce-team/desktop/libxfce4ui,build,C,deb,1,0.95,pkg_rule,
917f4688cdfe075ae5249d30692fbe3212944552,qttools5-dev-tools,libqt4-dev,update,1557655609+0200,deb,libqt4-dev qttools5-dev-tools,https://github.com/stompstream/stomp,GUI,C++,deb,1,0.9,pkg_rule,
917f4688cdfe075ae5249d30692fbe3212944552,qtbase5-dev,libqt4-dev,update,1557655609+0200,deb,libqt4-dev qtbase5-dev,https://github.com/stompstream/stomp,GUI,C++,deb,1,0.9,pkg_rule,
917f4688cdfe075ae5249d30692fbe3212944552,qttools5-dev,libqt4-dev,update,1557655609+0200,deb,libqt4-dev qttools5-dev,https://github.com/stompstream/stomp,GUI,C++,deb,1,0.9,pkg_rule,
917f7e09d18d9608c86f51d5b16603abfe428317,dh-autoreconf,autotools-dev,Use dh_autoreconf,1326994644+0100,deb,autotools-dev dh-autoreconf,https://salsa.debian.org/neurodebian-team/eegdev,build,C,deb,1,0.85,lib_replacement,
919649909e3d8028b26f59043c7824bdb7159907,dh-autoreconf,autotools-dev,"Use dh_autoreconf to update for new architectures, Try hard to run the test suite\n\n",1448455099+0000,deb,autotools-dev dh-autoreconf,https://salsa.debian.org/cmoura-guest/tree-puzzle,build,C,deb,1,0.9,lib_replacement,Integration
91a6787828d33588cda1f31115765c3a5cdf7849,libwxgtk3.0-gtk3-dev,libwxgtk3.0-dev,Use gtk3 for the build,1565225786+1000,deb,libwxgtk3.0-dev libwxgtk3.0-gtk3-dev,https://salsa.debian.org/science-team/fityk,GUI,C++,deb,1,0.95,lib_replacement,
91a93abaff0167b55176b58d6bf4c81aad181aed,cmake,scons,Merge cmake_migration.,1353254119+0100,deb,scons cmake,https://salsa.debian.org/debian/REMOVEME,GUI,C++,deb,1,1.0,lib_replacement,
91bb53688e201c4b316df7bf36d477879042c7c3,ronn,ruby-ronn,Build-Depends: ruby-ronn -> ronn,1530883537+0200,deb,ruby-ronn ronn,https://salsa.debian.org/med-team/seqprep,documentation,C,deb,1,0.95,lib_replacement,
91bb722a1d73e54d229d9de8b05aa0cc7ff2e614,docbook-utils,sgmltools-lite,"* Switch from sgmltools-lite to docbook-utils for py2, sgmltools orphaned.   Closes: #946880 * Standards-Version: 4.4.1.0",1576568039+0000,deb,sgmltools-lite docbook-utils,https://salsa.debian.org/danialbehzadi/newt,documentation,C,deb,1,1.0,lib_replacement,Deprecation
91c47d5b57068352e7ea8b683c30398096074130,libhandystats-dev,handystats,Merge pull request #1 from shindo/update-handystats-v2\n\nUpdate handystats v2,1419529640+0300,deb,handystats libhandystats-dev,https://github.com/shaitan/elliptics,network,C++,deb,1,0.8,pkg_rule,
91c47d5b57068352e7ea8b683c30398096074130,libhandystats2,handystats,Merge pull request #1 from shindo/update-handystats-v2\n\nUpdate handystats v2,1419529640+0300,deb,handystats libhandystats2,https://github.com/shaitan/elliptics,network,C++,deb,1,0.8,pkg_rule,
91cb14570004a63cee92271b1157cc13f90128bb,postgresql-all,postgresql-server-dev-all,Debian: Upload for PostgreSQL 13.\n\n* Use dh --with pgxs_loop. * DH 13. * debian/tests: Simplify.,1602010569+0200,deb,postgresql-server-dev-all postgresql-all,https://github.com/dimitri/preprepare,database,C,deb,1,0.9,pkg_rule,
91cc7af154ecfc13c342c8948010d3dab7b97931,libufsparse-dev,libumfpack4-dev,Fixed dependencies: libufsparse instead of libumfpack,1177470871+0000,deb,libumfpack4-dev libufsparse-dev,https://github.com/ascend4/ascend4,computing,C,deb,1,1.0,lib_replacement,
91d36337cb65fc5bca8d7f434fdf3adb950762ad,dh-autoreconf,autotools-dev,"debian: update pam_nfc, mfoc and libfreefare packages to use dh7.",1305907211+0000,deb,autotools-dev dh-autoreconf,https://github.com/glocklueng/mfoc,build,C,deb,1,0.85,pkg_rule,
91db7aa41c33e5fcb4a7893da1a2540fd140c503,libncurses-dev,libncursesw5-dev,Attempt to fix lintian warnings,1676587620+0100,deb,libncursesw5-dev libncurses-dev,https://github.com/uhlin/swirc,other,C,deb,1,0.9,pkg_rule,
91e234d1da0b60009b0028d9ac043974e5d518a8,libwxgtk3.0-gtk3-dev,libwxgtk3.0-dev,Import Debian changes 18.12-2.1\n\nmediainfo (18.12-2.1) unstable  urgency=medium\n\n  * Non-maintainer upload.   * debian/control: Update to build using libwxgtk3.0-gtk3-dev.     (Closes: #933426),1571108231+1300,deb,libwxgtk3.0-dev libwxgtk3.0-gtk3-dev,https://salsa.debian.org/multimedia-team/mediainfo,GUI,C++,deb,1,1.0,lib_replacement,
91e6915b5b7a2ff689886d6d484ef00f2f5849a3,qtbase5-dev,libqt4-dev,switch to Qt5,1405786234+0200,deb,libqt4-dev qtbase5-dev,https://salsa.debian.org/debian-astro-team/stellarium,GUI,C++,deb,1,1.0,lib_replacement,
91e6915b5b7a2ff689886d6d484ef00f2f5849a3,qttools5-dev,libqt4-dev,switch to Qt5,1405786234+0200,deb,libqt4-dev qttools5-dev,https://salsa.debian.org/debian-astro-team/stellarium,GUI,C++,deb,1,1.0,lib_replacement,
91e6915b5b7a2ff689886d6d484ef00f2f5849a3,qttools5-dev-tools,libqt4-dev,switch to Qt5,1405786234+0200,deb,libqt4-dev qttools5-dev-tools,https://salsa.debian.org/debian-astro-team/stellarium,GUI,C++,deb,1,1.0,lib_replacement,
91f0ca3ceb8b38c27eed423f3fd62d0c328dd811,sonic-ndi-api-dev,sonic-nas-ndi-api-dev,Merge pull request #1 from johntconklin/master\n\nChange sonic-nas-ndi-dev Build-Depend to sonic-ndi-dev.,1470876337-0700,deb,sonic-nas-ndi-api-dev sonic-ndi-api-dev,https://github.com/Dell-Networking/sonic-nas-platform-vm,network,C,deb,1,0.95,pkg_rule,
12059f603bfcf6a01d3a13b88b9d687e39c03e32,qttools5-dev-tools,libqt4-dev,disabled zerocoin,1562634906-0700,deb,libqt4-dev qttools5-dev-tools,https://github.com/DigiDinar-Project/DigiDinar,GUI,C++,deb,1,0.95,pkg_rule,
12059f603bfcf6a01d3a13b88b9d687e39c03e32,qtbase5-dev,libqt4-dev,disabled zerocoin,1562634906-0700,deb,libqt4-dev qtbase5-dev,https://github.com/DigiDinar-Project/DigiDinar,GUI,C++,deb,1,0.95,pkg_rule,
12059f603bfcf6a01d3a13b88b9d687e39c03e32,qttools5-dev,libqt4-dev,disabled zerocoin,1562634906-0700,deb,libqt4-dev qttools5-dev,https://github.com/DigiDinar-Project/DigiDinar,GUI,C++,deb,1,0.95,pkg_rule,
120836c0d65d251953ffa0ec5046a9ab7ec7113e,libjson-c-dev,libjson0-dev,Merge pull request #35 from MonitoringPlug/actions\n\nUse Github Workflow,1589009119+0200,deb,libjson0-dev libjson-c-dev,https://github.com/MonitoringPlug/monitoringplug,serializing,C,deb,1,0.95,pkg_rule,
121af3e2103a7752bfc964633009760c030a1e02,libp8-platform-dev,libkodiplatform-dev,[cmake] remove usage of kodi-platform\n\nThe audiodecoder.qsf binary addon does not use kodi-platform. Remove existing references from debian/control. Add dependency to libp8-platform-dev because libkodiplatform-dev pulled that dependency in as a side effect. Fix that bug too by adding an explicit dependency.\n\nSigned-off-by: Olaf Hering <olaf@aepfle.de>,1556812546+0200,deb,libkodiplatform-dev libp8-platform-dev,https://github.com/xbmc/audiodecoder.qsf,Multi Media,C,deb,1,0.9,pkg_rule,
123b1d8f5b2bd167d01a40d79106be5eec3c1a89,elliptics-regional-module-dev,elliptics-regional-module,Use new regional module,1363011632+0400,deb,elliptics-regional-module elliptics-regional-module-dev,https://github.com/iderikon/elliptics-fastcgi-old,network,C++,deb,1,0.85,pkg_rule,
124c99f2eb01f20f818f4c1c16a50b23d931968a,qemu-kvm [i386 kfreebsd-i386 kopensolaris-i386 any-amd64],qemu-utils [!hurd-any],"Import patches-unapplied version 1.99-2ubuntu1 to ubuntu/oneiric\n\nImported using git-ubuntu import.\n\nChangelog parent: 8000eab9ecfed470f7ba0936199b6114503930d2\n\nNew changelog entries:   * Resynchronise with Debian.  Remaining changes:     - Adjust for default Ubuntu boot options (""quiet splash"").     - Default to hiding the menu  holding down Shift at boot will show it.     - Set a monochromatic theme and an appropriate background for Ubuntu.     - Apply Ubuntu GRUB Legacy changes to legacy update-grub script.     - Fix backslash-escaping in merge_debconf_into_conf.     - Remove ""GNU/Linux"" from default distributor string.     - Add crashkernel option.     - Bypass menu unless other OSes are installed or Shift is pressed.     - Allow Shift to interrupt 'sleep --interruptible'.     - Reduce visual clutter in normal mode.     - Remove verbose messages printed before reading configuration.     - Suppress kernel/initrd progress messages, except in recovery mode.     - Show the boot menu if the previous boot failed.     - Don't generate device.map during grub-install or grub-mkconfig.     - Adjust upgrade version checks for Ubuntu.     - Suppress ""GRUB loading"" message unless Shift is held down.     - Adjust versions of grub-doc and grub-legacy-doc conflicts.     - Fix LVM/RAID probing in the absence of /boot/grub/device.map.     - Look for .mo files in /usr/share/locale-langpack first.     - Build-depend on qemu-kvm rather than qemu-system for grub-pc tests.     - Check hardware support before using gfxpayload=keep.     - Put second and subsequent Linux menu entries in a submenu.     - Preferred resolution detection for VBE.     - Set vt.handoff=7 for smooth handoff to kernel graphical mode.     - Update default/grub.md5sum to include maverick's default md5sum.   * Drop grub-rescue-efi-amd64, superseded by grub-efi-amd64-bin.",1305673150+0100,deb,qemu-utils [!hurd-any] qemu-kvm [i386 kfreebsd-i386 kopensolaris-i386 any-amd64],https://github.com/delphix/grub2,OS Dev,C,deb,1,0.7,pkg_rule,
124c99f2eb01f20f818f4c1c16a50b23d931968a,qemu-kvm [i386 kfreebsd-i386 kopensolaris-i386 any-amd64],qemu-system [i386 kfreebsd-i386 kopensolaris-i386 any-amd64],"Import patches-unapplied version 1.99-2ubuntu1 to ubuntu/oneiric\n\nImported using git-ubuntu import.\n\nChangelog parent: 8000eab9ecfed470f7ba0936199b6114503930d2\n\nNew changelog entries:   * Resynchronise with Debian.  Remaining changes:     - Adjust for default Ubuntu boot options (""quiet splash"").     - Default to hiding the menu  holding down Shift at boot will show it.     - Set a monochromatic theme and an appropriate background for Ubuntu.     - Apply Ubuntu GRUB Legacy changes to legacy update-grub script.     - Fix backslash-escaping in merge_debconf_into_conf.     - Remove ""GNU/Linux"" from default distributor string.     - Add crashkernel option.     - Bypass menu unless other OSes are installed or Shift is pressed.     - Allow Shift to interrupt 'sleep --interruptible'.     - Reduce visual clutter in normal mode.     - Remove verbose messages printed before reading configuration.     - Suppress kernel/initrd progress messages, except in recovery mode.     - Show the boot menu if the previous boot failed.     - Don't generate device.map during grub-install or grub-mkconfig.     - Adjust upgrade version checks for Ubuntu.     - Suppress ""GRUB loading"" message unless Shift is held down.     - Adjust versions of grub-doc and grub-legacy-doc conflicts.     - Fix LVM/RAID probing in the absence of /boot/grub/device.map.     - Look for .mo files in /usr/share/locale-langpack first.     - Build-depend on qemu-kvm rather than qemu-system for grub-pc tests.     - Check hardware support before using gfxpayload=keep.     - Put second and subsequent Linux menu entries in a submenu.     - Preferred resolution detection for VBE.     - Set vt.handoff=7 for smooth handoff to kernel graphical mode.     - Update default/grub.md5sum to include maverick's default md5sum.   * Drop grub-rescue-efi-amd64, superseded by grub-efi-amd64-bin.",1305673150+0100,deb,qemu-system [i386 kfreebsd-i386 kopensolaris-i386 any-amd64] qemu-kvm [i386 kfreebsd-i386 kopensolaris-i386 any-amd64],https://github.com/delphix/grub2,OS Dev,C,deb,1,0.7,pkg_rule,
1271d53123bc334cc28b01fb3e8239262393a3f4,dh-autoreconf,autoconf,git-debimport openldap_2.4.31-1+nmu2.diff.gz,1392181085+0900,deb,autoconf dh-autoreconf,https://github.com/ystk/debian-openldap,build,C,deb,1,0.8,pkg_rule,
1271d53123bc334cc28b01fb3e8239262393a3f4,dh-autoreconf,autotools-dev,git-debimport openldap_2.4.31-1+nmu2.diff.gz,1392181085+0900,deb,autotools-dev dh-autoreconf,https://github.com/ystk/debian-openldap,build,C,deb,1,0.8,pkg_rule,
1279f142b4e88b5332c9cabb82bc480268d1cd1c,autotools-dev,automake,"Build-depend on autotools-dev (and not libtool, automake or autoconf), and drop sloppy autoreconf introduced in 1.1.22git20091109-1.2.",1356474968+0100,deb,automake autotools-dev,https://salsa.debian.org/multimedia-team/frei0r,build,C,deb,1,0.85,pkg_rule,
127a861a592fa4b859118e79e18305f4b7d9cea8,gettext,intltool,"Import Debian changes 1.8.22-2ubuntu1\n\nnetwork-manager-applet (1.8.22-2ubuntu1) eoan  urgency=medium\n\n  * Resynchronize on Debian\n\nnetwork-manager-applet (1.8.22-2) unstable  urgency=medium\n\n  * Upload to unstable\n\nnetwork-manager-applet (1.8.22-1) experimental  urgency=medium\n\n  * New upstream version 1.8.22   * Rebase patches   * Update symbols file for libnma0   * Drop obsolete gnome-common Build-Depends   * Replace intltool Build-Depends with gettext (>= 0.18)\n\nnetwork-manager-applet (1.8.20-1ubuntu2) eoan  urgency=medium\n\n  * debian/control.in, debian/libnm-gtk*, debian/rules:     - Remove deprecated libnm-gtk0/libnm-gtk-dev, following Debian,       unity-control-centerwas ported to newer iibraries now.   * debian/compat, debian/control:     - Remove delta to stay on debhelper 11   * debian/patches/Allow-to-create-and-connect-to-Ad-Hoc-RSN-networks.patch:     - remove, the n-m side was dropped in zesty",1559214076+0200,deb,intltool gettext,https://github.com/gooroom/network-manager-applet,other,C,deb,1,0.96,lib_replacement,
129c6cbd2fa5be781a36d679b2cc3e7d4853bcac,dh-r,cdbs,Use dh-r,1477419053+0200,deb,cdbs dh-r,https://salsa.debian.org/r-pkg-team/r-cran-uuid,build,C,deb,1,0.9,lib_replacement,
12b438d7a6ea571d22cd630f30fb2ec085b63fbc,libx11-dev,xlibs-dev,Import Debian changes 1.7.1-1.1\n\nxbindkeys (1.7.1-1.1) unstable  urgency=low\n\n  * Non-maintainer upload.   * Replace build-dependency on xlibs-dev with an explicit build-dependency     on each required package. (Closes: #346820),1137807385+0100,deb,xlibs-dev libx11-dev,https://salsa.debian.org/janitor-team/proposed/xbindkeys,GUI,C,deb,1,0.95,pkg_rule,
12b438d7a6ea571d22cd630f30fb2ec085b63fbc,x-dev,xlibs-dev,Import Debian changes 1.7.1-1.1\n\nxbindkeys (1.7.1-1.1) unstable  urgency=low\n\n  * Non-maintainer upload.   * Replace build-dependency on xlibs-dev with an explicit build-dependency     on each required package. (Closes: #346820),1137807385+0100,deb,xlibs-dev x-dev,https://salsa.debian.org/janitor-team/proposed/xbindkeys,GUI,C,deb,1,0.95,pkg_rule,
12b438d7a6ea571d22cd630f30fb2ec085b63fbc,libxt-dev,xlibs-dev,Import Debian changes 1.7.1-1.1\n\nxbindkeys (1.7.1-1.1) unstable  urgency=low\n\n  * Non-maintainer upload.   * Replace build-dependency on xlibs-dev with an explicit build-dependency     on each required package. (Closes: #346820),1137807385+0100,deb,xlibs-dev libxt-dev,https://salsa.debian.org/janitor-team/proposed/xbindkeys,GUI,C,deb,1,0.95,pkg_rule,
12bfac1ee4ce428c8113152e25f6d3208a08c0be,quilt,dpatch,Update build system and use quilt as patch system.,1255619796+0200,deb,dpatch quilt,https://salsa.debian.org/pkg-security-team/nbtscan,build,C,deb,1,0.95,lib_replacement,
12c66a46623dac4b9e3548c8a9d9b059712b1a70,quilt,cdbs,git-debimport lua5.1_5.1.5-4.debian.tar.gz,1392177057+0900,deb,cdbs quilt,https://github.com/ystk/debian-lua5.1,build,C,deb,1,0.85,pkg_rule,
12c66a46623dac4b9e3548c8a9d9b059712b1a70,quilt,dpatch,git-debimport lua5.1_5.1.5-4.debian.tar.gz,1392177057+0900,deb,dpatch quilt,https://github.com/ystk/debian-lua5.1,build,C,deb,1,0.85,pkg_rule,
12cb468190f0fda2278afc426ad8dad6b6268f23,dpkg-dev,hardening-includes,Merge branch 'master' into squeeze-backports\n\nConflicts: 	debian/changelog 	debian/config/openntpd 	debian/copyright 	debian/openntpd.init 	debian/openntpd.postinst 	debian/openntpd.postrm 	debian/patches/series,1387364038-0300,deb,hardening-includes dpkg-dev,https://salsa.debian.org/debian/openntpd,build,C,deb,1,0.9,pkg_rule,
12cfaf54013f68bee139825670c2cda95b6f9f21,libsecret-1-dev,libgnome-keyring-dev,[svn-buildpackage] Tagging epiphany-browser 3.26.2-1,1510959371+0000,deb,libgnome-keyring-dev libsecret-1-dev,https://salsa.debian.org/gnome-team/epiphany-browser,cryptography,C,deb,1,0.85,pkg_rule,
12cfaf54013f68bee139825670c2cda95b6f9f21,meson,cdbs,[svn-buildpackage] Tagging epiphany-browser 3.26.2-1,1510959371+0000,deb,cdbs meson,https://salsa.debian.org/gnome-team/epiphany-browser,build,C,deb,1,0.85,pkg_rule,
12d332e82157c6c5e9ca2fb2bdec03caf78d478b,qtbase5-dev,libqt4-dev,"Import Debian changes 1.3.2-3\n\nxca (1.3.2-3) unstable  urgency=medium\n\n  * Fix further spelling errors found by lintian packge checker   * Change build depends from QT4 to QT5 (Closes: #875237)   * Use changelog info from pkg-info.mk to fix lintian warning   * Remove dh_make references from debian/watch to fix a lintian warning   * Bump standards version, no changes needed",1505825104+0200,deb,libqt4-dev qtbase5-dev,https://salsa.debian.org/debian/xca,GUI,C++,deb,1,0.98,lib_replacement,
12d332e82157c6c5e9ca2fb2bdec03caf78d478b,qttools5-dev-tools,libqt4-dev,"Import Debian changes 1.3.2-3\n\nxca (1.3.2-3) unstable  urgency=medium\n\n  * Fix further spelling errors found by lintian packge checker   * Change build depends from QT4 to QT5 (Closes: #875237)   * Use changelog info from pkg-info.mk to fix lintian warning   * Remove dh_make references from debian/watch to fix a lintian warning   * Bump standards version, no changes needed",1505825104+0200,deb,libqt4-dev qttools5-dev-tools,https://salsa.debian.org/debian/xca,GUI,C++,deb,1,0.98,lib_replacement,
12e223631c31d1dbcfa7394e6df83147b2beaf86,g++,build-essential,Add build-depends.,1489766711-0400,deb,build-essential g++,https://github.com/archman/pelican,computing,C++,deb,1,0.8,pkg_rule,
12edcad09a535822522b341664d6c83b222079cb,fonts-ipafont-gothic,ttf-kochi-gothic,Import Debian changes 2.18.2-4.1\n\nlilypond (2.18.2-4.1) unstable  urgency=medium\n\n  * Non-maintainer upload.   * debian/control:     - Replace ttf-kochi fonts with ipafonts (Closes: #804514).,1451483853+0100,deb,ttf-kochi-gothic fonts-ipafont-gothic,https://salsa.debian.org/debian/lilypond,documentation,C++,deb,1,0.96,lib_replacement,
12edcad09a535822522b341664d6c83b222079cb,fonts-ipafont-mincho,ttf-kochi-gothic,Import Debian changes 2.18.2-4.1\n\nlilypond (2.18.2-4.1) unstable  urgency=medium\n\n  * Non-maintainer upload.   * debian/control:     - Replace ttf-kochi fonts with ipafonts (Closes: #804514).,1451483853+0100,deb,ttf-kochi-gothic fonts-ipafont-mincho,https://salsa.debian.org/debian/lilypond,documentation,C++,deb,1,0.96,lib_replacement,
12edcad09a535822522b341664d6c83b222079cb,fonts-ipafont-gothic,ttf-kochi-mincho,Import Debian changes 2.18.2-4.1\n\nlilypond (2.18.2-4.1) unstable  urgency=medium\n\n  * Non-maintainer upload.   * debian/control:     - Replace ttf-kochi fonts with ipafonts (Closes: #804514).,1451483853+0100,deb,ttf-kochi-mincho fonts-ipafont-gothic,https://salsa.debian.org/debian/lilypond,documentation,C++,deb,1,0.96,lib_replacement,
12edcad09a535822522b341664d6c83b222079cb,fonts-ipafont-mincho,ttf-kochi-mincho,Import Debian changes 2.18.2-4.1\n\nlilypond (2.18.2-4.1) unstable  urgency=medium\n\n  * Non-maintainer upload.   * debian/control:     - Replace ttf-kochi fonts with ipafonts (Closes: #804514).,1451483853+0100,deb,ttf-kochi-mincho fonts-ipafont-mincho,https://salsa.debian.org/debian/lilypond,documentation,C++,deb,1,0.96,lib_replacement,
920bea6e9ea3bc90ef2731f3960c0cb92e6b48fa,yelp-tools,gnome-doc-utils,[svn-buildpackage] Tagging cheese 3.8.3-1,1377616910+0000,deb,gnome-doc-utils yelp-tools,https://salsa.debian.org/gnome-team/cheese,documentation,C,deb,1,0.85,pkg_rule,
921c030798ad15f33cfb3a880aa940573895c20f,cmake,autotools-dev,Merge branch 'master' into op_graph_optimization\n\nConflicts: 	cppad_cgoo/src/cppad_cgoo/cg_operation.hpp 	cppad_cgoo/test/makefile.am 	cppad_cgoo/test/makefile.in 	include/cppadcg/c/cg_c_language.hpp 	include/cppadcg/cg_code_handler.hpp 	include/cppadcg/cg_source_code_fragment.hpp,1356219089+0000,deb,autotools-dev cmake,https://github.com/FreeScienceCommunity/CppADCodeGen,build,C++,deb,1,0.9,pkg_rule,
92226c5c50936d8043cd532d2c03daa67356fc2f,dh-autoreconf,autotools-dev,"Fix ""FTBFS due to locally changed files without patch""\n\ninspirations taken from Ubuntu / Luke Yelavich:     - don't run ./configure in the clean target     - drop automatically generated patch debian-changes-0.7.1-6     - use dh-autoreconf for handling autotools files     (Closes: #646388)\n\nConflicts: 	debian/changelog",1354840899+0100,deb,autotools-dev dh-autoreconf,https://salsa.debian.org/jbicha/speech-dispatcher,build,C,deb,1,0.8,pkg_rule,
92276b0dd31ec8837ca1051de8255cb3a42790f6,cheerp-musl,cheerp-newlib,CI: Update packages to work with musl,1652451674+0200,deb,cheerp-newlib cheerp-musl,https://github.com/leaningtech/cheerp-libs,other,C++,deb,1,0.75,lib_replacement,
922b123130aff11ffa4aa25487e36a64452254cd,default-libmysqlclient-dev,libmysqlclient-dev,use current libmysqlclient build-dep\n\n,1484394190+0000,deb,libmysqlclient-dev default-libmysqlclient-dev,https://salsa.debian.org/med-team/embassy-phylip,database,C,deb,1,0.85,pkg_rule,
922e4d53abe09c628dad11d2114bd99cc85b6ed8,libhdf5-mpi-dev,libhdf5-dev,debian: enable parallel build with hdf5,1443602645+0200,deb,libhdf5-dev libhdf5-mpi-dev,https://github.com/xylar/moab,computing,C++,deb,1,0.85,pkg_rule,
922f9d7c9ae7355b4e57189cc8a3cd1ac10ba33d,libc-ares-dev,libudns-dev,"Fixed Debian Package Control (#1656)\n\nRemoved dependency libudns-dev, added libc-ares-dev (cherry picked from commit 7525d518de4be9b23dab73bd4a19f7950c7efa5a)",1504228883+0800,deb,libudns-dev libc-ares-dev,https://github.com/rogers0/shadowsocks-libev,network,C,deb,1,0.97,lib_replacement,
923d225b6e54726055d9744e6525a3124fcc8c3c,dh-autoreconf,autoconf,Fixed build dependencies for Debian sid,1336068887+0200,deb,autoconf dh-autoreconf,https://salsa.debian.org/gambas-team/gambas3,build,C,deb,1,0.8,pkg_rule,
9242b7a9e9103d55eaa6cce588a03604f5693721,doxygen-latex,texlive-latex-base,sync debian/ directory from official Debian package,1542500764+0100,deb,texlive-latex-base doxygen-latex,https://github.com/JuhaSointusalo/ftgl,documentation,C++,deb,1,0.85,pkg_rule,
9242b7a9e9103d55eaa6cce588a03604f5693721,doxygen-latex,doxygen,sync debian/ directory from official Debian package,1542500764+0100,deb,doxygen doxygen-latex,https://github.com/JuhaSointusalo/ftgl,documentation,C++,deb,1,0.85,pkg_rule,
9250330fb8b4173f6a45aa5001c60991c216b187,libglib2.0-dev,libgtk2.0-dev,B-D switch to gtk3.,1498432880+0200,deb,libgtk2.0-dev libglib2.0-dev,https://salsa.debian.org/multimedia-team/gxtuner,GUI,C++,deb,1,0.85,pkg_rule,
9253738bbd78328e1b2cf43f6c25e038b83110ad,libtool,libtool-bin,Replace libtool-bin with libtool,1541338661+0800,deb,libtool-bin libtool,https://salsa.debian.org/debian/jq,OS Dev,C,deb,1,0.8,pkg_rule,
926cc47e4f5994815762365cd7ac640c53bc2e01,libhardware-dev [armhf],libhybris-dev [armhf],merge lp:mir,1375898079-0700,deb,libhybris-dev [armhf] libhardware-dev [armhf],https://github.com/Decatf/mir,OS Dev,C++,deb,1,0.85,pkg_rule,
927a51caabd6d36f2b0f0a76f4651b56fbfa2597,cmake,autotools-dev,Merge 6d682f452eebadc4e33505be4396982c11c6f539 into d0b3d4aee014402032ffc65ae3faf6f19d1ba77d,1493789279+0000,deb,autotools-dev cmake,https://github.com/ceph/ceph,build,C++,deb,1,0.9,pkg_rule,
929345bf9669c44dfa304de9a28b81bb6214219c,dh-autoreconf,autoconf,Switch to dh.,1309387532+0200,deb,autoconf dh-autoreconf,https://github.com/aleax/x11proto-dri2,build,C,deb,1,0.8,pkg_rule,
92934a9ae2ed5f6b57f64e4c537e13a6aee500c3,qtbase5-dev,libqt4-dev,switch to qt5 on build,1459735443+0900,deb,libqt4-dev qtbase5-dev,https://github.com/ddeka2910/texworks,GUI,C++,deb,1,0.96,lib_replacement,
9299187a737e3c95b3df2d67b906ed816ee07d4b,libayatana-common-dev,libayatana-common,debian/control: Fix B-D on libayatana-common(-dev). The -dev suffix had been forgotten.\n\n Regression fix for 716b6558.,1620109210+0200,deb,libayatana-common libayatana-common-dev,https://github.com/AyatanaIndicators/ayatana-indicator-power,OS Dev,C,deb,1,0.95,pkg_rule,
929ba1e93e156ee3428eac78c859f1a4dc3d7d38,qemu-kvm [i386 kfreebsd-i386 kopensolaris-i386 amd64 kfreebsd-amd64],qemu-system [i386 kfreebsd-i386 kopensolaris-i386 amd64 kfreebsd-amd64],"Import patches-unapplied version 1.98+20100804-4ubuntu1 to ubuntu/maverick\n\nImported using git-ubuntu import.\n\nChangelog parent: 3351a9d9d2fc5de89ca3c1c924fcbbc889ec7873\n\nNew changelog entries:   * Resynchronise with Debian.  Remaining changes:     - Adjust for default Ubuntu boot options (""quiet splash"").     - Default to hiding the menu  holding down Shift at boot will show it.     - Set a monochromatic theme for Ubuntu.     - Apply Ubuntu GRUB Legacy changes to legacy update-grub script: title,       recovery mode, quiet option, tweak how memtest86+ is displayed, and       use UUIDs where appropriate.     - Fix backslash-escaping in merge_debconf_into_conf.     - Remove ""GNU/Linux"" from default distributor string.     - Add crashkernel= options if kdump and makedumpfile are available.     - If other operating systems are installed, then automatically unhide       the menu.  Otherwise, if GRUB_HIDDEN_TIMEOUT is 0, then use keystatus       if available to check whether Shift is pressed.  If it is, show the       menu, otherwise boot immediately.  If keystatus is not available, then       fall back to a short delay interruptible with Escape.     - Allow Shift to interrupt 'sleep --interruptible'.     - Don't display introductory message about line editing unless we're       actually offering a shell prompt.  Don't clear the screen just before       booting if we never drew the menu in the first place.     - Remove some verbose messages printed before reading the configuration       file.     - Suppress progress messages as the kernel and initrd load for       non-recovery kernel menu entries.     - Change prepare_grub_to_access_device to handle filesystems       loop-mounted on file images.     - Ignore devices loop-mounted from files in 10_linux.     - Show the boot menu if the previous boot failed, that is if it failed       to get to the end of one of the normal runlevels.     - Handle RAID devices containing virtio components.     - Don't generate /boot/grub/device.map during grub-install or       grub-mkconfig by default.     - Adjust upgrade version checks for Ubuntu.     - Don't display ""GRUB loading"" unless Shift is held down.     - Adjust versions of grub-doc and grub-legacy-doc conflicts to tolerate       our backport of the grub-doc split.     - Fix LVM/RAID probing in the absence of /boot/grub/device.map.     - Look for .mo files in /usr/share/locale-langpack as well, in       preference.     - Make sure GRUB_TIMEOUT isn't quoted unnecessarily.     - Probe all devices in 'grub-probe --target=drive' if       /boot/grub/device.map is missing.     - Adjust hostdisk id for hard disks, allowing grub-setup to use its       standard workaround for broken BIOSes.     - Build-depend on qemu-kvm rather than qemu-system for grub-pc tests.     - Use qemu rather than qemu-system-i386.     - Extend the EFI version of grub-install to be able to install into an       EFI System Partition mounted on /boot/efi in a location that complies       with the EFI specification.     - Upgrade the installed core image when upgrading grub-efi-ia32 or       grub-efi-amd64, although only if /boot/efi/EFI/ubuntu already exists.     - Make grub-efi-ia32 and grub-efi-amd64 depend on efibootmgr so that       grub-install works properly.     - Program vesafb on BIOS systems rather than efifb.   * Go back to gfxpayload=text by default for Ubuntu 10.10, as the kernel     needs more work to avoid lockups with some video cards     (LP: #605614, #608429, #612626).",1282565488+0100,deb,qemu-system [i386 kfreebsd-i386 kopensolaris-i386 amd64 kfreebsd-amd64] qemu-kvm [i386 kfreebsd-i386 kopensolaris-i386 amd64 kfreebsd-amd64],https://github.com/delphix/grub2,OS Dev,C,deb,1,0.75,pkg_rule,
929d929fb27f2b60bbc26cf105d9b5031084fe5d,intltool,gnome-common,rename glade-3 to glade,1294426555+0000,deb,gnome-common intltool,https://salsa.debian.org/gnome-team/glade,GUI,C,deb,1,0.95,pkg_rule,
92a5846277d29dd8b15127760e0d1c107a56bed2,cheerp-musl,cheerp-newlib,CI: Replace newlib package with musl,1652769718+0200,deb,cheerp-newlib cheerp-musl,https://github.com/leaningtech/cheerp-compiler,other,C++,deb,1,0.8,pkg_rule,
92bb6422193b12d8a4144c870df655fe4206ee7b,cmake,cmake:native,Merge branch 'cmake' into 'cmake'\n\nFix cmake B-D annotation\n\nSee merge request pkg-llvm-team/z3!4,1578591757+0000,deb,cmake:native cmake,https://salsa.debian.org/LebedevRI-guest/z3,computing,C++,deb,1,0.98,pkg_rule,
92d26b247981be0d3860bfa5d3d54e19ae9e6bd6,zlib1g-dev,zlib1g,Changes for 17.04.,1487941620+0100,deb,zlib1g zlib1g-dev,https://github.com/create3000/titania,GUI,C++,deb,1,0.95,pkg_rule,
92d98936db78ca73034ff0daf6ce4c08c9a7665e,apache2-dev,apache2-threaded-dev,Experimental support for Apache 2.4.,1333476684+0200,deb,apache2-threaded-dev apache2-dev,https://github.com/gnyman/uwsgi-debian,network,C,deb,1,0.9,pkg_rule,
92dc7031913147681f25f85518b4e2fa5f7587de,flex,flex-old,Switch to flex from flex-old. (Closes: #932517),1564347656+0200,deb,flex-old flex,https://salsa.debian.org/debian-hamradio-team/soundmodem,Multi Media,C,deb,1,0.85,pkg_rule,
92dcfcce61bec3213a22b7a4fd66177f63a919c8,xutils-dev,xutils,Build-depend on xutils-dev (for makedepend and imake) rather than the obsolete xutils.,1220630956+0100,deb,xutils xutils-dev,https://salsa.debian.org/debian/troffcvt,GUI,C,deb,1,0.95,pkg_rule,
92e3981eb6e2e7d56ab663a5a1e8dc924ab066db,qtbase5-dev,libqt4-dev,Merged into trunk,1380487219+0000,deb,libqt4-dev qtbase5-dev,https://github.com/Breslov/orayta,GUI,C++,deb,1,0.95,pkg_rule,
92f02ebcd442ef9c4b265674ebe0f02e3d6574fa,libmarble-qt4-dev,libmarble-dev,ppa6: Change to use my own-built libmarble for QT4,1471730734+0200,deb,libmarble-dev libmarble-qt4-dev,https://github.com/centic9/digikam-ppa,GUI,C++,deb,1,0.8,pkg_rule,
92f8c93c0339327ce40ceb4a0d3e18bd5e1aa39f,dpkg-dev,hardening-wrapper,test 0.0.11-2 package,1413896556+0000,deb,hardening-wrapper dpkg-dev,https://github.com/AlexeySalmin/tlsdate,build,C,deb,1,0.9,pkg_rule,
92f8db7cc474478d01f36cd0f3862ca84225bbbc,libjson-c-dev,libjson0-dev,fix Debian build with debuild (#62)\n\n,1529070069+0200,deb,libjson0-dev libjson-c-dev,https://github.com/dreibh/tracebox,serializing,C++,deb,1,0.9,pkg_rule,
130224e635c5d10f98435675d5ac5c604ee1a819,qtbase5-dev,libqt4-dev,Fixes for Debian/Ubuntu,1475227968+0000,deb,libqt4-dev qtbase5-dev,https://github.com/jjzhang166/qsseditor3,GUI,C++,deb,1,0.5,lib_replacement,
130224e635c5d10f98435675d5ac5c604ee1a819,qttools5-dev-tools,libqt4-dev,Fixes for Debian/Ubuntu,1475227968+0000,deb,libqt4-dev qttools5-dev-tools,https://github.com/jjzhang166/qsseditor3,GUI,C++,deb,1,0.5,lib_replacement,
131095c15ddf48d8a1814cdec609256d914bb083,libgd-dev,libgd2-xpm-dev,Fix Build-Depends: libgd2-xpm-dev -> libgd-dev,1510066687+0100,deb,libgd2-xpm-dev libgd-dev,https://salsa.debian.org/med-team/embassy-phylip,Multi Media,C,deb,1,0.8,pkg_rule,
1335d54b8396f58b12d012d747047182ecdbd1f0,qttools5-dev-tools,libqt4-dev,Switch build to Qt5,1454849565+1100,deb,libqt4-dev qttools5-dev-tools,https://salsa.debian.org/multimedia-team/cantata,GUI,C++,deb,1,0.85,lib_replacement,
1335d54b8396f58b12d012d747047182ecdbd1f0,qtbase5-dev,libqt4-dev,Switch build to Qt5,1454849565+1100,deb,libqt4-dev qtbase5-dev,https://salsa.debian.org/multimedia-team/cantata,GUI,C++,deb,1,0.85,lib_replacement,
134b16324ab95fd8146590ce05994bc9f59d83f6,dh-exec,cdbs,Upload release 3.3.0-1 to unstable,1481468446+0000,deb,cdbs dh-exec,https://salsa.debian.org/science-team/libcgns,build,C,deb,1,0.9,pkg_rule,
134ce34cb96a6c5a3b22060b55882fe97882dc92,libtool-bin,libtool,Build-Depends on libtool-bin instead of libtool (closes: #761765),1411204815+0200,deb,libtool libtool-bin,https://salsa.debian.org/debian/libmaa,build,C,deb,1,0.85,pkg_rule,
134fc6aec89b781ee6453c689da1c9f84d4ffb3d,dh-r,cdbs,Switch to dh-r,1477644526+0200,deb,cdbs dh-r,https://salsa.debian.org/r-pkg-team/r-bioc-rbgl,build,C++,deb,1,0.85,pkg_rule,
1351fc738417401e156a760cd86e1746867834fc,dtach,screen,debian: update build dependency on dtach instead of screen\n\nThis reflects a modification to the test suite to use dtach instead of screen.,1320970677-0800,deb,screen dtach,https://github.com/10ne1/notmuch,Command Line,C,deb,1,0.9,pkg_rule,
13525d7b0451f0a9ca7b73e83e2f374fbfb7c1bc,mate-common,gnome-common,Fork from Ubuntu's indicator-sound.,1508713650+0000,deb,gnome-common mate-common,https://github.com/AyatanaIndicators/ayatana-indicator-sound,OS Dev,C++,deb,1,0.5,lib_replacement,
1370a0be34e97a6aed6ae644b194ad4c5b070170,flightgear-data-base,qtbase5-dev,"Drop B-D on qtbase5-dev, add flightgear-data deps, finalize 1:2017.2.1+dfsg-2.",1501158648+0200,deb,qtbase5-dev flightgear-data-base,https://salsa.debian.org/debian/flightgear,computing,C++,deb,1,0.95,pkg_rule,
1370a0be34e97a6aed6ae644b194ad4c5b070170,flightgear-data-ai,qtbase5-dev,"Drop B-D on qtbase5-dev, add flightgear-data deps, finalize 1:2017.2.1+dfsg-2.",1501158648+0200,deb,qtbase5-dev flightgear-data-ai,https://salsa.debian.org/debian/flightgear,computing,C++,deb,1,0.95,pkg_rule,
137ce1c6164413affa22fc968d05a6184163fb06,libncursesw5-dev,libncurses5-dev,use ncurses wide,1425627039+0100,deb,libncurses5-dev libncursesw5-dev,https://github.com/luctius/heresyrl,other,C,deb,1,0.85,pkg_rule,
139176af68b5c9649c64cf09c41aa317dbac6b54,qtbase5-dev,libqt4-dev,Merge branch 'bareos-18.2',1538563815+0200,deb,libqt4-dev qtbase5-dev,https://github.com/Intellique/bareos,GUI,C++,deb,1,0.8,pkg_rule,
139e36e96d6a162774eab27b15cc682b728e8d3d,dh-autoreconf,autotools-dev,Imported Debian patch 0.2.35-1,1380599483+1000,deb,autotools-dev dh-autoreconf,https://salsa.debian.org/debian/zvbi,build,C,deb,1,0.8,pkg_rule,
13ab072e6b8aa658eeff392c418fdd049f72ca07,libsecret-1-dev,libgnome-keyring-dev,[svn-buildpackage] Tagging epiphany-browser 3.21.90-1,1473174661+0000,deb,libgnome-keyring-dev libsecret-1-dev,https://salsa.debian.org/gnome-team/epiphany-browser,cryptography,C,deb,1,0.75,pkg_rule,
13ab072e6b8aa658eeff392c418fdd049f72ca07,yelp-tools,gnome-doc-utils,[svn-buildpackage] Tagging epiphany-browser 3.21.90-1,1473174661+0000,deb,gnome-doc-utils yelp-tools,https://salsa.debian.org/gnome-team/epiphany-browser,documentation,C,deb,1,0.75,pkg_rule,
13ac661ae26962a78165318ec0437e206b474ad3,autotools-dev,automake,Merge branch 'debian/release/2.8' into debian/master\n\nConflicts: 	debian/control,1344326068+1000,deb,automake autotools-dev,https://github.com/alco90/soml-apps,build,C,deb,1,0.8,pkg_rule,
13ac661ae26962a78165318ec0437e206b474ad3,dh-autoreconf,autoconf,Merge branch 'debian/release/2.8' into debian/master\n\nConflicts: 	debian/control,1344326068+1000,deb,autoconf dh-autoreconf,https://github.com/alco90/soml-apps,build,C,deb,1,0.8,pkg_rule,
13cdba61fae3ffd657d216b0d26b3c20bfc9e17d,dh-octave,octave-pkg-dev,Build-depend on dh-octave instead of octave-pkg-dev.\n\nThanks: Rafael Laboissière Closes: #890085,1518521717+0100,deb,octave-pkg-dev dh-octave,https://salsa.debian.org/science-team/vlfeat,build,C,deb,1,0.8,pkg_rule,
13d4db6ab1d7d98d8c06589a02bd5c8970d11d49,yelp-tools,gnome-doc-utils,Switch Build-Depends on gnome-doc-utils to yelp-tools.,1369519192+0000,deb,gnome-doc-utils yelp-tools,https://salsa.debian.org/gnome-team/zenity,documentation,C,deb,1,0.5,lib_replacement,
13e1544b396a5212e82b940e420a1cd44d8aa24b,libayatana-appindicator3-dev,libappindicator3-dev,Fork from Ubuntu's indicator-application code project.,1447217930+0100,deb,libappindicator3-dev libayatana-appindicator3-dev,https://github.com/AyatanaIndicators/ayatana-indicator-application,GUI,C,deb,1,0.5,lib_replacement,
13e68942c01aa83f9e96e83a8e79fa80535a4b89,cmake,autotools-dev,fix deb file,1446541698+0000,deb,autotools-dev cmake,https://github.com/s2x/ccframework,build,C++,deb,1,0.9,pkg_rule,
13f5f5c17851fb999b3ec32bd4e7c592475743b4,quilt,dpatch,* Switch to dpkg-source 3.0 (quilt) format * Bumped policy to 3.8.4 * Removed README.source\n\ngit-svn-id: svn://svn.debian.org/svn/pkg-fedora-ds/libapache2-mod-nss/trunk@214 f06303cf-03cc-411c-aec6-58b7e4ec4d34,1274655778+0000,deb,dpatch quilt,https://salsa.debian.org/freeipa-team/libapache2-mod-nss,build,C,deb,1,0.8,pkg_rule,
13fb0a37593e222c0eb352bca96e40b5d0c7dde4,libslang2-dev,slang1-dev,releasing version 1.2.86,1119292927+0000,deb,slang1-dev libslang2-dev,https://github.com/ErebusBat/pdmenu,GUI,C,deb,1,0.85,pkg_rule,
930e76a8ce27105ecd3e101055483bc975b104a4,openjdk-6-jdk,sun-java6-jdk,Using OpenJDK instead of Sun Java,1332605008-0700,deb,sun-java6-jdk openjdk-6-jdk,https://github.com/hkerem/thrift,serializing,C++,deb,1,0.9,lib_replacement,
930ec7de6530f4191070f32716862676402c7111,libplatform-hardware-api1-dev [armhf i386 amd64],libplatform-hardware-api-headers,"Don't build the hw-alarms pieces if ubuntu/hardware/alarm.h can't be found. Don't require libplatform-hardware-api-* unless the arch is armhf, i386, or amd64.",1402459492-0500,deb,libplatform-hardware-api-headers libplatform-hardware-api1-dev [armhf i386 amd64],https://github.com/khurshid-alam/Indicator-Datetime,OS Dev,C++,deb,1,0.8,pkg_rule,
9312f40f9ead163ffc24f7480ee86b22eb5ace59,dh-autoreconf,autoconf,Imported Debian patch 2.02~beta2-22+deb8u1,1449947882+0100,deb,autoconf dh-autoreconf,https://github.com/pexip/os-grub2,build,C,deb,1,0.85,pkg_rule,
931ac3bb2aad6dbd1cbf57ab7f5834434b74d6a0,quilt,dpatch,Imported Debian patch 0.7.5-3,1313409569+0200,deb,dpatch quilt,https://salsa.debian.org/games-team/cegui-mk2,build,C++,deb,1,0.85,pkg_rule,
9327ae3107955a1d33c70274e8fb9e70465c29e1,meson,autotools-dev,Merge 68f081220ee6e7c833d269c928923d53b951f251 into dd8068ba4ca5f44bc1893fa1cb34e9ec67d85d2d,1531052942+0000,deb,autotools-dev meson,https://github.com/linuxmint/cinnamon-control-center,build,C,deb,1,0.85,pkg_rule,
93382285a4366ee8aa366aaf34eb0424d385146e,dpatch,patch,Import Debian changes 1:1.02-3\n\nnullmailer (1:1.02-3) unstable  urgency=low\n\n  * Complete rewrite of build-sytem:     + Switched to debhelper and dpatch.     + Added support for smtp auth via debconf. (closes: #349485)     + Removed ucf support. (closes: #333313),1145114000+0200,deb,patch dpatch,https://github.com/lechner/nullmailer,network,C++,deb,1,0.8,pkg_rule,
93382285a4366ee8aa366aaf34eb0424d385146e,debhelper,patch,Import Debian changes 1:1.02-3\n\nnullmailer (1:1.02-3) unstable  urgency=low\n\n  * Complete rewrite of build-sytem:     + Switched to debhelper and dpatch.     + Added support for smtp auth via debconf. (closes: #349485)     + Removed ucf support. (closes: #333313),1145114000+0200,deb,patch debhelper,https://github.com/lechner/nullmailer,build,C++,deb,1,0.8,pkg_rule,
934d6ea9cab8e9ac563f631cd63c3e5f0dbe4bdd,qemu-kvm [i386 kfreebsd-i386 kopensolaris-i386 any-amd64],qemu-utils [!hurd-any],"Import patches-unapplied version 1.99~20101124-1ubuntu1 to ubuntu/natty\n\nImported using git-ubuntu import.\n\nChangelog parent: d06d7cba70307c0feab1c6cd837ae4ae17a33dc2\n\nNew changelog entries:   [ Colin Watson ]   * Resynchronise with Debian experimental.  Remaining changes:     - Adjust for default Ubuntu boot options (""quiet splash"").     - Default to hiding the menu  holding down Shift at boot will show it.     - Set a monochromatic theme for Ubuntu.     - Apply Ubuntu GRUB Legacy changes to legacy update-grub script: title,       recovery mode, quiet option, tweak how memtest86+ is displayed, and       use UUIDs where appropriate.     - Fix backslash-escaping in merge_debconf_into_conf.     - Remove ""GNU/Linux"" from default distributor string.     - Add crashkernel= options if kdump and makedumpfile are available.     - If other operating systems are installed, then automatically unhide       the menu.  Otherwise, if GRUB_HIDDEN_TIMEOUT is 0, then use keystatus       if available to check whether Shift is pressed.  If it is, show the       menu, otherwise boot immediately.  If keystatus is not available, then       fall back to a short delay interruptible with Escape.     - Allow Shift to interrupt 'sleep --interruptible'.     - Don't display introductory message about line editing unless we're       actually offering a shell prompt.  Don't clear the screen just before       booting if we never drew the menu in the first place.     - Remove some verbose messages printed before reading the configuration       file.     - Suppress progress messages as the kernel and initrd load for       non-recovery kernel menu entries.     - Change prepare_grub_to_access_device to handle filesystems       loop-mounted on file images.     - Ignore devices loop-mounted from files in 10_linux.     - Show the boot menu if the previous boot failed, that is if it failed       to get to the end of one of the normal runlevels.     - Don't generate /boot/grub/device.map during grub-install or       grub-mkconfig by default.     - Adjust upgrade version checks for Ubuntu.     - Don't display ""GRUB loading"" unless Shift is held down.     - Adjust versions of grub-doc and grub-legacy-doc conflicts to tolerate       our backport of the grub-doc split.     - Fix LVM/RAID probing in the absence of /boot/grub/device.map.     - Look for .mo files in /usr/share/locale-langpack as well, in       preference.     - Make sure GRUB_TIMEOUT isn't quoted unnecessarily.     - Probe all devices in 'grub-probe --target=drive' if       /boot/grub/device.map is missing.     - Build-depend on qemu-kvm rather than qemu-system for grub-pc tests.     - Use qemu rather than qemu-system-i386.     - Program vesafb on BIOS systems rather than efifb.     - Add a grub-rescue-efi-amd64 package containing a rescue CD-ROM image       for EFI-AMD64.     - On Wubi, don't ask for an install device, but just update wubildr       using the diverted grub-install.     - When embedding the core image in a post-MBR gap, check for and avoid       sectors matching any of a list of known signatures.     - Disable video_bochs and video_cirrus on PC BIOS systems, as probing       PCI space seems to break on some systems.   * Downgrade ""ACPI shutdown failed"" error to a debug message, since it can     cause spurious test failures.   [ Evan Broder ]   * Enable lua from grub-extras.   * Incorporate the bitop library into lua.   * Add enum_pci function to grub module in lua.   * Switch back to gfxpayload=keep by default, unless the video hardware     is known to not support it.   [ Mario Limonciello ]   * Built part_msdos and vfat into bootx64.efi (LP: #677758)",1290607195+0000,deb,qemu-utils [!hurd-any] qemu-kvm [i386 kfreebsd-i386 kopensolaris-i386 any-amd64],https://github.com/delphix/grub2,OS Dev,C,deb,1,0.75,pkg_rule,
934d6ea9cab8e9ac563f631cd63c3e5f0dbe4bdd,qemu-kvm [i386 kfreebsd-i386 kopensolaris-i386 any-amd64],qemu-system [i386 kfreebsd-i386 kopensolaris-i386 any-amd64],"Import patches-unapplied version 1.99~20101124-1ubuntu1 to ubuntu/natty\n\nImported using git-ubuntu import.\n\nChangelog parent: d06d7cba70307c0feab1c6cd837ae4ae17a33dc2\n\nNew changelog entries:   [ Colin Watson ]   * Resynchronise with Debian experimental.  Remaining changes:     - Adjust for default Ubuntu boot options (""quiet splash"").     - Default to hiding the menu  holding down Shift at boot will show it.     - Set a monochromatic theme for Ubuntu.     - Apply Ubuntu GRUB Legacy changes to legacy update-grub script: title,       recovery mode, quiet option, tweak how memtest86+ is displayed, and       use UUIDs where appropriate.     - Fix backslash-escaping in merge_debconf_into_conf.     - Remove ""GNU/Linux"" from default distributor string.     - Add crashkernel= options if kdump and makedumpfile are available.     - If other operating systems are installed, then automatically unhide       the menu.  Otherwise, if GRUB_HIDDEN_TIMEOUT is 0, then use keystatus       if available to check whether Shift is pressed.  If it is, show the       menu, otherwise boot immediately.  If keystatus is not available, then       fall back to a short delay interruptible with Escape.     - Allow Shift to interrupt 'sleep --interruptible'.     - Don't display introductory message about line editing unless we're       actually offering a shell prompt.  Don't clear the screen just before       booting if we never drew the menu in the first place.     - Remove some verbose messages printed before reading the configuration       file.     - Suppress progress messages as the kernel and initrd load for       non-recovery kernel menu entries.     - Change prepare_grub_to_access_device to handle filesystems       loop-mounted on file images.     - Ignore devices loop-mounted from files in 10_linux.     - Show the boot menu if the previous boot failed, that is if it failed       to get to the end of one of the normal runlevels.     - Don't generate /boot/grub/device.map during grub-install or       grub-mkconfig by default.     - Adjust upgrade version checks for Ubuntu.     - Don't display ""GRUB loading"" unless Shift is held down.     - Adjust versions of grub-doc and grub-legacy-doc conflicts to tolerate       our backport of the grub-doc split.     - Fix LVM/RAID probing in the absence of /boot/grub/device.map.     - Look for .mo files in /usr/share/locale-langpack as well, in       preference.     - Make sure GRUB_TIMEOUT isn't quoted unnecessarily.     - Probe all devices in 'grub-probe --target=drive' if       /boot/grub/device.map is missing.     - Build-depend on qemu-kvm rather than qemu-system for grub-pc tests.     - Use qemu rather than qemu-system-i386.     - Program vesafb on BIOS systems rather than efifb.     - Add a grub-rescue-efi-amd64 package containing a rescue CD-ROM image       for EFI-AMD64.     - On Wubi, don't ask for an install device, but just update wubildr       using the diverted grub-install.     - When embedding the core image in a post-MBR gap, check for and avoid       sectors matching any of a list of known signatures.     - Disable video_bochs and video_cirrus on PC BIOS systems, as probing       PCI space seems to break on some systems.   * Downgrade ""ACPI shutdown failed"" error to a debug message, since it can     cause spurious test failures.   [ Evan Broder ]   * Enable lua from grub-extras.   * Incorporate the bitop library into lua.   * Add enum_pci function to grub module in lua.   * Switch back to gfxpayload=keep by default, unless the video hardware     is known to not support it.   [ Mario Limonciello ]   * Built part_msdos and vfat into bootx64.efi (LP: #677758)",1290607195+0000,deb,qemu-system [i386 kfreebsd-i386 kopensolaris-i386 any-amd64] qemu-kvm [i386 kfreebsd-i386 kopensolaris-i386 any-amd64],https://github.com/delphix/grub2,OS Dev,C,deb,1,0.75,pkg_rule,
9366993719d33fe9c78ba334abe3b237a4c46eb6,qtbase5-dev,qt5-default,Build fix,1549302240+0000,deb,qt5-default qtbase5-dev,https://github.com/gemian/qtubuntu-camera,GUI,C++,deb,1,0.8,pkg_rule,
937138c103e6f9542298ae3d6469cd90cbe4a47c,libx11-dev,xlibs-dev,Imported Debian patch 20050609-1,1134825219+1100,deb,xlibs-dev libx11-dev,https://salsa.debian.org/electronics-team/pcb,GUI,C,deb,1,0.9,pkg_rule,
937138c103e6f9542298ae3d6469cd90cbe4a47c,libxt-dev,xlibs-dev,Imported Debian patch 20050609-1,1134825219+1100,deb,xlibs-dev libxt-dev,https://salsa.debian.org/electronics-team/pcb,GUI,C,deb,1,0.9,pkg_rule,
937138c103e6f9542298ae3d6469cd90cbe4a47c,libxpm-dev,xlibs-dev,Imported Debian patch 20050609-1,1134825219+1100,deb,xlibs-dev libxpm-dev,https://salsa.debian.org/electronics-team/pcb,GUI,C,deb,1,0.9,pkg_rule,
9374e5cd38d7c422af9c48f96c2d5377c266e017,libtool-bin,libtool,Build dependencies fix,1510605897+0300,deb,libtool libtool-bin,https://github.com/poretsky/rulex,build,C,deb,1,0.85,pkg_rule,
93787f2fbbba9283035a72c19efe60451d3664d8,cmake,scons,Imported Debian patch 1.7.4-3,1471943342+0200,deb,scons cmake,https://github.com/pexip/os-libjsoncpp,GUI,C++,deb,1,0.8,pkg_rule,
93858484fd27211b68bc81906b6b8728244233c2,meson,scons,Use meson and short-form dh (not scons or cdbs). Build-depend on meson (not cdbs).,1507737756+0200,deb,scons meson,https://salsa.debian.org/debian/astroidmail,build,C++,deb,1,0.8,pkg_rule,
93858484fd27211b68bc81906b6b8728244233c2,meson,cdbs,Use meson and short-form dh (not scons or cdbs). Build-depend on meson (not cdbs).,1507737756+0200,deb,cdbs meson,https://salsa.debian.org/debian/astroidmail,build,C++,deb,1,0.8,pkg_rule,
93aab4acde88145bdf091006bc51c5a40e26dda9,libgd2-noxpm-dev,libgd2-dev,* debian/control: Change libgd2-dev build-dependency to libgd2-noxpm-dev,1181836189-0300,deb,libgd2-dev libgd2-noxpm-dev,https://github.com/pank23kum/Repo1,Multi Media,C,deb,1,0.8,pkg_rule,
93b2c6c3291bc5cfeba8cc737880d2103283c946,dh-autoreconf,autotools-dev,Merge tag 'debian/1%4.2.6.p5+dfsg-7+deb8u2'\n\nDebian release 1:4.2.6.p5+dfsg-7+deb8u2\n\nConflicts: 	debian/changelog 	debian/control 	debian/patches/autotools.patch 	debian/patches/series,1490276872+0000,deb,autotools-dev dh-autoreconf,https://github.com/pexip/os-ntp,build,C,deb,1,0.85,pkg_rule,
93c3ce98ff8186282e20b27476cefb4b58e8df62,dh-r,cdbs,convert from cdbs to dh-r,1504770464+0200,deb,cdbs dh-r,https://salsa.debian.org/r-pkg-team/r-cran-maps,build,C,deb,1,0.8,pkg_rule,
93c7539fae573cdd4256cfffe01414797210a8ba,zlib1g-dev,man-db,"Add build dependency on zlib1g-dev, remove unneeded dependency on man-db.",1146500487+0200,deb,man-db zlib1g-dev,https://salsa.debian.org/debian/upx-ucl,Command Line,C,deb,1,0.9,pkg_rule,
93c7c85fb200f24d2b250fd2f7b412bcb25c8aa4,dh-autoreconf,autotools-dev,Use autoreconf.,1376140040+0200,deb,autotools-dev dh-autoreconf,https://github.com/alberthdev/debian-science-packages-libtifiles,build,C,deb,1,0.8,pkg_rule,
93d3fb6c8f48b4238a44866f84cb1a53503cd178,libav-tools,ffmpeg,replaced ffmpeg with libav,1382080698+0200,deb,ffmpeg libav-tools,https://github.com/0xn00b/openmw,Multi Media,C++,deb,1,0.85,lib_replacement,
93d9e8c7b10efecceea6043a133092fe76a64c5b,libx11-dev,xlibs-dev,"updated docs for , mentioned that metar is gone. changed some of the packaging files to meet debian standards (thanks to pollux, thru mirrorbox), so that should be almost ready\n\n git-svn-id: https://conky.svn.sourceforge.net/svnroot/conky/trunk/conky@235 7f574dfc-610e-0410-a909-a81674777703",1125334374+0000,deb,xlibs-dev libx11-dev,https://github.com/521314/conky,GUI,C++,deb,1,0.85,pkg_rule,
93dce372fd12a6a69e94433c2d7bb0edd1217633,qtbase5-dev,qt5-default,"debian: Update deb packaging instructions\n\nWith this commit, I would expect users able to build deb packages with instructions that is compatible from Ubuntu 16.04.x LTS.\n\nSigned-off-by: Boyuan Yang <073plan@gmail.com>",1525685779+0800,deb,qt5-default qtbase5-dev,https://github.com/LupoDharkael/flameshot,GUI,C++,deb,1,0.8,pkg_rule,
93e75ce23d58ff9cb9523f3884a6cb03d38084fe,libxfce4ui-1-dev,libxfcegui4-dev,merge 4.8 xfce4-panel from experimental\n\n,1301505549+0000,deb,libxfcegui4-dev libxfce4ui-1-dev,https://salsa.debian.org/Valdaer/xfce4-panel,GUI,C,deb,1,0.85,pkg_rule,
93e913432908de625a229b6e0684f5d83574372c,libgeonames-dev,libtimezonemap1-dev,merged trunk,1467128887-0400,deb,libtimezonemap1-dev libgeonames-dev,https://github.com/Daniel20000522/system-settings,GUI,C++,deb,1,0.5,pkg_rule,
140eeed1ad0468a613581a8cf21f23dbf1061f97,libqscintilla2-qt5-dev,libqt5scintilla2-dev,Use libqscintilla2-qt5-dev instead of virtual package.\n\nSee: https://alioth-lists.debian.net/pipermail/pkg-grass-devel/2019-February/076237.html,1550989031+0100,deb,libqt5scintilla2-dev libqscintilla2-qt5-dev,https://github.com/qgis/QGIS,GUI,C++,deb,1,0.8,pkg_rule,
141d61e88c28f42ef91e4f024c86cda3ab73f0d5,cmake,autotools-dev,Merge c7738a31f95dd29456a1965c8778160e16d47e64 into 049641df2ef61eed076c8306be2a4443907a66a3,1482082580+0000,deb,autotools-dev cmake,https://github.com/ceph/ceph,build,C++,deb,1,0.8,pkg_rule,
1426e0322c90c3fab38ef894f5815360f461ff11,cmake,autotools-dev,Merge branch 'refs/heads/master' into jriegel/develop-fem,1373305614+0200,deb,autotools-dev cmake,https://github.com/berndhahnebach/3_gitgit,build,C++,deb,1,0.8,pkg_rule,
143934592838d641977db1e684f289885a47cb54,hardening-wrapper,hardening-includes,"Fixed changelog, wrap-and-sort control file, removed unneeded dependencies, fixed rule for hardening and cleanups, added note about overrides in lintian-overrides",1352371198+0530,deb,hardening-includes hardening-wrapper,https://github.com/AlexeySalmin/tlsdate,cryptography,C,deb,1,0.75,pkg_rule,
143df3f726eb6cd7f99819bc2210798ebbdcf674,dh-exec,cdbs,Import Debian changes 1.2-2\n\nflashrom (1.2-2) unstable  urgency=medium\n\n  * Build additional packages. (Closes: #951589)   * d/control: drop CDBS.   * Bump debhelper version to 11.,1582092571+0100,deb,cdbs dh-exec,https://github.com/platinasystems/flashrom,build,C,deb,1,0.8,pkg_rule,
143df3f726eb6cd7f99819bc2210798ebbdcf674,meson,cdbs,Import Debian changes 1.2-2\n\nflashrom (1.2-2) unstable  urgency=medium\n\n  * Build additional packages. (Closes: #951589)   * d/control: drop CDBS.   * Bump debhelper version to 11.,1582092571+0100,deb,cdbs meson,https://github.com/platinasystems/flashrom,build,C,deb,1,0.8,pkg_rule,
1444e47700b5a05656f78e9188c6263702098bad,ligo-dolphin-dev,dolphin-sisci-ix-devel,update dolphin dependencies to new packaging,1591651714-0700,deb,dolphin-sisci-ix-devel ligo-dolphin-dev,https://github.com/ElsevierSoftwareX/SOFTX_2020_155,computing,C,deb,1,0.7,pkg_rule,
145f13c28f28ab3a7eee1eb027639c593a67cc13,libprotobuf-c-dev,protobuf-compiler,"Import Debian changes 1.1.0-3\n\nphp-pinba (1.1.0-3) unstable  urgency=medium\n\n  * d/rules: prevent network access during tests (to qa.php.net).   * d/rules: provide versioned package matching PHP version.\n\nphp-pinba (1.1.0-2) unstable  urgency=medium\n\n  * Use dynamic libprotobuf-c from system.\n\nphp-pinba (1.1.0-1) unstable  urgency=medium\n\n  * New upstream release.   * Do the PHP7 transition. Closes: #821553, #821704.   * d/copyright: mention the embedded protobuf files.   * d/watch: update to use GitHub releases.   * d/patches: add a patch to update pinba.proto.",1474090564+0200,deb,protobuf-compiler libprotobuf-c-dev,https://salsa.debian.org/php-team/pecl/php-pinba,serializing,C,deb,1,0.5,pkg_rule,
145f13c28f28ab3a7eee1eb027639c593a67cc13,protobuf-c-compiler,protobuf-compiler,"Import Debian changes 1.1.0-3\n\nphp-pinba (1.1.0-3) unstable  urgency=medium\n\n  * d/rules: prevent network access during tests (to qa.php.net).   * d/rules: provide versioned package matching PHP version.\n\nphp-pinba (1.1.0-2) unstable  urgency=medium\n\n  * Use dynamic libprotobuf-c from system.\n\nphp-pinba (1.1.0-1) unstable  urgency=medium\n\n  * New upstream release.   * Do the PHP7 transition. Closes: #821553, #821704.   * d/copyright: mention the embedded protobuf files.   * d/watch: update to use GitHub releases.   * d/patches: add a patch to update pinba.proto.",1474090564+0200,deb,protobuf-compiler protobuf-c-compiler,https://salsa.debian.org/php-team/pecl/php-pinba,serializing,C,deb,1,0.5,pkg_rule,
145f13c28f28ab3a7eee1eb027639c593a67cc13,libprotobuf-c-dev,libprotobuf-dev,"Import Debian changes 1.1.0-3\n\nphp-pinba (1.1.0-3) unstable  urgency=medium\n\n  * d/rules: prevent network access during tests (to qa.php.net).   * d/rules: provide versioned package matching PHP version.\n\nphp-pinba (1.1.0-2) unstable  urgency=medium\n\n  * Use dynamic libprotobuf-c from system.\n\nphp-pinba (1.1.0-1) unstable  urgency=medium\n\n  * New upstream release.   * Do the PHP7 transition. Closes: #821553, #821704.   * d/copyright: mention the embedded protobuf files.   * d/watch: update to use GitHub releases.   * d/patches: add a patch to update pinba.proto.",1474090564+0200,deb,libprotobuf-dev libprotobuf-c-dev,https://salsa.debian.org/php-team/pecl/php-pinba,serializing,C,deb,1,0.5,pkg_rule,
145f13c28f28ab3a7eee1eb027639c593a67cc13,protobuf-c-compiler,libprotobuf-dev,"Import Debian changes 1.1.0-3\n\nphp-pinba (1.1.0-3) unstable  urgency=medium\n\n  * d/rules: prevent network access during tests (to qa.php.net).   * d/rules: provide versioned package matching PHP version.\n\nphp-pinba (1.1.0-2) unstable  urgency=medium\n\n  * Use dynamic libprotobuf-c from system.\n\nphp-pinba (1.1.0-1) unstable  urgency=medium\n\n  * New upstream release.   * Do the PHP7 transition. Closes: #821553, #821704.   * d/copyright: mention the embedded protobuf files.   * d/watch: update to use GitHub releases.   * d/patches: add a patch to update pinba.proto.",1474090564+0200,deb,libprotobuf-dev protobuf-c-compiler,https://salsa.debian.org/php-team/pecl/php-pinba,serializing,C,deb,1,0.5,pkg_rule,
145f13c28f28ab3a7eee1eb027639c593a67cc13,dh-php,pkg-php-tools,"Import Debian changes 1.1.0-3\n\nphp-pinba (1.1.0-3) unstable  urgency=medium\n\n  * d/rules: prevent network access during tests (to qa.php.net).   * d/rules: provide versioned package matching PHP version.\n\nphp-pinba (1.1.0-2) unstable  urgency=medium\n\n  * Use dynamic libprotobuf-c from system.\n\nphp-pinba (1.1.0-1) unstable  urgency=medium\n\n  * New upstream release.   * Do the PHP7 transition. Closes: #821553, #821704.   * d/copyright: mention the embedded protobuf files.   * d/watch: update to use GitHub releases.   * d/patches: add a patch to update pinba.proto.",1474090564+0200,deb,pkg-php-tools dh-php,https://salsa.debian.org/php-team/pecl/php-pinba,build,C,deb,1,0.5,pkg_rule,
145f13c28f28ab3a7eee1eb027639c593a67cc13,php-all-dev,pkg-php-tools,"Import Debian changes 1.1.0-3\n\nphp-pinba (1.1.0-3) unstable  urgency=medium\n\n  * d/rules: prevent network access during tests (to qa.php.net).   * d/rules: provide versioned package matching PHP version.\n\nphp-pinba (1.1.0-2) unstable  urgency=medium\n\n  * Use dynamic libprotobuf-c from system.\n\nphp-pinba (1.1.0-1) unstable  urgency=medium\n\n  * New upstream release.   * Do the PHP7 transition. Closes: #821553, #821704.   * d/copyright: mention the embedded protobuf files.   * d/watch: update to use GitHub releases.   * d/patches: add a patch to update pinba.proto.",1474090564+0200,deb,pkg-php-tools php-all-dev,https://salsa.debian.org/php-team/pecl/php-pinba,build,C,deb,1,0.5,pkg_rule,
146255c45a93fb3218ee26bf813748422a2393e0,libevdev-dev,libxtst-dev,"Drop libxtst-dev conflicts, add libevdev-dev.",1393518204+0100,deb,libxtst-dev libevdev-dev,https://github.com/RsrchBoy/xserver-xorg-input-synaptics,OS Dev,C,deb,1,0.7,pkg_rule,
146b13c78fb806399319da965d35d044fe0fb711,libubuntu-application-api-dev,libplatform-api1-dev,Platform API v2 support,1401113328+0200,deb,libplatform-api1-dev libubuntu-application-api-dev,https://github.com/erfanoabdi/qtubuntu-sensors,OS Dev,C++,deb,1,0.85,pkg_rule,
146d26419d83308a14b52bd879ca0756097a0a4a,qtbase5-dev,libqt4-dev,Update for Qt5,1484243615+0100,deb,libqt4-dev qtbase5-dev,https://salsa.debian.org/xtuple-maintainers-team/postbooks-updater,GUI,C++,deb,1,0.8,pkg_rule,
146d26419d83308a14b52bd879ca0756097a0a4a,qttools5-dev,libqt4-dev,Update for Qt5,1484243615+0100,deb,libqt4-dev qttools5-dev,https://salsa.debian.org/xtuple-maintainers-team/postbooks-updater,GUI,C++,deb,1,0.8,pkg_rule,
146d26419d83308a14b52bd879ca0756097a0a4a,qttools5-dev-tools,libqt4-dev,Update for Qt5,1484243615+0100,deb,libqt4-dev qttools5-dev-tools,https://salsa.debian.org/xtuple-maintainers-team/postbooks-updater,GUI,C++,deb,1,0.8,pkg_rule,
148a8581f11a5e851b80e97fbf74c55f47425f0a,libsecret-1-dev,libgnome-keyring-dev,[svn-buildpackage] Tagging gvfs 1.27.3-1,1451928355+0000,deb,libgnome-keyring-dev libsecret-1-dev,https://salsa.debian.org/gnome-team/gvfs,cryptography,C,deb,1,0.5,lib_replacement,
14938e08303c7eb106d87a201b3c333ec667afd0,libcurl4-gnutls-dev,libcurl4-openssl-dev,Build-Depends: s/libcurl4-openssl-dev/libcurl4-gnutls-dev/,1547289539+0100,deb,libcurl4-openssl-dev libcurl4-gnutls-dev,https://salsa.debian.org/med-team/staden,network,C,deb,1,0.8,pkg_rule,
1499bbe3dde869b2924d1e08d710d60c959a45a1,libc-ares-dev,libudns-dev,Merge pull request #1 from shadowsocks/master\n\nshadowsocks-libev,1544846494+0800,deb,libudns-dev libc-ares-dev,https://github.com/vatayes/shadowsocks-libev,network,C,deb,1,0.5,lib_replacement,
14b25a8ded81c1197239e53b8329cfb4930b9de4,texlive-latex-base,tetex-bin,Imported Debian patch 1:3.2.5-rel-1,1179417251+0200,deb,tetex-bin texlive-latex-base,https://salsa.debian.org/debian/fig2dev,documentation,C,deb,1,0.5,lib_replacement,
14b3d6ec41ebc307380b86265e2c29d98f03768b,qtbase5-dev,libqt4-dev,Port to Maemo Leste / Qt 5,1598865450+0200,deb,libqt4-dev qtbase5-dev,https://github.com/maemo-leste/libgq-gconf,GUI,C++,deb,1,0.8,pkg_rule,
14b8eabf79ddbd5c693ffc2c57391133f1615da2,dh-autoreconf,autotools-dev,Merge branch 'master' into api-next,1456747506+0300,deb,autotools-dev dh-autoreconf,https://github.com/1234sv/odp,build,C,deb,1,0.8,pkg_rule,
14c4c86eb4c6ec322f288436ee48b6def3288c35,qtbase5-dev,libqt4-dev,Update packaging scripts,1461769553+0200,deb,libqt4-dev qtbase5-dev,https://github.com/Acidburn0zzz/gImageReader,GUI,C++,deb,1,0.8,pkg_rule,
14c4c86eb4c6ec322f288436ee48b6def3288c35,qttools5-dev,libqt4-dev,Update packaging scripts,1461769553+0200,deb,libqt4-dev qttools5-dev,https://github.com/Acidburn0zzz/gImageReader,GUI,C++,deb,1,0.8,pkg_rule,
14c4c86eb4c6ec322f288436ee48b6def3288c35,qttools5-dev-tools,libqt4-dev,Update packaging scripts,1461769553+0200,deb,libqt4-dev qttools5-dev-tools,https://github.com/Acidburn0zzz/gImageReader,GUI,C++,deb,1,0.8,pkg_rule,
14d0a6c7141fd30735ee6878c1007eac897c7fbf,dh-sequence-gnome,gnome-pkg-tools,Build-Depend on dh-sequence-gir and dh-sequence-gnome,1568547061-0400,deb,gnome-pkg-tools dh-sequence-gnome,https://salsa.debian.org/gnome-team/anjuta,build,C,deb,1,0.85,pkg_rule,
14e02a5f6b984cdf9e1abef209bbbf4e0c9559c1,dh-autoreconf,autoconf,Regenerated d/control\n\nGbp-Dch: ignore,1484149641+0100,deb,autoconf dh-autoreconf,https://salsa.debian.org/multimedia-team/jamin,build,C,deb,1,0.85,pkg_rule,
14e0d668a70e5c823fec30ba98e96fe8f3a7a085,libsecret-1-dev,libgnome-keyring-dev,[svn-buildpackage] Tagging gvfs 1.20.3-1,1409270154+0000,deb,libgnome-keyring-dev libsecret-1-dev,https://salsa.debian.org/gnome-team/gvfs,cryptography,C,deb,1,0.5,lib_replacement,
14e73ca8cbbbd905b8802e6384cfa6bcb4e9ba01,quilt,dpatch,"Import Debian changes 3.7.1-3~bpo.1\n\nlogrotate (3.7.1-3~bpo.1) sarge-backports  urgency=low\n\n  * Rebuild for backports.org \n\nlogrotate (3.7.1-3) unstable  urgency=low\n\n  * Patch debian/control to fix FTBFS on kfreebsd-amd64. Perhaps we need     a build-depends macro for !kfreebsd. (Closes: #361465)   * Use and depend on debhelper version 5.   * Switch from dpatch to quilt.   * cpp-crossbuild.patch: change from using $(CPP) to $(CC) -E.     Thanks to NIIBE Yutaka. (Closes: #284040)   * dst.patch: fix mktime initialisation so that daylight savings is     taken into account. Thanks to Holger Weiss. (Closes: #278591)   * man-333996.patch: fix typos in logrotate.8 where ""then"" should be     ""than"". Thanks to Adrian Knoth. (Closes: #333996)   * manpage.patch: Apply missed fixes from #101272. Thanks to J S Bygott.     (Closes: #335060)   * script-argument.patch: Allow the use of $1 in scripts again.     (Closes: #330783)   * README.Debian: Document that sysklogd does its own log rotation.     (Closes: #308963)   * README.Debian: Document how scripts are called. (Closes: #308920)   * Update the copyright file.   * debian/control: remove versioned dependency on cron. The version of     cron forbidden pre-dates woody (currently ""oldstable"") by several     years. This versioned dependency is preventing logrotate being     installed with bcron. (Closes: #304038, #349150)   * debian/rules: Fix backports, allowing them to use selinux.     (Closes: #340363)   * uncompressChild-warning.patch: Fix a ""might be used uninitialised""      warning from gcc.",1155884065+0000,deb,dpatch quilt,https://salsa.debian.org/debian/logrotate,build,C,deb,1,0.5,lib_replacement,
14e8b99a0872a2e4d89ca278a4ab6778f790b80f,libgd-dev,libgd2-xpm-dev,Imported Debian patch 2.5.8-1,1436384152-0300,deb,libgd2-xpm-dev libgd-dev,https://salsa.debian.org/debian-phototools-team/libgphoto2,Multi Media,C,deb,1,0.85,pkg_rule,
14f10fb0a119ec798f005d168e25b258929b1f58,qtbase5-dev,libqt4-dev,Updated build script for Qt5.,1437389524+0200,deb,libqt4-dev qtbase5-dev,https://github.com/CaineQT/QtUsb,GUI,C++,deb,1,0.8,pkg_rule,
940b592ee2d8d025c5c8f68b88ec477304e75838,libopenjp2-7-dev,libopenjpeg-dev,"debian/control: b-dep libopenjpeg-dev -> libopenjp2-7-dev\n\nThis allows OIIO to get built against OpenJPEG2 instead of OpenJPEG, given the latter is about to be dropped in Debian.\n\nGbp-Dch: Short",1468931609+0200,deb,libopenjpeg-dev libopenjp2-7-dev,https://salsa.debian.org/debian-phototools-team/openimageio,Multi Media,C++,deb,1,0.8,pkg_rule,
941307a77d973ab99dcc8678916a9142aa2f1cad,openjdk-6-jdk,sun-java6-jdk,"v4l4j packaging:   * added two scripts to update Downloads page after new pkg release   * updated Debian packaging files to drop Hardy, Intrepid & Jaunty and      support Lucid / Maverick   * updated docs",1287896491+0000,deb,sun-java6-jdk openjdk-6-jdk,https://github.com/boybeak/v4l4j,serializing,C,deb,1,0.5,lib_replacement,
941751be125363d0dfd587a6951947f22defe151,x11proto-core-dev,x-dev,"Build-depend on x11proto-core-dev rather than x-dev (thanks, Lintian).",1213358226+0000,deb,x-dev x11proto-core-dev,https://salsa.debian.org/debian/kali,GUI,C,deb,1,0.9,pkg_rule,
942e1ebda4efce928f9c3b9e4bb058e44cf82585,libsystemd-dev[linux-any],libsystemd-login-dev[linux-any],"Re-apply systemd patches\n\nCommits 5ad7fa8 and 230b520 dropped out after the merge, we have reapplied them.",1451777138+1100,deb,libsystemd-login-dev[linux-any] libsystemd-dev[linux-any],https://salsa.debian.org/debian/procps,OS Dev,C,deb,1,0.8,pkg_rule,
94465551d5ff437ebb651189fedb9ef969e1836e,libcurl4-openssl-dev,libcurl4-gnutls-dev,Merge ed4511ce87d2e21fc0d23135df4c6b6e64ad3cf3 into d71f70203f9a59c9465fef2874da1b69c39f6e91,1520554424+0000,deb,libcurl4-gnutls-dev libcurl4-openssl-dev,https://github.com/ceph/ceph,network,C++,deb,1,0.7,pkg_rule,
944b06b142afc1cc7c7b1e4da0fefe4750b35b36,dh-autoreconf,autoconf,depend on autoreconf and simplify debian/rules,1476037030-0700,deb,autoconf dh-autoreconf,https://salsa.debian.org/debian/msktutil,build,C++,deb,1,0.85,pkg_rule,
944c1fee329b871a95b37767790575578c87c340,libcurl4-openssl-dev,libcurl4-gnutls-dev,Recompile with libcurl4-openssl-dev to fix build failure with GnuTLS,1483363885+0100,deb,libcurl4-gnutls-dev libcurl4-openssl-dev,https://salsa.debian.org/php-team/pecl/php-pecl-http,network,C,deb,1,0.8,pkg_rule,
944c1fee329b871a95b37767790575578c87c340,libcurl4-openssl-dev,libgnutls28-dev,Recompile with libcurl4-openssl-dev to fix build failure with GnuTLS,1483363885+0100,deb,libgnutls28-dev libcurl4-openssl-dev,https://salsa.debian.org/php-team/pecl/php-pecl-http,network,C,deb,1,0.8,pkg_rule,
94790165bace876535dc74876938e3e288c90215,dh-r,cdbs,Convert to dh-r,1480866366+0100,deb,cdbs dh-r,https://salsa.debian.org/r-pkg-team/r-cran-data.table,build,C,deb,1,0.95,pkg_rule,
9497cf3c218f3234a06b9c4b6ec8b5adb5f21edd,quilt,dpatch,Update changelog and control.,1239822373+0200,deb,dpatch quilt,https://salsa.debian.org/carnil/ghostscript,build,C,deb,1,0.5,lib_replacement,
94a09f0aa0d9dc358a2e161045925927a69cde67,dh-autoreconf,autotools-dev,Merge pull request #31 from ellert/packaging-cleanup\n\nPackaging cleanup,1522374358+0200,deb,autotools-dev dh-autoreconf,https://github.com/brianhlin/gct,build,C,deb,1,0.85,pkg_rule,
94a09f0aa0d9dc358a2e161045925927a69cde67,dh-autoreconf,autotools-dev,Merge pull request #31 from ellert/packaging-cleanup\n\nPackaging cleanup,1522374358+0200,deb,autotools-dev dh-autoreconf,https://github.com/brianhlin/gct,build,C,deb,1,0.85,pkg_rule,
94a09f0aa0d9dc358a2e161045925927a69cde67,dh-autoreconf,autotools-dev,Merge pull request #31 from ellert/packaging-cleanup\n\nPackaging cleanup,1522374358+0200,deb,autotools-dev dh-autoreconf,https://github.com/brianhlin/gct,build,C,deb,1,0.85,pkg_rule,
94a09f0aa0d9dc358a2e161045925927a69cde67,dh-autoreconf,autotools-dev,Merge pull request #31 from ellert/packaging-cleanup\n\nPackaging cleanup,1522374358+0200,deb,autotools-dev dh-autoreconf,https://github.com/brianhlin/gct,build,C,deb,1,0.85,pkg_rule,
94a09f0aa0d9dc358a2e161045925927a69cde67,dh-autoreconf,autotools-dev,Merge pull request #31 from ellert/packaging-cleanup\n\nPackaging cleanup,1522374358+0200,deb,autotools-dev dh-autoreconf,https://github.com/brianhlin/gct,build,C,deb,1,0.85,pkg_rule,
94a09f0aa0d9dc358a2e161045925927a69cde67,dh-autoreconf,autotools-dev,Merge pull request #31 from ellert/packaging-cleanup\n\nPackaging cleanup,1522374358+0200,deb,autotools-dev dh-autoreconf,https://github.com/brianhlin/gct,build,C,deb,1,0.85,pkg_rule,
94a09f0aa0d9dc358a2e161045925927a69cde67,dh-autoreconf,autotools-dev,Merge pull request #31 from ellert/packaging-cleanup\n\nPackaging cleanup,1522374358+0200,deb,autotools-dev dh-autoreconf,https://github.com/brianhlin/gct,build,C,deb,1,0.85,pkg_rule,
94a09f0aa0d9dc358a2e161045925927a69cde67,dh-autoreconf,autotools-dev,Merge pull request #31 from ellert/packaging-cleanup\n\nPackaging cleanup,1522374358+0200,deb,autotools-dev dh-autoreconf,https://github.com/brianhlin/gct,build,C,deb,1,0.85,pkg_rule,
94a09f0aa0d9dc358a2e161045925927a69cde67,dh-autoreconf,autotools-dev,Merge pull request #31 from ellert/packaging-cleanup\n\nPackaging cleanup,1522374358+0200,deb,autotools-dev dh-autoreconf,https://github.com/brianhlin/gct,build,C,deb,1,0.85,pkg_rule,
94a09f0aa0d9dc358a2e161045925927a69cde67,dh-autoreconf,autotools-dev,Merge pull request #31 from ellert/packaging-cleanup\n\nPackaging cleanup,1522374358+0200,deb,autotools-dev dh-autoreconf,https://github.com/brianhlin/gct,build,C,deb,1,0.85,pkg_rule,
94a09f0aa0d9dc358a2e161045925927a69cde67,dh-autoreconf,autotools-dev,Merge pull request #31 from ellert/packaging-cleanup\n\nPackaging cleanup,1522374358+0200,deb,autotools-dev dh-autoreconf,https://github.com/brianhlin/gct,build,C,deb,1,0.85,pkg_rule,
94a09f0aa0d9dc358a2e161045925927a69cde67,dh-autoreconf,autotools-dev,Merge pull request #31 from ellert/packaging-cleanup\n\nPackaging cleanup,1522374358+0200,deb,autotools-dev dh-autoreconf,https://github.com/brianhlin/gct,build,C,deb,1,0.85,pkg_rule,
94a09f0aa0d9dc358a2e161045925927a69cde67,dh-autoreconf,autotools-dev,Merge pull request #31 from ellert/packaging-cleanup\n\nPackaging cleanup,1522374358+0200,deb,autotools-dev dh-autoreconf,https://github.com/brianhlin/gct,build,C,deb,1,0.85,pkg_rule,
94a09f0aa0d9dc358a2e161045925927a69cde67,dh-autoreconf,autotools-dev,Merge pull request #31 from ellert/packaging-cleanup\n\nPackaging cleanup,1522374358+0200,deb,autotools-dev dh-autoreconf,https://github.com/brianhlin/gct,build,C,deb,1,0.85,pkg_rule,
94a09f0aa0d9dc358a2e161045925927a69cde67,dh-autoreconf,autotools-dev,Merge pull request #31 from ellert/packaging-cleanup\n\nPackaging cleanup,1522374358+0200,deb,autotools-dev dh-autoreconf,https://github.com/brianhlin/gct,build,C,deb,1,0.85,pkg_rule,
94a09f0aa0d9dc358a2e161045925927a69cde67,dh-autoreconf,autotools-dev,Merge pull request #31 from ellert/packaging-cleanup\n\nPackaging cleanup,1522374358+0200,deb,autotools-dev dh-autoreconf,https://github.com/brianhlin/gct,build,C,deb,1,0.85,pkg_rule,
94a09f0aa0d9dc358a2e161045925927a69cde67,dh-autoreconf,autotools-dev,Merge pull request #31 from ellert/packaging-cleanup\n\nPackaging cleanup,1522374358+0200,deb,autotools-dev dh-autoreconf,https://github.com/brianhlin/gct,build,C,deb,1,0.85,pkg_rule,
94a09f0aa0d9dc358a2e161045925927a69cde67,dh-autoreconf,autotools-dev,Merge pull request #31 from ellert/packaging-cleanup\n\nPackaging cleanup,1522374358+0200,deb,autotools-dev dh-autoreconf,https://github.com/brianhlin/gct,build,C,deb,1,0.85,pkg_rule,
94a09f0aa0d9dc358a2e161045925927a69cde67,dh-autoreconf,autotools-dev,Merge pull request #31 from ellert/packaging-cleanup\n\nPackaging cleanup,1522374358+0200,deb,autotools-dev dh-autoreconf,https://github.com/brianhlin/gct,build,C,deb,1,0.85,pkg_rule,
94a09f0aa0d9dc358a2e161045925927a69cde67,dh-autoreconf,autotools-dev,Merge pull request #31 from ellert/packaging-cleanup\n\nPackaging cleanup,1522374358+0200,deb,autotools-dev dh-autoreconf,https://github.com/brianhlin/gct,build,C,deb,1,0.85,pkg_rule,
94a09f0aa0d9dc358a2e161045925927a69cde67,dh-autoreconf,autotools-dev,Merge pull request #31 from ellert/packaging-cleanup\n\nPackaging cleanup,1522374358+0200,deb,autotools-dev dh-autoreconf,https://github.com/brianhlin/gct,build,C,deb,1,0.85,pkg_rule,
94a09f0aa0d9dc358a2e161045925927a69cde67,dh-autoreconf,autotools-dev,Merge pull request #31 from ellert/packaging-cleanup\n\nPackaging cleanup,1522374358+0200,deb,autotools-dev dh-autoreconf,https://github.com/brianhlin/gct,build,C,deb,1,0.85,pkg_rule,
94a09f0aa0d9dc358a2e161045925927a69cde67,dh-autoreconf,autotools-dev,Merge pull request #31 from ellert/packaging-cleanup\n\nPackaging cleanup,1522374358+0200,deb,autotools-dev dh-autoreconf,https://github.com/brianhlin/gct,build,C,deb,1,0.85,pkg_rule,
94a09f0aa0d9dc358a2e161045925927a69cde67,dh-autoreconf,autotools-dev,Merge pull request #31 from ellert/packaging-cleanup\n\nPackaging cleanup,1522374358+0200,deb,autotools-dev dh-autoreconf,https://github.com/brianhlin/gct,build,C,deb,1,0.85,pkg_rule,
94a09f0aa0d9dc358a2e161045925927a69cde67,dh-autoreconf,autotools-dev,Merge pull request #31 from ellert/packaging-cleanup\n\nPackaging cleanup,1522374358+0200,deb,autotools-dev dh-autoreconf,https://github.com/brianhlin/gct,build,C,deb,1,0.85,pkg_rule,
94a09f0aa0d9dc358a2e161045925927a69cde67,dh-autoreconf,autotools-dev,Merge pull request #31 from ellert/packaging-cleanup\n\nPackaging cleanup,1522374358+0200,deb,autotools-dev dh-autoreconf,https://github.com/brianhlin/gct,build,C,deb,1,0.85,pkg_rule,
94a09f0aa0d9dc358a2e161045925927a69cde67,dh-autoreconf,autotools-dev,Merge pull request #31 from ellert/packaging-cleanup\n\nPackaging cleanup,1522374358+0200,deb,autotools-dev dh-autoreconf,https://github.com/brianhlin/gct,build,C,deb,1,0.85,pkg_rule,
94a09f0aa0d9dc358a2e161045925927a69cde67,dh-autoreconf,autotools-dev,Merge pull request #31 from ellert/packaging-cleanup\n\nPackaging cleanup,1522374358+0200,deb,autotools-dev dh-autoreconf,https://github.com/brianhlin/gct,build,C,deb,1,0.85,pkg_rule,
94a09f0aa0d9dc358a2e161045925927a69cde67,dh-autoreconf,autotools-dev,Merge pull request #31 from ellert/packaging-cleanup\n\nPackaging cleanup,1522374358+0200,deb,autotools-dev dh-autoreconf,https://github.com/brianhlin/gct,build,C,deb,1,0.85,pkg_rule,
94a09f0aa0d9dc358a2e161045925927a69cde67,dh-autoreconf,autotools-dev,Merge pull request #31 from ellert/packaging-cleanup\n\nPackaging cleanup,1522374358+0200,deb,autotools-dev dh-autoreconf,https://github.com/brianhlin/gct,build,C,deb,1,0.85,pkg_rule,
94a09f0aa0d9dc358a2e161045925927a69cde67,dh-autoreconf,autotools-dev,Merge pull request #31 from ellert/packaging-cleanup\n\nPackaging cleanup,1522374358+0200,deb,autotools-dev dh-autoreconf,https://github.com/brianhlin/gct,build,C,deb,1,0.85,pkg_rule,
94a09f0aa0d9dc358a2e161045925927a69cde67,dh-autoreconf,autotools-dev,Merge pull request #31 from ellert/packaging-cleanup\n\nPackaging cleanup,1522374358+0200,deb,autotools-dev dh-autoreconf,https://github.com/brianhlin/gct,build,C,deb,1,0.85,pkg_rule,
94a09f0aa0d9dc358a2e161045925927a69cde67,dh-autoreconf,autotools-dev,Merge pull request #31 from ellert/packaging-cleanup\n\nPackaging cleanup,1522374358+0200,deb,autotools-dev dh-autoreconf,https://github.com/brianhlin/gct,build,C,deb,1,0.85,pkg_rule,
94a09f0aa0d9dc358a2e161045925927a69cde67,dh-autoreconf,autotools-dev,Merge pull request #31 from ellert/packaging-cleanup\n\nPackaging cleanup,1522374358+0200,deb,autotools-dev dh-autoreconf,https://github.com/brianhlin/gct,build,C,deb,1,0.85,pkg_rule,
94a09f0aa0d9dc358a2e161045925927a69cde67,dh-autoreconf,autotools-dev,Merge pull request #31 from ellert/packaging-cleanup\n\nPackaging cleanup,1522374358+0200,deb,autotools-dev dh-autoreconf,https://github.com/brianhlin/gct,build,C,deb,1,0.85,pkg_rule,
94a09f0aa0d9dc358a2e161045925927a69cde67,dh-autoreconf,autotools-dev,Merge pull request #31 from ellert/packaging-cleanup\n\nPackaging cleanup,1522374358+0200,deb,autotools-dev dh-autoreconf,https://github.com/brianhlin/gct,build,C,deb,1,0.85,pkg_rule,
94a09f0aa0d9dc358a2e161045925927a69cde67,dh-autoreconf,autotools-dev,Merge pull request #31 from ellert/packaging-cleanup\n\nPackaging cleanup,1522374358+0200,deb,autotools-dev dh-autoreconf,https://github.com/brianhlin/gct,build,C,deb,1,0.85,pkg_rule,
94a09f0aa0d9dc358a2e161045925927a69cde67,dh-autoreconf,autotools-dev,Merge pull request #31 from ellert/packaging-cleanup\n\nPackaging cleanup,1522374358+0200,deb,autotools-dev dh-autoreconf,https://github.com/brianhlin/gct,build,C,deb,1,0.85,pkg_rule,
94a09f0aa0d9dc358a2e161045925927a69cde67,dh-autoreconf,autotools-dev,Merge pull request #31 from ellert/packaging-cleanup\n\nPackaging cleanup,1522374358+0200,deb,autotools-dev dh-autoreconf,https://github.com/brianhlin/gct,build,C,deb,1,0.85,pkg_rule,
94a09f0aa0d9dc358a2e161045925927a69cde67,dh-autoreconf,autotools-dev,Merge pull request #31 from ellert/packaging-cleanup\n\nPackaging cleanup,1522374358+0200,deb,autotools-dev dh-autoreconf,https://github.com/brianhlin/gct,build,C,deb,1,0.85,pkg_rule,
94a09f0aa0d9dc358a2e161045925927a69cde67,dh-autoreconf,autotools-dev,Merge pull request #31 from ellert/packaging-cleanup\n\nPackaging cleanup,1522374358+0200,deb,autotools-dev dh-autoreconf,https://github.com/brianhlin/gct,build,C,deb,1,0.85,pkg_rule,
94a09f0aa0d9dc358a2e161045925927a69cde67,dh-autoreconf,autotools-dev,Merge pull request #31 from ellert/packaging-cleanup\n\nPackaging cleanup,1522374358+0200,deb,autotools-dev dh-autoreconf,https://github.com/brianhlin/gct,build,C,deb,1,0.85,pkg_rule,
94a09f0aa0d9dc358a2e161045925927a69cde67,dh-autoreconf,autotools-dev,Merge pull request #31 from ellert/packaging-cleanup\n\nPackaging cleanup,1522374358+0200,deb,autotools-dev dh-autoreconf,https://github.com/brianhlin/gct,build,C,deb,1,0.85,pkg_rule,
94a09f0aa0d9dc358a2e161045925927a69cde67,dh-autoreconf,autotools-dev,Merge pull request #31 from ellert/packaging-cleanup\n\nPackaging cleanup,1522374358+0200,deb,autotools-dev dh-autoreconf,https://github.com/brianhlin/gct,build,C,deb,1,0.85,pkg_rule,
94a09f0aa0d9dc358a2e161045925927a69cde67,dh-autoreconf,autotools-dev,Merge pull request #31 from ellert/packaging-cleanup\n\nPackaging cleanup,1522374358+0200,deb,autotools-dev dh-autoreconf,https://github.com/brianhlin/gct,build,C,deb,1,0.85,pkg_rule,
94a09f0aa0d9dc358a2e161045925927a69cde67,dh-autoreconf,autotools-dev,Merge pull request #31 from ellert/packaging-cleanup\n\nPackaging cleanup,1522374358+0200,deb,autotools-dev dh-autoreconf,https://github.com/brianhlin/gct,build,C,deb,1,0.85,pkg_rule,
94a09f0aa0d9dc358a2e161045925927a69cde67,dh-autoreconf,autotools-dev,Merge pull request #31 from ellert/packaging-cleanup\n\nPackaging cleanup,1522374358+0200,deb,autotools-dev dh-autoreconf,https://github.com/brianhlin/gct,build,C,deb,1,0.85,pkg_rule,
94a09f0aa0d9dc358a2e161045925927a69cde67,dh-autoreconf,autotools-dev,Merge pull request #31 from ellert/packaging-cleanup\n\nPackaging cleanup,1522374358+0200,deb,autotools-dev dh-autoreconf,https://github.com/brianhlin/gct,build,C,deb,1,0.85,pkg_rule,
94a09f0aa0d9dc358a2e161045925927a69cde67,dh-autoreconf,autotools-dev,Merge pull request #31 from ellert/packaging-cleanup\n\nPackaging cleanup,1522374358+0200,deb,autotools-dev dh-autoreconf,https://github.com/brianhlin/gct,build,C,deb,1,0.85,pkg_rule,
94a09f0aa0d9dc358a2e161045925927a69cde67,dh-autoreconf,autotools-dev,Merge pull request #31 from ellert/packaging-cleanup\n\nPackaging cleanup,1522374358+0200,deb,autotools-dev dh-autoreconf,https://github.com/brianhlin/gct,build,C,deb,1,0.85,pkg_rule,
94a09f0aa0d9dc358a2e161045925927a69cde67,dh-autoreconf,autotools-dev,Merge pull request #31 from ellert/packaging-cleanup\n\nPackaging cleanup,1522374358+0200,deb,autotools-dev dh-autoreconf,https://github.com/brianhlin/gct,build,C,deb,1,0.85,pkg_rule,
94a09f0aa0d9dc358a2e161045925927a69cde67,dh-autoreconf,autotools-dev,Merge pull request #31 from ellert/packaging-cleanup\n\nPackaging cleanup,1522374358+0200,deb,autotools-dev dh-autoreconf,https://github.com/brianhlin/gct,build,C,deb,1,0.85,pkg_rule,
94a09f0aa0d9dc358a2e161045925927a69cde67,dh-autoreconf,autotools-dev,Merge pull request #31 from ellert/packaging-cleanup\n\nPackaging cleanup,1522374358+0200,deb,autotools-dev dh-autoreconf,https://github.com/brianhlin/gct,build,C,deb,1,0.85,pkg_rule,
94a09f0aa0d9dc358a2e161045925927a69cde67,dh-autoreconf,autotools-dev,Merge pull request #31 from ellert/packaging-cleanup\n\nPackaging cleanup,1522374358+0200,deb,autotools-dev dh-autoreconf,https://github.com/brianhlin/gct,build,C,deb,1,0.85,pkg_rule,
94a09f0aa0d9dc358a2e161045925927a69cde67,dh-autoreconf,autotools-dev,Merge pull request #31 from ellert/packaging-cleanup\n\nPackaging cleanup,1522374358+0200,deb,autotools-dev dh-autoreconf,https://github.com/brianhlin/gct,build,C,deb,1,0.85,pkg_rule,
94a09f0aa0d9dc358a2e161045925927a69cde67,dh-autoreconf,autotools-dev,Merge pull request #31 from ellert/packaging-cleanup\n\nPackaging cleanup,1522374358+0200,deb,autotools-dev dh-autoreconf,https://github.com/brianhlin/gct,build,C,deb,1,0.85,pkg_rule,
94a09f0aa0d9dc358a2e161045925927a69cde67,dh-autoreconf,autotools-dev,Merge pull request #31 from ellert/packaging-cleanup\n\nPackaging cleanup,1522374358+0200,deb,autotools-dev dh-autoreconf,https://github.com/brianhlin/gct,build,C,deb,1,0.85,pkg_rule,
94a09f0aa0d9dc358a2e161045925927a69cde67,dh-autoreconf,autotools-dev,Merge pull request #31 from ellert/packaging-cleanup\n\nPackaging cleanup,1522374358+0200,deb,autotools-dev dh-autoreconf,https://github.com/brianhlin/gct,build,C,deb,1,0.85,pkg_rule,
94a09f0aa0d9dc358a2e161045925927a69cde67,dh-autoreconf,autotools-dev,Merge pull request #31 from ellert/packaging-cleanup\n\nPackaging cleanup,1522374358+0200,deb,autotools-dev dh-autoreconf,https://github.com/brianhlin/gct,build,C,deb,1,0.85,pkg_rule,
94a09f0aa0d9dc358a2e161045925927a69cde67,dh-autoreconf,autotools-dev,Merge pull request #31 from ellert/packaging-cleanup\n\nPackaging cleanup,1522374358+0200,deb,autotools-dev dh-autoreconf,https://github.com/brianhlin/gct,build,C,deb,1,0.85,pkg_rule,
94a98bdc54251d4f0182fc1d572f5df7961b84bb,nfs-common:native,nfs-common,"control: Fix cross building\n\nStarting with version 1:2.6.1-1, nfs-common Depends on python3.\n\nAs a result, when cross building and targeting for example arm64, nfs-common:arm64 will be installed to satisfy libvirt's Build-Depends and python3:arm64 will in turn be installed to satisfy nfs-common's Depends.\n\nAttempting to do so will however result in an error:\n\n  Setting up python3.10-minimal:arm64 (3.10.5-1) ...   /var/lib/dpkg/info/python3.10-minimal.postinst: 51: /usr/bin/python3.10: Exec format error   dpkg: error processing package python3.10-minimal:arm64 (--configure):    installed python3.10-minimal:arm64 package post-installation script subprocess returned error exit status 126   Errors were encountered while processing:    python3.10-minimal:arm64   E: Sub-process /usr/bin/dpkg returned an error code (1)   E: Failed to process build dependencies\n\nIn order to avoid this issue, force the native version of nfs-common to be installed. This was always the version we wanted anyway.",1655234367+0200,deb,nfs-common nfs-common:native,https://github.com/andreabolognani/debian-libvirt,OS Dev,C,deb,1,0.8,pkg_rule,
94abf4f6e63264517a5c0da925ff34a580416f20,libboost-serialization-dev,libboost-all-dev,Build and test-install Ubuntu pkg on Github actions,1618928259+0200,deb,libboost-all-dev libboost-serialization-dev,https://github.com/espressomd/espresso,serializing,C++,deb,1,0.9,pkg_rule,
94b1876350060563a6ac95339df15f95fd3ebadc,libcurl4-openssl-dev,libcurl4-gnutls-dev,update sources to v12.2.5,1524643329+0200,deb,libcurl4-gnutls-dev libcurl4-openssl-dev,https://github.com/pimox/ceph,network,C++,deb,1,0.7,pkg_rule,
94b7faf22b254d83bb9c43cf3877ca44621f6151,autotools-dev,automake,Merge branch 'eftaxiop',1295106126+0200,deb,automake autotools-dev,https://github.com/arthurlevy/FreeFempp,build,C++,deb,1,0.9,pkg_rule,
94b9c1990fbf7376a66ad3814608703898c3a0e5,libsecret-1-dev,libgnome-keyring-dev,[svn-buildpackage] Tagging gvfs 1.21.91-1,1409956312+0000,deb,libgnome-keyring-dev libsecret-1-dev,https://salsa.debian.org/gnome-team/gvfs,cryptography,C,deb,1,0.5,lib_replacement,
94c0598cf459dde1534b86f5b30dde0e999938d0,quilt,dpatch,"* Merge from Debian unstable, remaining changes:   - debian/control:     + Add lsb-base (>= 3) to pulseaudio's dependencies,     + Adhere to DebianMaintainerField policy,     + Don't build-depend on libjack0.100.0-dev or libasyncns-dev,   - debian/patches/: Remove all Ubuntu-created patches (merged     upstream).",1180391444+0100,deb,dpatch quilt,https://github.com/saemy/pulseaudio,build,C,deb,1,0.5,lib_replacement,
94cc9f2c03a79a3e935867f4d6d25780c7b17efd,dh-autoreconf,autotools-dev,Switch from autotools_dev to dh_autoreconf.,1328815177+0100,deb,autotools-dev dh-autoreconf,https://salsa.debian.org/multimedia-team/amsynth,build,C++,deb,1,0.9,pkg_rule,
94d15d290211c905737901dea9ea9587261e571a,libx11-dev,xlibs-dev,"Build-depend on x-dev, libx11-dev, and libxt-dev rather than the transitional xlibs-dev package.",1101478025+0000,deb,xlibs-dev libx11-dev,https://salsa.debian.org/debian/imaptool,GUI,C,deb,1,0.95,pkg_rule,
94d15d290211c905737901dea9ea9587261e571a,x-dev,xlibs-dev,"Build-depend on x-dev, libx11-dev, and libxt-dev rather than the transitional xlibs-dev package.",1101478025+0000,deb,xlibs-dev x-dev,https://salsa.debian.org/debian/imaptool,GUI,C,deb,1,0.95,pkg_rule,
94d15d290211c905737901dea9ea9587261e571a,libxt-dev,xlibs-dev,"Build-depend on x-dev, libx11-dev, and libxt-dev rather than the transitional xlibs-dev package.",1101478025+0000,deb,xlibs-dev libxt-dev,https://salsa.debian.org/debian/imaptool,GUI,C,deb,1,0.95,pkg_rule,
94d35430bf7e801753452bfd01f88a21b7c28183,libhal-dev,libsysfs-dev,"debian/control: + bump Gwenhywfar version in build-deps as required in release notes + build-dep on libhal-dev instead of libsysfs-dev stop scanning for new chipcard readers every 2 seconds (closes: #470629). This is done by - setting hardwareScanInterval=""0"" in /etc/chipcard/server/chipcardd.conf, - adding a script /usr/lib/chipcard/trigger_chipcardreader_scan.sh sending the needed signal to the chipcard daemon, - update the udev rules to call the new script on hardware changes. Let the udev script not skip USB devices on non-""add"" actions in order to get notified about reader removals.\n\n",1224426721+0000,deb,libsysfs-dev libhal-dev,https://salsa.debian.org/aqbanking-team/pkg-libchipcard,OS Dev,C,deb,1,0.9,lib_replacement,
94fad1399e12fb2363d8ad498d3398f6a36068d0,x11proto-core-dev,x-dev,* Modify Build-Depends to fix FTBFS (LP: #620359):   + Drop BD on makedepend as xutils-dev provides it   + BD on x11proto-core-dev instead of x-dev (it provides x-dev)   + Drop BD on xutils (now a transitional stub),1282350997+0200,deb,x-dev x11proto-core-dev,https://github.com/strycore/pacman,GUI,C++,deb,1,0.9,pkg_rule,
1501953e260119998dcef47fa71cf4c99ef2a00e,intltool,gnome-common,"Move glade packaging to unstable - the libraries are parallel  installable with gtk2 versions, only the glade binary is being upgraded  to gtk3.",1308168348+0000,deb,gnome-common intltool,https://salsa.debian.org/gnome-team/glade,GUI,C,deb,1,0.95,pkg_rule,
150d9b02cc521fc5844495880f61fde0ea6d57af,libpoppler-private-dev,libpoppler-dev,Fixing ruby problem.,1338899157+0200,deb,libpoppler-dev libpoppler-private-dev,https://github.com/chikonglam/gdal,documentation,C++,deb,1,0.9,pkg_rule,
150e40bf77361b5f59e503c4146c9d0b0862e74f,dh-autoreconf,autoconf,Fixed build dependencies for Debian sid,1336068887+0200,deb,autoconf dh-autoreconf,https://salsa.debian.org/gambas-team/gambas3,build,C,deb,1,0.8,pkg_rule,
1515b0fa933a6a5f551834516f5f1496b2640db7,dpkg-dev,hardening-wrapper,Use dpkg-buildflags instead of hardening-wrapper to set hardening build flags.,1327232919+0100,deb,hardening-wrapper dpkg-dev,https://github.com/Fred-Barclay/fake_Caja-Wipe,build,C,deb,1,0.95,pkg_rule,
152b91f49d1f396e8f9fd1f5e92b5640af17e9db,liboctave-dev,octave3.2-headers,Replace octave3.2-headers with liboctave-dev in build deps,1333908672+0300,deb,octave3.2-headers liboctave-dev,https://salsa.debian.org/science-team/mathgl,computing,C++,deb,1,0.9,pkg_rule,
1532f75464e247720acc753c9ab87fb6b6cde3b1,cmake,autotools-dev,Imported Debian patch 2.0.3-1,1309213708-0500,deb,autotools-dev cmake,https://salsa.debian.org/lpfll/kst,build,C++,deb,1,0.95,pkg_rule,
15393318d347be60fa08f060d32cd1207f323518,dh-sequence-gnome,gnome-pkg-tools,Import 41.2 from Debian Bookworm,1642622140-0300,deb,gnome-pkg-tools dh-sequence-gnome,https://github.com/endlessm/gnome-control-center,build,C,deb,1,0.95,pkg_rule,
1539f5d68a2c2949585c69013394209ac325b0d9,qtbase5-dev,libqt4-dev,Update Build-Depends,1585858259+0200,deb,libqt4-dev qtbase5-dev,https://salsa.debian.org/multimedia-team/projectm,GUI,C++,deb,1,0.85,pkg_rule,
15454de10a44c7e41e5e891afca93bb4b3e02bd8,qtbase5-dev,libqt4-dev,Splitted debian package fot Qt4 and Qt5\n\nSigned-off-by: Maxime Gervais <gervais.maxime@gmail.com>,1501168676+0200,deb,libqt4-dev qtbase5-dev,https://github.com/MediaArea/DVAnalyzer,GUI,C++,deb,1,0.95,pkg_rule,
15491db05a96d725fb8dc79bdcd9090d051ef244,dpkg-dev,hardening-wrapper,Hardening,1478445337+0100,deb,hardening-wrapper dpkg-dev,https://github.com/ElTh0r0/iqpuzzle,build,C++,deb,1,0.95,pkg_rule,
1553d84f96fbc0eea8b47c8eea2b34d4f08fea26,libglib2.0-dev,libgtk2.0-dev,Sync to upstream xfce4-power-manager_1.6.1-0ubuntu1,1525664284+0000,deb,libgtk2.0-dev libglib2.0-dev,https://github.com/GalliumOS/xfce4-power-manager,GUI,C,deb,1,0.95,pkg_rule,
155d413f2f4e16c6194310244ae456996976cd31,texlive-latex-base,texlive-binaries,Replace texlive-binaries b-d with texlive-latex-base,1507423233+0200,deb,texlive-binaries texlive-latex-base,https://github.com/drdanz/yarp,documentation,C++,deb,1,0.9,pkg_rule,
1564ad4e0d5b1cf20eb0d09195a98e6d4ba7c2be,libc0.1-dev,libfreebsd-dev,Build-depends on libc0.1-dev (>= 2.10) instead of libfreebsd-dev.\n\n,1256641270+0000,deb,libfreebsd-dev libc0.1-dev,https://github.com/varialus/DragonFlyDebian,OS Dev,C,deb,1,0.7,pkg_rule,
1572599a983aca1d798b10c6961597e7d79dcf35,default-libmysqlclient-dev,libmysqlclient-dev,Import Debian changes 5.7.0-3\n\ncollectd (5.7.0-3) unstable  urgency=medium\n\n  * debian/control: Skip libdpdk-dev build dependency on non-Intel     architectures.,1482095307+0100,deb,libmysqlclient-dev default-libmysqlclient-dev,https://salsa.debian.org/aerusso-guest/pkg-collectd,database,C,deb,1,0.95,pkg_rule,
157fc217ec6e45f265999db301778c9ae95ac48e,libsecret-1-dev,libgnome-keyring-dev,refactor: migrate from libgnome-keyring to libsecret\n\n* 因 libgnome-keyring 以废弃，改用 libsecret。 * 改用 CMake * 直接修改「login」的密码，不再判断是否存在，也不再自动创建\n\nLog: 从 libgnome-keyring 迁移到 libsecret Issue: fixes #1 Change-Id: Ibcfee9a4a119c63b88d034bee1aec7e7b974133d,1610431829+0800,deb,libgnome-keyring-dev libsecret-1-dev,https://github.com/linuxdeepin/dpa-ext-gnomekeyring,cryptography,C++,deb,1,0.98,lib_replacement,Deprecation
158e6e38c97cbfb44e7d4c804c6488e8a8d8a37b,libx11-dev,xlibs-dev,Import Upstream version 0.99.beta2,1552255398+0100,deb,xlibs-dev libx11-dev,https://salsa.debian.org/debian/libcaca,GUI,C,deb,1,0.95,pkg_rule,
158e6e38c97cbfb44e7d4c804c6488e8a8d8a37b,libslang2-dev,slang1-dev,Import Upstream version 0.99.beta2,1552255398+0100,deb,slang1-dev libslang2-dev,https://salsa.debian.org/debian/libcaca,GUI,C,deb,1,0.95,pkg_rule,
159191854d02ff470bc28e8f103a74f6c3cdd5b2,qtwebengine5-dev,libqt5webkit5-dev,Use qtwebengine instead of qtwebkit,1528185463+0200,deb,libqt5webkit5-dev qtwebengine5-dev,https://salsa.debian.org/debian/seafile-client,GUI,C++,deb,1,0.98,lib_replacement,
15a1c847151735a0267cea5c47c62540ecf46a6b,qtbase5-dev,qt5-default,[Debian] Fix build-depends section\n\nqt5-default does not exist for hirsute.,1619455024+0200,deb,qt5-default qtbase5-dev,https://github.com/Komet/MediaElch,GUI,C++,deb,1,0.85,pkg_rule,
15b39a8ea4ffa7b378844a1964102488238dc586,xlibs-static-dev,libxau-dev,Import Debian changes 3.9.10.ds1-3\n\nmtools (3.9.10.ds1-3) unstable  urgency=high\n\n  * Replaced libx11-dev and libxau-dev by xlibs-static-dev and     libxt-dev as build-dependencies. Please refer to #347025.     Closes: #367558. Patch by Vincent Rivière <riviere@iut-rodez.fr>.,1152326175+1000,deb,libxau-dev xlibs-static-dev,https://salsa.debian.org/lamby/pkg-mtools,OS Dev,C,deb,1,0.9,pkg_rule,
15b39a8ea4ffa7b378844a1964102488238dc586,libxt-dev,libxau-dev,Import Debian changes 3.9.10.ds1-3\n\nmtools (3.9.10.ds1-3) unstable  urgency=high\n\n  * Replaced libx11-dev and libxau-dev by xlibs-static-dev and     libxt-dev as build-dependencies. Please refer to #347025.     Closes: #367558. Patch by Vincent Rivière <riviere@iut-rodez.fr>.,1152326175+1000,deb,libxau-dev libxt-dev,https://salsa.debian.org/lamby/pkg-mtools,File Handling,C,deb,1,0.9,pkg_rule,
15b39a8ea4ffa7b378844a1964102488238dc586,xlibs-static-dev,libx11-dev,Import Debian changes 3.9.10.ds1-3\n\nmtools (3.9.10.ds1-3) unstable  urgency=high\n\n  * Replaced libx11-dev and libxau-dev by xlibs-static-dev and     libxt-dev as build-dependencies. Please refer to #347025.     Closes: #367558. Patch by Vincent Rivière <riviere@iut-rodez.fr>.,1152326175+1000,deb,libx11-dev xlibs-static-dev,https://salsa.debian.org/lamby/pkg-mtools,OS Dev,C,deb,1,0.9,pkg_rule,
15b39a8ea4ffa7b378844a1964102488238dc586,libxt-dev,libx11-dev,Import Debian changes 3.9.10.ds1-3\n\nmtools (3.9.10.ds1-3) unstable  urgency=high\n\n  * Replaced libx11-dev and libxau-dev by xlibs-static-dev and     libxt-dev as build-dependencies. Please refer to #347025.     Closes: #367558. Patch by Vincent Rivière <riviere@iut-rodez.fr>.,1152326175+1000,deb,libx11-dev libxt-dev,https://salsa.debian.org/lamby/pkg-mtools,OS Dev,C,deb,1,0.9,pkg_rule,
15cae2d09edcf449f919ef8b9f0e3884dbebb37d,cmake,autotools-dev,Merged with default,1596793530+0200,deb,autotools-dev cmake,https://github.com/MonetDB/MonetDB,build,C,deb,1,0.95,pkg_rule,
15cd90c1b093472f3f294647860a2ee0ba3f9f5d,qtbase5-dev,libqt4-dev,build: Build fixes for Qt5 on Jetson TX2,1514292360+0200,deb,libqt4-dev qtbase5-dev,https://github.com/kulve/pleco,GUI,C++,deb,1,0.95,pkg_rule,
15d74c35cfe9a1d39a3a528a8381f4a3f2bc376a,dh-autoreconf,autotools-dev,Imported Debian patch 1:1.1-3,1406278511+0200,deb,autotools-dev dh-autoreconf,https://salsa.debian.org/science-team/ppl,build,C++,deb,1,0.95,pkg_rule,
15d74c35cfe9a1d39a3a528a8381f4a3f2bc376a,dh-autoreconf,autoconf,Imported Debian patch 1:1.1-3,1406278511+0200,deb,autoconf dh-autoreconf,https://salsa.debian.org/science-team/ppl,build,C++,deb,1,0.95,pkg_rule,
15e52ad8f728391632884c3a73aa3b4053ca958c,dh-autoreconf,autotools-dev,debian: Adding debian files for 3.5.2-4,1384266931+0000,deb,autotools-dev dh-autoreconf,https://github.com/JMassapina/openbox,build,C,deb,1,0.95,pkg_rule,
15e52ad8f728391632884c3a73aa3b4053ca958c,libx11-dev,xlibs-dev,debian: Adding debian files for 3.5.2-4,1384266931+0000,deb,xlibs-dev libx11-dev,https://github.com/JMassapina/openbox,GUI,C,deb,1,0.95,pkg_rule,
15e52ad8f728391632884c3a73aa3b4053ca958c,libxt-dev,xlibs-dev,debian: Adding debian files for 3.5.2-4,1384266931+0000,deb,xlibs-dev libxt-dev,https://github.com/JMassapina/openbox,GUI,C,deb,1,0.95,pkg_rule,
15ec719b840bf6ced10fe0341eb45cc57f1b25ea,dpkg-dev,hardening-wrapper,Change Build-Depends from hardening-wrapper to dpkg-dev\n\nthanks Lintian,1404157295+0200,deb,hardening-wrapper dpkg-dev,https://salsa.debian.org/a11y-team/flite,build,C,deb,1,0.95,pkg_rule,
15f2ae5c8dcc0720c8767e2d873303a49668456a,appstream-util,appdata-tools,Branch cheese to experimental\n\n,1442938273+0000,deb,appdata-tools appstream-util,https://github.com/erfanoabdi/cheese,Command Line,C,deb,1,0.95,pkg_rule,
95028198d810f849882380b893c30121d49262a3,quilt,dpatch,"chromium (0.9.12-13) unstable  urgency=low\n\n  * New maintainer (Closes: #417805).   * Use quilt instead of dpatch.   * debian/control:     + Set maintainer to the Debian Games Team.     + Set policy to 3.7.2.     + Added Vcs fields.     + Uncapitalised short description.   * debian/compat:     + Set level to 5.   * debian/chromium.desktop:     + Added Ubuntu’s .desktop, thanks to Reinhard Tartler (Closes: #364276).\n\n  * 05_wall_flag.diff:     + New patch. Add -Wall -W -g to the build flags.\n\n  * debian/patches/35_powerup_crash.diff:     + Fix a crash in the powerhup handling, courtesy of Brandon Barne       (Closes: #411614).\n\n  * debian/patches/40_sdl_quit.diff:     + Honour SDL_QUIT, courtesy of Thue Janus Kristensen (Closes: #390313).\n\n -- Sam Hocevar (Debian packages) <sam+deb@zoy.org>  Fri, 06 Apr 2007 21:05:35 +0200\n\n git-svn-id: file:///svn/pkg-games/packages/trunk/chromium@2538 8808ee5c-780a-0410-9abb-a8188df92ce5",1175893887+0000,deb,dpatch quilt,https://salsa.debian.org/games-team/chromium-bsu,build,C++,deb,1,0.95,pkg_rule,
950be6c551a6bcc3d9cc9edf4f3aaa5c662d553e,qemu-kvm [i386 kfreebsd-i386 kopensolaris-i386 any-amd64],qemu-utils [!hurd-any],"Import patches-unapplied version 2.00-3ubuntu1 to ubuntu/quantal\n\nImported using git-ubuntu import.\n\nChangelog parent: 7e7ba7b0ebea5a8503ddc9844abf2fb1a7c8763c\n\nNew changelog entries:   * Resynchronise with Debian (LP: #1046890).  Remaining changes:     - Adjust for default Ubuntu boot options (""quiet splash"").     - Default to hiding the menu  holding down Shift at boot will show it.     - Set a monochromatic theme and an appropriate background for Ubuntu.     - Apply Ubuntu GRUB Legacy changes to legacy update-grub script.     - Fix backslash-escaping in merge_debconf_into_conf.     - Remove ""GNU/Linux"" from default distributor string.     - Add crashkernel option.     - Bypass menu unless other OSes are installed or Shift is pressed.     - Allow Shift to interrupt 'sleep --interruptible'.     - Reduce visual clutter in normal mode.     - Remove verbose messages printed before reading configuration.     - Suppress kernel/initrd progress messages, except in recovery mode.     - Show the boot menu if the previous boot failed.     - Adjust upgrade version checks for Ubuntu.     - Suppress ""GRUB loading"" message unless Shift is held down.     - Adjust versions of grub-doc and grub-legacy-doc conflicts.     - Look for .mo files in /usr/share/locale-langpack first.     - Build-depend on qemu-kvm rather than qemu-system for grub-pc tests.     - Check hardware support before using gfxpayload=keep.     - Set vt.handoff=7 for smooth handoff to kernel graphical mode.     - In recovery mode, add nomodeset to the Linux kernel arguments, and       remove the 'set gfxpayload=keep' command.     - Skip Windows os-prober entries on Wubi systems, and suppress the menu       by default if those are the only other-OS entries.     - Handle probing striped DM-RAID devices.     - Replace 'single' by 'recovery' when friendly-recovery is installed.     - Disable cursor as early as possible in grub_main.     - Avoid getting confused by inaccessible loop device backing paths.   * Apply patch from Fedora to forbid insmod on UEFI secure boot.   * Use dh-autoreconf.   * Bail out if trying to run grub-mkconfig during upgrade to 2.00 (e.g.     while configuring a kernel image), since the old /etc/grub.d/00_header     conffile breaks until such time as grub-common is configured.   * Add -Wno-error=unused-result to HOST_CFLAGS for the moment, since at     least grub-core/lib/crypto.c fails to compile on Ubuntu otherwise.   * Update default/grub.md5sum to include Ubuntu maverick's default md5sum.   * Autogenerate packaging files for grub-emu, in order that its postinst     does not contain unexpanded @PACKAGE@ symbols.   * Only try to install efiemu*.o into grub-emu on *-i386.   [ Jordi Mallach, Colin Watson ]   * New upstream release.     - Add LUKS and GELI encrypted disk support (closes: #463107).     - Lazy scanning to avoid accessing devices which aren't really used.       This avoids boot delay due to slow device scanning (closes: #549905,       #550015, #550083, #564252, #595059, #632408).     - Don't override more informative errors when loading kernel/initrd       (closes: #551630).     - Support 4K-sector NTFS (closes: #567728).     - Unify grub-mkrescue interface on powerpc with that on other       architectures (closes: #570119).     - Fix infinite recursion in gettext when translation fails (closes:       #611537, #612454, #616487, #619618, #626853, #643608).     - Add more missing quotes to grub-mkconfig (closes: #612417).     - Import gnulib change to fix argp_help segfault with help filter       (closes: #612692).     - Support %1$d syntax in grub_printf (closes: #630647).     - Use write-combining MTRR to speed up video with buggy BIOSes (closes:       #630926).     - Remove multiboot header from PXE images to avoid confusing ipxe       (closes: #635877).     - Fix crash when attempting to install to a non-BIOS disk (closes:       #637208).     - Fix handling of grub-mkrescue --xorriso= option (closes: #646788).     - Use umask rather than chmod to create grub.cfg.new to avoid insecure       grub.cfg (closes: #654599).     - Improve font installation logic (closes: #654645).     - Add grub-probe info documentation (closes: #666031).     - Don't crash on canonicalize_file_name failure in grub-probe (closes:       #677211).   [ Colin Watson ]   * Adjust debian/watch to point to xz-compressed tarballs.   * debian/grub.d/05_debian_theme: Source grub-mkconfig_lib from     /usr/share/grub, not the /usr/lib/grub compatibility link.   * Convert to source format 3.0 (quilt).  Developers, note that patches are     stored applied in bzr  you may want to 'quilt pop -a' / 'quilt push -a'     around merges.   * Remove pointless debian/grub-mount-udeb.install.hurd-i386      grub-mount-udeb is not built on the Hurd.   * Refactor debian/grub-common.install.hurd-i386 into .in files so that it     imposes less of a maintenance burden.   * Restore grub-mkdevicemap for now.  While it's kind of a mess, requiring     lots of OS-specific code to iterate over all possible devices, we use it     in a number of scripts to discover devices and reimplementing those in     terms of something else would be very complicated.   * Add grub-efi-ia64-bin and grub-efi-ia64 packages.  These are currently     experimental, and grub-efi-ia64 does not automatically run grub-install.   * Build-depend on gcc-4.6-multilib on kfreebsd-i386 and hurd-i386 as well     as the other i386 architectures, since we need it to build efiemu32.o     and efiemu64.o.   * Add per-platform *-dbg packages containing files needed to use GRUB's     GDB stub.  These are relatively large and thus worth splitting out.   * Build-depend on ttf-dejavu-core for the starfield theme.   * Add a grub-theme-starfield package containing the starfield theme.   * Backport from upstream:     - Don't decrease efi_mmap_size (LP: #1046429).   * grub-common Suggests: console-setup for grub-kbdcomp (closes: #686815).   * Silence error messages when translations are unavailable.   * Don't pass *.module to dpkg-shlibdeps, avoiding lots of build-time     warnings.   * Move transitional package to Section: oldlibs.   * Acknowledge NMU (closes: #676609).   [ Debconf translations ]   * Lithuanian (Rimas Kudelis).  Closes: #675628   * Galician (Jorge Barreiro).  Closes: #677389   * Welsh (Daffyd Tomos).   * Greek (galaxico).  Closes: #685201   * Romanian (Andrei POPESCU).  Closes: #685477   * Finnish (Timo Jyrinki).",1347555724+0100,deb,qemu-utils [!hurd-any] qemu-kvm [i386 kfreebsd-i386 kopensolaris-i386 any-amd64],https://github.com/delphix/grub2,OS Dev,C,deb,1,0.95,pkg_rule,
950be6c551a6bcc3d9cc9edf4f3aaa5c662d553e,qemu-kvm [i386 kfreebsd-i386 kopensolaris-i386 any-amd64],qemu-system [i386 kfreebsd-i386 kopensolaris-i386 any-amd64],"Import patches-unapplied version 2.00-3ubuntu1 to ubuntu/quantal\n\nImported using git-ubuntu import.\n\nChangelog parent: 7e7ba7b0ebea5a8503ddc9844abf2fb1a7c8763c\n\nNew changelog entries:   * Resynchronise with Debian (LP: #1046890).  Remaining changes:     - Adjust for default Ubuntu boot options (""quiet splash"").     - Default to hiding the menu  holding down Shift at boot will show it.     - Set a monochromatic theme and an appropriate background for Ubuntu.     - Apply Ubuntu GRUB Legacy changes to legacy update-grub script.     - Fix backslash-escaping in merge_debconf_into_conf.     - Remove ""GNU/Linux"" from default distributor string.     - Add crashkernel option.     - Bypass menu unless other OSes are installed or Shift is pressed.     - Allow Shift to interrupt 'sleep --interruptible'.     - Reduce visual clutter in normal mode.     - Remove verbose messages printed before reading configuration.     - Suppress kernel/initrd progress messages, except in recovery mode.     - Show the boot menu if the previous boot failed.     - Adjust upgrade version checks for Ubuntu.     - Suppress ""GRUB loading"" message unless Shift is held down.     - Adjust versions of grub-doc and grub-legacy-doc conflicts.     - Look for .mo files in /usr/share/locale-langpack first.     - Build-depend on qemu-kvm rather than qemu-system for grub-pc tests.     - Check hardware support before using gfxpayload=keep.     - Set vt.handoff=7 for smooth handoff to kernel graphical mode.     - In recovery mode, add nomodeset to the Linux kernel arguments, and       remove the 'set gfxpayload=keep' command.     - Skip Windows os-prober entries on Wubi systems, and suppress the menu       by default if those are the only other-OS entries.     - Handle probing striped DM-RAID devices.     - Replace 'single' by 'recovery' when friendly-recovery is installed.     - Disable cursor as early as possible in grub_main.     - Avoid getting confused by inaccessible loop device backing paths.   * Apply patch from Fedora to forbid insmod on UEFI secure boot.   * Use dh-autoreconf.   * Bail out if trying to run grub-mkconfig during upgrade to 2.00 (e.g.     while configuring a kernel image), since the old /etc/grub.d/00_header     conffile breaks until such time as grub-common is configured.   * Add -Wno-error=unused-result to HOST_CFLAGS for the moment, since at     least grub-core/lib/crypto.c fails to compile on Ubuntu otherwise.   * Update default/grub.md5sum to include Ubuntu maverick's default md5sum.   * Autogenerate packaging files for grub-emu, in order that its postinst     does not contain unexpanded @PACKAGE@ symbols.   * Only try to install efiemu*.o into grub-emu on *-i386.   [ Jordi Mallach, Colin Watson ]   * New upstream release.     - Add LUKS and GELI encrypted disk support (closes: #463107).     - Lazy scanning to avoid accessing devices which aren't really used.       This avoids boot delay due to slow device scanning (closes: #549905,       #550015, #550083, #564252, #595059, #632408).     - Don't override more informative errors when loading kernel/initrd       (closes: #551630).     - Support 4K-sector NTFS (closes: #567728).     - Unify grub-mkrescue interface on powerpc with that on other       architectures (closes: #570119).     - Fix infinite recursion in gettext when translation fails (closes:       #611537, #612454, #616487, #619618, #626853, #643608).     - Add more missing quotes to grub-mkconfig (closes: #612417).     - Import gnulib change to fix argp_help segfault with help filter       (closes: #612692).     - Support %1$d syntax in grub_printf (closes: #630647).     - Use write-combining MTRR to speed up video with buggy BIOSes (closes:       #630926).     - Remove multiboot header from PXE images to avoid confusing ipxe       (closes: #635877).     - Fix crash when attempting to install to a non-BIOS disk (closes:       #637208).     - Fix handling of grub-mkrescue --xorriso= option (closes: #646788).     - Use umask rather than chmod to create grub.cfg.new to avoid insecure       grub.cfg (closes: #654599).     - Improve font installation logic (closes: #654645).     - Add grub-probe info documentation (closes: #666031).     - Don't crash on canonicalize_file_name failure in grub-probe (closes:       #677211).   [ Colin Watson ]   * Adjust debian/watch to point to xz-compressed tarballs.   * debian/grub.d/05_debian_theme: Source grub-mkconfig_lib from     /usr/share/grub, not the /usr/lib/grub compatibility link.   * Convert to source format 3.0 (quilt).  Developers, note that patches are     stored applied in bzr  you may want to 'quilt pop -a' / 'quilt push -a'     around merges.   * Remove pointless debian/grub-mount-udeb.install.hurd-i386      grub-mount-udeb is not built on the Hurd.   * Refactor debian/grub-common.install.hurd-i386 into .in files so that it     imposes less of a maintenance burden.   * Restore grub-mkdevicemap for now.  While it's kind of a mess, requiring     lots of OS-specific code to iterate over all possible devices, we use it     in a number of scripts to discover devices and reimplementing those in     terms of something else would be very complicated.   * Add grub-efi-ia64-bin and grub-efi-ia64 packages.  These are currently     experimental, and grub-efi-ia64 does not automatically run grub-install.   * Build-depend on gcc-4.6-multilib on kfreebsd-i386 and hurd-i386 as well     as the other i386 architectures, since we need it to build efiemu32.o     and efiemu64.o.   * Add per-platform *-dbg packages containing files needed to use GRUB's     GDB stub.  These are relatively large and thus worth splitting out.   * Build-depend on ttf-dejavu-core for the starfield theme.   * Add a grub-theme-starfield package containing the starfield theme.   * Backport from upstream:     - Don't decrease efi_mmap_size (LP: #1046429).   * grub-common Suggests: console-setup for grub-kbdcomp (closes: #686815).   * Silence error messages when translations are unavailable.   * Don't pass *.module to dpkg-shlibdeps, avoiding lots of build-time     warnings.   * Move transitional package to Section: oldlibs.   * Acknowledge NMU (closes: #676609).   [ Debconf translations ]   * Lithuanian (Rimas Kudelis).  Closes: #675628   * Galician (Jorge Barreiro).  Closes: #677389   * Welsh (Daffyd Tomos).   * Greek (galaxico).  Closes: #685201   * Romanian (Andrei POPESCU).  Closes: #685477   * Finnish (Timo Jyrinki).",1347555724+0100,deb,qemu-system [i386 kfreebsd-i386 kopensolaris-i386 any-amd64] qemu-kvm [i386 kfreebsd-i386 kopensolaris-i386 any-amd64],https://github.com/delphix/grub2,OS Dev,C,deb,1,0.95,pkg_rule,
9518afdf50219f30e3970e757ac90cfe33dbb930,libboost-thread-dev,libboost-dev,"debian rules, protocol updated for gps, ...",1353074083+0100,deb,libboost-dev libboost-thread-dev,https://github.com/dirkholz/libmikrokopter,Multi Media,C++,deb,1,0.95,pkg_rule,
95191bcc098b5349e2880d44a9ebb8197d05e7bc,autotools-dev,dh-autoreconf,Replace dh-autoreconf with autotools-dev,1315047755+0200,deb,dh-autoreconf autotools-dev,https://salsa.debian.org/debian/jansson,build,C,deb,1,0.95,pkg_rule,
95193d4446bef517ca2451a5d4e805b14a8e93bc,libboost-math-dev,libproj-dev,"Build-Deps: dropping libproj, adding libboost",1252793046+0200,deb,libproj-dev libboost-math-dev,https://salsa.debian.org/debian-gis-team/merkaartor,computing,C++,deb,1,0.9,pkg_rule,
95193d4446bef517ca2451a5d4e805b14a8e93bc,libboost-dev,libproj-dev,"Build-Deps: dropping libproj, adding libboost",1252793046+0200,deb,libproj-dev libboost-dev,https://salsa.debian.org/debian-gis-team/merkaartor,GUI,C++,deb,1,0.9,pkg_rule,
95193d4446bef517ca2451a5d4e805b14a8e93bc,libboost-serialization-dev,libproj-dev,"Build-Deps: dropping libproj, adding libboost",1252793046+0200,deb,libproj-dev libboost-serialization-dev,https://salsa.debian.org/debian-gis-team/merkaartor,serializing,C++,deb,1,0.9,pkg_rule,
952bf03699fdf637594943c17e011588adcb5f56,yelp-tools,gnome-doc-utils,gnote: Tag release 3.6.0-1\n\n git-svn-id: file:///svn/collab-maint/deb-maint/gnote/tags/3.6.0-1@23272 19660600-52fe-0310-9875-adc0d7a7b53c,1349677955+0000,deb,gnome-doc-utils yelp-tools,https://salsa.debian.org/gnome-team/gnote,documentation,C++,deb,1,0.95,pkg_rule,
952bf03699fdf637594943c17e011588adcb5f56,libsecret-1-dev,libgnome-keyring-dev,gnote: Tag release 3.6.0-1\n\n git-svn-id: file:///svn/collab-maint/deb-maint/gnote/tags/3.6.0-1@23272 19660600-52fe-0310-9875-adc0d7a7b53c,1349677955+0000,deb,libgnome-keyring-dev libsecret-1-dev,https://salsa.debian.org/gnome-team/gnote,cryptography,C++,deb,1,0.95,pkg_rule,
952de9d39d0cdf5eed08656991cfa400aecdca16,dh-autoreconf,autotools-dev,Use dh,1334515919+0200,deb,autotools-dev dh-autoreconf,https://salsa.debian.org/games-team/burgerspace,build,C++,deb,1,0.95,pkg_rule,
952f70b2ae27ece2bf8d9914b056a9557516948d,dh-autoreconf,autotools-dev,Imported Debian patch 0.2.7-0.1,1314271707+0200,deb,autotools-dev dh-autoreconf,https://salsa.debian.org/jmm/audiofile,build,C++,deb,1,0.95,pkg_rule,
953740ca8247cfd5d7618d62b9a8fb87bee3cc23,dh-sequence-gnome,debhelper,"Use debhelper-compat 12 and BD on dh-sequence-{gnome,gir}\n\nWe were missing a direct BD on the providers. Thanks, Lintian.",1554908274+0100,deb,debhelper dh-sequence-gnome,https://github.com/GNOME/mutter,build,C,deb,1,0.95,pkg_rule,
953740ca8247cfd5d7618d62b9a8fb87bee3cc23,dh-sequence-gir,debhelper,"Use debhelper-compat 12 and BD on dh-sequence-{gnome,gir}\n\nWe were missing a direct BD on the providers. Thanks, Lintian.",1554908274+0100,deb,debhelper dh-sequence-gir,https://github.com/GNOME/mutter,build,C,deb,1,0.95,pkg_rule,
953d99af30ae4dbd7697be4834750a62c1724e33,qemu-kvm [i386 kfreebsd-i386 kopensolaris-i386 any-amd64],qemu-utils [!hurd-any],"Import patches-unapplied version 1.99~20110112-1ubuntu1 to ubuntu/natty\n\nImported using git-ubuntu import.\n\nChangelog parent: 64be8b898d53b7957e79c6026929f97bf4968cc1\n\nNew changelog entries:   * Resynchronise with Debian.  Remaining changes:     - Adjust for default Ubuntu boot options (""quiet splash"").     - Default to hiding the menu  holding down Shift at boot will show it.     - Set a monochromatic theme and an aubergine background for Ubuntu.     - Apply Ubuntu GRUB Legacy changes to legacy update-grub script: title,       recovery mode, quiet option, tweak how memtest86+ is displayed, and       use UUIDs where appropriate.     - Fix backslash-escaping in merge_debconf_into_conf.     - Remove ""GNU/Linux"" from default distributor string.     - Add crashkernel option.     - Bypass menu unless other OSes are installed or Shift is pressed.     - Allow Shift to interrupt 'sleep --interruptible'.     - Reduce visual clutter in normal mode.     - Remove verbose messages printed before reading configuration.     - Suppress kernel/initrd progress messages, except in recovery mode.     - Handle filesystems loop-mounted on file images.     - Ignore devices loop-mounted from files in Linux grub.d scripts.     - Show the boot menu if the previous boot failed.     - Don't generate device.map during grub-install or grub-mkconfig.     - Adjust upgrade version checks for Ubuntu.     - Suppress ""GRUB loading"" message unless Shift is held down.     - Adjust versions of grub-doc and grub-legacy-doc conflicts.     - Fix LVM/RAID probing in the absence of /boot/grub/device.map.     - Look for .mo files in /usr/share/locale-langpack first.     - Make sure GRUB_TIMEOUT isn't quoted unnecessarily.     - Build-depend on qemu-kvm rather than qemu-system for grub-pc tests.     - Use qemu rather than qemu-system-i386.     - Add a grub-rescue-efi-amd64 package.     - On Wubi, don't ask for an install device, but just update wubildr       using the diverted grub-install.     - Enable lua from grub-extras.     - Incorporate the bitop library into lua.     - Add enum_pci function to grub module in lua.     - Check hardware support before using gfxpayload=keep.     - Build part_msdos and vfat into EFI boot images.     - Put second and subsequent Linux menu entries in a submenu.     - Preferred resolution detection for VBE.     - Set vt.handoff=7 for smooth handoff to kernel graphical mode.",1294930739-0600,deb,qemu-utils [!hurd-any] qemu-kvm [i386 kfreebsd-i386 kopensolaris-i386 any-amd64],https://github.com/delphix/grub2,OS Dev,C,deb,1,0.95,pkg_rule,
953d99af30ae4dbd7697be4834750a62c1724e33,qemu-kvm [i386 kfreebsd-i386 kopensolaris-i386 any-amd64],qemu-system [i386 kfreebsd-i386 kopensolaris-i386 any-amd64],"Import patches-unapplied version 1.99~20110112-1ubuntu1 to ubuntu/natty\n\nImported using git-ubuntu import.\n\nChangelog parent: 64be8b898d53b7957e79c6026929f97bf4968cc1\n\nNew changelog entries:   * Resynchronise with Debian.  Remaining changes:     - Adjust for default Ubuntu boot options (""quiet splash"").     - Default to hiding the menu  holding down Shift at boot will show it.     - Set a monochromatic theme and an aubergine background for Ubuntu.     - Apply Ubuntu GRUB Legacy changes to legacy update-grub script: title,       recovery mode, quiet option, tweak how memtest86+ is displayed, and       use UUIDs where appropriate.     - Fix backslash-escaping in merge_debconf_into_conf.     - Remove ""GNU/Linux"" from default distributor string.     - Add crashkernel option.     - Bypass menu unless other OSes are installed or Shift is pressed.     - Allow Shift to interrupt 'sleep --interruptible'.     - Reduce visual clutter in normal mode.     - Remove verbose messages printed before reading configuration.     - Suppress kernel/initrd progress messages, except in recovery mode.     - Handle filesystems loop-mounted on file images.     - Ignore devices loop-mounted from files in Linux grub.d scripts.     - Show the boot menu if the previous boot failed.     - Don't generate device.map during grub-install or grub-mkconfig.     - Adjust upgrade version checks for Ubuntu.     - Suppress ""GRUB loading"" message unless Shift is held down.     - Adjust versions of grub-doc and grub-legacy-doc conflicts.     - Fix LVM/RAID probing in the absence of /boot/grub/device.map.     - Look for .mo files in /usr/share/locale-langpack first.     - Make sure GRUB_TIMEOUT isn't quoted unnecessarily.     - Build-depend on qemu-kvm rather than qemu-system for grub-pc tests.     - Use qemu rather than qemu-system-i386.     - Add a grub-rescue-efi-amd64 package.     - On Wubi, don't ask for an install device, but just update wubildr       using the diverted grub-install.     - Enable lua from grub-extras.     - Incorporate the bitop library into lua.     - Add enum_pci function to grub module in lua.     - Check hardware support before using gfxpayload=keep.     - Build part_msdos and vfat into EFI boot images.     - Put second and subsequent Linux menu entries in a submenu.     - Preferred resolution detection for VBE.     - Set vt.handoff=7 for smooth handoff to kernel graphical mode.",1294930739-0600,deb,qemu-system [i386 kfreebsd-i386 kopensolaris-i386 any-amd64] qemu-kvm [i386 kfreebsd-i386 kopensolaris-i386 any-amd64],https://github.com/delphix/grub2,OS Dev,C,deb,1,0.95,pkg_rule,
954861ec3994337bf41733ce8ef4f4b30192a9c2,libxpm-dev,xlibs-dev,"Make x11iraf compilable, and allow to start ximtool w/o crash ximtool will however still crash if you work on it.",1349957617+0200,deb,xlibs-dev libxpm-dev,https://salsa.debian.org/debian-astro-team/x11iraf,GUI,C,deb,1,0.95,pkg_rule,
9567bdb4149649e7c49602b8a1f194c23547884d,qtdeclarative5-friends0.2,qtdeclarative5-friends-plugin,Updated for qtdeclarative5-friends0.2,1377782048-0400,deb,qtdeclarative5-friends-plugin qtdeclarative5-friends0.2,https://github.com/StefWe/ubuntu-ui-extras,GUI,C++,deb,1,0.9,pkg_rule,
95709214392182a68e6e26f80f61ad844badd114,dh-autoreconf,autotools-dev,Imported Debian patch 1.0.1-9,1445801066-0200,deb,autotools-dev dh-autoreconf,https://salsa.debian.org/debian/tcpxtract,build,C,deb,1,0.95,pkg_rule,
9576e796eba11271c5bc041be0c95ab885191ba4,qtbase5-dev,libqt4-dev,Version 0.8-2\n\n * build-depend on qt5 packages,1494309608+0200,deb,libqt4-dev qtbase5-dev,https://github.com/metno/diana-compose-email,GUI,C++,deb,1,0.95,pkg_rule,
9576e796eba11271c5bc041be0c95ab885191ba4,qttools5-dev-tools,libqt4-dev,Version 0.8-2\n\n * build-depend on qt5 packages,1494309608+0200,deb,libqt4-dev qttools5-dev-tools,https://github.com/metno/diana-compose-email,GUI,C++,deb,1,0.95,pkg_rule,
9583a5b61ea98d681817a1194630c7f8b39e3d22,dh-autoreconf,autoconf,In saferm:   * Use automake   * Bump upstream version   * Switch to debhelper7   * Switch to source format 3.0\n\n git-svn-id: svn+ssh://svn.mit.edu/athena/trunk@25984 728af825-273c-0410-89f9-f7d3b574a069,1368310783+0000,deb,autoconf dh-autoreconf,https://github.com/sipb/athena-svn-mirror,build,C,deb,1,0.95,pkg_rule,
95917f0ed68d0cea9679151aec264e63d1d41672,libwxgtk3.0-gtk3-dev,libwxgtk3.0-dev,releasing package survex version 1.2.33-1,1521691137+1300,deb,libwxgtk3.0-dev libwxgtk3.0-gtk3-dev,https://github.com/balister/survex,GUI,C++,deb,1,0.9,pkg_rule,
95b086906f17abd1aaf6c46295bf10256d8967a0,libsecret-1-dev,libgnome-keyring-dev,[svn-buildpackage] Tagging gvfs 1.29.90-1,1470930158+0000,deb,libgnome-keyring-dev libsecret-1-dev,https://salsa.debian.org/gnome-team/gvfs,cryptography,C,deb,1,0.9,pkg_rule,
95bb39225bda65f27b191f9c12fb5c2ca5245bd7,quilt,dpatch,Convert patch tracking system from dpatch to quilt.,1276606096+0200,deb,dpatch quilt,https://salsa.debian.org/multimedia-team/flac,build,C,deb,1,0.95,lib_replacement,
95bc4197d8020f487ec9bc6ff9ee77f61e9eddab,libxt-dev,libx11-dev,Import Debian changes 1.3.1-1\n\nconky (1.3.1-1) unstable  urgency=low\n\n  * New upstream release   * Added libxt-dev to build-depends in debian/control (closes: #327306)   * Fixed the double BSD-license in debian/copyright (closes: #327135),1126417551-0700,deb,libx11-dev libxt-dev,https://salsa.debian.org/debian/conky,OS Dev,C++,deb,1,0.85,pkg_rule,
95d01819860ca3fcf121e466b190983ce7c7fd82,qemu-kvm [i386 kfreebsd-i386 kopensolaris-i386 amd64 kfreebsd-amd64],qemu-system [i386 kfreebsd-i386 kopensolaris-i386 amd64 kfreebsd-amd64],"Import patches-unapplied version 1.98+20100720-1ubuntu1 to ubuntu/maverick\n\nImported using git-ubuntu import.\n\nChangelog parent: 1bcb2a7aee7a1bab95fca6a518de10e75c609ca0\n\nNew changelog entries:   * Resynchronise with Debian.  Remaining changes:     - Adjust for default Ubuntu boot options (""quiet splash"").     - Default to hiding the menu  holding down Shift at boot will show it.     - Set a monochromatic theme for Ubuntu.     - Apply Ubuntu GRUB Legacy changes to legacy update-grub script: title,       recovery mode, quiet option, tweak how memtest86+ is displayed, and       use UUIDs where appropriate.     - Fix backslash-escaping in merge_debconf_into_conf.     - Remove ""GNU/Linux"" from default distributor string.     - Add crashkernel= options if kdump and makedumpfile are available.     - If other operating systems are installed, then automatically unhide       the menu.  Otherwise, if GRUB_HIDDEN_TIMEOUT is 0, then use keystatus       if available to check whether Shift is pressed.  If it is, show the       menu, otherwise boot immediately.  If keystatus is not available, then       fall back to a short delay interruptible with Escape.     - Allow Shift to interrupt 'sleep --interruptible'.     - Don't display introductory message about line editing unless we're       actually offering a shell prompt.  Don't clear the screen just before       booting if we never drew the menu in the first place.     - Remove some verbose messages printed before reading the configuration       file.     - Suppress progress messages as the kernel and initrd load for       non-recovery kernel menu entries.     - Change prepare_grub_to_access_device to handle filesystems       loop-mounted on file images.     - Ignore devices loop-mounted from files in 10_linux.     - Show the boot menu if the previous boot failed, that is if it failed       to get to the end of one of the normal runlevels.     - Handle RAID devices containing virtio components.     - Don't generate /boot/grub/device.map during grub-install or       grub-mkconfig by default.     - Adjust upgrade version checks for Ubuntu.     - Don't display ""GRUB loading"" unless Shift is held down.     - Adjust versions of grub-doc and grub-legacy-doc conflicts to tolerate       our backport of the grub-doc split.     - Fix LVM/RAID probing in the absence of /boot/grub/device.map.     - Look for .mo files in /usr/share/locale-langpack as well, in       preference.     - Make sure GRUB_TIMEOUT isn't quoted unnecessarily.     - Probe all devices in 'grub-probe --target=drive' if       /boot/grub/device.map is missing.     - Adjust hostdisk id for hard disks, allowing grub-setup to use its       standard workaround for broken BIOSes.     - grub-common Breaks: lupin-support (<< 0.30) due to a grub-mkimage       syntax change.     - Build-depend on qemu-kvm rather than qemu-system for grub-pc tests.     - Use qemu rather than qemu-system-i386.     - Extend the EFI version of grub-install to be able to install into an       EFI System Partition mounted on /boot/efi in a location that complies       with the EFI specification.     - Upgrade the installed core image when upgrading grub-efi-ia32 or       grub-efi-amd64, although only if /boot/efi/EFI/ubuntu already exists.     - Make grub-efi-ia32 and grub-efi-amd64 depend on efibootmgr so that       grub-install works properly.     - Program vesafb on BIOS systems rather than efifb, and return to       enabling gfxpayload=keep by default if the kernel has the necessary       support built-in.",1279703421+0100,deb,qemu-system [i386 kfreebsd-i386 kopensolaris-i386 amd64 kfreebsd-amd64] qemu-kvm [i386 kfreebsd-i386 kopensolaris-i386 amd64 kfreebsd-amd64],https://github.com/delphix/grub2,OS Dev,C,deb,1,0.9,lib_replacement,
95d08e7222fc846b13bf3cd325120344385c37cd,qtbase5-dev,qt5-default,depend on qtbase5-dev,1651417075-0400,deb,qt5-default qtbase5-dev,https://github.com/nvmr-org/nvmr-json,GUI,C++,deb,1,0.8,pkg_rule,
95d1a4cdb84d976b4593433730df267d0bca739f,quilt,dpatch,switch from dpatch to quilt and refresh the patches,1191163703+0200,deb,dpatch quilt,https://salsa.debian.org/agx/libpam-ccreds,build,C,deb,1,0.95,lib_replacement,
95d95574ddbbd5e0fc52192499bfed9c330a1d0c,qtbase5-dev,libqt4-dev,"Create Python 3 packages instead of Python 2, and use Qt5 instead of Qt4",1503738014+0200,deb,libqt4-dev qtbase5-dev,https://salsa.debian.org/science-team/plplot,GUI,C,deb,1,0.9,pkg_rule,
95e5a32b400e68a20c67e57da1bc51f58ff2f61c,dh-autoreconf,autotools-dev,Imported Debian patch 1:0.8.1-4.1,1433038386+0100,deb,autotools-dev dh-autoreconf,https://salsa.debian.org/pkg-voip-team/siproxd,build,C,deb,1,0.9,pkg_rule,
95ed489b75a5e38e7629c92897e53897683639aa,libmotif-dev,lesstif2-dev,git-debimport xpdf_3.03-17.debian.tar.xz,1409571471+0900,deb,lesstif2-dev libmotif-dev,https://github.com/congnguyenthe/debian-xpdf,GUI,C++,deb,1,0.9,pkg_rule,
95fda3950a9fc46d248b874fdc73c595e879dee2,qtbase5-dev,libqt4-dev,Fixed ctrl.,1414235629+0200,deb,libqt4-dev qtbase5-dev,https://github.com/hmatuschek/kochmorse,GUI,C++,deb,1,0.9,pkg_rule,
95ffdf4a9f2f0286ad0b14c2b84ae0c8d3725a41,quilt,dpatch,Converted package from dpatch -> quilt\n\n,1228133721+0000,deb,dpatch quilt,https://salsa.debian.org/med-team/mustang,build,C++,deb,1,0.95,lib_replacement,
160c3ace2a4e9c034f5583403179ac33eb415c1d,apache2-dev,apache2-prefork-dev,Working compile against apache-2.4,1480897173+0100,deb,apache2-prefork-dev apache2-dev,https://github.com/ZeitOnline/dav-cms,network,C,deb,1,0.85,pkg_rule,
1614665192de454731c40ce479f74ecbb200eae7,docbook2x,gobject-introspection,"Remove build-dep on gobject-introspection, add meson, docbook2x and docbook-xml",1586895827+0200,deb,gobject-introspection docbook2x,https://salsa.debian.org/janitor-team/proposed/megatools,documentation,C,deb,1,0.85,pkg_rule,
1614665192de454731c40ce479f74ecbb200eae7,docbook-xml,gobject-introspection,"Remove build-dep on gobject-introspection, add meson, docbook2x and docbook-xml",1586895827+0200,deb,gobject-introspection docbook-xml,https://salsa.debian.org/janitor-team/proposed/megatools,documentation,C,deb,1,0.85,pkg_rule,
1614665192de454731c40ce479f74ecbb200eae7,meson,gobject-introspection,"Remove build-dep on gobject-introspection, add meson, docbook2x and docbook-xml",1586895827+0200,deb,gobject-introspection meson,https://salsa.debian.org/janitor-team/proposed/megatools,File Handling,C,deb,1,0.85,pkg_rule,
162874934df848d3742175fcb6e19d2b295890be,qtbase5-dev,libqt4-dev,upgraded to use Qt5,1519668653+0100,deb,libqt4-dev qtbase5-dev,https://salsa.debian.org/science-team/enki-aseba,GUI,C++,deb,1,0.9,pkg_rule,
162cc623d925565146889c1366b978638b03a3a4,dh-apache2,apache2-prefork-dev,Update package to use Apache 2.4 (Closes: #666820),1367773911+0200,deb,apache2-prefork-dev dh-apache2,https://github.com/ByteInternet/php,network,C,deb,1,0.8,pkg_rule,
162cc623d925565146889c1366b978638b03a3a4,apache2-dev,apache2-prefork-dev,Update package to use Apache 2.4 (Closes: #666820),1367773911+0200,deb,apache2-prefork-dev apache2-dev,https://github.com/ByteInternet/php,network,C,deb,1,0.8,pkg_rule,
1636fb16de1c0fa4b56d35b91c9e4f2f412b90ef,versiontheca-dev,versiontheca,Fixed versiontheca dependency on debian/control.,1678291277-0800,deb,versiontheca versiontheca-dev,https://github.com/m2osw/as2js,serializing,C++,deb,1,0.9,pkg_rule,
1641a027f10963a9858739cd3f0118b7dcb8d90b,qttools5-dev-tools,libqt4-dev,Merge fc91480131d81ef45a4ec4238e77fcdd4c160078 into 2264661eb364609d4473d65b66c6c19581a568ca,1492331611+0000,deb,libqt4-dev qttools5-dev-tools,https://github.com/qgis/QGIS,GUI,C++,deb,1,0.95,pkg_rule,
1641a027f10963a9858739cd3f0118b7dcb8d90b,qtbase5-dev,libqt4-dev,Merge fc91480131d81ef45a4ec4238e77fcdd4c160078 into 2264661eb364609d4473d65b66c6c19581a568ca,1492331611+0000,deb,libqt4-dev qtbase5-dev,https://github.com/qgis/QGIS,GUI,C++,deb,1,0.95,pkg_rule,
1641a027f10963a9858739cd3f0118b7dcb8d90b,qttools5-dev,libqt4-dev,Merge fc91480131d81ef45a4ec4238e77fcdd4c160078 into 2264661eb364609d4473d65b66c6c19581a568ca,1492331611+0000,deb,libqt4-dev qttools5-dev,https://github.com/qgis/QGIS,GUI,C++,deb,1,0.95,pkg_rule,
1650a615eff88a7fd968447890adec1120413159,qttools5-dev-tools,libqt4-dev,Merge remote-tracking branch 'upstream/master',1519837671-0500,deb,libqt4-dev qttools5-dev-tools,https://github.com/CryptoClub1/PedrosPesos,GUI,C++,deb,1,0.9,pkg_rule,
1650a615eff88a7fd968447890adec1120413159,qtbase5-dev,libqt4-dev,Merge remote-tracking branch 'upstream/master',1519837671-0500,deb,libqt4-dev qtbase5-dev,https://github.com/CryptoClub1/PedrosPesos,GUI,C++,deb,1,0.9,pkg_rule,
1650a615eff88a7fd968447890adec1120413159,qttools5-dev,libqt4-dev,Merge remote-tracking branch 'upstream/master',1519837671-0500,deb,libqt4-dev qttools5-dev,https://github.com/CryptoClub1/PedrosPesos,GUI,C++,deb,1,0.9,pkg_rule,
16606e9077573f639e5ea1cd63dfaaddb2e0d16f,libx11-dev,xlibs-dev,git-debimport xtoolwait_1.3-6.diff.gz,1136772320-0600,deb,xlibs-dev libx11-dev,https://github.com/KanoComputing/xtoolwait,GUI,C,deb,1,0.9,pkg_rule,
16606e9077573f639e5ea1cd63dfaaddb2e0d16f,x-dev,xlibs-dev,git-debimport xtoolwait_1.3-6.diff.gz,1136772320-0600,deb,xlibs-dev x-dev,https://github.com/KanoComputing/xtoolwait,GUI,C,deb,1,0.9,pkg_rule,
1690ec176b80ce9a7b88ae4b6de3d4dfb1008e9d,cmake,autotools-dev,Merge 9e78aef2b902251fcaf2af12d479c4d9cfc845a7 into 4cb62c2f5c63a4ebca305d0e80d0e30f6a15d02e,1496585044+0000,deb,autotools-dev cmake,https://github.com/ceph/ceph,build,C++,deb,1,0.9,pkg_rule,
1699cfc3a3640ea0ec94cca76e100f6a9acf38b0,libsecret-1-dev,libgnome-keyring-dev,[svn-buildpackage] Tagging gvfs 1.25.92-1,1442497838+0000,deb,libgnome-keyring-dev libsecret-1-dev,https://salsa.debian.org/gnome-team/gvfs,cryptography,C,deb,1,0.9,pkg_rule,
169c68763b7ddbf5e2899878b59c851d3d0a4d85,yelp-tools,gnome-doc-utils,[svn-buildpackage] Tagging anjuta 2:3.16.0-1,1434237145+0000,deb,gnome-doc-utils yelp-tools,https://salsa.debian.org/gnome-team/anjuta,documentation,C,deb,1,0.9,pkg_rule,
16b4a4052dcb5a8065eff18b764389e334fd385a,quilt,cdbs,* Changing from cdbs to debhelper  * Changing from simplepatches to quilt,1211621927+0200,deb,cdbs quilt,https://salsa.debian.org/games-team/libsfml,build,C++,deb,1,0.85,pkg_rule,
16b67339faf14c735f35b18df5aba9cadcf49f9c,tdb-dev,libgdbm-dev,* Correct changelog entry for 1:0.9.16~test4-0ubuntu5   (5fcb8a3c0838a4ecdb00a0af09b6e1a358b114d0 was _not_   applied) * Resync proper 0050-backport-git-post-test4.patch   from the ~ubuntu-audio-dev PPA branch * debian/control: Drop libgdbm-dev  use tdb-dev instead   since it's upstream's approach,1250203747-0400,deb,libgdbm-dev tdb-dev,https://github.com/saemy/pulseaudio,Multi Media,C,deb,1,0.9,lib_replacement,Organization
16bf41367753053cdf5f44a55e03d9fd05025a17,libxml-parser-perl,intltool,"* Drop what looks like bogus build-deps on automake, liborbit2-dev, gettext, * Replace intltool build-dep with a libxml-parser-perl one. * Simple rebuild to pull a correct libwnck18 shlib dep.",1149865342+0000,deb,intltool libxml-parser-perl,https://salsa.debian.org/gnome-team/devhelp,documentation,C,deb,1,0.8,pkg_rule,
16c6c18d644c91f5c19f84b11fed233245f4735f,libgnome-panel-dev,libpanel-applet-dev [!s390x],Merge branch 'master' into 'master'\n\nSwitch from deprecated libpanel-applet-dev to libgnome-panel-dev\n\nSee merge request debian/workrave!2,1589825471+0000,deb,libpanel-applet-dev [!s390x] libgnome-panel-dev,https://salsa.debian.org/debian/workrave,GUI,C++,deb,1,0.9,lib_replacement,Deprecation
16ca3a833a6d04c8eb1ce4de050767422c1d57a7,apache2-dev,apache2-prefork-dev,Update for apache 2.4.,1374570081+0200,deb,apache2-prefork-dev apache2-dev,https://salsa.debian.org/debian-gis-team/mapcache,network,C,deb,1,0.85,pkg_rule,
16ca3a833a6d04c8eb1ce4de050767422c1d57a7,dh-apache2,apache2-prefork-dev,Update for apache 2.4.,1374570081+0200,deb,apache2-prefork-dev dh-apache2,https://salsa.debian.org/debian-gis-team/mapcache,network,C,deb,1,0.85,pkg_rule,
16d191ae10485974e9e583cc4917ed2eaadbb3fe,dh-exec,cdbs,Branch to experimental\n\n git-svn-id: file:///svn/pkg-gnome/desktop/experimental/gnome-settings-daemon@52579 db0db5de-e4c8-0310-9441-90abf70311f7,1499270337+0000,deb,cdbs dh-exec,https://github.com/droidian/gnome-settings-daemon,build,C,deb,1,0.9,pkg_rule,
16e1044c6fad26be84d60b627c27a8fbabae8d87,dh-autoreconf,autotools-dev,Imported Debian patch 1.1.6+dfsg-3,1402525952+0100,deb,autotools-dev dh-autoreconf,https://github.com/pexip/os-libnet,build,C,deb,1,0.9,pkg_rule,
16f6817ff1ff2d2587f7f33ca0efa9e15a2a53cd,qtbase5-dev,qt5-default,modify debian/* to meet debian's policy,1501162969+0800,deb,qt5-default qtbase5-dev,https://github.com/debian-dde-team/dtkwidget,GUI,C++,deb,1,0.85,pkg_rule,
16f8d89129b3a0db4759cfaeed13bda5c68b7e17,qtbase5-dev,libqt4-dev,Import Debian changes 2.0.8-2\n\nkst (2.0.8-2) unstable  urgency=low .   * QA upload.   * Switch to Qt5. (Closes: #874994),1511612006+0200,deb,libqt4-dev qtbase5-dev,https://salsa.debian.org/lpfll/kst,GUI,C++,deb,1,0.9,pkg_rule,
16f8d89129b3a0db4759cfaeed13bda5c68b7e17,qttools5-dev,libqt4-dev,Import Debian changes 2.0.8-2\n\nkst (2.0.8-2) unstable  urgency=low .   * QA upload.   * Switch to Qt5. (Closes: #874994),1511612006+0200,deb,libqt4-dev qttools5-dev,https://salsa.debian.org/lpfll/kst,GUI,C++,deb,1,0.9,pkg_rule,
9605b695e69100a7f90a8c5744f8ae2caff2040c,libpoppler-private-dev,libpoppler-dev,Switch the libpoppler-dev build dependency to libpoppler-private-dev (Closes: #673304).,1337428651+0200,deb,libpoppler-dev libpoppler-private-dev,https://github.com/fimbaz/debian-gnunet,documentation,C,deb,1,0.85,pkg_rule,
962b10a5ef3f735167776bf20485e4f8a7e88c37,cmake,autotools-dev,Formally merge ancient release branch 'origin/releases/0.4.5',1524386623+0200,deb,autotools-dev cmake,https://github.com/KDE/rkward,build,C++,deb,1,0.9,pkg_rule,
96301f3cc1920e5d4aa36a0da504e3ce91cf2a95,libxen-dev,libxen-qubes-vm-dev,debian: Revert back to using libxen-dev as depend,1423762083-0500,deb,libxen-qubes-vm-dev libxen-dev,https://github.com/Die-OS/DieOS-linux-utils,OS Dev,C,deb,1,0.9,lib_replacement,
964617dffeb0a1fef483d0afd8c15f07710987b5,texlive,tetex-extra,build documentation with texlive\n\nDon't depend on the deprecated package tetex-extra.\n\n,1236159233+0000,deb,tetex-extra texlive,https://github.com/CM4all/beng-proxy,documentation,C++,deb,1,0.9,lib_replacement,Deprecation
9647fd19ef765b50fd8ff7352953ad4c30ff0997,tox-libvpx-dev,libvpx-dev,v0.0.14 - Switch to static tox-libvpx,1448877912+0300,deb,libvpx-dev tox-libvpx-dev,https://github.com/DovahZul/pytoxcore,Multi Media,C,deb,1,0.9,lib_replacement,
964a3993832355b5d2ea30b16048334f20ab9de5,libdeviceinfo-dev,libandroid-properties-dev,"[DO NOT MERGE, TMP] Replace android props with libdeviceinfo",1579436359+0100,deb,libandroid-properties-dev libdeviceinfo-dev,https://github.com/ubports/repowerd,OS Dev,C++,deb,1,0.9,lib_replacement,
9651db1ce3f97b32f2870dbd0bce6f9b041ca2c5,cmake,autotools-dev,"Use CMake as build system as recommended by upstream\n\n* Enforce cmake as build system in debian/rules. * Add build-dependencies on cmake, libncurses-dev and libeigen-dev. * Remove build-dependencies on autotools-dev and dh-autoreconf. * Expand patch build-with-debian-antlr-instead-embedded-one to cover   src/CMakeLists.txt. * Add some more leftover files to debian/clean.",1404081422+0200,deb,autotools-dev cmake,https://salsa.debian.org/debian-astro-team/gnudatalanguage,build,C++,deb,1,0.85,lib_replacement,Deprecation
9660666c780b8c5fb1495d77c078c0d426e61c43,libleveldb-dev,leveldb-dev,Use libleveldb-dev for leveldb library name,1351275294+0400,deb,leveldb-dev libleveldb-dev,https://github.com/3Hren/elliptics,database,C++,deb,1,0.9,pkg_rule,
967036bf2357648f39ec9f1c1c527f25fba03a7f,bundler,ruby-bundler,"Do not depend on specific ruby version.  ""ruby-bundler"" --> ""bundler"".",1456739204+0200,deb,ruby-bundler bundler,https://github.com/lacostej/puavo-os,OS Dev,C,deb,1,0.9,pkg_rule,
96947ad1649d9dce628c5f563d66eb78ae20a81d,gettext,intltool,chore: update to 1.42.4-1\n\nLog: 版本更新到1.42.4-1,1679889422+0800,deb,intltool gettext,https://github.com/deepin-community/network-manager,other,C,deb,1,0.95,pkg_rule,
969d85d121867eae36df47111ef99424b860b985,cmake,autotools-dev,Imported Debian patch 2.0.0-1,1333881431+0200,deb,autotools-dev cmake,https://salsa.debian.org/tasktools-team/task,build,C++,deb,1,0.97,pkg_rule,
969f0950dd2c2660189fc228198880a182cbb7d3,libx11-dev,xlibs-dev,Imported Debian patch 1:1.3-5.1,1137685195+0100,deb,xlibs-dev libx11-dev,https://salsa.debian.org/debian/xsoldier,GUI,C,deb,1,0.95,pkg_rule,
969f0950dd2c2660189fc228198880a182cbb7d3,x-dev,xlibs-dev,Imported Debian patch 1:1.3-5.1,1137685195+0100,deb,xlibs-dev x-dev,https://salsa.debian.org/debian/xsoldier,GUI,C,deb,1,0.95,pkg_rule,
969f0950dd2c2660189fc228198880a182cbb7d3,libxpm-dev,xlibs-dev,Imported Debian patch 1:1.3-5.1,1137685195+0100,deb,xlibs-dev libxpm-dev,https://salsa.debian.org/debian/xsoldier,GUI,C,deb,1,0.95,pkg_rule,
96a737f63331f510fdd84faacba1358b7f584e42,libmotif-dev,lesstif2-dev,Imported Debian patch 2.4.1-20,1379733652+1000,deb,lesstif2-dev libmotif-dev,https://salsa.debian.org/debichem-team/viewmol,GUI,C,deb,1,0.95,pkg_rule,
96aa6c8a0ea6da1c7febe4264ff4cb91966635da,libedit-dev,libeditline-dev,"* Use libedit instead of libeditline, since this is what actually upstream   uses   + rename use-debian-editline.patch to use-debian-libedit.patch and update     it to patch the --with-system-editline configure option   + Build-Depend on libedit-dev instead of libeditline-dev",1183386116+0300,deb,libeditline-dev libedit-dev,https://salsa.debian.org/firebird-team/firebird2.1,database,C++,deb,1,0.98,lib_replacement,Organization
96b3d16050cda1dcf13dfb7894e3c986aebae168,cython,swig,Record state of 1.8-2\n\nIt is not present in the repository.,1367063690+0200,deb,swig cython,https://github.com/themiwi/libplist-debian,serializing,C,deb,1,0.96,pkg_rule,
96c2e2d1254a790eefceadb9a09e353821a17143,autoconf,quilt,"Finish migration to 3.0 (quilt) source format.\n\nDon't use or depend on quilt anymore, and drop the automatically generated autofiles.diff patch in favor of dependencies on automake and autoconf, and then call ./autogen.sh during debian/stamp/config.",1303622971-0500,deb,quilt autoconf,https://salsa.debian.org/azzar1-guest/deb-guile,build,C,deb,1,0.92,pkg_rule,
96d061dee73891ff00103247c187a4f6c44c8267,libkf5kio-dev,kio-dev,Remove build-depends on deprecated Frameworks -dev packages\n\nCloses: #885392 Thanks: Pino Toscano,1514713731+0100,deb,kio-dev libkf5kio-dev,https://salsa.debian.org/owncloud-team/owncloud-client,File Handling,C++,deb,1,0.95,pkg_rule,
96d2a89376c991942cace5852367d69aedb63136,dh-autoreconf,autotools-dev,upload CT changes to 3.20,1360230587+0100,deb,autotools-dev dh-autoreconf,https://github.com/arthurlevy/FreeFempp,build,C++,deb,1,0.97,pkg_rule,
96d6bbed629292a43fcd3b53f24355bc182659bc,libfftw3-dev,fftw3-dev,Remove shlibs file for gwyddion package completely. There are no shlibs  in anyway. And updated build-dependency from fftw3-dev to libfftw3-dev.\n\n,1192827406+0000,deb,fftw3-dev libfftw3-dev,https://salsa.debian.org/med-team/gwyddion,computing,C,deb,1,0.95,pkg_rule,
96daf8e19219fea72264c3601a2ddeeb10ce6143,libxul-dev,iceape-dev,"Import patches-unapplied version 0.9.9a-2ubuntu1 to ubuntu/jaunty\n\nImported using git-ubuntu import.\n\nChangelog parent: 1823926191d86d1d40ac2fe82a4b19070efc0587\n\nNew changelog entries:   * Merge from debian which includes a small security fix.   * Adjusted Vcs fields to point to pkg-multimedia's git branch. The     package is maintained in the 'jaunty' branch.   * Remaining changes to debian:     - build against libxul-dev instead of iceape-dev     - build against libass-dev and libx264-dev     - build against and install libx264 plugin     - add Xb-Npp header to vlc package     - debian/patches/301_DVD_media.diff: Change %U to %f        in VLC .desktop file, cf LP #275043     - Remove arts from dependencies. (LP: #320915)       - debian/control:         - Remove libarts1-dev from build depends         - Don't build package vlc-plugin-arts         - Remove all notions of vlc-plugin-arts from packages descriptions       - debian/rules:         - Remove --enable-arts from confflags       - Delete debian/vlc-plugin-arts.install       - Delete debian/vlc-plugin-arts.links",1240077177+0200,deb,iceape-dev libxul-dev,https://github.com/omunroe-com/ubtvlc,GUI,C,deb,1,0.9,lib_replacement,
96daf8e19219fea72264c3601a2ddeeb10ce6143,libx264-dev,iceape-dev,"Import patches-unapplied version 0.9.9a-2ubuntu1 to ubuntu/jaunty\n\nImported using git-ubuntu import.\n\nChangelog parent: 1823926191d86d1d40ac2fe82a4b19070efc0587\n\nNew changelog entries:   * Merge from debian which includes a small security fix.   * Adjusted Vcs fields to point to pkg-multimedia's git branch. The     package is maintained in the 'jaunty' branch.   * Remaining changes to debian:     - build against libxul-dev instead of iceape-dev     - build against libass-dev and libx264-dev     - build against and install libx264 plugin     - add Xb-Npp header to vlc package     - debian/patches/301_DVD_media.diff: Change %U to %f        in VLC .desktop file, cf LP #275043     - Remove arts from dependencies. (LP: #320915)       - debian/control:         - Remove libarts1-dev from build depends         - Don't build package vlc-plugin-arts         - Remove all notions of vlc-plugin-arts from packages descriptions       - debian/rules:         - Remove --enable-arts from confflags       - Delete debian/vlc-plugin-arts.install       - Delete debian/vlc-plugin-arts.links",1240077177+0200,deb,iceape-dev libx264-dev,https://github.com/omunroe-com/ubtvlc,Multi Media,C,deb,1,0.9,lib_replacement,
96e8fb4f190172385c7d88505f62c0e92483161b,libudev-dev,libselinux1-dev,"Import patches-applied version 0.8.1-4 to applied/debian/sid\n\nImported using git-ubuntu import.\n\nChangelog parent: bc66bc6e8950dfab0813584fe602826de0237aa1 Unapplied parent: 453ef53b3d2417edf7712c2e70fd41dd8baa4b8d\n\nNew changelog entries:   [ Didier Roche ]   * Cherry-pick commit to fix a race condition when canmount=off     (LP: #1837717) (synced from 0.8.1-1ubuntu8).   [ Fabian Grünbichler ]   * cherry-pick compat fix for CONFIG_X86_DEBUG_FPU (Closes: #934282)   [ Mo Zhou ]   * Drop lib{attr,selinux}1-dev from B-D  add lib{aio,udev,elf}-dev to B-D.     (LP: #1837544) (See https://github.com/zfsonlinux/zfs/issues/9036)",1565411013+0000,deb,libselinux1-dev libudev-dev,https://github.com/tobetter/zfs-linux,OS Dev,C,deb,1,0.93,pkg_rule,
96e9b662d3c351cf30d1c09e11fe5ed1bed5ff74,libjsoncpp-dev,mb-libjsoncpp-dev,Updated dependencies to use system jsoncpp,1359406589-0500,deb,mb-libjsoncpp-dev libjsoncpp-dev,https://github.com/flexibity-team/jsonrpc,serializing,C++,deb,1,0.92,pkg_rule,
96f19db14e62517cdd5231195e827b041d5731b6,qtbase5-dev,qt5-default,update debian build parameters\n\n Former-commit-id: 212793fbb22db203b572eb59b4132e11c33624e0 [formerly 68ef3bca3f634a3aa5a818aa17ac9d453a014776] Former-commit-id: eef196ae8d1454012f17c089f1d5899f9fd537a9,1553291395-0400,deb,qt5-default qtbase5-dev,https://github.com/AdrianTM/mx-snapshot,GUI,C++,deb,1,0.96,pkg_rule,
96fa15f14b8585b46c2b29ac542fcc6d9718126f,libglib2.0-dev,libgtk2.0-dev,"- update libxfce4util build-dep to 4.12   - replace Gtk2 by Gtk3, add explicit build-dep on libglib2.0-dev.   - add explicit build-dep on libxfconf-0-dev   - drop xfc4-panel-dev build-dep",1511725385+0000,deb,libgtk2.0-dev libglib2.0-dev,https://salsa.debian.org/xfce-team/desktop/thunar,GUI,C,deb,1,0.92,pkg_rule,
1723d998322984c7ac6c3a14bbb862ce20b60942,libubuntu-application-api-dev,libplatform-api1-dev,Migrate to Platform API v2,1402569700+0000,deb,libplatform-api1-dev libubuntu-application-api-dev,https://github.com/erfanoabdi/qtubuntu-sensors,OS Dev,C++,deb,1,0.9,pkg_rule,
17269cffc4bde2f721c40c18419b74a0cea01aa3,lv2-dev,lv2core,Replace lv2core with lv2-dev in Build-Depends.,1337198241+0200,deb,lv2core lv2-dev,https://salsa.debian.org/multimedia-team/swh-lv2,Multi Media,C,deb,1,0.9,pkg_rule,
172c2c3bff7a2bbeb267387279e480f0bf19ea8e,libncursesw5-dev,libncurses5-dev,Merge pull request #4 from luke-jr/bfgminer\n\nMerge upstream,1517519320-0500,deb,libncurses5-dev libncursesw5-dev,https://github.com/DjSteker/bfgminer,other,C,deb,1,0.97,pkg_rule,
172f52a7c58ac4a06d1ab3c6443d6ab9a8f1d694,libcurl4-gnutls-dev,libcurl4-openssl-dev,Move to 4.3.20 debian packaging again,1423820166+0100,deb,libcurl4-openssl-dev libcurl4-gnutls-dev,https://github.com/Free2021Group/virtualbox,network,C++,deb,1,0.95,pkg_rule,
1738a074471812af917eea1fefacece69fcf514b,libtool-bin,libtool,replace libtool with libtool-bin as a build depend,1505676023+0200,deb,libtool libtool-bin,https://github.com/maemo-leste/osso-bookmark-engine,build,C,deb,1,0.94,pkg_rule,
1741b042b014fc370a4f067d36eac44240461565,libncursesw5-dev,libncurses5-dev,git-debimport readline6_6.2+dfsg-0.1.debian.tar.gz,1392185211+0900,deb,libncurses5-dev libncursesw5-dev,https://github.com/ystk/debian-readline6,other,C,deb,1,0.97,pkg_rule,
175a182d4534783848f8e6e5a569c5c1327d6ea8,cmake,make,Change building dependencies from make to cmake for debian sources,1315083365+0000,deb,make cmake,https://github.com/behollis/brlcad-svn-rev65072-gsoc2015,GUI,C,deb,1,0.9,pkg_rule,
179ec8559fb57151f8cc278ece36f0f827560ea7,ti-pru-cgt-v2.3,ti-pru-cgt-installer,Fix the package name in  oresat-linux-prucam for TI PRU C/C++ Compiler and Assembly Language Tools.,1659645336+0000,deb,ti-pru-cgt-installer ti-pru-cgt-v2.3,https://github.com/oresat/oresat-prucam-ar013x,Multi Media,C,deb,1,0.95,pkg_rule,
17b4acab1097a5f0980dc0fc727d8bbd20df89ff,autoconf,quilt,Debian version 0.15-3\n\ngit-svn-id: svn+ssh://svn.debian.org/svn/debian-science/packages/openturns/trunk@44800 7ca82aff-d165-4cda-a4f1-7f280d66a853,1337113183+0000,deb,quilt autoconf,https://salsa.debian.org/science-team/openturns,build,C++,deb,1,0.96,pkg_rule,
17b586fb8b3b9311e1bfb297ef22d2efcc8c1a50,yelp-tools,gnome-doc-utils,[svn-buildpackage] Tagging cheese 3.16.1-1,1432686673+0000,deb,gnome-doc-utils yelp-tools,https://salsa.debian.org/gnome-team/cheese,documentation,C,deb,1,0.91,pkg_rule,
17c0de6182910cae307e3ca4b95b2bbadc1ef879,kde-workspace-dev,kdebase-workspace-dev,Build-depend on kde-workspace-dev instead of the transitional package kdebase-workspace-dev.,1368735862+0200,deb,kdebase-workspace-dev kde-workspace-dev,https://github.com/netrunner-debian-kde-extras/plasma-widget-fastuserswitch,OS Dev,C++,deb,1,0.9,pkg_rule,
17c861d52c8903bf8aaeadb0c8fab1c5a614b0c2,dh-autoreconf,autoconf,Switch to DH7 + autoreconf add-on.,1282308501+0200,deb,autoconf dh-autoreconf,https://salsa.debian.org/multimedia-team/jack-tools,build,C,deb,1,0.9,pkg_rule,
17ce084b48f40fa5a3b98fb0753bbf8ddc6ac4a5,libudev-dev,libblkid-dev,debian/control: also change bdep from libblkid-dev to libudev-dev,1612473094+0100,deb,libblkid-dev libudev-dev,https://github.com/romanho/mediad,OS Dev,C,deb,1,0.9,pkg_rule,
17d1ec2240251a2c72107415800e613c10938711,default-libmysqlclient-dev,libmysqlclient-dev,Merge remote-tracking branch 'refs/remotes/kamailio/master',1487440860-0500,deb,libmysqlclient-dev default-libmysqlclient-dev,https://github.com/TheGrandWazoo/kamailio,database,C,deb,1,0.97,pkg_rule,
17e575ec64050b5d8c6cb50896f88f58a2d2d919,qtbase5-dev,qt5-default,"adjust control file, change dependency on qt5base-dev",1567540058-0400,deb,qt5-default qtbase5-dev,https://github.com/AdrianTM/mx-packageinstaller,GUI,C++,deb,1,0.85,pkg_rule,
17f74c252f54d274a30260387a41bdb772edaf9c,gfortran,fortran-compiler,Use gfortran instead of fortran-compiler. (Closes: #921786),1549723170+0100,deb,fortran-compiler gfortran,https://salsa.debian.org/science-team/kim-api,computing,C++,deb,1,0.9,pkg_rule,
17f7636189b3d2162b04dc5bb1dbbc6ed31a4507,libgettextpo-dev,gettext,"Build-Depend on libgettextpo-dev instead of just gettext, to accomodate recent changes in gettext.",1370004106+0000,deb,gettext libgettextpo-dev,https://salsa.debian.org/gnome-team/gtranslator,documentation,C,deb,1,0.9,pkg_rule,
9703fa0420a30e4e08cdc0a33c431a455ba23fc8,x11proto-core-dev,x-dev,"Build-depend on x11proto-core-dev rather than x-dev (thanks, Lintian).",1213354540+0000,deb,x-dev x11proto-core-dev,https://salsa.debian.org/debian/groff,GUI,C++,deb,1,0.9,pkg_rule,
9704eb818a603bcf9372a36b4e5234c44ff8b728,qtbase5-dev,qt5-default,"adjust control file, change dependency on qt5base-dev",1567539224-0400,deb,qt5-default qtbase5-dev,https://github.com/AdrianTM/mx-menu-editor,GUI,C++,deb,1,0.85,pkg_rule,
97151c76515eac89d98afc702d1821ff34fc71dc,dh-autoreconf,autotools-dev,Merge tag 'debian/1.13-3'\n\nDebian release 1.13-3,1408557628+0000,deb,autotools-dev dh-autoreconf,https://github.com/pexip/os-libgpg-error,build,C,deb,1,0.97,pkg_rule,
9723dca597b8e0700541fa56bdaefa956944afd0,qttools5-dev-tools,libqt4-dev,Merge pull request #3 from CryptoDev-Project/master\n\nUpgrade FUNC to v1.0.5,1594808284+0100,deb,libqt4-dev qttools5-dev-tools,https://github.com/Function-Coin/FUNC,GUI,C++,deb,1,0.96,pkg_rule,
9723dca597b8e0700541fa56bdaefa956944afd0,qtbase5-dev,libqt4-dev,Merge pull request #3 from CryptoDev-Project/master\n\nUpgrade FUNC to v1.0.5,1594808284+0100,deb,libqt4-dev qtbase5-dev,https://github.com/Function-Coin/FUNC,GUI,C++,deb,1,0.96,pkg_rule,
9723dca597b8e0700541fa56bdaefa956944afd0,qttools5-dev,libqt4-dev,Merge pull request #3 from CryptoDev-Project/master\n\nUpgrade FUNC to v1.0.5,1594808284+0100,deb,libqt4-dev qttools5-dev,https://github.com/Function-Coin/FUNC,GUI,C++,deb,1,0.96,pkg_rule,
9737ea19f71c8c63e82092c0acd6ad8deb86f319,dh-autoreconf,autotools-dev,libmodbus: updated up to commit 349b6dedb933ad7d87bd0832cd410a22fd66d882\n\nUpdated libmodbus up to commit 349b6dedb933ad7d87bd0832cd410a22fd66d882.,1382984556+0100,deb,autotools-dev dh-autoreconf,https://github.com/CRImier/qmodbus,build,C++,deb,1,0.97,pkg_rule,
9742f552c8212fc784239b163d82b99331665450,qtbase5-dev,libqt4-dev,Bring /debian up to current standards,1422667630-0500,deb,libqt4-dev qtbase5-dev,https://github.com/tonyespy/libiodata,GUI,C++,deb,1,0.93,pkg_rule,
974cfe66ba62455c325f8cd63194d4dd56078def,postgresql-all,postgresql-server-dev-all,Debian: Upload for PostgreSQL 13.\n\n* Use dh --with pgxs. * R³: no. * DH 13. * debian/tests: Use 'make' instead of postgresql-server-dev-all.,1603100865+0200,deb,postgresql-server-dev-all postgresql-all,https://github.com/credativ/pg_snakeoil,database,C,deb,1,0.85,pkg_rule,
975236e186ce5d275928e09d2396fa179ac5f702,libqmqtt-dev,libaws-iot-device-sdk-cpp,switch from aws sdk to qmqtt,1535623195+0200,deb,libaws-iot-device-sdk-cpp libqmqtt-dev,https://github.com/Guh/nymea,network,C++,deb,1,0.95,lib_replacement,
001ef330c96f4d72094118cb225cb9519526f188,libcurl,curl,"Fix build on Linux\n\nI was able to compile and run serpapi-search-cpp in Docker. I use Fedora and package names are different. I found them all, but it's more convenient to use existing container for compilation.\n\nThe simplest way to reproduce end-to-end build and run is to execute\n\n```bash env API_KEY=API_KEY docker run --rm -it -e API_KEY --workdir /tmp/serpapi -v $PWD:/tmp/serpapi conanio/gcc10 make install_linux reset all ```\n\nThis will use https://hub.docker.com/layers/conanio/gcc10 image instead of creating our own image for compilation on Linux.",1612187243+0200,meson,curl libcurl,https://github.com/serpapi/serpapi-search-cpp,network,C++,meson,1,0.95,pkg_rule,
809390b3b75a259a704079d0fb4d8f1b5f7fa956,libcjson,cjson,"meson.build: fix reference to libcjson pc file\n\nDebian is using cJSON from github.com/DaveGamble/cJSON, as well as archlinux and homebrew, which is shipping a libcjson.pc file. Only ubuntu is using a different version not including the .pc file.",1649408919+0200,meson,cjson libcjson,https://github.com/Whitehawkx/librist,serializing,C,meson,1,0.95,pkg_rule,
017f4757cfd216777c90beabf6958f2671a3cf9c,libxxhash,xxhash,Merge branch 'dev' into clean-bps-db,1637829013+0530,meson,xxhash libxxhash,https://github.com/rizinorg/rizin,cryptography,C,meson,1,0.97,pkg_rule,
01b6e1cbf28f54793e22cc40affac7fb03511180,gtest,cppunit,test: use GTest instead of cppunit,1539709273+0200,meson,cppunit gtest,https://github.com/0-wiz-0/MPD,testing,C++,meson,1,0.98,lib_replacement,
022b6a8d14cb027fb9d2ca9226b6361a8044fde9,avahi-compat-libdns_sd,libdns_sd,rpiplay wrapper: fix for libdns_sd on Ubuntu,1639824076+0100,meson,libdns_sd avahi-compat-libdns_sd,https://github.com/knuesel/gst-airplay,network,C,meson,1,0.9,pkg_rule,
02ca35a4ff37185bae4cea2da149e5c4fdd5ada8,mbedcrypto,mbedtls,Fix mbedtls dependency and decrypt using AES in ECB mode,1591371269+0200,meson,mbedtls mbedcrypto,https://github.com/dlozeve/cryptopals,cryptography,C,meson,1,0.95,pkg_rule,
820d2a2b3a886ebfe46cd256ba8c320e50fcc5cd,dbus-1,libsystemd,"switch from libsystemd's dbus to dbus-1\n\nThis is purely so that we can do static linking.  Linking against libsystemd makes that a challenge because while it's perfectly simple to do, distros tend not to provide a libsystemd.a.\n\nTools that want to (a) link against liblxc and (b) have a statically linked binary to bind into a minimal container are ill served by this.  So link against libdbus-1.\n\n.github/workflows/build.yml: switch to dbus-1. src/lxc/cgroups/cgfsng.c: replace the unpriv_systemd_create_scope(),    start_scope, and enter_scope() systemd code with dbus-1 code. src/tests/oss-fuzz.sh: update from libsystemd-dev to libdbus-1-dev src/tests/oss-fuzz.sh: disable dbus .github/workflows/*: update from libsystemd-dev to libdbus-1-dev meson.build and meson_options.txt: switch from sd_bus to dbus lxc.spec.in: add dbus-1 to BuildRequires\n\nSigned-off-by: Serge Hallyn <serge@hallyn.com>\n\nChangelog: 03/13: use custom iter type so we can cleanup more easily... Changelog: 03/13: initialize each dbus_iter to { 0 } as mihalicyn suggested.",1678254839-0600,meson,libsystemd dbus-1,https://github.com/lxc/lxc,OS Dev,C,meson,1,0.97,lib_replacement,Usability
0327a0e569e4c2cae0f5d2e57bfe2489355a7a98,liblzma,lzma,Add liblzma subproject,1656434912+0200,meson,lzma liblzma,https://github.com/rizinorg/rizin,File Handling,C,meson,1,0.95,pkg_rule,
0378cb4a657042ce5321f1d9728cff31e55bede6,gcr-4,gcr-base-3,build-sys: update to GCR 4,1660373639+0200,meson,gcr-base-3 gcr-4,https://github.com/Keruspe/GPaste,OS Dev,C,meson,1,0.9,pkg_rule,
83e5d986d2172b8c619b34e26ed5ce539b7eaa15,arrow-cuda,arrow-gpu,Merge branch 'js-data-refactor' of https://github.com/trxcllnt/arrow into js-data-refactor-builders,1544716284-0600,meson,arrow-gpu arrow-cuda,https://github.com/jlubea/arrow,computing,C++,meson,1,0.95,pkg_rule,
84474398f6e59266b73170838219aa896729ce93,libportal-gtk3,libportal,Port to libportal 0.5\n\nThis was an API breaking release that requires minor changes.,1640292710-0600,meson,libportal libportal-gtk3,https://github.com/GNOME/epiphany,network,C,meson,1,0.85,pkg_rule,
84d61695ca9824b37520bba27f0d1b0370ef8203,freetype2,sdl2_ttf,Made a custom font rendering engine\n\n	It's based on freetype2 and harfbuzz,1628634684+0200,meson,sdl2_ttf freetype2,https://github.com/DevilishSpirits/arcollect,GUI,C++,meson,1,0.75,lib_replacement,
058b9814c0c99717ac158e76fda457478854c276,xxf86vm,xf86vm,libXau xserver mesa putty git update Oct 23 2017\n\nxserver          commit 8d7f7e24261e68459e6f0a865e243473f65fe7ad libXau           commit 987fee49dc1750082cfe6e24833379233777a13b mesa             commit c07d719e8b683e1bf78f187dd17fe4716f4e5e9c putty            commit 0a0a1c01d7cc6ca750d39f43b902e86987c5d376,1508742788+0200,meson,xf86vm xxf86vm,https://github.com/Martin1994/vcxsrv-wsl,GUI,C,meson,1,0.95,pkg_rule,
06f3100b17b345ced3234a199da413ac57a050c0,appstream,appstream-glib,"meson: Adjust dependency for AppStream, replacing appstream-glib",1612910313+0100,meson,appstream-glib appstream,https://github.com/FieryMewtwo/gnome-software,GUI,C,meson,1,0.95,lib_replacement,
861a78634fd2410e6cb6d69d1e55c9a3ba5d7f70,webrtc-audio-processing,webrtcvad,Use the standard build of webrtc audio processing to get VAD\n\nWe don't need a custom build if we already depend on the shared library through PulseAudio. This simplifies the build and will make automated toolking like LGTM happier.,1632439106-0700,meson,webrtcvad webrtc-audio-processing,https://github.com/stanford-oval/genie-client,Multi Media,C++,meson,1,0.8,lib_replacement,Simplification
0805564f618f209324535f3cb5d1af6fe32f94f5,fmt,absl,"use gflags and fmt instead of absl, some updates for Pi",1634863803-0700,meson,absl fmt,https://github.com/egnor/pivid,Multi Media,C++,meson,1,0.85,lib_replacement,
0805564f618f209324535f3cb5d1af6fe32f94f5,gflags,absl,"use gflags and fmt instead of absl, some updates for Pi",1634863803-0700,meson,absl gflags,https://github.com/egnor/pivid,Command Line,C++,meson,1,0.85,lib_replacement,
881c6c83e6eb60b1aaabd2110b789acabc59a760,arrow-cuda,arrow-gpu,Merge pull request #1 from apache/master\n\nBring master up to date.,1544327068-0500,meson,arrow-gpu arrow-cuda,https://github.com/apache/arrow,computing,C++,meson,1,0.95,pkg_rule,
096cafa403c1d9515f639152214efb55f5638748,aten,th,"Convert TH dependency to ATen dependency, following PyTorch.",1513565137-0500,meson,th aten,https://github.com/dukebw/reimagined-octo-tribble,other,C,meson,1,0.9,lib_replacement,Organization
89555be761117c1490750518f8eee110e3bcebba,cli11,clipp,Add CLI11,1622671832+0300,meson,clipp cli11,https://github.com/coffee-lord/angonoka,Command Line,C++,meson,1,0.5,lib_replacement,
898e06c957096009f0470c1bb9441ecb1915745f,arrow-cuda,arrow-gpu,ARROW-3209: [C++] Rename libarrow_gpu to libarrow_cuda\n\nAlso rename the arrow::gpu namespace to arrow::cuda.\n\nAuthor: Kouhei Sutou <kou@clear-code.com> Author: Antoine Pitrou <antoine@python.org>\n\nCloses #3088 from pitrou/ARROW-3209-rename-arrow-gpu-to-cuda and squashes the following commits:\n\nd16eb713 <Kouhei Sutou>  Support arrow-cuda.pc in build directory 32381216 <Kouhei Sutou>  Fix path 219ffa28 <Kouhei Sutou>  Rename GPU to CUDA f8683cac <Kouhei Sutou>  Rename GPU to CUDA c4f7f381 <Kouhei Sutou>  Rename red-arrow-gpu to red-arrow-cuda 267de1b8 <Kouhei Sutou>  Rename libarrow-gpu-glib to libarrow-cuda-glib 9687346a <Antoine Pitrou> ARROW-3209:  Rename libarrow_gpu to libarrow_cuda,1544066781+0900,meson,arrow-gpu arrow-cuda,https://github.com/0x0l/arrow,computing,C++,meson,1,0.95,pkg_rule,
0a9bea777a8b9e5a3e8f62cddf65ae0eb6a29cab,gcr-4,gcr-base-3,build-sys: update to GCR 4,1660373639+0200,meson,gcr-base-3 gcr-4,https://github.com/Keruspe/GPaste,OS Dev,C,meson,1,0.9,pkg_rule,
0ae00bff20d1939dfdd51a049e7e07b99ff16bd6,malcontent-0,eos-parental-controls-0,Merge pull request #176 from endlessm/uajain/migrate-to-malcontent\n\nparental-controls: Migrate to malcontent,1560433827+0530,meson,eos-parental-controls-0 malcontent-0,https://github.com/endlessm/gnome-control-center,OS Dev,C,meson,1,0.5,lib_replacement,
0ae00bff20d1939dfdd51a049e7e07b99ff16bd6,malcontent-0,eos-parental-controls-0,Merge pull request #176 from endlessm/uajain/migrate-to-malcontent\n\nparental-controls: Migrate to malcontent,1560433827+0530,meson,eos-parental-controls-0 malcontent-0,https://github.com/endlessm/gnome-control-center,OS Dev,C,meson,1,0.5,lib_replacement,
0ba2a3a19135872a41ae24d4b58a2f93134c1974,gi-docgen,gtk-doc,"Generate GTK API reference(s) with gi-docgen\n\nStop using gtk-doc, and switch to gi-docgen.\n\nThe gi-docgen tool generates API references through the introspection data, which has various benefits:\n\n - it does not parse C code  - it does not generate and run C code to introspect types at build time  - it does not present a different API from the one we're exporting\n\nAdditionally, gi-docgen:\n\n - does not generate DocBook XML in order to generate HTML  - does not go through xsltproc  - parses proper Markdown\n\nWhich makes it markedly faster than gtk-doc has ever been.",1612964513+0000,meson,gtk-doc gi-docgen,https://github.com/alan-love/gtk,documentation,C,meson,1,0.95,lib_replacement,Functionality
8b3d48010d88b974d17e73f053438763e666106b,libconfini-d,libconfini,"meson: depend on libconfini-d\n\nWe need it for the d imports, since libconfini-d requires libconfini (the c lib) we don't need to depend on it.",1577962953+0100,meson,libconfini libconfini-d,https://github.com/DanySpin97/tt,serializing,C++,meson,1,0.9,pkg_rule,
8e39c18e85ca324447fc5fb7f26adf5a7ea94e09,libadwaita-1,libhandy-1,"Migrate to GTK4+libadwaita, use md2gtktextbuf",1619771444+0200,meson,libhandy-1 libadwaita-1,https://github.com/johan-bjareholt/simple-diary-gtk,GUI,C,meson,1,0.9,lib_replacement,Integration
0f3f3907c38e5215d8801151fd9dc5cb01881799,fmt_inc,fmt,"Fixed fmt double define linker warning\n\nThe reason we had a linker warning was the linking of spdlog -> fmt and Acorn -> fmt, spdlog. In order to fix this, I converted fmt to only provide its headers to Acorn.",1645538215+0100,meson,fmt fmt_inc,https://github.com/IcyTv/Acorn,logging,C++,meson,1,0.85,pkg_rule,
8fce3bd3247b05b18c6b6c67c06af66274b7d829,gtest_main,gtest,Remove implicit directory layout assumption\n\n* Also update GTest WrapDB entry,1502958191+0200,meson,gtest gtest_main,https://github.com/PacificBiosciences/pbcopper,testing,C++,meson,1,0.9,pkg_rule,
902d70988e420e92caa7fc635ce1b0609e79539d,ncursesw,ncurses,Import Upstream version 0.3.33,1629272519+0000,meson,ncurses ncursesw,https://github.com/atari-vcs/pipewire,other,C,meson,1,0.9,pkg_rule,
909d9fdd21bf828e3ea7d7fe64a0d37b2e3a52cb,openssl,libgcrypt,clearkey: Switch from gcrypt to openssl,1640464822+0100,meson,libgcrypt openssl,https://github.com/sparkle-cdm/sparkle-cdm,cryptography,C++,meson,1,0.95,lib_replacement,
119d4a57670d701af1b9823a57d1ba9e0c93e016,simdjson,nlohmann_json,🔥 use simdjson instead of nlohmannjson,1640955174+0400,meson,nlohmann_json simdjson,https://github.com/CachyOS/New-Cli-Installer,serializing,C++,meson,1,0.95,lib_replacement,
13c02b8793b32b44f7fa37d1ea90b9649c7bd6b8,libnewt,ncurses,Use libnewt instead of plain curses,1528495383+0200,meson,ncurses libnewt,https://github.com/saivert/ddb_gui_console,other,C,meson,1,0.9,lib_replacement,
13f2be72b3d8d0c1a36e2dd88b13f078d26fa755,sysrepo-cpp,libsysrepo-cpp,Update sysrepo and libyang\n\nThis fixes soem crashing issues.,1580979304+0100,meson,libsysrepo-cpp sysrepo-cpp,https://github.com/PowerDNS/pdns-sysrepo,network,C++,meson,1,0.8,pkg_rule,
94610c742dfdf13c12d6ca959c8bf5ce946702f3,doctest,gtest,Add parameterized string parser support,1512360967+0530,meson,gtest doctest,https://github.com/agauniyal/termdb,testing,C++,meson,1,0.9,pkg_rule,
9495e1759a534893aa7d9fc27cd28c1a948e8468,curses,ncurses,Change 'ncurses' dependency to newer 'curses'\n\nThis allow Meson to find '(n)curses' in msys2,1632536879+1200,meson,ncurses curses,https://github.com/dreamer/dosbox-staging,other,C++,meson,1,0.85,pkg_rule,
1569b3ba09bc51548d8b29d04b45fe0076414889,gnuradio-runtime,newsched-runtime,global: more newsched --> gnuradio\n\nSigned-off-by: Josh Morman <jmorman@gnuradio.org>,1648480114-0400,meson,newsched-runtime gnuradio-runtime,https://github.com/mormj/newsched,Multi Media,C++,meson,1,0.9,pkg_rule,
15b60b889d64ec83a86d972a36ccb655d5a7191d,xxf86vm,xf86vm,Merge /home/kevin/intel/mesa,1508741105+0300,meson,xf86vm xxf86vm,https://github.com/krogueintel/asem,GUI,C,meson,1,0.95,pkg_rule,
950780cc3a157a9542a6c8916ff5e29820f045bc,libturbojpeg,libjpeg-turbo,Merge with upstream master.,1590065562+0200,meson,libjpeg-turbo libturbojpeg,https://github.com/wingtk/gvsbuild,Multi Media,C++,meson,1,0.95,pkg_rule,
95bb615ae07f370946a8f99e4d034abde1716abc,malcontent-0,eos-parental-controls-0,"parental-controls: Migrate to malcontent\n\neos-parental-controls is renamed to malcontent for upstreaming purposes hence, we should move to libmalcontent so that it can be dropped from Endless package-management system as well.\n\nThis commit does not introduce any functional changes. In the next rebase cycle, this commit can be squashed with the commit where the parental controls is introduced (c315ab1ed).\n\nhttps://phabricator.endlessm.com/T26995",1560225093+0530,meson,eos-parental-controls-0 malcontent-0,https://github.com/endlessm/gnome-control-center,OS Dev,C,meson,1,0.95,pkg_rule,
95bb615ae07f370946a8f99e4d034abde1716abc,malcontent-0,eos-parental-controls-0,"parental-controls: Migrate to malcontent\n\neos-parental-controls is renamed to malcontent for upstreaming purposes hence, we should move to libmalcontent so that it can be dropped from Endless package-management system as well.\n\nThis commit does not introduce any functional changes. In the next rebase cycle, this commit can be squashed with the commit where the parental controls is introduced (c315ab1ed).\n\nhttps://phabricator.endlessm.com/T26995",1560225093+0530,meson,eos-parental-controls-0 malcontent-0,https://github.com/endlessm/gnome-control-center,OS Dev,C,meson,1,0.95,pkg_rule,
1691801d77aa95925a6ef0a387d679e7bdd57190,libxxhash,xxhash,Merge branch 'dev' into remove-git-dirs-from-dist,1639381665+0100,meson,xxhash libxxhash,https://github.com/rizinorg/rizin,cryptography,C,meson,1,0.95,pkg_rule,
9610f7a39a206e8e7703e9fb94b8c326cd3e1c30,appstream,appstream-glib,New upstream version 40.4,1631465649+0200,meson,appstream-glib appstream,https://github.com/endlessm/gnome-software,GUI,C,meson,1,0.85,pkg_rule,
9647fb692138f1df54e12f2c90a8333cc1491dbf,libadwaita-1,libhandy-1,Port to GTK4,1616701202+0100,meson,libhandy-1 libadwaita-1,https://github.com/linspector/rogerrouter,GUI,C,meson,1,0.95,lib_replacement,
9682dad06a32dcf19086b0ffdcfb2a8da159c72f,libtcmalloc_minimal,libtcmalloc,"add more info to project\n\nalso, use tcmalloc_minimal, since we dont use the heap profiler and checker (Valgrind already gets our back there with the default malloc)",1637519470+0100,meson,libtcmalloc libtcmalloc_minimal,https://github.com/DyXel/Multirole,network,C++,meson,1,0.9,pkg_rule,
17661a28b5242a23d69bb7d10d500fe5f815363f,sysrepo-cpp,libsysrepo-cpp,Merge pull request #27 from pieterlexis/slave-zone-status\n\nAdd zone slaving into <operational>,1581594417+0100,meson,libsysrepo-cpp sysrepo-cpp,https://github.com/PowerDNS/pdns-sysrepo,network,C++,meson,1,0.95,pkg_rule,
97172caf0b8d757fbb162deda421fad3aa905fb9,pcap,libpcap,Update upstream source from tag 'upstream/7.5.0'\n\nUpdate to upstream version '7.5.0' with Debian dir a825446b7a3f04924223618000cf6cdd87e488a7,1625324872+0200,meson,libpcap pcap,https://github.com/andreabolognani/debian-libvirt,Multi Media,C,meson,1,0.9,pkg_rule,
972bf6f9f3db70d3c75194fa789eab861f7359b0,unit-system-common,unit-system-full,using unit-system-common instead of unit-system-full,1620821830+0200,meson,unit-system-full unit-system-common,https://github.com/noah1510/libtrainsim,computing,C++,meson,1,0.85,pkg_rule,
97dcf80aed8be081e219745dda544463437203da,pcap,libpcap,Fix finding pcap dependency,1614880001+1100,meson,libpcap pcap,https://github.com/dreamer/dosbox-staging,Multi Media,C++,meson,1,0.85,pkg_rule,
189bcc88d5c69753414a62b04067f18c9ce7dc80,gcr-base-3,gcr-4,"Revert ""build-sys: update to GCR 4""\n\nThis reverts commit 0378cb4a657042ce5321f1d9728cff31e55bede6.\n\ngcr-4 is not yet stable for gnome 43",1664284057+0200,meson,gcr-4 gcr-base-3,https://github.com/Keruspe/GPaste,OS Dev,C,meson,1,0.9,pkg_rule,
18b6a3302503b5b0aa7740880cc919f8dc6561f2,sdl2,glfw3,Big renderer refactor + switch to SDL2,1533624838-0300,meson,glfw3 sdl2,https://github.com/felipeagc/vkf,GUI,C++,meson,1,0.85,lib_replacement,
191e37c1809cc13098a5ef8f4bd59c321136e6c7,gtest_main,gtest,[misc] meson: use gtest pkgconfig recommendations\n\ngtest -> gtest_main https://github.com/google/googletest/blob/master/googletest/docs/Pkgconfig.md#meson,1541338931+0100,meson,gtest gtest_main,https://github.com/netorcai/netorcai-client-cpp,testing,C++,meson,1,0.95,pkg_rule,
99f5ac40db9a2f702f2d1edd39d08abaa332513d,glesv2,gl,meson: gl: add support for building with dispmanx on the rpi,1476853918+1100,meson,gl glesv2,https://github.com/Bmixo/gstreamer-opensource-LGPL,GUI,C,meson,1,0.9,pkg_rule,
1a07ce0b72bddf3d603a747697390bba15c6f198,libconfini-d,libconfini,"meson: depend on libconfini-d\n\nWe need it for the d imports, since libconfini-d requires libconfini (the c lib) we don't need to depend on it.",1577962953+0100,meson,libconfini libconfini-d,https://github.com/DanySpin97/tt,serializing,C++,meson,1,0.9,pkg_rule,
1a6df920506a86dc719f43d38cd3db06c2a6effc,libkanberra-ctk3,libkanberra-gtk3,rename kanberra-gtk -> kanberra-ctk,1669469250+0100,meson,libkanberra-gtk3 libkanberra-ctk3,https://github.com/cafe-desktop/croma,GUI,C,meson,1,1.0,pkg_rule,
9b3ca7f6b107c10b311e26925532b95c9c7673df,gi-docgen,gtk-doc,Merge branch 'ebassi/gidocgen' into 'master'\n\nMove API reference to gi-docgen\n\nSee merge request GNOME/gtk!3222,1615482717+0000,meson,gtk-doc gi-docgen,https://github.com/alan-love/gtk,documentation,C,meson,1,1.0,lib_replacement,
1c129aa778771d86fd9192052230490de518da4c,libxxhash,xxhash,build: Fix dependencies names which are called libmagic and libxxhash,1637745149+0100,meson,xxhash libxxhash,https://github.com/rizinorg/rizin,cryptography,C,meson,1,0.9,pkg_rule,
1c443e00c80c173e0546dd7a73f603ec1769ce49,zwin-protocols,zigen-protocols,Merge pull request #19 from watasuke102/bye-zigen\n\nreplace zigen -> zwin,1673670745+0900,meson,zigen-protocols zwin-protocols,https://github.com/zwin-project/zukou,GUI,C++,meson,1,0.9,pkg_rule,
1ceac9eb4c54456521600f7680fa103136d16817,arrow-cuda,arrow-gpu,Merge branch 'master' into jdbc-column-metadata,1544327107-0500,meson,arrow-gpu arrow-cuda,https://github.com/apache/arrow,computing,C++,meson,1,1.0,pkg_rule,
9c44e542eb7a0452bc545dcd5e5958d6388b7ce1,util,libutil,Refactored a lot of stuff\n\nI also moved the linkedlist project to util\n\nSigned-off-by: zzApotheosis <zzApotheosis@gmail.com>,1621556212-0500,meson,libutil util,https://github.com/zzApotheosis/Personal-Projects,network,C,meson,1,1.0,pkg_rule,
9cdf37f1b151293749117538287e7a68aa4fe6fe,cli11,absl_flags_parse,move from absl to cli11,1636155044-0700,meson,absl_flags_parse cli11,https://github.com/egnor/pivid,Command Line,C++,meson,1,1.0,lib_replacement,
9cdf37f1b151293749117538287e7a68aa4fe6fe,cli11,absl_flags,move from absl to cli11,1636155044-0700,meson,absl_flags cli11,https://github.com/egnor/pivid,Command Line,C++,meson,1,1.0,lib_replacement,
1dccba1a51791db7f367f0b04d0a04bf480188bc,liblzma,lzma,Add enable_lz4 build option and fix lzma dependency,1543464340+0700,meson,lzma liblzma,https://github.com/facebook/zstd,File Handling,C,meson,1,0.85,pkg_rule,
1df37a341e4eef9f7c2281c92e63cbb828d220be,ncursesw,ncurses,Update upstream source from tag 'upstream/0.3.25'\n\nUpdate to upstream version '0.3.25' with Debian dir 0acc83e7c5e8511f5a1413d1016aec5c9f4729c8,1617996391+0200,meson,ncurses ncursesw,https://salsa.debian.org/utopia-team/pipewire,other,C,meson,1,0.95,pkg_rule,
1e17a6b07bad59e4e873e99be026144174162ffb,libadwaita-1,libhandy-1,More changes,1654813585-0700,meson,libhandy-1 libadwaita-1,https://github.com/ADBeveridge/raider,GUI,C,meson,1,0.5,lib_replacement,
9ecf9a655013c48d3097f8809426e8f28f0ea75f,stb,vips-cpp,Update upstream-main to output generated at d6f46af,1612813464+0000,meson,vips-cpp stb,https://github.com/noah1510/redhand,Multi Media,C++,meson,1,1.0,pkg_rule,
9ecf9a655013c48d3097f8809426e8f28f0ea75f,stb,vips,Update upstream-main to output generated at d6f46af,1612813464+0000,meson,vips stb,https://github.com/noah1510/redhand,Multi Media,C++,meson,1,1.0,pkg_rule,
9ed1fffdd4934f066093d4191cbb3f7762803870,mgp123,mpg123,change the way mpg123 and libflac work: - no a macro decides at compile time which asset (mp3 or flac) to choose - dont build mpg123 in situation were it can't be built (atm),1682383852+0200,meson,mpg123 mgp123,https://github.com/mgerhold/oopetris,Multi Media,C++,meson,1,1.0,pkg_rule,
9fa1a331581b9495ab1a4f8f0f7909ed239dbbd9,luajit,lua,Merge pull request #11 from Jcdiem/SFML\n\nUse SFML as rendering library,1622390402-0500,meson,lua luajit,https://github.com/Jcdiem/Project2D,GUI,C++,meson,1,1.0,pkg_rule,
216122f5d7c85d5520915e06b11e6667c6f90309,doctest,catch2,"Fixed doctest cmake file, addressed false positive warning w/ gcc",1627869879-0400,meson,catch2 doctest,https://github.com/jharmer95/rpc.hpp,testing,C++,meson,1,0.5,lib_replacement,
21b4e5ffe688718b63d66c1c45b9657cfdfcee53,gexiv2,libexif,all: Replace libexif with gexiv2,1518031091+0100,meson,libexif gexiv2,https://github.com/GNOME/eog,Multi Media,C,meson,1,1.0,lib_replacement,
22381d8643da29f117171c384adf6b520ddfd5cf,libcanberra,libcanberra-gtk3,"build: Make libcanberra no longer optional\n\nThis is not the case anymore with MetaSound in place, and also important to get keyboard bell right.",1545087123+0100,meson,libcanberra-gtk3 libcanberra,https://github.com/GNOME/mutter,OS Dev,C,meson,1,0.8,pkg_rule,
2262f7067c5cf01527afb5d958b58b6af2253484,freetype2,sdl2_ttf,"Use FreeType2 instead of SDL_ttf\n\nSDL_ttf isn't really designed to be used with OpenGL. It caches glyph bitmaps in memory, whereas we want to cache glyph textures on the GPU. By using FreeType directly we avoid creating and destroying a new texture every time a glyph is rendered.\n\nAdditionally, all glyph textures (including fnl-derived glyphs) now use the GL_RED internal format instead of GL_RGBA.",1652051485-0700,meson,sdl2_ttf freetype2,https://github.com/nunuhara/xsystem4,GUI,C,meson,1,1.0,lib_replacement,Functionality
22c7f745178d47cf1d967e6951330d3a677705fa,sdl2,glfw3,start work on new opengl frontend,1572581093-0400,meson,glfw3 sdl2,https://github.com/Pizzabelly/cetris,GUI,C,meson,1,0.85,pkg_rule,
22d2212ae9539aa4082211e2f8e7a85e8c887d06,libxxhash,xxhash,Merge branch 'dev' into c-port,1637829377+0530,meson,xxhash libxxhash,https://github.com/rizinorg/rizin,cryptography,C,meson,1,1.0,pkg_rule,
a23ba2b4af94ed0c48c6061fc5737d626031eb31,libadwaita-1,libhandy-1,"After a little under seven months, Pidgin 3 is officially a GTK4 application!",1661743126-0500,meson,libhandy-1 libadwaita-1,https://github.com/stcbus/pidgin,GUI,C,meson,1,0.75,pkg_rule,
a23beb8283999ff42e4c8d642d2da5cc74dd279c,sdl_image,sdl-image,Solve FIXME by using the pkg-config name of SDL_image\n\nSigned-off-by: Marcos Paulo de Souza <marcos.souza.org@gmail.com>,1503677399-0300,meson,sdl-image sdl_image,https://github.com/marcosps/v4l2_webcam,Multi Media,C,meson,1,0.95,pkg_rule,
a24d79320dc6a5b0c85ef992f7654896450b6a29,glew,epoxy,"Revert ""change glew to epoxy""\n\nThis reverts commit 27aa821ff05e3a522a161502b1444192004126ba.",1575365177+0100,meson,epoxy glew,https://github.com/gig2/OpenGLMeshRender,GUI,C++,meson,1,0.9,lib_replacement,
237fab48911ab3e5c786d8117e49cc34e0227adc,curses,ncurses,Merge remote-tracking branch 'upstream/main',1638489738-0800,meson,ncurses curses,https://github.com/joncampbell123/dosbox-staging,other,C++,meson,1,1.0,pkg_rule,
23c413d8c072bea667d36335463440e5653d8b49,liblzma,lzma,Merge branch 'dev' into convert_apis3,1656869233+0800,meson,lzma liblzma,https://github.com/rizinorg/rizin,File Handling,C,meson,1,1.0,pkg_rule,
244a982f2e4c131a10889f836e6f5db156cd4b3f,glbinding,glew,Migrate project from GLEW to glbinding,1636286212+0200,meson,glew glbinding,https://github.com/Red1C3/the-ancient-tri,GUI,C++,meson,1,1.0,lib_replacement,
a4245d44b66f52d2cd1038f9313fd5d8d6c4abc3,glew,epoxy,"Revert ""change glew to epoxy""\n\nThis reverts commit dfabc91f565e358da690b47984c5fb535361367b.",1575365469+0100,meson,epoxy glew,https://github.com/gig2/OpenGLShader,GUI,C++,meson,1,0.9,lib_replacement,
257f2e7c664cb5ac03d600943408bbafc123ea20,libadwaita-1,libhandy-1,Use libadwaita and gtk4 in C files,1633904638+0200,meson,libhandy-1 libadwaita-1,https://github.com/GNOME/gnome-logs,GUI,C,meson,1,0.9,lib_replacement,
267de1b87c197b246191d0697be132211c236f79,arrow-cuda,arrow-gpu,[GLib] Rename libarrow-gpu-glib to libarrow-cuda-glib,1543997074+0900,meson,arrow-gpu arrow-cuda,https://github.com/apache/arrow,computing,C++,meson,1,1.0,pkg_rule,
2683a155d55e10155a6b279a5d4cdf7dea8c4a8f,libadwaita-1,libhandy-1,Port to GTK4,1616701202+0100,meson,libhandy-1 libadwaita-1,https://github.com/linspector/rogerrouter,GUI,C,meson,1,0.95,lib_replacement,Integration
27aa821ff05e3a522a161502b1444192004126ba,epoxy,glew,change glew to epoxy,1575198205+0100,meson,glew epoxy,https://github.com/gig2/OpenGLMeshRender,GUI,C++,meson,1,1.0,lib_replacement,
a70891c32b041dabe0001fe0e34d25b2e9a2b14b,libadwaita-1,libhandy-1,"Port to GTK4\n\nLeave out a few things for now:  - Location entry suggestions don't scroll:    needs https://gitlab.gnome.org/GNOME/gtk/-/merge_requests/4476\n\n - Previewing reader mode fonts in appearance settings    This is very hard to implement with the new API\n\n - If the cursor is positioned where the suggestions popover    will appear, when it does so the hovered item will be    selected. That shouldn't happen.",1638170458+0500,meson,libhandy-1 libadwaita-1,https://github.com/GNOME/epiphany,GUI,C,meson,1,0.5,lib_replacement,
a7550a61942f7715ac6c8a7a7d39b439d147fd4d,gsound,libcanberra-gtk3,Merge remote-tracking branch 'origin/debian/unstable' into debian/unstable,1623684742+0100,meson,libcanberra-gtk3 gsound,https://salsa.debian.org/gnome-team/gnome-control-center,Multi Media,C,meson,1,1.0,pkg_rule,
2809ed3abbfaaf825fed0c5a73274df90f369f81,libadwaita-1,libhandy-1,Depend on GTK4 and libadwaita\n\nThis breaks the build. Next commits will port each widget to GTK4.,1641840501-0300,meson,libhandy-1 libadwaita-1,https://github.com/GNOME/gnome-calendar,GUI,C,meson,1,0.85,lib_replacement,Integration
28b9094c2edac84c2321ed18579ee07d025e6ceb,libcanberra,libcanberra-gtk3,"build: Make libcanberra no longer optional\n\nThis is not the case anymore with MetaSound in place, and also important to get keyboard bell right.",1545087123+0100,meson,libcanberra-gtk3 libcanberra,https://github.com/GNOME/mutter,OS Dev,C,meson,1,0.8,pkg_rule,
28dd2808000bba6c0228fc4eacda09163d23baf5,x11,x11-xcb,qthotkey: Let Meson check for x11 instead of x11-xcb\n\n'x11' is found on Ubuntu and requires 'xcb' and 'xproto' in the pkgconfig file. This allows to build qthotkey in our Ubuntu CI builds again.\n\nFollow-up for commit cbbd7743f7.,1678738934+0100,meson,x11-xcb x11,https://github.com/audacious-media-player/audacious-plugins,Multi Media,C++,meson,1,0.9,pkg_rule,
29a0c31276963bdbb13ed458e45b34b8ff797c23,rapidjson,jsoncpp,"Add Animation, switch to RapidJSON",1610541177+0100,meson,jsoncpp rapidjson,https://github.com/N00byKing/wooting-csgo-rgb,serializing,C++,meson,1,1.0,lib_replacement,
2a5038d715fbeb2dfacac648ac923e3ad42f6d42,gi-docgen,gtk-doc,Update upstream source from tag 'upstream/4.3.1'\n\nUpdate to upstream version '4.3.1' with Debian dir cb23b2105e2426a9b4633eea7fb30821191ae295,1625677939+0200,meson,gtk-doc gi-docgen,https://github.com/pop-os/gtk4,documentation,C,meson,1,0.9,pkg_rule,
2a7b437b09b692423011f48cdb22cb880357aeba,cxxshim-coroutine-std,cxxshim-coroutine-clang,meta: replace <experimental/coroutines> with <coroutines>,1655035717+0200,meson,cxxshim-coroutine-clang cxxshim-coroutine-std,https://github.com/managarm/managarm,OS Dev,C++,meson,1,0.9,pkg_rule,
aa8966bd3df15c21204f1bb1d03775ad48eb73df,mgp123,mpg123,change the way mpg123 and libflac work: - no a macro decides at compile time which asset (mp3 or flac) to choose - dont build mpg123 in situation were it can't be built (atm),1682383852+0200,meson,mpg123 mgp123,https://github.com/mgerhold/oopetris,Multi Media,C++,meson,1,1.0,pkg_rule,
2b4ea0471b66400d5d327275c9b1de5a841e8d57,zwin-protocols,zigen-protocols,rename zigen -> zwin,1673663086+0900,meson,zigen-protocols zwin-protocols,https://github.com/zwin-project/zukou,GUI,C++,meson,1,0.95,pkg_rule,
2b63692defbc581b47ef0b8ebfbfacbf9b8ad592,mbedcrypto,mbedtls,Use cmake subprojects,1621013148+0200,meson,mbedtls mbedcrypto,https://github.com/averne/Fuse-Nx,cryptography,C++,meson,1,0.85,pkg_rule,
2bacdd6f9fd1740d8548531966a57eda458fe0ab,libadwaita-1,libhandy-1,"After a little under seven months, Pidgin 3 is officially a GTK4 application!",1661743126-0500,meson,libhandy-1 libadwaita-1,https://github.com/cacticouncil/pidgin,GUI,C,meson,1,0.75,pkg_rule,
2bf5d2dfcdf298f3463e01efe5da60fb31203e34,ncursesw,ncurses,Merge branch 'debian/experimental' into debian/master,1629105980+0200,meson,ncurses ncursesw,https://salsa.debian.org/utopia-team/pipewire,other,C,meson,1,0.9,pkg_rule,
2c0177aba556085ff9e716b2bf440fe0d48ee44c,libkeyutils,keyutils,"meson: Fix keyutils pkg-config name\n\nKeyutils includes a .pc file as mentioned in commit 141f8bc244, however its name was wrongly changed from 'libkeyutils' during the meson port",1598584756+0200,meson,keyutils libkeyutils,https://github.com/GNOME/gdm,OS Dev,C,meson,1,0.95,pkg_rule,
2cfc8d67ba5e8c0ed8a94217926a1300a7607aa1,cxxopts,boost,Replace boost program_optinos with cxxopts header only library,1645008243+0100,meson,boost cxxopts,https://github.com/cdemoulins/pamixer,Command Line,C++,meson,1,0.98,lib_replacement,
adfe4b039c6394cb228b4d1aa59e357b6c893cb7,arrow-cuda,arrow-gpu,merge from master and fix conflicts,1544410048-0700,meson,arrow-gpu arrow-cuda,https://github.com/apache/arrow,computing,C++,meson,1,0.9,pkg_rule,
2e2f0f831d9aea51a2e611a29444bf54d946af64,libadwaita-1,libhandy-1,Merge branch 'gbsneto/gtk4' into 'main'\n\nGTK4\n\nSee merge request GNOME/gnome-software!944,1633465952+0000,meson,libhandy-1 libadwaita-1,https://github.com/FieryMewtwo/gnome-software,GUI,C,meson,1,0.8,pkg_rule,
2e3469d45b88c05a2bb2757978ec4e3e299eaa59,ncursesw,ncurses,Merge updates from debian/experimental,1618497614+0000,meson,ncurses ncursesw,https://github.com/atari-vcs/pipewire,other,C,meson,1,0.9,pkg_rule,
2f1e39818e54da7cd738ce720caf6d1a1e7a5157,liblzma,lzma,Add liblzma subproject,1656434912+0200,meson,lzma liblzma,https://github.com/rizinorg/rizin,File Handling,C,meson,1,0.95,pkg_rule,
30fcca26780b49b488d1a70eee8974eebb78aed3,nlohmann_json,rapidjson,"[misc] rapidjson -> nlohmann_json\n\nRationale. - Prefer usability/maintainability over raw performances.\n\nRapidJSON optimizes the memory usage and the objects cannot be copied directly. This means that using RapidJSON in our case implies non-trivial memory management techniques, which is not desired.\n\nMore generally, the RapidJSON API is designed to allow good performance, not to be easy-to-use. I think that the netorcai-client-cpp project does not need critical performance, and that focusing on its maintainability would be more adequate.",1541641239+0100,meson,rapidjson nlohmann_json,https://github.com/netorcai/netorcai-client-cpp,serializing,C++,meson,1,0.99,lib_replacement,Usability
31569e15cff029cdb632eebd2b5a930ac38e030a,libadwaita-1,libhandy-1,"Replace libhandy with libadwaita\n\nThis actually fixes a ton of errors as libhandy requires gtk3, so we ended up with a ton of symbols being redefined and all that. So with this change, that all goes away.\n\nTesting Done: Compiled and verified that there was no mention of `handy`, `hdy`, `Hdy`, or `HDY` in the output.\n\nReviewed at https://reviews.imfreedom.org/r/1294/",1644547273-0600,meson,libhandy-1 libadwaita-1,https://github.com/cacticouncil/pidgin,GUI,C,meson,1,0.99,lib_replacement,Integration
319cd761c63b39853a4a4d0bd9cdfa23b2d7e6e3,turbojpeg,libjpeg,Using turbojpeg instead of libjpeg,1590163541+0000,meson,libjpeg turbojpeg,https://github.com/Arthapz/StormKit,Multi Media,C++,meson,1,0.98,lib_replacement,
32db3f2a825881766d0b1d64e7def4ce7244242a,libliftoff,liftoff,fix: update libliftoff pkg-config dependency\n\nemersion/libliftoff@470af77869bea2d005973d7e7f0c2c08cc838e6a changed the name of the pkg-config dependency to libliftoff,1614261311+0100,meson,liftoff libliftoff,https://github.com/plagman/gamescope,GUI,C++,meson,1,0.95,pkg_rule,
32e67a116dc05d8aec6efbf193b620fa43944bfb,dbus-1,libsystemd,Merge 0f83d520c888fc54147a8509bfaf83beaec80e55 into d1e6585eb5c06f1e05c3ec77230a263d73cc103c,1541786743+0000,meson,libsystemd dbus-1,https://github.com/emersion/mako,OS Dev,C,meson,1,0.9,pkg_rule,
350b200d9d8775535acf53d8f49ec43050ad5d5d,libcurl,curl,Merge 001ef330c96f4d72094118cb225cb9519526f188 into a09b2a652162380f8e0ff1dfe8b28c98da4fcd6e,1612187828+0200,meson,curl libcurl,https://github.com/serpapi/serpapi-search-cpp,network,C++,meson,1,0.9,pkg_rule,
35f12166f86de3b0e5b367e4fe877f3fdb05222e,sysrepo,libsysrepo,meson.build: required libyang and sysrepo version,1584977091+0100,meson,libsysrepo sysrepo,https://github.com/CZ-NIC/knot-resolver,network,C,meson,1,0.9,pkg_rule,
3693f6f63080cffb9893f6c9248c71f7fcc7eea3,libcanberra,libcanberra-gtk3,"build: Use plain libcanberra instead of libcanberra-gtk3\n\nWe no longer use the gtk-aware ca_context, the dependency can be lowered now.",1546959597+0100,meson,libcanberra-gtk3 libcanberra,https://github.com/Acidburn0zzz/doraskayo-mutter,OS Dev,C,meson,1,0.85,pkg_rule,
36dfa58ae683771565d40af9aad4a128ad560dcd,xxf86vm,xf86vm,Merge branch 'master' of git://anongit.freedesktop.org/mesa/mesa into mymesa2,1507981416+0200,meson,xf86vm xxf86vm,https://github.com/bendat78/mymesa,GUI,C,meson,1,0.9,pkg_rule,
37a69b35beb0b0d5f3fa9e49cf89d990e9970be3,libcamera,camera,meson: Update to find the new libcamera package name\n\nThe libcamera pkg-config file has been renamed from camera.pc to libcamera.pc. Update the build system accordingly.\n\nSigned-off-by: Kieran Bingham <kieran.bingham@ideasonboard.com>,1624635088+0100,meson,camera libcamera,https://github.com/kbingham/simple-cam,Multi Media,C++,meson,1,0.95,pkg_rule,
37ca9dde75cbfd94c335a920256462fb31195131,xxf86vm,xf86vm,Merge branch 'master' of git://anongit.freedesktop.org/mesa/mesa,1508368143+0200,meson,xf86vm xxf86vm,https://github.com/TheYoshiGuy/mesa_mild,GUI,C,meson,1,0.9,pkg_rule,
37f45504a4509a92ab6f7a668052f66c0f04d950,gamemode,gamemode-libdbus,"meson+flatpak: use gamemode proper\n\nInstead of using gamemode-libdbus, use upstream gamemode, which by version 1.4 is also using libdbus so there is no need for the my custom implementation. Drop the explicit dl lib dependency, that should be added by the gamemode dependency now.",1570448258+0200,meson,gamemode-libdbus gamemode,https://github.com/gicmo/gamemode-tester,OS Dev,C,meson,1,0.9,lib_replacement,Functionality
3899bdcc238915cc548827d7a31c87d24440796c,libnma,libnm-util,merge: branch 'lr/libnmicide'\n\nhttps://gitlab.gnome.org/GNOME/network-manager-applet/merge_requests/70,1572871521+0100,meson,libnm-util libnma,https://github.com/GNOME/network-manager-applet,network,C,meson,1,0.9,pkg_rule,
3899bdcc238915cc548827d7a31c87d24440796c,libnma,libnm-glib-vpn,merge: branch 'lr/libnmicide'\n\nhttps://gitlab.gnome.org/GNOME/network-manager-applet/merge_requests/70,1572871521+0100,meson,libnm-glib-vpn libnma,https://github.com/GNOME/network-manager-applet,network,C,meson,1,0.9,pkg_rule,
3899bdcc238915cc548827d7a31c87d24440796c,libnma,libnm-glib,merge: branch 'lr/libnmicide'\n\nhttps://gitlab.gnome.org/GNOME/network-manager-applet/merge_requests/70,1572871521+0100,meson,libnm-glib libnma,https://github.com/GNOME/network-manager-applet,network,C,meson,1,0.9,pkg_rule,
3afe53358bb9fbdea9239161e9eb7471d9ae4948,gtest_main,gtest,Merge pull request #42 in SAT/pbcopper from bugfix/SE-908-Update-meson to develop\n\n* commit '8fce3bd3247b05b18c6b6c67c06af66274b7d829':   Remove implicit directory layout assumption   Do not unnecessarily namespace options,1502961449-0700,meson,gtest gtest_main,https://github.com/PacificBiosciences/pbcopper,testing,C++,meson,1,0.9,pkg_rule,
3c1669f13bf5e30fff3b1cb208e615502b862c01,zwin-protocols,zigen-protocols,replace zigen -> zwin,1673664565+0900,meson,zigen-protocols zwin-protocols,https://github.com/zwin-project/zen,GUI,C,meson,1,0.85,pkg_rule,
3e1d3179daf2595cd9b6e3aa81b60f66c7aa1c1f,pixman-1,cairo,Images rendered using pixman rather than cairo,1672672520-0500,meson,cairo pixman-1,https://github.com/saibier/wsbg,GUI,C,meson,1,0.95,lib_replacement,
3f612b36e31b4ba10c52096fe039706da2229f65,foundation,corefoundation,Use Foundation instead of CoreFoundation for get_mac_locale(),1576372127-0500,meson,corefoundation foundation,https://github.com/Eblo/mkxp-eulogy,GUI,C++,meson,1,0.85,lib_replacement,
403f27c5310b327fef6dbbbf26b423ebf33fedcc,ncursesw,ncurses,"meson, pw-top: use ncursesw\n\nSome PulseAudio clients are known to use localised client and stream names as values for the respective PulseAudio props, most notably plain old pavucontrol.\n\nWe call setlocale before anything else for ncurses to display localised text correctly. We also want to link with ncursesw, which supports multibyte Unicode locales.",1616661569+0300,meson,ncurses ncursesw,https://github.com/arrowd/pipewire,other,C,meson,1,0.8,pkg_rule,
411c717a8d98a80726cd768fdb76e5a7fa2790d9,malcontent-0,eos-parental-controls-0,migrate to malcontent,1560225093+0530,meson,eos-parental-controls-0 malcontent-0,https://github.com/uajain/gnome-control-center,OS Dev,C,meson,1,0.98,lib_replacement,
411c717a8d98a80726cd768fdb76e5a7fa2790d9,malcontent-0,eos-parental-controls-0,migrate to malcontent,1560225093+0530,meson,eos-parental-controls-0 malcontent-0,https://github.com/uajain/gnome-control-center,OS Dev,C,meson,1,0.98,lib_replacement,
41643cf34ed5a802138b74875b3b57245d42538b,libadwaita-1,libhandy-1,New upstream version 42.0,1648041123-0400,meson,libhandy-1 libadwaita-1,https://github.com/endlessm/gnome-software,GUI,C,meson,1,0.85,pkg_rule,
4224d4f13d330a8d4c20224c853b5a7d0284082f,libelogind,libsystemd,add elogind support,1613477774+0800,meson,libsystemd libelogind,https://github.com/xdavidwu/murmur-notif-webhook,OS Dev,C,meson,1,0.85,pkg_rule,
4247b8efa4b72c2fc0251f7299f07d4297edd07a,gtest,catch2,switch test suite to gtest,1652929790-0700,meson,catch2 gtest,https://github.com/thermitegod/ztd,testing,C++,meson,1,0.95,lib_replacement,
42d3ef0bcdeea322c2ba3b1b0ad181649923a261,gsound,libcanberra-gtk3,build: Migrate fro libcanberra to gsound,1603817719+0500,meson,libcanberra-gtk3 gsound,https://github.com/GNOME/gnome-screenshot,Multi Media,C,meson,1,0.99,lib_replacement,
42e4bc0ed45b8dcde39d519890568f5f649853cc,ncursesw,ncurses,New upstream version 0.3.25,1617996385+0200,meson,ncurses ncursesw,https://salsa.debian.org/utopia-team/pipewire,other,C,meson,1,0.9,pkg_rule,
c21cfc3d1e3477a357bb0b94514af94d40cd3cf3,arrow-cuda,arrow-gpu,Merge pull request #1 from apache/master\n\nmerge,1550981172+0800,meson,arrow-gpu arrow-cuda,https://github.com/wsf1990/arrow,computing,C++,meson,1,0.9,pkg_rule,
c29e973570fa8e999c7e199b67efc1c10a02415f,xxf86vm,xf86vm,Merge branch feature/opensourcegfx into android/master\n\nModified files: M	configure.ac M	docs/index.html M	docs/release-calendar.html M	docs/relnotes.html D	docs/relnotes/17.2.3.html M	docs/relnotes/17.3.0.html M	include/GL/internal/dri_interface.h M	include/drm-uapi/i915_drm.h M	include/meson.build M	include/vulkan/vulkan.h M	meson.build M	meson_options.txt M	src/amd/common/ac_binary.c M	src/amd/common/ac_gpu_info.c M	src/amd/common/ac_gpu_info.h M	src/amd/common/ac_llvm_build.c M	src/amd/common/ac_llvm_build.h M	src/amd/common/ac_nir_to_llvm.c M	src/amd/common/ac_nir_to_llvm.h M	src/amd/common/ac_shader_info.c M	src/amd/vulkan/.gitignore M	src/amd/vulkan/Makefile.am M	src/amd/vulkan/Makefile.sources M	src/amd/vulkan/meson.build M	src/amd/vulkan/radv_cmd_buffer.c M	src/amd/vulkan/radv_device.c M	src/amd/vulkan/radv_entrypoints_gen.py D	src/amd/vulkan/radv_extensions.py M	src/amd/vulkan/radv_meta_bufimage.c M	src/amd/vulkan/radv_pipeline.c M	src/amd/vulkan/radv_pipeline_cache.c M	src/amd/vulkan/radv_private.h M	src/amd/vulkan/radv_radeon_winsys.h M	src/amd/vulkan/radv_shader.c M	src/amd/vulkan/radv_shader.h M	src/amd/vulkan/radv_wsi.c M	src/amd/vulkan/si_cmd_buffer.c M	src/amd/vulkan/winsys/amdgpu/radv_amdgpu_bo.c M	src/amd/vulkan/winsys/amdgpu/radv_amdgpu_cs.c D	src/broadcom/cle/meson.build D	src/broadcom/compiler/meson.build M	src/broadcom/compiler/nir_to_vir.c M	src/broadcom/compiler/v3d_compiler.h M	src/broadcom/compiler/vir.c M	src/broadcom/compiler/vir_lower_uniforms.c M	src/broadcom/compiler/vir_to_qpu.c D	src/broadcom/meson.build D	src/broadcom/qpu/meson.build M	src/compiler/glsl/glsl_to_nir.cpp M	src/compiler/glsl/link_varyings.cpp M	src/compiler/glsl/link_varyings.h M	src/compiler/glsl/linker.cpp M	src/compiler/nir/nir.c M	src/compiler/nir/nir.h M	src/compiler/nir/nir_clone.c M	src/compiler/nir/nir_gather_info.c M	src/compiler/nir/nir_linking_helpers.c M	src/compiler/nir/nir_lower_alpha_test.c M	src/compiler/nir/nir_lower_atomics.c M	src/compiler/nir/nir_lower_bitmap.c M	src/compiler/nir/nir_lower_clamp_color_outputs.c M	src/compiler/nir/nir_lower_clip_cull_distance_arrays.c M	src/compiler/nir/nir_lower_drawpixels.c M	src/compiler/nir/nir_lower_io.c M	src/compiler/nir/nir_lower_io_to_temporaries.c M	src/compiler/nir/nir_lower_io_types.c M	src/compiler/nir/nir_lower_samplers.c M	src/compiler/nir/nir_lower_samplers_as_deref.c M	src/compiler/nir/nir_lower_tex.c M	src/compiler/nir/nir_lower_two_sided_color.c M	src/compiler/nir/nir_lower_wpos_center.c M	src/compiler/nir/nir_lower_wpos_ytransform.c M	src/compiler/nir/nir_print.c M	src/compiler/nir/nir_remove_dead_variables.c M	src/compiler/nir/nir_validate.c M	src/compiler/spirv/spirv_to_nir.c M	src/compiler/spirv/vtn_variables.c M	src/egl/drivers/dri2/egl_dri2.c M	src/egl/drivers/dri2/egl_dri2.h M	src/egl/drivers/dri2/platform_surfaceless.c M	src/egl/drivers/dri2/platform_wayland.c M	src/egl/drivers/dri2/platform_x11.c M	src/egl/main/eglapi.c M	src/egl/main/eglcontext.c M	src/egl/main/eglcontext.h M	src/egl/main/egldisplay.h M	src/egl/main/egldriver.c M	src/egl/main/egldriver.h D	src/egl/meson.build M	src/egl/wayland/wayland-drm/meson.build D	src/egl/wayland/wayland-egl/meson.build M	src/gallium/auxiliary/nir/tgsi_to_nir.c M	src/gallium/auxiliary/tgsi/tgsi_util.c M	src/gallium/drivers/etnaviv/Makefile.sources M	src/gallium/drivers/etnaviv/etnaviv_context.c M	src/gallium/drivers/etnaviv/etnaviv_context.h M	src/gallium/drivers/etnaviv/etnaviv_query.c M	src/gallium/drivers/etnaviv/etnaviv_query.h D	src/gallium/drivers/etnaviv/etnaviv_query_hw.c D	src/gallium/drivers/etnaviv/etnaviv_query_hw.h ... ... ... Totally 264 files are changed\n\nChange-Id: I7c5fbe293b0210bf822614942d8e3969f6d7ab4b Tracked-On: https://jira01.devtools.intel.com/browse/OAM-51684 Reviewed-on: https://android.intel.com:443/605805,1508901792+0000,meson,xf86vm xxf86vm,https://github.com/Kishore409/external-mesa,GUI,C,meson,1,0.9,pkg_rule,
436fb040f5e9cfc25a3ee78af3bd0c0a0bb4e950,gtest_main,gtest,meson: Update version requirement for GTest (>= 1.10.0)\n\nGTestの依存関係を探す処理を更新してバージョン要件を1.10.0以上にします。 また、ライブラリ 'gtest_main' を使うようにmeson.buildを変更します。\n\n変更前は dependency() の 'main' キーワード引数[1]を利用して GTestが提供する main() とリンクしていました。 GTest 1.10.0のころから pkg-config のサポートが追加されているため 'main' キーワードを使わなくてもテストをビルドできるようになりました。\n\nこの修正でMeson実装の一つである muon[2] を使ってJDimのビルドやテストが 可能になります。dependency() の 'main' キーワードは今のところ 古いGTestのサポート以外では使われていないようです。\n\n[1]: https://mesonbuild.com/Dependencies.html#gtest-and-gmock [2]: https://sr.ht/~lattis/muon/,1679754415+0900,meson,gtest gtest_main,https://github.com/JDimproved/JDim,testing,C++,meson,1,0.9,pkg_rule,
c31b8e0112b0e7de5eb5570532c165fc802f6e45,libadwaita-1,libhandy-1,"build: Switch to GTK4 and libadwaita\n\nBump the meson dependencies correspondingly, and add the libadwaita dependency to the Flatpak manifest as well.",1629559918-0300,meson,libhandy-1 libadwaita-1,https://github.com/FieryMewtwo/gnome-software,GUI,C,meson,1,0.98,lib_replacement,
c36ea6f56f69715a37a57dc977a3531c79c32b2d,glesv2,gl,meson: gl: add support for building with dispmanx on the rpi,1476853918+1100,meson,gl glesv2,https://github.com/0p1pp1/gst-plugins-bad,GUI,C,meson,1,0.9,pkg_rule,
c37c3d3538bfd3e1c2a97dbba17ee28feb06bc24,libxxhash,xxhash,Merge branch 'dev' into fix-memleaks,1637927873+0530,meson,xxhash libxxhash,https://github.com/rizinorg/rizin,cryptography,C,meson,1,0.9,pkg_rule,
c45123888a08649aff0732b739057264aa2c2038,libnma,libnm-util,Import Upstream version 1.20.0,1627441662+0900,meson,libnm-util libnma,https://github.com/gooroom/network-manager-applet,network,C,meson,1,0.85,pkg_rule,
c45123888a08649aff0732b739057264aa2c2038,libnma,libnm-glib-vpn,Import Upstream version 1.20.0,1627441662+0900,meson,libnm-glib-vpn libnma,https://github.com/gooroom/network-manager-applet,network,C,meson,1,0.85,pkg_rule,
c45123888a08649aff0732b739057264aa2c2038,libnma,libnm-glib,Import Upstream version 1.20.0,1627441662+0900,meson,libnm-glib libnma,https://github.com/gooroom/network-manager-applet,network,C,meson,1,0.85,pkg_rule,
45afdb2195613689a16655a12504a968aac75c53,luajit,lua,build: check for luajit instead of lua,1564866164+0200,meson,lua luajit,https://github.com/GNOME/gegl,GUI,C,meson,1,0.95,lib_replacement,
c5765c113ada3801e72ef4714a200c589c42f4f8,gtest_main,gtest,Add tests for _Float16 qsort,1678907278-0700,meson,gtest gtest_main,https://github.com/intel/x86-simd-sort,testing,C++,meson,1,0.95,pkg_rule,
46084acca97a23c22c9b8a5a074656a456355cbe,libsctp,sctp,"- Renamed template parameter ""IPV"" to ""IPVersion"" - Fixed dependency handling for sctp - Added dependency for Lua with fallback",1518354106+0100,meson,sctp libsctp,https://github.com/GaborTimko/lsctp,network,C,meson,1,0.9,pkg_rule,
47a3d3b85d87ad9a3d1b8b464aba165a6dec27de,ncursesw,ncurses,link with ncursesw to support unicode,1537465407+0700,meson,ncurses ncursesw,https://github.com/l4rzy/connman-json-client,other,C,meson,1,0.8,pkg_rule,
c7637e61a50d5f2a4d816c87062ea76e6fd0177e,libkanberra-gtk3,libcanberra-gtk3,rename canberra -> kanberra,1669468435+0100,meson,libcanberra-gtk3 libkanberra-gtk3,https://github.com/cafe-desktop/croma,GUI,C,meson,1,1.0,pkg_rule,
c81ca6d659ff7ad0383650b48abc795ca91ed37a,libadwaita-1,libhandy-1,"meson: Switch to GTK4\n\nAlso, replace libhandy with libadwaita And update webkit2gtk dependency",1679562243+0530,meson,libhandy-1 libadwaita-1,https://github.com/GNOME/gnome-notes,GUI,C,meson,1,1.0,lib_replacement,Integration
ca28195d434b421c37961448e5d8ed72ae5f03fb,libh2o,http-parser,"adds libh2o to meson build, removes http-parser",1521497259-0400,meson,http-parser libh2o,https://github.com/joemfb/urbit,network,C,meson,1,1.0,lib_replacement,
4b24b2c59ba9d61194c4ce0044c5670feead2239,arrow-cuda,arrow-gpu,Merge pull request #3 from apache/master\n\nSyncing fork,1572134475-0700,meson,arrow-gpu arrow-cuda,https://github.com/renesugar/arrow,computing,C++,meson,1,1.0,pkg_rule,
cb1a54a70f6ea1a75dc731a3eceea677ca4e3bca,stb,vips-cpp,switched back to stb from vips,1604262290+0100,meson,vips-cpp stb,https://github.com/noah1510/redhand,Multi Media,C++,meson,1,1.0,lib_replacement,
cb1a54a70f6ea1a75dc731a3eceea677ca4e3bca,stb,vips,switched back to stb from vips,1604262290+0100,meson,vips stb,https://github.com/noah1510/redhand,Multi Media,C++,meson,1,1.0,lib_replacement,
cd019823c7dc27fc91cd04a6cf8b129815bb99bc,libcanberra,libcanberra-gtk3,"build: Make libcanberra no longer optional\n\nThis is not the case anymore with MetaSound in place, and also important to get keyboard bell right.",1545087123+0100,meson,libcanberra-gtk3 libcanberra,https://github.com/GNOME/mutter,OS Dev,C,meson,1,0.8,pkg_rule,
cd57daeb139f775fcd9154c41c1e9a7da8123dd7,libadwaita-1,libhandy-1,"general: Port from libhandy to libadwaita\n\nlibhandy is GTK 3-only. libadwaita is not only its functional successor, but also the new GNOME platform library, so it makes sense for a core GNOME app to depend on it for platform integration.",1639755467+0000,meson,libhandy-1 libadwaita-1,https://github.com/GNOME/nautilus,GUI,C,meson,1,1.0,lib_replacement,Integration
cd9471c98c60ba72a63d757524d626118a364ddb,jansson,libcjson,"rename api to endpoint, use jansson library instead of cjson",1611689608+0100,meson,libcjson jansson,https://github.com/tomstejskal/apinette,serializing,C,meson,1,1.0,lib_replacement,
cd9a2306c88ba0231a5ceae0161eaa9dbfa79412,arrow-cuda,arrow-gpu,Merge branch 'master' into jdbc-timestamp-no-calendar,1549216844-0500,meson,arrow-gpu arrow-cuda,https://github.com/apache/arrow,computing,C++,meson,1,1.0,pkg_rule,
cdfe75cd0b4c86df63cc9947b7c94f21b4deed12,luajit,lua,"- \n\nBuild with luajit, and install luajit",1634511852-0500,meson,lua luajit,https://github.com/Jcdiem/Project2D,GUI,C++,meson,1,0.9,lib_replacement,
ce53a71f459ed02ddf82967b6b330bed95ab4837,catch2,gtest,Now using Catch2 instead of GTest,1594512529-0300,meson,gtest catch2,https://github.com/ggabriel96/opzioni,testing,C++,meson,1,1.0,lib_replacement,
4f2e6e861e61cb7eeb5ad34b4906148169e17f68,webrtc-audio-processing,webrtcvad,Merge pull request #43 from stanford-oval/wip/fix-lgtm\n\nUse the standard build of webrtc audio processing to get VAD,1633107638+0200,meson,webrtcvad webrtc-audio-processing,https://github.com/stanford-oval/genie-client,Multi Media,C++,meson,1,0.8,lib_replacement,
4fae46392290bc999bea20a51dec9a6e0ff10ee7,libkanberra-gtk3,libcanberra-gtk3,rename canberra -> kanberra,1669468435+0100,meson,libcanberra-gtk3 libkanberra-gtk3,https://github.com/cafe-desktop/croma,GUI,C,meson,1,1.0,pkg_rule,
cf08097127c2e20058c157e51dd5ec665f73412f,audit,libaudit,build: Fix libaudit detection\n\nSigned-off-by: Laurent Bigonville <bigon@bigon.be>,1503573690+0200,meson,libaudit audit,https://github.com/Eric3495/dbus-broker,OS Dev,C,meson,1,0.9,pkg_rule,
50adea964de42a7366278f62d7b8c60a9229c783,ncursesw,ncurses,Import Debian changes 0.3.33-1,1629107096+0200,meson,ncurses ncursesw,https://github.com/atari-vcs/pipewire,other,C,meson,1,1.0,pkg_rule,
51d33db71ba39d21fefef7fdd76db83511e37efc,libadwaita-1,libhandy-1,Port to GTK4,1641779876-0800,meson,libhandy-1 libadwaita-1,https://github.com/GNOME/gnome-font-viewer,GUI,C,meson,1,0.95,lib_replacement,Integration
d1920143785632d4656326dc598fe927db47cd3c,arrow-cuda,arrow-gpu,Merge branch 'master' of https://github.com/apache/arrow\n\n# Conflicts: #	rust/src/csv/reader.rs,1544176433+0200,meson,arrow-gpu arrow-cuda,https://github.com/apache/arrow,computing,C++,meson,1,1.0,pkg_rule,
52326514c64b6622368475307d7a7a76c3ee3780,dbus-1,libsystemd,Merge pull request #4287 from hallyn/2023-03-10/dbus\n\nswitch from libsystemd's dbus to dbus-1,1679263506-0500,meson,libsystemd dbus-1,https://github.com/lxc/lxc,OS Dev,C,meson,1,1.0,lib_replacement,
52981a67a15fe02686de4e9ddb1b329eb73f473e,valgrindxxx,valgrind,trivial: Fix using old versions of meson by disabling the valgrind support\n\nWe can revert this when we depend on a newer meson.,1492586893+0100,meson,valgrind valgrindxxx,https://github.com/01org/tbtfwupd,OS Dev,C,meson,1,1.0,pkg_rule,
52a9f3272085c98d3326973b66c587be7cd7f33e,libcurl,curlpp,switched from using curlpp to libcurl,1634099709-0500,meson,curlpp libcurl,https://github.com/ReadWriteError/ncpasscpp,network,C++,meson,1,1.0,lib_replacement,
d21c4a02a030b63bc8cf04b40abed137a956b14d,pixman-1,cairo,Merge branch 'pixman',1566035992+0200,meson,cairo pixman-1,https://github.com/DanteAlighierin/foot,GUI,C,meson,1,1.0,pkg_rule,
d2709ff63f0b18751382b24b05dafffa67e590da,sysrepo,libsysrepo,meson.build: required libyang and sysrepo version,1584977091+0100,meson,libsysrepo sysrepo,https://github.com/CZ-NIC/knot-resolver,network,C,meson,1,0.9,pkg_rule,
5355b1fcfea8f14f3e23a98f164ab0a507bad765,gsound,libcanberra-gtk3,sound: Implement updated design,1539140917+1300,meson,libcanberra-gtk3 gsound,https://github.com/GNOME/gnome-control-center,Multi Media,C,meson,1,0.8,pkg_rule,
53a1d1804cc0abb656e85851c60e4da90ab35564,epoxy,glew,Switch from libGLEW to libepoxy.,1561336426+0100,meson,glew epoxy,https://github.com/philj56/gbcc,GUI,C,meson,1,1.0,lib_replacement,
d4114944494d074b3adea8919cee60ab84c3ccd8,libtcmalloc_minimal,libtcmalloc,Merge branch 'release-1.0',1638123499+0100,meson,libtcmalloc libtcmalloc_minimal,https://github.com/DyXel/Multirole,network,C++,meson,1,1.0,pkg_rule,
d4b28833fd701c55972c8d45a76f8718b2544022,cli11,clipp,Add a basic command line interface,1625224045+0300,meson,clipp cli11,https://github.com/coffee-lord/angonoka,Command Line,C++,meson,1,0.9,pkg_rule,
55f14398aa9151a18259457f95501f591b53ee33,xxf86vm,xf86vm,Fix the xf86vm meson dependency\n\nThe pkg-config file is called xxf86vm.\n\nSigned-off-by: Nicholas Miell <nmiell@gmail.com> Reviewed-by: Dylan Baker <dylan@pnwbakers.com> Reviewed-by: Eric Engestrom <eric.engestrom@imgtec.com>,1508288656-0700,meson,xf86vm xxf86vm,https://github.com/bendat78/mymesa,GUI,C,meson,1,1.0,pkg_rule,
d58451c8edad01303696cc93caf4c65381eb1e23,libxxhash,xxhash,build: Fix dependencies names which are called libmagic and libxxhash (#2025)\n\n,1637797197+0100,meson,xxhash libxxhash,https://github.com/rizinorg/rizin,cryptography,C,meson,1,1.0,pkg_rule,
d5d3fd381afd6dd644886cd371a3b1ffd88df0dc,sdl2,glfw3,create a window,1568218717-0400,meson,glfw3 sdl2,https://github.com/bmeinka/learn-opengl,GUI,C,meson,1,0.9,pkg_rule,
d666d95d6843d5229482a76d9c1a27b04e4a4992,gtest_main,gtest,Make GTest dependency compatible with upstream pkg-config,1502876167+0200,meson,gtest gtest_main,https://github.com/PacificBiosciences/pbbam,testing,C++,meson,1,1.0,pkg_rule,
d699b8cd591ff19fa252c2eb836c4a6393664718,fmt_inc,fmt,"Fixed fmt double define linker warning\n\nThe reason we had a linker warning was the linking of spdlog -> fmt and Acorn -> fmt, spdlog. In order to fix this, I converted fmt to only provide its headers to Acorn.",1645538215+0100,meson,fmt fmt_inc,https://github.com/IcyTv/Acorn,logging,C++,meson,1,0.85,pkg_rule,
571866b947e591fd620c6896406293acf83f79a9,libnma,libnm-util,Merge branch 'lr/appdata' into 'master'\n\n[lr/appdata] some AppData fixes for Rawhide\n\nSee merge request GNOME/network-manager-applet!67,1575013388+0000,meson,libnm-util libnma,https://github.com/GNOME/network-manager-applet,network,C,meson,1,1.0,pkg_rule,
571866b947e591fd620c6896406293acf83f79a9,libnma,libnm-glib-vpn,Merge branch 'lr/appdata' into 'master'\n\n[lr/appdata] some AppData fixes for Rawhide\n\nSee merge request GNOME/network-manager-applet!67,1575013388+0000,meson,libnm-glib-vpn libnma,https://github.com/GNOME/network-manager-applet,network,C,meson,1,1.0,pkg_rule,
571866b947e591fd620c6896406293acf83f79a9,libnma,libnm-glib,Merge branch 'lr/appdata' into 'master'\n\n[lr/appdata] some AppData fixes for Rawhide\n\nSee merge request GNOME/network-manager-applet!67,1575013388+0000,meson,libnm-glib libnma,https://github.com/GNOME/network-manager-applet,network,C,meson,1,1.0,pkg_rule,
d8178a8302197ccb3a3c867dbba280902d6f6dfe,msgpack-cxx,msgpack,this is getting complicated\n\nI'm thinking of using kotlin,1644022714-0600,meson,msgpack msgpack-cxx,https://github.com/rr1706/Vision2022,serializing,C++,meson,1,1.0,pkg_rule,
d8a41f0f5128218416bf1dc97cab080614885f1f,appstream,appstream-glib,Merge branch 'wip/mak/libas' into 'master'\n\nTransition to AppStream's libappstream\n\nSee merge request GNOME/gnome-software!583,1612985301+0000,meson,appstream-glib appstream,https://github.com/FieryMewtwo/gnome-software,GUI,C,meson,1,0.9,lib_replacement,
d8a5d54e2953d5139fbf881c62b91904d6f35d74,libxxhash,xxhash,build: Fix dependencies names which are called libmagic and libxxhash (#2025)\n\n,1637797197+0100,meson,xxhash libxxhash,https://github.com/rizinorg/rizin,cryptography,C,meson,1,1.0,pkg_rule,
d8abb7a7fd44e09ae3e37a1ddcef153512e40d5d,ctk-doc,gtk-doc,rename gtk -> ctk,1625020932+0200,meson,gtk-doc ctk-doc,https://github.com/cafe-desktop/clib,documentation,C,meson,1,1.0,pkg_rule,
d8ae48f466e298541bcdc6130389610bd698d976,appstream,appstream-glib,Update upstream source from tag 'upstream/40.4'\n\nUpdate to upstream version '40.4' with Debian dir 758a8f88cc317a25760565650bb4909846ff76f1,1631465655+0200,meson,appstream-glib appstream,https://salsa.debian.org/gnome-team/gnome-software,GUI,C,meson,1,1.0,pkg_rule,
d8ebd1f49da7a818941e171fcf233d76e0223750,libelogind,libsystemd,fix meson_build replace systemd dep with elogind,1582507726-0500,meson,libsystemd libelogind,https://github.com/hyper-kvm/gamemode,OS Dev,C,meson,1,1.0,lib_replacement,
d91954bd2b6fe167fe1ccb9c241e8740152ce994,arrow-cuda,arrow-gpu,Merge branch 'master' into ARROW-694-json-reader,1545075699-0500,meson,arrow-gpu arrow-cuda,https://github.com/apache/arrow,computing,C++,meson,1,1.0,pkg_rule,
5a0ac2003954d3de07939d85e362425cca2dff2e,ncursesw,ncurses,build: Fix ncurses to ncursesw for tui\n\nSigned-off-by: Honggyu Kim <honggyu.kp@gmail.com>,1630065224+0100,meson,ncurses ncursesw,https://github.com/namhyung/uftrace,other,C,meson,1,1.0,pkg_rule,
5ad8539b66a8d0493a6cd5fe60c4e7bc5475364b,fftw3f,fftw3,Use single-precision fftw\n\nThis allows us to utilize NEON on the arm chip and does not seem to impact the algorithm precision.,1492097990+0200,meson,fftw3 fftw3f,https://github.com/ximion/labrstim,computing,C,meson,1,1.0,pkg_rule,
5adf172084b753a670f0cf0c44dbeffb1bba1c27,gsound,libcanberra-gtk3,Merge pull request #9 from pop-os/disco-update\n\nMerge latest disco updates,1549917100-0700,meson,libcanberra-gtk3 gsound,https://github.com/pop-os/gnome-control-center,Multi Media,C,meson,1,1.0,pkg_rule,
da622d79ea50ec7e2e574bbbf29fcf89af2ae937,gexiv2,exiv2,Port to gexiv2,1633452709+0300,meson,exiv2 gexiv2,https://github.com/hellosiyan/Viewnior,Multi Media,C,meson,1,0.9,lib_replacement,
5b128c5cb0a620d7826902ce8413c0063fa4a254,arrow-cuda,arrow-gpu,"merge from master, regenerate using latest flatbuffers code",1545684441-0700,meson,arrow-gpu arrow-cuda,https://github.com/apache/arrow,computing,C++,meson,1,1.0,pkg_rule,
5b1b364ddb31c3ba74eca40454ec196f582c976b,arrow-cuda,arrow-gpu,Merge branch 'master' into jdbc-to-arrow-config,1544327090-0500,meson,arrow-gpu arrow-cuda,https://github.com/apache/arrow,computing,C++,meson,1,1.0,pkg_rule,
5bf0d2502cfe090261428c74de01e8ee4cf09b08,gtest_main,gtest,Merge pull request #46 in SAT/pbbam from feature/SE-876-Fix-meson to develop\n\n* commit '8dbe5c7dd7a191928af9312c24cbb28b08616650':   Do not unnecessarily namespace options   Make GTest dependency compatible with upstream pkg-config,1502877220-0700,meson,gtest gtest_main,https://github.com/PacificBiosciences/pbbam,testing,C++,meson,1,1.0,pkg_rule,
5cdbf3dd0bd80170797aa9f4abf5947d56acceed,xxf86vm,xf86vm,Merge remote-tracking branch 'origin/released'\n\n* origin/released:   libXau xserver mesa putty git update Oct 23 2017,1508743115+0200,meson,xf86vm xxf86vm,https://github.com/Martin1994/vcxsrv-wsl,GUI,C,meson,1,0.8,pkg_rule,
dc1f4a91dfefa9f86202ab148e05fb901b6e3e73,libjpeg,sdl2_image,"cam: sdl_sink: Use libjpeg over SDL2_image\n\nWe were using the libjpeg functionality of SDL2_image only, instead just use libjpeg directly to reduce our dependancy count, it is a more commonly available library.\n\nSigned-off-by: Eric Curtin <ecurtin@redhat.com> Signed-off-by: Laurent Pinchart <laurent.pinchart@ideasonboard.com> Reviewed-by: Jacopo Mondi <jacopo@jmondi.org>",1658222266+0100,meson,sdl2_image libjpeg,https://github.com/6by9/libcamera,Multi Media,C++,meson,1,1.0,lib_replacement,Simplification
dc57afb3ce67924bb36ef5402b8961ed0b2c87ef,gtest_main,gtest,Merge pull request #16 from r-devulap/avx512fp16\n\nAdd qsort for _Float16 using AVX-512 FP16 ISA,1679074606-0700,meson,gtest gtest_main,https://github.com/intel/x86-simd-sort,testing,C++,meson,1,0.85,pkg_rule,
dcad182fbbff6f59cd69b0377aea3d57a6742153,ncursesw,ncurses,Import Upstream version 0.3.25,1618497452+0000,meson,ncurses ncursesw,https://github.com/atari-vcs/pipewire,other,C,meson,1,0.9,pkg_rule,
dcd1ee24db5795fccf2fab344958d39318f7045a,libcanberra,libcanberra-gtk3,"build: Make libcanberra no longer optional\n\nThis is not the case anymore with MetaSoundPlayer in place, and also important to get keyboard bell right.",1545087123+0100,meson,libcanberra-gtk3 libcanberra,https://github.com/GNOME/mutter,OS Dev,C,meson,1,0.8,pkg_rule,
5da08f0aeb4fd4f30c5c4f8aac662d03883bbf1a,gcr-4,gcr-base-3,build: Build against new gcr-4 library\n\nRather than the old gcr-base-3.,1659431269+0200,meson,gcr-base-3 gcr-4,https://github.com/GNOME/libgdata,OS Dev,C,meson,1,0.9,pkg_rule,
5da50370cb531351c716239dc1673473b656deb5,libadwaita-1,libhandy-1,"Replace libhandy with libadwaita\n\nThis actually fixes a ton of errors as libhandy requires gtk3, so we ended up with a ton of symbols being redefined and all that. So with this change, that all goes away.\n\nTesting Done: Compiled and verified that there was no mention of `handy`, `hdy`, `Hdy`, or `HDY` in the output.\n\nReviewed at https://reviews.imfreedom.org/r/1294/\n\n--HG-- branch : gtk4",1644547273-0600,meson,libhandy-1 libadwaita-1,https://github.com/stcbus/pidgin,GUI,C,meson,1,1.0,lib_replacement,Integration
5dd5670ab39312ea8f4f55876f7bef1339202b6f,xxf86vm,xf86vm,Merge branch 'master' of git://anongit.freedesktop.org/mesa/mesa into mymesa2,1508348308+0200,meson,xf86vm xxf86vm,https://github.com/bendat78/mymesa,GUI,C,meson,1,0.9,pkg_rule,
de486600187730d56ef0d24db293b50433138481,sysprof-4,sysprof-capture-4,build: use sysprof-4 instead of sysprof-capture-4\n\nWe don't need both since we'll be using the plugin anyway in most cases. We should also move to the controller interface at some point.,1598199205-0700,meson,sysprof-capture-4 sysprof-4,https://github.com/GNOME/gnome-builder,OS Dev,C,meson,1,0.8,pkg_rule,
df149e972c06452645a05a623752507dfb6c2697,glesv2,gl,use gles rather than gl,1615588575-0500,meson,gl glesv2,https://github.com/lolzballs/hello-wl-egl,GUI,C,meson,1,0.8,lib_replacement,
dfabc91f565e358da690b47984c5fb535361367b,epoxy,glew,change glew to epoxy,1575198133+0100,meson,glew epoxy,https://github.com/gig2/OpenGLShader,GUI,C++,meson,1,1.0,lib_replacement,
dfb22eb771889e5f5039ca1e409af7571a7a4636,gnuradio-runtime,newsched-runtime,global: more newsched --> gnuradio\n\nSigned-off-by: Josh Morman <jmorman@gnuradio.org>,1648480114-0400,meson,newsched-runtime gnuradio-runtime,https://github.com/mormj/newsched,Multi Media,C++,meson,1,0.9,pkg_rule,
e0a26bfdf1ae5f8e1d4e134c562b66e363040983,libadwaita-1,libhandy-1,"Migrate to GTK4+libadwaita, use md2gtktextbuf",1619771444+0200,meson,libhandy-1 libadwaita-1,https://github.com/johan-bjareholt/simple-diary-gtk,GUI,C,meson,1,0.9,lib_replacement,Integration
e0bff4ad4a1b3d5dbea58ae760e4a765b728ec7d,jansson,msgpack,"refactor: removed dependency on msgpack, moving to jansson",1619728318-0500,meson,msgpack jansson,https://github.com/garfr/chat,serializing,C,meson,1,1.0,lib_replacement,
61467fc76c6177170a5dfe7c7728302d3bef81ea,liblzma,lzma,"Added project version, improved dependencies.",1604775812+0100,meson,lzma liblzma,https://github.com/Framstag/libosmscout,File Handling,C++,meson,1,0.8,pkg_rule,
61f023fa9ed78f8c222733243572374deaa67c8b,ncursesw,ncurses,Import Debian changes 0.3.25-1,1617998229+0200,meson,ncurses ncursesw,https://github.com/atari-vcs/pipewire,other,C,meson,1,0.9,pkg_rule,
62d36172381147e5bff30b44eab3fdb09c9bc9cb,libkeyutils,keyutils,Merge branch 'meson-fixes' into 'master'\n\nMeson fixes\n\nSee merge request GNOME/gdm!107,1598880482+0000,meson,keyutils libkeyutils,https://github.com/GNOME/gdm,OS Dev,C,meson,1,0.85,pkg_rule,
e25167a890ecf0590855632d5d3598169e76a1fe,libcanberra,libcanberra-gtk3,"build: Make libcanberra no longer optional\n\nThis is not the case anymore with MetaSoundPlayer in place, and also important to get keyboard bell right.",1545087123+0100,meson,libcanberra-gtk3 libcanberra,https://github.com/GNOME/mutter,OS Dev,C,meson,1,0.8,pkg_rule,
e3444bd4713790341f26b78aba3959a844b9af33,arrow-cuda,arrow-gpu,Merge branch 'master' into js-data-refactor-rebased,1544691931-0800,meson,arrow-gpu arrow-cuda,https://github.com/jlubea/arrow,computing,C++,meson,1,0.9,pkg_rule,
e358c2343c47aa26d568254a12f06a8431b2da42,libadwaita-1,libhandy-1,"general: Switch to GTK4\n\nThe new major version of the toolkit is a requirement to fix old issues and enable future enhancements.\n\nUpdate symbols and adapt logic to API changes. Update and simplify UI definitions. Update local copy of places sidebar and places view. Replace dependencies with their GTK4-compatible successors. Make a minimum changes required to build and run, with known regressions to be fixed in future commits.\n\nFor a detailed breakup of the changes, see the 36 commits-deep log leading to d5763facb1e5045251171ed1273dca0859f3542f.\n\nThis is the main part of https://gitlab.gnome.org/GNOME/nautilus/-/issues/276",1641691539+0000,meson,libhandy-1 libadwaita-1,https://github.com/GNOME/nautilus,GUI,C,meson,1,0.95,lib_replacement,Integration
64efb17ef2f073941e8dd3565deae2f7af6fccad,libcap-ng,libcap,"Replace libcap usage with libcap-ng\n\nTHe ownership inspection looks to see if files have CAP_SETUID.  To do that we were using libcap, but I have switched over to the more recent libcap-ng library.",1568828881-0400,meson,libcap libcap-ng,https://github.com/dodjiseketeli/rpminspect,cryptography,C,meson,1,1.0,lib_replacement,Activity
e4ceac34b3fa3903a24b379a0b0ae6209fc08cb7,libadwaita-1,libhandy-1,"general: Port from libhandy to libadwaita\n\nlibhandy is GTK 3-only. libadwaita is not only its functional successor, but also the new GNOME platform library, so it makes sense for a core GNOME app to depend on it for platform integration.",1639755467+0000,meson,libhandy-1 libadwaita-1,https://github.com/GNOME/nautilus,GUI,C,meson,1,1.0,lib_replacement,Functionality
e4d6f078aed2833d2adc6246857069f3e7e5aa27,libadwaita-1,libhandy-1,Port to GTK4 and libadwaita,1658100569+0400,meson,libhandy-1 libadwaita-1,https://github.com/GNOME/console,GUI,C,meson,1,0.95,lib_replacement,
6572307fc5ac4ce64f0f8de77124dbd281a27081,libpngdummy,libpng,"Update Linux build scripts, enable alsa, remove libpng dependency.",1627628264+0000,meson,libpng libpngdummy,https://github.com/ultralight-ux/GStreamer,Multi Media,C,meson,1,0.9,pkg_rule,
6572307fc5ac4ce64f0f8de77124dbd281a27081,libpngdummy,libjpeg,"Update Linux build scripts, enable alsa, remove libpng dependency.",1627628264+0000,meson,libjpeg libpngdummy,https://github.com/ultralight-ux/GStreamer,Multi Media,C,meson,1,0.9,pkg_rule,
6572307fc5ac4ce64f0f8de77124dbd281a27081,libpngdummy,libpng,"Update Linux build scripts, enable alsa, remove libpng dependency.",1627628264+0000,meson,libpng libpngdummy,https://github.com/ultralight-ux/GStreamer,Multi Media,C,meson,1,0.9,pkg_rule,
667c3a75e6b61e0b66f9219ca4ce29667de2ebe6,libadwaita-1,libhandy-1,"general: Port from libhandy to libadwaita\n\nlibhandy is GTK 3-only. libadwaita is not only its functional successor, but also the new GNOME platform library, so it makes sense for a core GNOME app to depend on it for platform integration.",1639755467+0000,meson,libhandy-1 libadwaita-1,https://github.com/GNOME/nautilus,GUI,C,meson,1,1.0,lib_replacement,Functionality
6716fc8a48bb85c54cfb4cb7b112b020efe76762,xxf86vm,xf86vm,meson: Fix xf86vm dep\n\nThe pkg-config file is called xxf86vm.pc not xf86vm.pc.\n\nCc: Dylan Baker <dylan@pnwbakers.com> Cc: Eric Anholt <eric@anholt.net> Signed-off-by: Ville Syrjälä <ville.syrjala@linux.intel.com> Reviewed-by: Eric Anholt <eric@anholt.net> Reviewed-by: Dylan Baker <dylan@pnwbakers.com>,1507588458+0300,meson,xf86vm xxf86vm,https://github.com/bendat78/mymesa,GUI,C,meson,1,0.95,pkg_rule,
67596c69046cb4fe0ddca89a6d4cf5d3103e6c46,gtest_main,gtest,meson: Update version requirement for GTest (>= 1.10.0) (#1131)\n\nGTestの依存関係を探す処理を更新してバージョン要件を1.10.0以上にします。 また、ライブラリ 'gtest_main' を使うようにmeson.buildを変更します。\n\n変更前は dependency() の 'main' キーワード引数[1]を利用して GTestが提供する main() とリンクしていました。 GTest 1.10.0のころから pkg-config のサポートが追加されているため 'main' キーワードを使わなくてもテストをビルドできるようになりました。\n\nこの修正でMeson実装の一つである muon[2] を使ってJDimのビルドやテストが 可能になります。dependency() の 'main' キーワードは今のところ 古いGTestのサポート以外では使われていないようです。\n\n[1]: https://mesonbuild.com/Dependencies.html#gtest-and-gmock [2]: https://sr.ht/~lattis/muon/,1679755533+0900,meson,gtest gtest_main,https://github.com/JDimproved/JDim,testing,C++,meson,1,0.85,pkg_rule,
678fda336190821c4673d9a8ae811c5cacb7d363,sdl2,glfw3,player: rewrite player using SDL2\n\nThis rewrite removes the dependency over glfw and glew in favor of SDL2.\n\nAlso disables the build of the player on the CI for MinGW/static since it fails to build with the following errors (non-exhaustive list):\n\nsxplayer.c:149: undefined reference to `__imp_sxplayer_get_frame' sxplayer.c:240: undefined reference to `__imp_sxplayer_create' sxplayer.c:246: undefined reference to `__imp_sxplayer_set_option',1638304766+0100,meson,glfw3 sdl2,https://github.com/mrobertseidowsky-gpsw/sxplayer,GUI,C,meson,1,0.95,lib_replacement,
678fda336190821c4673d9a8ae811c5cacb7d363,sdl2,glew,player: rewrite player using SDL2\n\nThis rewrite removes the dependency over glfw and glew in favor of SDL2.\n\nAlso disables the build of the player on the CI for MinGW/static since it fails to build with the following errors (non-exhaustive list):\n\nsxplayer.c:149: undefined reference to `__imp_sxplayer_get_frame' sxplayer.c:240: undefined reference to `__imp_sxplayer_create' sxplayer.c:246: undefined reference to `__imp_sxplayer_set_option',1638304766+0100,meson,glew sdl2,https://github.com/mrobertseidowsky-gpsw/sxplayer,GUI,C,meson,1,0.95,lib_replacement,
e7c972c0289f2006cb631339466d52d7a555dcae,gsound,libcanberra-gtk3,"settings: Replace canberra-gtk by to gsound\n\nMainly to reduce the number of GTK3 dependencies before actually start porting the library. Fortunately, the usage of libcanberra-gtk by gnome-bluetooth is rather trivial, so porting to gsound is just a few lines of code away.\n\nReplace canberra-gtk by gsound, adjust the build system to reflect that, and update the CI file to install gsound-devel instead of libcanberra-devel.",1634941482-0300,meson,libcanberra-gtk3 gsound,https://github.com/GNOME/gnome-bluetooth,Multi Media,C,meson,1,1.0,lib_replacement,Simplification
68a9e4f8d588edab4f7503bc45d4275691970efb,boost,boost_unit_test_framework,"Require specific Boost test version, and don't check for it manually as we can't do the version test. (We use quite a recent version of the test macros)",1656597919+0100,meson,boost_unit_test_framework boost,https://github.com/breakfastquay/rubberband,Multi Media,C++,meson,1,0.8,pkg_rule,
6966c5e7611c1ed83475e0c8b1b09f353a5305d1,sysrepo,libsysrepo,sysrepo: update meson.build,1579089659+0100,meson,libsysrepo sysrepo,https://github.com/CZ-NIC/knot-resolver,network,C,meson,1,0.8,pkg_rule,
eb3ed9cb82e2d4c397f8c85f820c5f4f910b7122,libturbojpeg,libjpeg-turbo,Project check-libs: syncronize with the updated libjpeg .pc files.,1546526691+0100,meson,libjpeg-turbo libturbojpeg,https://github.com/Aphexus/gvsbuild,Multi Media,C,meson,1,0.8,pkg_rule,
6d1ea6753ed085039bb5a4351717569a35fb66e1,doctest,catch2,"Feature/transparent refs (#64)\n\n* Function calls are now completely transparent    - Transparent references added    - call_func returns `R` now      - Throws with error_mesg if no value stored    - Compile/link times are now a bit slower      - Due to how transparent refs are implemented    * Switched tests to doctest    - doctest builds much faster than catch2    - benchmarks are not changed for now      - Will need to use a standalone benchmarking suite    * Moved server functionality into class, like client",1627944906-0400,meson,catch2 doctest,https://github.com/jharmer95/rpc.hpp,testing,C++,meson,1,1.0,lib_replacement,Performance
6d2f79a217d162b199d111fb4c487d7b5f7c72d1,arrow-cuda,arrow-gpu,ARROW-3209: [C++] Rename libarrow_gpu to libarrow_cuda\n\nAlso rename the arrow::gpu namespace to arrow::cuda.\n\nAuthor: Kouhei Sutou <kou@clear-code.com> Author: Antoine Pitrou <antoine@python.org>\n\nCloses #3088 from pitrou/ARROW-3209-rename-arrow-gpu-to-cuda and squashes the following commits:\n\nd16eb713 <Kouhei Sutou>  Support arrow-cuda.pc in build directory 32381216 <Kouhei Sutou>  Fix path 219ffa28 <Kouhei Sutou>  Rename GPU to CUDA f8683cac <Kouhei Sutou>  Rename GPU to CUDA c4f7f381 <Kouhei Sutou>  Rename red-arrow-gpu to red-arrow-cuda 267de1b8 <Kouhei Sutou>  Rename libarrow-gpu-glib to libarrow-cuda-glib 9687346a <Antoine Pitrou> ARROW-3209:  Rename libarrow_gpu to libarrow_cuda,1544066781+0900,meson,arrow-gpu arrow-cuda,https://github.com/apache/arrow,computing,C++,meson,1,0.95,pkg_rule,
6e5357947679e48aa1c043f221425255105937a1,libadwaita-1,libhandy-1,"Port to GTK4\n\nLeave out a few things for now:  - Location entry suggestions don't scroll:    needs https://gitlab.gnome.org/GNOME/gtk/-/merge_requests/4476\n\n - Previewing reader mode fonts in appearance settings    This is very hard to implement with the new API\n\n - If the cursor is positioned where the suggestions popover    will appear, when it does so the hovered item will be    selected. That shouldn't happen.",1638170458+0500,meson,libhandy-1 libadwaita-1,https://github.com/GNOME/epiphany,GUI,C,meson,1,0.5,lib_replacement,Integration
6ea582b14b6b26f1d040bb9810ee5c230bf8949e,torch,eigen3,libtorch instead of eigen,1637286283+0200,meson,eigen3 torch,https://github.com/SomeoneSerge/nix-meson-glfw,GUI,C++,meson,1,0.8,lib_replacement,
6fb2157c3cabee53a27814aaf3f50f5241d08a19,gtest,catch2,catch2 to gtest,1675921757+0900,meson,catch2 gtest,https://github.com/ousttrue/spanmath,testing,C++,meson,1,1.0,lib_replacement,
ef40026aafe50e1c5c0f0b5da5a1da02cfe18541,absl_str_format,fmt,move from fmt to absl,1636147649-0700,meson,fmt absl_str_format,https://github.com/egnor/pivid,Multi Media,C++,meson,1,1.0,lib_replacement,
ef66c5508192d646f2aeb94684882b7f523d65bf,liblzma,lzma,Merge 'dev' branch into stable,1675612463+0800,meson,lzma liblzma,https://github.com/rizinorg/rizin,File Handling,C,meson,1,0.9,pkg_rule,
70670d4af7c302d3f009e71aa891c4a266ebdd01,pcap,libpcap,"meson: Use built-in pcap detection\n\nMeson already knows how to look for pcap using pkg-config first, and falling back to pcap-config if that didn't work.\n\nhttps://mesonbuild.com/Dependencies.html#pcap\n\nSigned-off-by: Andrea Bolognani <abologna@redhat.com> Reviewed-by: Pavel Hrdina <phrdina@redhat.com>",1622046004+0200,meson,libpcap pcap,https://github.com/Khangf/libvirt,Multi Media,C,meson,1,0.95,pkg_rule,
70d22f080b7d4652d610dbf5e40ee96ee081faa6,dbus-1,libsystemd,"Add elogind and dbus-1 as optional dependencies\n\nThe sd-bus library is provided by both systemd and elogind, and this commit makes it possible to choose one or the other. If neither is available, dbus-1 is used instead.",1539973189+0200,meson,libsystemd dbus-1,https://github.com/sghctoma/mako,OS Dev,C,meson,1,0.5,lib_replacement,
70ea1b5f8771cce8bb8fed6b1a830491fd96f24b,libtcmalloc_minimal,libtcmalloc,Merge remote-tracking branch 'upstream/master',1638155960+0800,meson,libtcmalloc libtcmalloc_minimal,https://github.com/knight00/multirole,network,C++,meson,1,0.9,pkg_rule,
f051dbef496c409c187a85ae2c582dac5cc8b1e5,ncursesw,ncurses,fix paste for large buffers,1595420212+0800,meson,ncurses ncursesw,https://github.com/icedman/tashlar,other,C,meson,1,0.9,pkg_rule,
f0738e123b871921b1b3cef5db1dece5a77393c8,lame,mp3lame,Fix lame pkgconfig name.,1678717338+0100,meson,mp3lame lame,https://github.com/audacious-media-player/audacious-plugins,Multi Media,C++,meson,1,0.95,pkg_rule,
71554e68e7931e49d9cf4a0b511133c854bb13c9,fmt,absl_str_format,"Revert ""move from fmt to absl""\n\nThis reverts commit ef40026aafe50e1c5c0f0b5da5a1da02cfe18541.",1636152697-0700,meson,absl_str_format fmt,https://github.com/egnor/pivid,Multi Media,C++,meson,1,0.7,lib_replacement,
71d54ffa566d2abb1f80a30567084fb66e340751,libcurl,curl,Stuff...,1618670186+0530,meson,curl libcurl,https://github.com/RiemannTechnologies/SugarHTTPS,network,C++,meson,1,0.9,pkg_rule,
f165ac6b0a897588db0cabd66874bda51d30d91c,gi-docgen,gtk-doc,New upstream version 4.3.1,1625677866+0200,meson,gtk-doc gi-docgen,https://github.com/pop-os/gtk4,documentation,C,meson,1,0.5,lib_replacement,
72e3ac2929374b86402f70fa2a302ea8043fc0f2,libcap,libcap-ng,Move to using libcap instead of libcap-ng\n\nThere are two capabilities(7) userspace libraries.  I've found the API of libcap to be a little easier to work with in rpminspect.  Both libraries still seem to be active and maintained and I would prefer to use just one library.,1580415022-0500,meson,libcap-ng libcap,https://github.com/dodjiseketeli/rpminspect,cryptography,C,meson,1,1.0,lib_replacement,Usability
7386607063f57d192b3b1f215b62a9460b5b83b8,fftw3f,fftw3,add actual sdr support,1619229814-0300,meson,fftw3 fftw3f,https://github.com/luigifcruz/CyberEther,computing,C++,meson,1,0.8,pkg_rule,
f3f53503b1c9c1042d68137703094fb559f6bd1c,epoxy,glew,"Port linux build to libepoxy\n\nThis doesn't make everything work for windows, it isn't even tested.\n\nthe majority of this was created with the following script:\n\nsed -i -e 's@!GLEW_VERSION_\([0-9]\)_\([0-9]\)@epoxy_gl_version() < \1\2@g' $@ sed -i -e 's@GLEW_VERSION_\([0-9]\)_\([0-9]\)@epoxy_gl_version() >= \1\2@g' $@ sed -i -e 's@GLEW_\([A-Za-z_]\+\)@epoxy_has_gl_extension(""GL_\1"")@g' $@ sed -i -e 's@glewInit\s*() @@g' $@ sed -i -e 's@[<""]GL/glew.h["">]@<epoxy/gl.h>@g' $@ sed -i -e 's@<EGL/egl.h>@<epoxy/egl.h>@g' $@ sed -i -e 's@<GL/gl.h>@<epoxy/gl.h>@g' $@ sed -i -e 's@<GL/glx.h>@<epoxy/glx.h>@g' $@",1490649914-0700,meson,glew epoxy,https://github.com/MatrixMike/mesa-demos,GUI,C,meson,1,1.0,lib_replacement,
f44a43fe2811bc2a2160874c509f668666dbf835,gtest_main,gtest,mk: gtest subproject,1642510422+0000,meson,gtest gtest_main,https://github.com/yoursunny/NDNph,testing,C++,meson,1,0.9,pkg_rule,
755abadd4fdcb3ff5e097e8a0d57cfd9b7c2e2b3,ctk-doc,gtk-doc,rename gtk -> ctk,1625020932+0200,meson,gtk-doc ctk-doc,https://github.com/cafe-desktop/clib,documentation,C,meson,1,1.0,pkg_rule,
f54b1e8d363a8025ce69d2a5c30250c4f2c90fa2,rapidjson,jsoncpp,Added RapidJSON parsing,1598403806-0600,meson,jsoncpp rapidjson,https://github.com/marceline-cramer/shadowlight-engine,serializing,C++,meson,1,0.8,pkg_rule,
766bb0117c530e6122a88886182d050d923b6154,cmocka,criterion,"Merge pull request #41 in ALC/extensions from eng/ALC-59_convert_to_cmocka to master\n\nSquashed commit of the following:\n\ncommit 4141a050af6be0becb094b5ba2884e24810fbd6d Author: Andy Meyer <ahm7197@rit.edu> Date:   Tue May 19 17:13:29 2020 -0400\n\n    Added dynabuf test file to git\n\ncommit 4a66e4800086e8768168df30e5b738a0a945ee25 Merge: 95d437b 62b7352 Author: Andy Meyer <ahm7197@rit.edu> Date:   Tue May 19 16:50:29 2020 -0400\n\n    merged dynabuf coverage\n\ncommit 95d437b3b7c50b7c5f1129e069b118fd2f946a00 Merge: 4ca5465 7730c47 Author: Andy Meyer <ahm7197@rit.edu> Date:   Tue May 19 16:47:11 2020 -0400\n\n    merged hashmap coverage\n\ncommit 4ca54658ff47f5ab1683397ba1090e449c624df4 Merge: 78156a0 e34771e Author: Andy Meyer <ahm7197@rit.edu> Date:   Tue May 19 16:46:09 2020 -0400\n\n    merged set coverage\n\ncommit 78156a03066d13e0f2947fd5ca949f7d360107cc Merge: 7ccc388 8a13d75 Author: Andy Meyer <ahm7197@rit.edu> Date:   Tue May 19 16:44:09 2020 -0400\n\n    Merge branch 'eng/ALC-59_cmocka_bitmap' into eng/ALC-59_convert_to_cmocka\n\ncommit 7730c470c00c316193a37f2c5030e23bf96018e3 Author: Andy Meyer <ahm7197@rit.edu> Date:   Tue May 19 16:40:53 2020 -0400\n\n    Enabled tests for hashmap. Code coverage 85%.\n\n    As with set, removed impossible rehashing cases via comment.     NULL_ARG errors have been fixed, and error code issues have been noted.\n\ncommit e34771e68779443ec99a9e386adfe180ad087fa0 Author: Andy Meyer <ahm7197@rit.edu> Date:   Tue May 19 01:57:06 2020 -0400\n\n    Enabled unit tests for set, code coverage 86.4%\n\n    Fixed some small bugs and clerical errors. There were some impossble     cases covered in add and rehash which were removed via comment.\n\n    The null-item check in locate was also fixed for a serious error     involving the return type of dynabuf_fetch.  fetch will always return a     valid pointer if the structure is valid, so comparison against the value     at that address is now performed instead.\n\ncommit 8a13d7518a672f463452b0867cc326cda98e3370 Author: Andy Meyer <ahm7197@rit.edu> Date:   Mon May 18 23:51:06 2020 -0400\n\n    Enabled cmocka unit tests for bitmap\n\n    Fixed incorrect allocation size in bitmap_resize.\n\ncommit 7ccc388e76bf1995bfe2bb10d7f7a271f0f188c6 Author: Andy Meyer <ahm7197@rit.edu> Date:   Mon May 18 23:11:31 2020 -0400\n\n    Code coverage above 85% for array components\n\n    Updated iterators to have sane tests, removed stale logic.     Attempted to minimize the amount of test logic required to test     everything.\n\ncommit 62b735296ae2a07a7e6f65b71985895e75fafd39 Author: Andy Meyer <ahm7197@rit.edu> Date:   Mon May 18 19:09:59 2020 -0400\n\n    87.2% code coverage, converted to cmocka\n\ncommit 890ba46c910ff3ebc677909eb3e956e88a713a32 Author: Andy Meyer <ahm7197@rit.edu> Date:   Sun May 17 00:49:08 2020 -0400\n\n    enabled dynabuf tests in meson.build\n\ncommit 29a15e96e67f807ff7ea256e87fdc776d7a6e274 Author: Andy Meyer <ahm7197@rit.edu> Date:   Sun May 17 00:37:11 2020 -0400\n\n    enabled tests in meson.build\n\ncommit eb63698d5d9027112d3c26c01b89a40cc6f20d8b Author: Andy Meyer <ahm7197@rit.edu> Date:   Sat May 16 23:44:59 2020 -0400\n\n    array tests converted to cmocka\n\ncommit 8a77094f844078a15f88673d2281122112d4fb8b Author: Andy Meyer <ahm7197@rit.edu> Date:   Sat May 16 23:48:41 2020 -0400\n\n    replaced criterion dep with cmocka",1589945392-0700,meson,criterion cmocka,https://github.com/PyroAVR/alibc.containers,testing,C,meson,1,0.95,lib_replacement,
76f7f060ae187301bdcc7dcfbd0685e3ebf3ef54,turbojpeg,libjpeg,Using turbojpeg instead of libjpeg\n\nFormer-commit-id: 319cd761c63b39853a4a4d0bd9cdfa23b2d7e6e3,1590163541+0000,meson,libjpeg turbojpeg,https://github.com/Arthapz/StormKit,Multi Media,C++,meson,1,0.9,lib_replacement,
f640f14263c161e103fe0ffc1e0b91cb1e076a72,libkanberra-ctk3,libkanberra-gtk3,rename kanberra-gtk -> kanberra-ctk,1669469250+0100,meson,libkanberra-gtk3 libkanberra-ctk3,https://github.com/cafe-desktop/croma,GUI,C,meson,1,1.0,pkg_rule,
f673499e822a985d72062fd0cfd67ed6c0a99204,doctest,gtest,switch to doctest,1637259016-0600,meson,gtest doctest,https://github.com/Phytolizer/monkey.cpp,testing,C++,meson,1,0.95,lib_replacement,
f6e1dbe213cbbcb994f377ae8754b2572517a45c,audit,libaudit,build: Fix libaudit detection\n\nSigned-off-by: Laurent Bigonville <bigon@bigon.be>,1503573690+0200,meson,libaudit audit,https://github.com/bus1/dbus-broker,OS Dev,C,meson,1,0.9,pkg_rule,
77e69f836d25337320480ee8221a03c966f29621,libcurl,curl,Merge remote-tracking branch 'origin/fix/linux-compilation' into main,1616207687-0500,meson,curl libcurl,https://github.com/serpapi/serpapi-search-cpp,network,C++,meson,1,0.85,pkg_rule,
77f00b7ab222b8ce08359b263e1bc4e43c1410e1,libxxhash,xxhash,build: Fix dependencies names which are called libmagic and libxxhash (#2025)\n\n,1637797197+0100,meson,xxhash libxxhash,https://github.com/rizinorg/rizin,cryptography,C,meson,1,1.0,pkg_rule,
f70a87dba517e4b86db85b075f2af54e7a87369b,sysrepo,libsysrepo,sysrepo: update meson.build,1579089659+0100,meson,libsysrepo sysrepo,https://github.com/CZ-NIC/knot-resolver,network,C,meson,1,0.8,pkg_rule,
f828ba9062d688255a8853792852dc6115902585,libnma,libnm-util,Merge branch 'lr/libnmicide' into 'master'\n\n[lr/libnmicide] Use external libnma\n\nSee merge request GNOME/network-manager-applet!70,1572871462+0000,meson,libnm-util libnma,https://github.com/GNOME/network-manager-applet,network,C,meson,1,0.5,lib_replacement,
f828ba9062d688255a8853792852dc6115902585,libnma,libnm-glib-vpn,Merge branch 'lr/libnmicide' into 'master'\n\n[lr/libnmicide] Use external libnma\n\nSee merge request GNOME/network-manager-applet!70,1572871462+0000,meson,libnm-glib-vpn libnma,https://github.com/GNOME/network-manager-applet,network,C,meson,1,0.5,lib_replacement,
f828ba9062d688255a8853792852dc6115902585,libnma,libnm-glib,Merge branch 'lr/libnmicide' into 'master'\n\n[lr/libnmicide] Use external libnma\n\nSee merge request GNOME/network-manager-applet!70,1572871462+0000,meson,libnm-glib libnma,https://github.com/GNOME/network-manager-applet,network,C,meson,1,0.5,lib_replacement,
7992098c377f32562ddcd45c16868bbfc45b84b2,cxxopts,boost,Replace boost program_optinos with cxxopts header only library,1645008243+0100,meson,boost cxxopts,https://github.com/cdemoulins/pamixer,Command Line,C++,meson,1,0.98,lib_replacement,Usability
7a81ef48dfb018537bb21855265254cba5ed842e,onetbb,tbb,Refactor pmutils into a subproject,1631032820+0800,meson,tbb onetbb,https://github.com/vtta/pmtestings,computing,C++,meson,1,0.85,pkg_rule,
fa635eb2eed70e1be7c7e7da685475db4a04d528,gspell-1,libsexy3,Switch from libsexy to gspell for spell checking,1481843810-0500,meson,libsexy3 gspell-1,https://github.com/TingPing/irc-client,GUI,C,meson,1,0.95,lib_replacement,
fafa2cfad0ef4e243dcd92c73236fd56607449ea,gtest,catch2,switching meson files to gtest\n\n,1660729515+0200,meson,catch2 gtest,https://github.com/noah1510/unit-system,testing,C++,meson,1,0.9,lib_replacement,
fbedf4361dbd579b6f22b1c222f818e90e655932,foundation,corefoundation,Use Foundation instead of CoreFoundation for get_mac_locale(),1576372127-0500,meson,corefoundation foundation,https://github.com/Ancurio/mkxp,GUI,C++,meson,1,0.85,lib_replacement,
7c0ca925d562d50d2755ecb130868daf7811c5fd,liblzma,lzma,Merge branch 'stable' into stable-merge,1675612405+0800,meson,lzma liblzma,https://github.com/rizinorg/rizin,File Handling,C,meson,1,0.85,pkg_rule,
7ca7dd593bf17ba6ec937673d52c9bedea3ac14c,zwin-protocols,zigen-protocols,replace zigen -> zwin,1673664565+0900,meson,zigen-protocols zwin-protocols,https://github.com/zwin-project/zen,GUI,C,meson,1,0.85,pkg_rule,
fc49c727765ab0c851dca718de745cd78e888b7d,xxf86vm,xf86vm,Merge branch 'master' of git://anongit.freedesktop.org/mesa/mesa,1508149730+0200,meson,xf86vm xxf86vm,https://github.com/TheYoshiGuy/mesa_mild,GUI,C,meson,1,0.9,pkg_rule,
fc8e7eee22c05edebfb2dffa5e89d4149e42af85,sndfile,sdl2_mixer,"Replace SDL_mixer with libsndfile + sts_mixer\n\nReplace SDL_mixer with an audio implementation using libsndfile, sts_mixer (a single-file header library) and SDL's basic audio interface.\n\nThis allows for much more flexibility in controlling audio playback. Fading is now properly implemented, as well as various other functions from the SACT2/KiwiSoundEngine interface.\n\nsts_mixer can support recursive mixing, so it will be possible to implement the ""VolumeValancer"" mixer channels specified in System40.ini in the future (once I figure out how the mapping of audio files to mixer channels is supposed to work).",1633063094-0700,meson,sdl2_mixer sndfile,https://github.com/kichikuou/xsystem4,Multi Media,C,meson,1,0.85,lib_replacement,Functionality
7dc9a94538cf7bd6cd1ee6898e7089215d529849,gexiv2,exiv2,Merge 83bd71a8d632e18359027df6b69930b29f1e1247 into c84708939bf350cfa12cc14f05ac8b39af68fd50,1633855336+0200,meson,exiv2 gexiv2,https://github.com/hellosiyan/Viewnior,Multi Media,C,meson,1,0.8,pkg_rule,
00fabf81a203d7d450ef6a1f9f0fed28ca037a66,libcurl,curl,修改编译的文件,1595857859+0800,xmake,curl libcurl,https://github.com/BusyStudent/BoxUtils,network,C++,xmake,1,0.9,pkg_rule,
9919565ee104c272dd3fdaa7d5e89ee74550a976,cppcoro,conan::fmt/8.1.1,use conan::cppcoro,1655918025+0800,xmake,conan::fmt/8.1.1 cppcoro,https://github.com/luk036/ecgen-xmake,computing,C++,xmake,1,0.85,pkg_rule,
9919565ee104c272dd3fdaa7d5e89ee74550a976,cppcoro,conan::doctest/2.4.8,use conan::cppcoro,1655918025+0800,xmake,conan::doctest/2.4.8 cppcoro,https://github.com/luk036/ecgen-xmake,testing,C++,xmake,1,0.85,pkg_rule,
c3c105955daaa2e137f438b307ef3e7ddcb72ffd,nlohmann_json,coost,"Removed coost dependency, introduce doctest and nloh_json",1671166214+0800,xmake,coost nlohmann_json,https://github.com/Adversarr/ACG,serializing,C++,xmake,1,0.7,pkg_rule,
48844ee96bf93e47cc17e5cb7a35431e24251a3d,gtest,catch2,feat: unit tests on registry,1655454529+0200,xmake,catch2 gtest,https://github.com/ConcertoEngine/Concerto,testing,C++,xmake,1,0.8,pkg_rule,
eb4823a655d3408169d99decfa08337f6a6f9818,libcurl,curl,Merge branch 'dev' of github.com:BusyStudent/BoxUtils into dev,1595904809+0800,xmake,curl libcurl,https://github.com/BusyStudent/BoxUtils,network,C++,xmake,1,0.9,pkg_rule,
80842057b89b622c86a506a2a76aa2e9f98c90f6,spdlog,boost-log,Merge branch 'master' into bug/fix-missing-sudo-in-dependencies-build-action,1628642570+1000,vcpkg,boost-log spdlog,https://github.com/iainchesworth/eagle-to-mqtt,logging,C++,vcpkg,1,0.85,pkg_rule,
816e689c8be35bf03be6df3965123307bf68e56b,nlohmann-json,rapidjson,Merge pull request #127 from blAs1N/json\n\nUse nlohmann-json instead of rapidJSON,1619349529+0900,vcpkg,rapidjson nlohmann-json,https://github.com/blAs1N/BSEngine,serializing,C++,vcpkg,1,0.95,lib_replacement,
03d1afc6b86f02a75fbc11774e16207c88fbd44c,nowide,boost-nowide,Merge remote-tracking branch 'upstream/master'\n\n# Conflicts: #	CommonLibF4/cmake/headerlist.cmake #	CommonLibF4/cmake/sourcelist.cmake #	CommonLibF4/include/RE/Bethesda/ControlMap.h #	CommonLibF4/include/RE/Fallout.h,1630388478-0600,vcpkg,boost-nowide nowide,https://github.com/powerof3/commonlibf4,File Handling,C++,vcpkg,1,0.85,pkg_rule,
03f64160abd8792d30d94fa88a9e5fc66e8d2b99,glew,glad,"Adding utility file for bufferfile, filesystem and shader and show the first triangle",1621275448+0200,vcpkg,glad glew,https://github.com/EliasFarhan/GraphicsPlayground,GUI,C++,vcpkg,1,0.8,pkg_rule,
07baa5214dce1cf7102a08d7be36fdf674ef694d,libxml2,expat,Merge branch 'refactor_SBML_Calculations' into dev\n\n,1677569173+0900,vcpkg,expat libxml2,https://github.com/ecell/ECell_Engine,computing,C++,vcpkg,1,0.85,pkg_rule,
8913f58420a79765c8df546c3a90eff67e4ac69b,doctest,gtest,Merge branch 'feature/expanded-context-info' into dev,1672763669+0100,vcpkg,gtest doctest,https://github.com/albin-johansson/tactile,testing,C++,vcpkg,1,0.85,pkg_rule,
0a72dba3a3954eb16ba1abf90e4fbe42ec4a9756,glew,glad,change the loader of opengl control the include order for opengl,1622952441+0900,vcpkg,glad glew,https://github.com/yumesmile/y_dbgtemplate,GUI,C++,vcpkg,1,0.75,pkg_rule,
0ca251520bae2bf8f0b270a18ffdc62cd6dc1fac,commonlibsse-ng,commonlibsse-ng-ae,remove unnecessary line in main.cpp to stick to the minimal philosophy. comment the choice for vs generating tool instead of ninja. use commonlib-ng instead of common-lib-ng-ae because of obvious reasons.,1666840701+0800,vcpkg,commonlibsse-ng-ae commonlibsse-ng,https://github.com/ithilelda/CommonLibSSE-NG_Example_Plugin,OS Dev,C++,vcpkg,1,0.85,pkg_rule,
8dda038852c159345b6ace3e8724b439e19c449e,gtest,catch2,"migrate from Catch2 v3 to GTest\n\nEasier to use with ImGui types, eg. ImVector without having to verbosely specialize Catch::Matchers::MatcherBase<ImVector<T>>.",1668557397-0500,vcpkg,catch2 gtest,https://github.com/cfillion/reaimgui,testing,C++,vcpkg,1,0.95,lib_replacement,Usability
8e217ba4e0bdb94296591e9e4eca24a20ea88695,cmark,md4c,use cmark for commonmark parsing\n\n(because md4c isn't in vcpkg. documentation generation time is about the same),1669108220-0500,vcpkg,md4c cmark,https://github.com/cfillion/reaimgui,GUI,C++,vcpkg,1,0.9,lib_replacement,BugIssue
10d8d066572e5beaa40988a9bf7f968229e05e4c,srell,boost-regex,redo build system,1638582803-0800,vcpkg,boost-regex srell,https://github.com/sharpsteve/quicklootre,GUI,C++,vcpkg,1,0.85,pkg_rule,
91cf1e405ac5300d6c90c511e6ce078c6d86a9f6,commonlibsse-ng,commonlibsse-ng-prebuilt,Updated CommonLibSSE-NG to 3.3.0,1653100754-0700,vcpkg,commonlibsse-ng-prebuilt commonlibsse-ng,https://github.com/fireundubh/LibTurtleClub,computing,C++,vcpkg,1,0.85,pkg_rule,
13ac2a77a0975aea9c7c2743546526a3b6257ce4,portaudio,rtaudio,"Switch RTAudio for PortAudio, cleanups\n\nRTAudio kept crashing trying to load alsa and couldn't be compiled to load pulse in vcpkg\n\nAlso: cleanup cart string handling, sgb detection pre-c++17 warning fixes fix file saving bug fix compilation error on latest SDL version add drop-file support to sdl apps",1642562992-0700,vcpkg,rtaudio portaudio,https://github.com/zawata/SilverGB,Multi Media,C++,vcpkg,1,0.95,lib_replacement,BugIssue
16b0b0dd589d893e03488c1239a957717e794da0,openexr,shaderc,Addec cloud rendering code.,1646858395+0100,vcpkg,shaderc openexr,https://github.com/chrismile/ActionsTestRepo,Multi Media,C++,vcpkg,1,0.9,pkg_rule,
9672d725d304093c3dd0918c6b90abd8629944fb,rsm-bsa,libbsarch-cpp,Update rsm-bsa\n\nThe new update removes the need of using libbsarch as a second chance for unpack,1633374200+0200,vcpkg,libbsarch-cpp rsm-bsa,https://github.com/clayne/bethutil-bsa,File Handling,C++,vcpkg,1,0.85,lib_replacement,Functionality
96cc3385757ad5cda6e66cde8749a0825995bc7f,luajit,lua,Switch to LuaJIT (#130)\n\nClose #115,1664419872+0100,vcpkg,lua luajit,https://github.com/AbyssEngine/AbyssEngine,GUI,C,vcpkg,1,0.85,lib_replacement,
172f502fd95f1aec7d9dbcfeedfb7718ce0ccaef,cryptopp,openssl,Merge pull request #1 from PazerOP/master\n\nUpdating from master,1617687636+0100,vcpkg,openssl cryptopp,https://github.com/andy013/tf2_bot_detector,cryptography,C,vcpkg,1,0.9,pkg_rule,
97b24ddf9ff19b96732526ab923da8a6c1e82555,glad,glew,Replace GLEW with GLAD (#242)\n\n* Replace glew with glad    Closes #93,1667856860-0600,vcpkg,glew glad,https://github.com/trillek-team/tec,GUI,C++,vcpkg,1,0.95,lib_replacement,
981aca8ed531017bcf71bf50ac5041b7d93f064d,gtest,catch2,Use gtest instead of catch,1656327157+0200,vcpkg,catch2 gtest,https://github.com/mwthinker/Signal,testing,C++,vcpkg,1,0.95,lib_replacement,
1bdb8fba91c0d2da9f7d970c63d3c241e9fce28d,sdl2,glfw3,Replace glfw with sdl2,1638876437+0500,vcpkg,glfw3 sdl2,https://github.com/crackedmind/openhomm,GUI,C++,vcpkg,1,0.95,lib_replacement,
1e3301c6ed2760642a5f5662090181487d13ad59,fmt,spdlog,"Merge pull request #21 from OpenPIV/20-add-native-log-implementation\n\nremove spdlog, add local log capability #20",1651330955+0100,vcpkg,spdlog fmt,https://github.com/OpenPIV/openpiv-c--qt,logging,C++,vcpkg,1,0.85,pkg_rule,
1e76c3acb871aab8327af00b613540ecce87f965,expat,xerces-c,[Update] XML library for libsbml Xerces -> Expat,1662711250+0900,vcpkg,xerces-c expat,https://github.com/ecell/ECell_Engine,computing,C++,vcpkg,1,0.9,lib_replacement,
1ec8c16cca8181c464a9a90dc53b43ba2cea4e18,fmt,spdlog,"remove spdlog, add local log capability #20",1651312621+0100,vcpkg,spdlog fmt,https://github.com/OpenPIV/openpiv-c--qt,logging,C++,vcpkg,1,0.7,pkg_rule,
9f677562d0daed1f8cd6cb532c1a955749d79daf,gtest,catch2,GTest works,1669076876-0800,vcpkg,catch2 gtest,https://github.com/davferx/code-cmake-vcpkg,testing,C++,vcpkg,1,0.5,lib_replacement,
a05f1dfa58bd2afe247c1c86e99ba6e43b541162,imguizmo,sdl2,"updated imgizmos, removed unecesarry sdl package, added visual studio gitignore stuff",1677460308-0800,vcpkg,sdl2 imguizmo,https://github.com/poetahto/BrushEngine,GUI,C,vcpkg,1,0.8,pkg_rule,
a29347a50f2d16eaab813bc770e5aa07b5524748,winpp,console,rework the tag system and add system-mutex,1674203256+0100,vcpkg,console winpp,https://github.com/strinque/mark-files,Command Line,C++,vcpkg,1,0.9,pkg_rule,
230629477998bf4715b99fa17ad62ab0bf1a76bc,winpp,console,replace console library to winpp header-only library,1673880975+0100,vcpkg,console winpp,https://github.com/strinque/svn-update,Command Line,C++,vcpkg,1,0.9,lib_replacement,
2441c6e2986f2ea25016b15e55b9105303328f75,libtcod,zlib,Switch to getting libtcod from Vcpkg.\n\nI might change back if there's something I want to work on with libtcod.\n\nI don't use the zlib feature of libtcod right now.\n\nFix include issue which might have been triggered by removing zlib from libtcod.\n\nUpdates submodules.,1661969575-0700,vcpkg,zlib libtcod,https://github.com/HexDecimal/tcod-cpp-engine-2022,GUI,C++,vcpkg,1,0.8,pkg_rule,
2441c6e2986f2ea25016b15e55b9105303328f75,libtcod,vcpkg-cmake,Switch to getting libtcod from Vcpkg.\n\nI might change back if there's something I want to work on with libtcod.\n\nI don't use the zlib feature of libtcod right now.\n\nFix include issue which might have been triggered by removing zlib from libtcod.\n\nUpdates submodules.,1661969575-0700,vcpkg,vcpkg-cmake libtcod,https://github.com/HexDecimal/tcod-cpp-engine-2022,GUI,C++,vcpkg,1,0.8,pkg_rule,
2ccdff937dece1207e4e67efb1c3f3969bd229a2,fmt,spdlog,refactor,1655038000+0800,vcpkg,spdlog fmt,https://github.com/mo-xiaoming/pl0-jit,logging,C++,vcpkg,1,0.7,pkg_rule,
ad5cd783f07cbe7715da12a5207694bd549a1727,nifticlib,itk,"Remove ITK as a dependency, use nifti directly",1630945738+0100,vcpkg,itk nifticlib,https://github.com/spinicist/riesling,Multi Media,C++,vcpkg,1,0.8,lib_replacement,
2e724d4c272c2613e248572742ad3a1c415c8684,rtaudio,portaudio,Working on switching to rtaudio,1635962546+0100,vcpkg,portaudio rtaudio,https://github.com/Schroedingers-Cat/clap-host,Multi Media,C++,vcpkg,1,0.9,lib_replacement,
349ef75d040921139fe5a2bbf490daa3c8fd14e6,glad,glew,Switch from GLEW to glad + Clean rendering code\n\n,1618177316+0200,vcpkg,glew glad,https://github.com/m4jr0/gameengine,GUI,C++,vcpkg,1,0.95,lib_replacement,
355a4e63210edbe462823d069df2ffe6946b0bb2,libfort,tabulate,log the results using libfort as a table,1673880733+0100,vcpkg,tabulate libfort,https://github.com/strinque/svn-update,Command Line,C++,vcpkg,1,0.8,pkg_rule,
35c4f52ba1a7e986d4fa1e592a7eb878ea16acad,commonlibsse-ng,commonlibsse-ng-prebuilt,Updated CommonLibSSE-NG to 3.3.0,1653100656-0700,vcpkg,commonlibsse-ng-prebuilt commonlibsse-ng,https://github.com/fireundubh/LibMathf,computing,C++,vcpkg,1,0.85,pkg_rule,
36f705e535c469dd08bbfe04817b7f8a459820cf,nlohmann-json,rapidjson,.,1605101725+0100,vcpkg,rapidjson nlohmann-json,https://github.com/jakoch/csgo-cli,serializing,C++,vcpkg,1,0.9,pkg_rule,
b666113b571659f9e7980238bd3d66de0f993a92,boost-uuid,boost-thread,Merge branch 'main' into fix/better-docs-and-release-ci,1668139668+0100,vcpkg,boost-thread boost-uuid,https://github.com/GabrielRavier/epitech-rtype,GUI,C++,vcpkg,1,0.95,pkg_rule,
b69474bc043d01ae2fd4ea58af4f69e9f795610c,cli11,clipp,Add spdlog and fmt,1619972990+0200,vcpkg,clipp cli11,https://github.com/Toxe/maze-generator,Command Line,C++,vcpkg,1,0.9,pkg_rule,
38c8c6d47bf80296630e187771cfe432f35613ba,cli11,clipp,Replace clipp with CLI11 for command line parsing,1619978618+0200,vcpkg,clipp cli11,https://github.com/Toxe/mandelbrot-sfml-imgui,Command Line,C++,vcpkg,1,0.95,lib_replacement,
beea24f4aa027f491f8eb5edbf8e1a34981240c6,glad,glew,separate renderer and window from application,1682643451+0200,vcpkg,glew glad,https://github.com/cernymichal/labeeri,GUI,C++,vcpkg,1,0.9,pkg_rule,
bfe48aac874cba776d96c1c6a21eec6d959a750a,ixwebsocket,websocketpp,Replace websocketpp with ixwebsocket\n\n,1649305806-0400,vcpkg,websocketpp ixwebsocket,https://github.com/Helbreath/client,network,C++,vcpkg,1,0.95,lib_replacement,
c01cdaf0496faa83da3aa328e346474e7127a82a,cryptopp,openssl,fix: removed openssl as drogon dep,1667556039+0530,vcpkg,openssl cryptopp,https://github.com/Kushal-Chandar/minpass,cryptography,C++,vcpkg,1,0.8,pkg_rule,
44128deb991fcb8fb79392f4ec4318a3dd605cbd,gtest,catch2,change to gtest because catch2 leaks when tests fail,1655283844+0800,vcpkg,catch2 gtest,https://github.com/mo-xiaoming/pl0-jit,testing,C++,vcpkg,1,0.95,lib_replacement,Security
44606b611d31c3c3a94e7f4c00dd0f683f4bd3ed,kubazip,libzip,Replaced libzip with kubazip.\n\n* Fixed an issue with --verbose flag. * Removed hashes for vcpkg ports. * Few minor tweaks to build scripts.,1671582060-0800,vcpkg,libzip kubazip,https://github.com/Alusus/Alusus,File Handling,C++,vcpkg,1,0.95,lib_replacement,
c651a18388ab154dc231b249e0375735622a6da7,srell,ctre,replace ctre with srell,1632435211-0700,vcpkg,ctre srell,https://github.com/Ryan-rsm-McKenzie/CommonLibF4,GUI,C++,vcpkg,1,0.95,lib_replacement,
c6cff6fad3a866e37c3761d6dd26fd970f020e68,directxtex,stb,Change image load library stb to directxtex directxtex is more faster because it does not need to convert 3 channels (rgb) to 4 channels (rgba),1677401282+0900,vcpkg,stb directxtex,https://github.com/yudaegam/GenghisKhan,Multi Media,C++,vcpkg,1,0.9,lib_replacement,Performance
47d1b4e1a6b0fa7a06dbde43eca646a68907c337,xerces-c,libxml2,[Remove] Uninstall xz step in MacOS + [Update] libxml -> Xerces,1662696397+0900,vcpkg,libxml2 xerces-c,https://github.com/ecell/ECell_Engine,computing,C++,vcpkg,1,0.8,lib_replacement,
c8f264f08dd2a8026f188a36721843f77d66233b,nlohmann-json,rapidjson,Link nlohmann-json instead of rapidJSON\n\n,1619328022+0900,vcpkg,rapidjson nlohmann-json,https://github.com/blAs1N/BSEngine,serializing,C++,vcpkg,1,0.95,lib_replacement,
cd473b9f06ba59f85d5c5464664761a78d16d300,glad,glew,"Configuring glad, gl, etc",1596709622+0300,vcpkg,glew glad,https://github.com/widecpp/wider,GUI,C++,vcpkg,1,0.5,lib_replacement,
cf8e2c4bb1e8b85e12f574782aeaf8e1ca717433,rsm-mmio,mmio,update to 1.6.640,1665892566-0700,vcpkg,mmio rsm-mmio,https://github.com/doodlum/enb-input-disabler,GUI,C++,vcpkg,1,0.8,pkg_rule,
523a153d2c7eb4c7b10d1ea9d092c17ecd24de19,benchmark,catch2,Use google test and benchmark instead of Catch2,1663010584+0200,vcpkg,catch2 benchmark,https://github.com/mwthinker/Calculator,testing,C++,vcpkg,1,0.5,lib_replacement,
523a153d2c7eb4c7b10d1ea9d092c17ecd24de19,gtest,catch2,Use google test and benchmark instead of Catch2,1663010584+0200,vcpkg,catch2 gtest,https://github.com/mwthinker/Calculator,testing,C++,vcpkg,1,0.5,lib_replacement,
5284bb069e2efa547735cc3e42e2eb65745f003e,rtmidi,portmidi,Initial port to rtmidi,1635887883+0100,vcpkg,portmidi rtmidi,https://github.com/Schroedingers-Cat/clap-host,Multi Media,C++,vcpkg,1,0.8,lib_replacement,
530bde2af80b352c1718c04d6b77d6762d1fd9ef,gtest,catch2,Replace Catc2 dependency with GTest,1662801494+0200,vcpkg,catch2 gtest,https://github.com/mwthinker/CppSdl2,testing,C++,vcpkg,1,0.95,lib_replacement,
5353db290fa23c6e22ae5175a7e3aad1fa38e257,fmt,boost-format,[poppy] replace boost-format with fmt,1620441080+0100,vcpkg,boost-format fmt,https://github.com/yretenai/poppy,Command Line,C++,vcpkg,1,0.95,lib_replacement,
d49e1efbc1980825389ad6a5e445e8ec006222bf,catch2,gtest,Replace gtest by catch,1631347799+0200,vcpkg,gtest catch2,https://github.com/mod-cpp/pacman,testing,C++,vcpkg,1,0.95,lib_replacement,
55e9dc2662086b90b7f78a7e6626991a80a56616,srell,boost-regex,replace `boost::regex` with `srell`,1654107657+0530,vcpkg,boost-regex srell,https://github.com/powerof3/Spell-Perk-Item-Distributor,GUI,C++,vcpkg,1,0.95,lib_replacement,
55e9dc2662086b90b7f78a7e6626991a80a56616,srell,boost-regex,replace `boost::regex` with `srell`,1654107657+0530,vcpkg,boost-regex srell,https://github.com/powerof3/Spell-Perk-Item-Distributor,GUI,C++,vcpkg,1,0.95,lib_replacement,
d66045db0ed28f88e322a1f3745623021b6efe47,cryptopp,openssl,"* Removed unused OpenSSL dependency (replaced with CryptoPP due to static linking and compile times) * Set the discord party id to a hash of the real party ID and some ""private"" info. To be clear, I'm not sure if the party ID is exposed through discord, or if its really possible to do anything annoying with it in the first place.",1615199130-0800,vcpkg,openssl cryptopp,https://github.com/PazerOP/tf2_bot_detector,cryptography,C++,vcpkg,1,0.95,lib_replacement,Usability
5930a63c0144711c57746289853e467b8286f17f,doctest,gtest,Use doctest instead of gtest,1644187347+0100,vcpkg,gtest doctest,https://github.com/albin-johansson/wanderer,testing,C++,vcpkg,1,0.95,lib_replacement,
5af4b799347fe0674197509d05ddbf22ecbf728a,libxml2,expat,"[Retro] Going back to libxml2\n\nThere seems to be an issue with expat library returning a null pointer when loading the model in a sbml file. No solution were found so we go back to libxml2 for now untill we find a fix. For a reminder, we need to use expat if we want the CI to work because libxml2 fails for MacOs and Linux.",1673492146+0900,vcpkg,expat libxml2,https://github.com/ecell/ECell_Engine,computing,C++,vcpkg,1,0.9,lib_replacement,BugIssue
5dbd2ef4668784da41733781347db7efd2010461,glew,glad,Hello Window,1661286494-0700,vcpkg,glad glew,https://github.com/Seanathon1-1/chess_ai,GUI,C++,vcpkg,1,0.95,pkg_rule,
ddc1afa64d4d9640bc6c0e9a0698d5395371897a,catch2,gtest,更改构建方式,1630925879+0800,vcpkg,gtest catch2,https://github.com/uuiid/filesyn,testing,C++,vcpkg,1,0.9,pkg_rule,
5ec779ea565fcb1b662723f5a02df14a817aa7ce,kubazip,libzip,Merge pull request #204 from sarmadka/feature/misc_improvements\n\nReplaced libzip with kubazip plus other fixes.,1671591526-0800,vcpkg,libzip kubazip,https://github.com/Alusus/Alusus,File Handling,C++,vcpkg,1,0.95,lib_replacement,
5f94629277f6134ad2fd69979319510169a2477d,doctest,catch2,Refactor tests  Swap testing framework (Catch -> doctest),1623451019+0100,vcpkg,catch2 doctest,https://github.com/ddavness/tvm,testing,C++,vcpkg,1,0.95,lib_replacement,
6062874a9da8ce9aa4594250b4358af2e9dfa89a,luajit,lua,Merge branch 'main' into update-issue-template,1667808997+0100,vcpkg,lua luajit,https://github.com/AbyssEngine/AbyssEngine,GUI,C,vcpkg,1,0.95,pkg_rule,
6276fa5b7810753a8abf6d623bbd3cfe7b21f307,sdl2,sfml,Replace SFML with SDL2,1657731281+0200,vcpkg,sfml sdl2,https://github.com/Toxe/video-trimmer,GUI,C++,vcpkg,1,1.0,lib_replacement,
62d7700db51e40bd334b015305de6951fa5a413a,freetype,stb,Feature/freetype2 (#2)\n\n* swtich the library from stb to freetyp2 in the project file.    * remove out stb-references from the font class.    * populate names and sizes.    * complete the replacements.    * Show an error when font file is invalid.    Co-authored-by: Wutipong Wongsakuldej <wutipong@trueaxiongames.com>,1612034312+0700,vcpkg,stb freetype,https://github.com/wutipong/font-render-tester,GUI,C++,vcpkg,1,0.95,lib_replacement,
e3bb7c9acdaeb1633eb7446ffbb6bcc2facb2a47,tinygltf,assimp,Satisfactorilly import GLTF materials,1607310095-0800,vcpkg,assimp tinygltf,https://github.com/DethRaid/SanityEngine,GUI,C++,vcpkg,1,0.9,pkg_rule,
6526d63ebdb462cac6a4f7069c978d044cfbf00e,glad,glew,Use glad instead of glew.,1665151654+0200,vcpkg,glew glad,https://github.com/quyykk/plugin-editor,GUI,C++,vcpkg,1,1.0,lib_replacement,
e6dfde976d0faac21ad5d524ee62e391ef449ad5,catch2,gtest,Replace gtest by catch,1631347799+0200,vcpkg,gtest catch2,https://github.com/mod-cpp/pacman,testing,C++,vcpkg,1,0.95,lib_replacement,
e83be7bf6141990091aebc3154044a75622195c6,spdlog,boost-log,Replace boost-log with spdlog.,1628642286+1000,vcpkg,boost-log spdlog,https://github.com/iainchesworth/eagle-to-mqtt,logging,C++,vcpkg,1,1.0,lib_replacement,
69170d2b6f8677260f32d67398b3e7a42a09bf0b,spdlog,glog,Replace glog with spdlog,1683294875+0800,vcpkg,glog spdlog,https://github.com/mic12130/Eurocat,logging,C++,vcpkg,1,1.0,lib_replacement,
69170d2b6f8677260f32d67398b3e7a42a09bf0b,spdlog,glog,Replace glog with spdlog,1683294875+0800,vcpkg,glog spdlog,https://github.com/mic12130/Eurocat,logging,C++,vcpkg,1,1.0,lib_replacement,
e9437145062cfc703b552c08a46c005d1aa2bd16,freetype,stb,swtich the library from stb to freetyp2 in the project file.,1612008113+0700,vcpkg,stb freetype,https://github.com/wutipong/font-render-tester,GUI,C++,vcpkg,1,0.95,lib_replacement,
e98b591c759a34d365bc62b49165d2365dffe3d9,spdlog,boost-log,Merge pull request #26 from iainchesworth/feature/replace-boost-log-with-spdlog\n\nReplace boost-log with spdlog.,1628642315+1000,vcpkg,boost-log spdlog,https://github.com/iainchesworth/eagle-to-mqtt,logging,C++,vcpkg,1,1.0,lib_replacement,
6a9f7609a9c965bef31f5e63a668cc7a5ae4a620,rsm-mmio,mmio,fix vcpkg mmio port and update .gitignore,1645249745+0530,vcpkg,mmio rsm-mmio,https://github.com/powerof3/commonlibf4,GUI,C++,vcpkg,1,0.9,pkg_rule,
6bf52efa70761da472d13ef042f84518497c4f6b,srell,ctre,Merge remote-tracking branch 'upstream/master'\n\n# Conflicts: #	CommonLibF4/cmake/sourcelist.cmake #	CommonLibF4/include/RE/Bethesda/ControlMap.h #	CommonLibF4/include/RE/Bethesda/IMenu.h #	CommonLibF4/include/RE/Bethesda/Interface3D.h #	CommonLibF4/include/RE/Bethesda/MenuCursor.h #	CommonLibF4/include/RE/Bethesda/PipboyManager.h #	CommonLibF4/include/RE/Bethesda/PowerArmor.h #	CommonLibF4/include/RE/Fallout.h,1639375068-0700,vcpkg,ctre srell,https://github.com/powerof3/commonlibf4,GUI,C++,vcpkg,1,0.85,pkg_rule,
6d059f6496e957683333d12355e3200afe1ca32f,glad,glew,Replace glew with glad\n\nCloses #93,1661710128-0500,vcpkg,glew glad,https://github.com/trillek-team/tec,GUI,C++,vcpkg,1,1.0,lib_replacement,
6dc878860179f27c5e54a6930c038af4ac6802a7,gtest,doctest,Switch to using gtest,1663790408+0200,vcpkg,doctest gtest,https://github.com/albin-johansson/wanderer,testing,C++,vcpkg,1,0.9,lib_replacement,
f0b1afed088b926ec42a1e66e6d3db0161c245ea,sqlitecpp,sqlite3,Switch to using the sqlitecpp wrapper,1612142635-0800,vcpkg,sqlite3 sqlitecpp,https://github.com/PazerOP/tf2_bot_detector,database,C++,vcpkg,1,0.8,lib_replacement,
f22706ccee972dcb161f078ca8e9ac654ae4d1e5,freeimage,stb,replace stbi with freeimage add tell function to io streams remove math functions/Eigen lib,1682656655-0600,vcpkg,stb freeimage,https://github.com/GabeRundlett/gvox,Multi Media,C++,vcpkg,1,0.95,lib_replacement,
f25e67decbb6ce00c77337fc94e67f4650111374,glad,glew,Add Angle/OpenGL ES 3 support for windows,1656725241+0200,vcpkg,glew glad,https://github.com/Aleph-One-Marathon/alephone,GUI,C++,vcpkg,1,0.9,pkg_rule,
73acd5ec80e3a6570f5d12c53998e4db40da8334,openexr,shaderc,Added LineVis code.,1648856572+0200,vcpkg,shaderc openexr,https://github.com/chrismile/ActionsTestRepo,Multi Media,C++,vcpkg,1,0.9,pkg_rule,
f58aee72975afa19bdecf3ec999a3ac234064418,tinyfiledialogs,nativefiledialog,Replace nativefiledialog with tinyfiledialogs,1643806881+0100,vcpkg,nativefiledialog tinyfiledialogs,https://github.com/albin-johansson/tactile,File Handling,C++,vcpkg,1,1.0,lib_replacement,
f58efbdc557093f7d4d8a3902cd630c7cefac97e,boost-uuid,boost-thread,fix(build): Made it so that we pull in boost-uuid and stop using boost-thread,1668045062+0100,vcpkg,boost-thread boost-uuid,https://github.com/GabrielRavier/epitech-rtype,GUI,C++,vcpkg,1,0.9,pkg_rule,
76cdf857f1f014ac7e6f9fbf80bb39941420efec,zlib,openssl,"Update vcpkg to latest master, use custom VcpkgInstallDir and install zlib instead of openssl",1625484071+0200,vcpkg,openssl zlib,https://github.com/autoantwort/VcpkgBug,cryptography,C,vcpkg,1,0.9,pkg_rule,
f64bba0998fe5cf039b768f07837428fc896cf9f,glslang,shaderc,Removed `shaderc` dependency Added `glslang` dependency,1651336957+0200,vcpkg,shaderc glslang,https://github.com/PetrFlajsingr/pf_rendering_playground,GUI,C,vcpkg,1,0.85,lib_replacement,
77b6aedfcb16d435e8ac19bc8c457c04a52ea169,boost-bind,boost,cmake works with boost,1636663137-0500,vcpkg,boost boost-bind,https://github.com/ericfont/SerialAudio,Multi Media,C++,vcpkg,1,0.9,pkg_rule,
f708732cff31fb4fb037426f517ee62de7af65dc,luajit,lua,Switch to LuaJIT\n\nClose #115,1661586561+0100,vcpkg,lua luajit,https://github.com/AbyssEngine/AbyssEngine,GUI,C,vcpkg,1,1.0,lib_replacement,
f7e83bb7cb9a97b49aa137756e08fe176e4f63b9,catch2,doctest,doctest -> catch2 for better value-parameterized tests,1655025886+0800,vcpkg,doctest catch2,https://github.com/mo-xiaoming/pl0-jit,testing,C++,vcpkg,1,1.0,lib_replacement,Functionality
7903205a5a61e084200d2fd2611cf29053d0232f,catch2,gtest,0.28: Hash functions and static for loops\n\nChanged testing framework to Catch2. Code also compiles cleanly with gcc 11.1,1628789700+0800,vcpkg,gtest catch2,https://github.com/Chlorie/clu,testing,C++,vcpkg,1,0.95,lib_replacement,
795026c7ace226129a49937a9e322f0834108a24,rsm-mmio,mmio,Merge pull request #1 from barcharcraz/main\n\nupdate to 1.6.640,1665895020+0100,vcpkg,mmio rsm-mmio,https://github.com/doodlum/enb-input-disabler,GUI,C++,vcpkg,1,0.9,pkg_rule,
7be7721d7b817639931bd4ff9aa34d05e1c6c26d,nlohmann-json,rapidjson,switching from rapidjson to nlohmann-json,1616124484-0500,vcpkg,rapidjson nlohmann-json,https://github.com/algiokas/projectmald,serializing,C++,vcpkg,1,1.0,lib_replacement,
7c9eae5f7f8f4c98eee89706378d426643764e14,nowide,boost-nowide,use standalone nowide,1629155347-0700,vcpkg,boost-nowide nowide,https://github.com/Ryan-rsm-McKenzie/CommonLibF4,File Handling,C++,vcpkg,1,0.85,pkg_rule,
fcff9627420315fd5adc40191612e89b2e8fdf5f,libguarded,folly,"Replace folly with libguarded\n\nI want to get back to using folly at some point, but it's so damn tough to build using Clang. It's not worth the hassle when I'm already fighting Cling right now.",1668838799-0800,vcpkg,folly libguarded,https://github.com/jank-lang/jank,other,C++,vcpkg,1,1.0,lib_replacement,BugIssue
002374347943534330551c480b42feb2d071027b,eigen-git-mirror,eigen,Merge branch 'master' into kumaraswamy-dist,1537634796+0530,gitsubmodule,eigen eigen-git-mirror,https://github.com/probtorch/pytorch,computing,C++,gitsubmodule,1,0.9,pkg_rule,
003aadd96f61d0615b8f47e78f4f23244d9b96cc,glew,glew-cmake,Switched to official GLEW repository,1605844674-0800,gitsubmodule,glew-cmake glew,https://github.com/Shadax-stack/Gamma,GUI,C++,gitsubmodule,1,0.9,pkg_rule,
004cec4d527a3208e977920069e5039110cac00c,xash3d_mainui,mainui_cpp,switch: set mainui URL to my fork,1538857108+0300,gitsubmodule,mainui_cpp xash3d_mainui,https://github.com/FGSFDSFGS/xash3d,GUI,C,gitsubmodule,1,0.9,pkg_rule,
0059c1df37e9b2d3449f9fd9956daf4a19a47fd5,sfml,googletest,"Removed googletest submodule, added SFML",1584794765+0100,gitsubmodule,googletest sfml,https://github.com/magdalenatragarz/salesman,GUI,C++,gitsubmodule,1,0.9,pkg_rule,
0071f72ab59f53e4969f44b38c33809479e92ee7,cusift,vlfeat,Integrate vlfeat and cusift as libs,1450111981-0500,gitsubmodule,vlfeat cusift,https://github.com/danielsuo/cuBoF,Multi Media,C++,gitsubmodule,1,0.9,pkg_rule,
00b7727e74e3b58789906c0524bbb6532ce1e2d0,libuavcan,uavcan,gitmodules to hsteinhaus/uavcan_update3-wip,1456731451+0100,gitsubmodule,uavcan libuavcan,https://github.com/hsteinhaus/ardupilot,OS Dev,C++,gitsubmodule,1,0.9,pkg_rule,
800cae86e55afaa4f7b4d78dabb1d6a152f0234e,libcommuni,communi,Use the new libcommuni submodule,1369688024+0200,gitsubmodule,communi libcommuni,https://github.com/0Knowledge/communi-desktop,network,C++,gitsubmodule,1,0.9,pkg_rule,
802d3cecfbe4600df2da4f1b9e0f81c6281f7d8e,qtum-evmone,cpp-eth-qtum,Merge pull request #966 from qtumproject/time/core22\n\nPort Qtum to core 22,1653590410+0100,gitsubmodule,cpp-eth-qtum qtum-evmone,https://github.com/ArielCoinOrg/arielcoin,cryptography,C++,gitsubmodule,1,0.9,pkg_rule,
8061da60bb3307b45aaf161c3c8bf865042a3503,eigen-git-mirror,eigen,Merge branch 'developer_preview' of https://github.com/ROCmSoftwarePlatform/rocm-caffe2 into bwd_fixes,1527101352-0700,gitsubmodule,eigen eigen-git-mirror,https://github.com/ROCmSoftwarePlatform/realcaffe2,computing,C++,gitsubmodule,1,0.9,pkg_rule,
8069f29623fe4801845b94a167f0b07de651ce06,eigen-git-mirror,eigen,"Merge pull request #8 from domschl/neweigenmirror\n\nSwitch to new, official eigen3 mirror on github",1520001066+0100,gitsubmodule,eigen eigen-git-mirror,https://github.com/domschl/syncognite,computing,C++,gitsubmodule,1,0.9,pkg_rule,
807882e45439f48fd323339c19d66fa87fe5b3d2,build-system,foundation,"Remove foundation submodule, add build-system",1681030402+0000,gitsubmodule,foundation build-system,https://github.com/AztecProtocol/barretenberg,cryptography,C++,gitsubmodule,1,0.9,pkg_rule,
80fa85f6fa091d4854f1d55bfcc27d91d91a46aa,googletest,catch,changed test library from Catch to GoogleTest,1506330088+0900,gitsubmodule,catch googletest,https://github.com/MGfoundation/mgcpp,testing,C++,gitsubmodule,1,1.0,lib_replacement,
80fab3394a085d8020368f46784051898a1fa63f,entt,flecs,Progress on AST & compiler architecture,1619559458+0200,gitsubmodule,flecs entt,https://github.com/PipeRift/rift,GUI,C++,gitsubmodule,1,0.95,pkg_rule,
80fc9592b5abfab5bd44ddb4f10479fcde8557e6,rippled,ripple-libpp,Use rippled xrpl-core library:\n\nDepend on Ripple::xrpl_core (replaces ripple-libpp) to incorporate signing and serialization functionality. Drop circlel-ci since 1.0 configs are no longer supported.,1537546311-0700,gitsubmodule,ripple-libpp rippled,https://github.com/mellery451/ripple-offline-tool,cryptography,C++,gitsubmodule,1,1.0,lib_replacement,Functionality
01035a6a9686f28ca83cab75d09a927e7ab047ee,libantlr3c,website-antlr3,HPCC-22013 Replace website-antlr3 submodule with libantlr3c\n\nSigned-off-by: Michael Gardner <michael.gardner@lexisnexisrisk.com>,1557425783-0400,gitsubmodule,website-antlr3 libantlr3c,https://github.com/hpcc-systems/HPCC-Platform,serializing,C++,gitsubmodule,1,0.5,lib_replacement,
0113301df1945700f9616631e80a97a91fe52c96,libut,uthash,uthash -> libut,1491872825-0400,gitsubmodule,uthash libut,https://github.com/troydhanson/fluxcap,network,C,gitsubmodule,1,0.6,lib_replacement,
0128571191993d22ffdc3f1c0e9026b9a7b4a3df,fw_mavlink_c_library_v2,c_library_v2,Merge pull request #52 from ethz-asl/feature/change_mavlink_remote\n\nSwitch mavlink library to the ASL-FW repo,1563452635+0200,gitsubmodule,c_library_v2 fw_mavlink_c_library_v2,https://github.com/ethz-asl/fw_qgc,Multi Media,C++,gitsubmodule,1,0.6,pkg_rule,
0191fd8f2efb1b94a19c1d1363c407ae05b96eb4,wasmtbb,clapack_for_sphinxsys,"Merge bence virtonomy2 (#61)\n\n* Verification cases thesis (#15)    * ConstrainSolidBody renamed    * constrain solid body reagion added    * force boundary condition    * force BC edited    * Pressure bc (#16)    * SurfacePressureFromSource added    * SurfacePressureFromSource::Update    * BC prob works but the particle normals are missing    * time dependent surface pressure works    * cube case moved to source tests    * Add test folder (#18)    * Translate body part (#45)    * Feature/contact stent 2 (#10)    * PositionSolidBody added    * boundary condition works but breaks numerically    * no message    * first unit test added    * indentation change    * PositionSolidBody test    * remove file    * small fixes    * position constraint changed  works between start and end time    * scaling boundary condition    * PositionScaleSolidBody unit test    * particel adaptation changed    * system resolution ratio added to particle adaptation    * add googletest to docker and workflow    * unit test removed temporarily    * unit rest removed    * SolidParticleRelaxation added to update initial particle position    * gtest added again    * gtest install changed    * gtest    * gtest    * gtest    * gtest    * cd path updated    * change to shared pointers    * unit test pointers changed    * gtest added to docker    * initialization changed    * disable tests for simbody    * errors fixed    * TranslationSolidBody added  translation cylinder    * whitespace    * fixes    * TranslateSolidBody corrected    * writeToFile update    * change SET to set    * catch(out_of_range& e) added    * change to size_t    * cmake minimum removed    * BoundingBox test changed    * fix writeToFIle    * test change    * Feature/position bc stent (#34)    * PositionSolidBody added    * boundary condition works but breaks numerically    * no message    * first unit test added    * indentation change    * PositionSolidBody test    * remove file    * small fixes    * position constraint changed  works between start and end time    * scaling boundary condition    * PositionScaleSolidBody unit test    * particel adaptation changed    * system resolution ratio added to particle adaptation    * add googletest to docker and workflow    * unit test removed temporarily    * unit rest removed    * SolidParticleRelaxation added to update initial particle position    * gtest added again    * gtest install changed    * gtest    * gtest    * gtest    * gtest    * cd path updated    * change to shared pointers    * unit test pointers changed    * gtest added to docker    * initialization changed    * errors fixed    * TranslationSolidBody added  translation cylinder    * whitespace    * fixes    * TranslateSolidBody corrected    * writeToFile update    * change SET to set    * catch(out_of_range& e) added    * change to size_t    * cmake minimum removed    * BoundingBox test changed    * fix writeToFIle    * test change    Co-authored-by: JohnVirtonomy <benjamin@virtonomy.io>    * -Werror only works for linux    * TEST TranslateSolidBodyTuple    * Update CMakeLists.txt    remove werror flag for msvc    * update from bitbucket 01.07.2021    * delete repeated files    * brief information on google test in repo readme    * delete clapack and simbody folder in root    * google test works for windows but the unit test case did not copy stl file right in windows    * now test_3d_unit works in windows.    * information on installing google test in windows    * add a comment on install ing for VS in windows    * translation with same scale&unit test update    * skip testing when [ci skip] in the commit message    * update test_3d_unit - TranslateSolidBody not work    * time-dependent-contact    * number of time dep. contacts fixed    * setup unit test for time dependent contact    * Translate Solid Body fixed  but tolerance is only 0.01    * output changed to 100 files always    * 07.13.2021 update    * typo    * new files from bitbucket    * update 07.13.2021    * time dependent contact fixed    * time dep contact fixed    * remove cout    * time dep. contact tests finished    * renaming    * fix naming    * move test class into seperate header    * cmake changes    * changing function names to lower case    * change cmake list    * small fix    Co-authored-by: Ubuntu <virtonomy@SPHsimulation2.qg4qjrxycqxetcothedhm1ylih.ax.internal.cloudapp.net>  Co-authored-by: JohnVirtonomy <benjamin@virtonomy.io>  Co-authored-by: Xiangyu Hu <xiangyu.hu@tum.de>  Co-authored-by: Wen-Yang Chu <chu@virtonomy.io>  Co-authored-by: Xiangyu Hu <xiangyu.hu@tum>  Co-authored-by: Xiangyu Hu <37415154+Xiangyu-Hu@users.noreply.github.com>    * TranslateSolidBodyPart added    * particle relaxation fixed    * change Get_ to get_    * checkIfPointInBoundingBox moved    Co-authored-by: Ubuntu <virtonomy@SPHsimulation2.qg4qjrxycqxetcothedhm1ylih.ax.internal.cloudapp.net>  Co-authored-by: JohnVirtonomy <benjamin@virtonomy.io>  Co-authored-by: Xiangyu Hu <xiangyu.hu@tum.de>  Co-authored-by: Wen-Yang Chu <chu@virtonomy.io>  Co-authored-by: Xiangyu Hu <xiangyu.hu@tum>  Co-authored-by: Xiangyu Hu <37415154+Xiangyu-Hu@users.noreply.github.com>    * update from bitbucket 07-30-2021    * replace the wrong gpuSPHinXsys    * Simbody artifacts instead of installation    * simbody variable added to cmake command    * change path    * conflict resolved    * remove doubled test    Co-authored-by: Ubuntu <virtonomy@SPHsimulation2.qg4qjrxycqxetcothedhm1ylih.ax.internal.cloudapp.net>  Co-authored-by: JohnVirtonomy <benjamin@virtonomy.io>  Co-authored-by: Xiangyu Hu <xiangyu.hu@tum.de>  Co-authored-by: Wen-Yang Chu <chu@virtonomy.io>  Co-authored-by: Xiangyu Hu <xiangyu.hu@tum>  Co-authored-by: Xiangyu Hu <37415154+Xiangyu-Hu@users.noreply.github.com>    * Pressure bc (#20)    * SurfacePressureFromSource added    * SurfacePressureFromSource::Update    * BC prob works but the particle normals are missing    * stress relaxation changed to Kirchhof    * time dependent surface pressure works    * cube case moved to source tests    * cube test removed    * add overtime to position based tests    * go back to last working state    * back to working version    Co-authored-by: Ubuntu <virtonomy@SPHbence.qg4qjrxycqxetcothedhm1ylih.ax.internal.cloudapp.net>    * simulation class remvoed (#21)    * fix numerical damping (#23)    * Simbody lib seperate (#26)    * remove submodules    * simbody added on no lapack    * simbody    * cases user moved    * scripts removed    * simbody set to master    * variables removed    * 3d lib cmake    * boost option    * simbody linking to built libraries    * renaming + 2D cmake    * option subdir    * werror    * eigen in simbody    * eigen added    * eigen    * eigen include    * eigen    * add wasmtbb    * working wasm example    * cmake changes    * restore working wasm build    * change memory pool for wasm    * work on eigen    Co-authored-by: wen-yang chu <chu@virtonomy.io>    * update simbody    * Replace clapack (#27)    * work on eigen    * all tests pass with Eigen    * macro renamed simbody    * all SPH tests pass for static build    * remove wasm files    * first setup of spring on surface normal direction (#22)    * first setup of spring on surface normal direction    * adjusted combi of spring and pressure BC    * correction of damping coefficient    * simulation runs  but too small time steps, only one vtu-file    * consideration normal portion in opposite direction    * creation of tests for vector calculations    * simplification of vector norm calculation    * small vector test working, but failing    * small vector tests passing    * angle tests added    * correction of Vector Projection  more test examples    * correction of normal spring  beam still spinning    * adding of functions for vector calculations    * change of spring force in right direction    * debugging, still spinning after timestep 18    * change of vector calculation example    * correction of normal spring force    * for-loop removed, checking of spring & damping    * area moved and considered in damping    * adding gtest to CMakeLists    * simplified dot_product_2 calculation    * change from Vecd to Vec3d for calculations    * changed Vector declaration and functions    * correction of Spring and Damping    Co-authored-by: JohnVirtonomy.io <benjamin@virtnomy.io>    * change pressure BC to be define by body part    * SpringNormalOnSurfaceParticles with body part    * option to use inner or outer surface for spring    * zero position of particles fixed    * emscripten option to disable gtest (#28)    * emscripten option to disable gtest    * comment out compiling flags    * bug fix    Co-authored-by: wen-yang chu <chu@virtonomy.io>    * find simbody    * remove BUILD_WITH_SIMBODY from findsimbody    * bernoulli beam added    * bernoulli test case, no displacement    * bernoulli beam works with gravity  bug with pressure    * fix comments    * add comment    * remove folder    Co-authored-by: Ubuntu <virtonomy@SPHsimulation2.qg4qjrxycqxetcothedhm1ylih.ax.internal.cloudapp.net>  Co-authored-by: JohnVirtonomy <benjamin@virtonomy.io>  Co-authored-by: Xiangyu Hu <xiangyu.hu@tum.de>  Co-authored-by: Wen-Yang Chu <chu@virtonomy.io>  Co-authored-by: Xiangyu Hu <xiangyu.hu@tum>  Co-authored-by: Xiangyu Hu <37415154+Xiangyu-Hu@users.noreply.github.com>  Co-authored-by: Ubuntu <virtonomy@SPHbence.qg4qjrxycqxetcothedhm1ylih.ax.internal.cloudapp.net>  Co-authored-by: JohnVirtonomy <85166600+JohnVirtonomy@users.noreply.github.com>  Co-authored-by: JohnVirtonomy.io <benjamin@virtnomy.io>",1632082251+0200,gitsubmodule,clapack_for_sphinxsys wasmtbb,https://github.com/Xiangyu-Hu/SPHinXsys,computing,C++,gitsubmodule,1,0.8,pkg_rule,
01d48cd3143e495df7d4ebb3a79126ea037e7670,g3log,stackwalker,Removed StackWalker and replaced it with g3log exception handling. Updated natives for 1.50. Added settings JSON implementation. Refactored spawn vehicle bypass to not crash. (removed VMT hook),1582414662-0500,gitsubmodule,stackwalker g3log,https://github.com/EzequielDM/GTAZSense,logging,C++,gitsubmodule,1,1.0,lib_replacement,
813ef6f1c753215697681f9de1572ab57868b647,unordered_dense,robin-hood-hashing,replace robin-hood-hashing with unordered_dense,1675271080+0100,gitsubmodule,robin-hood-hashing unordered_dense,https://github.com/ucpu/cage,GUI,C++,gitsubmodule,1,1.0,lib_replacement,
81a55dc3438338c174b1bb4d5fe22c794f875daf,tinyxml2,ticpp,"Replaced ticpp with TinyXML2, updated README.md",1461797234+0200,gitsubmodule,ticpp tinyxml2,https://github.com/QuentinBross/Malefice,serializing,C++,gitsubmodule,1,1.0,lib_replacement,
81b72c142935dd20f1b78cf5422e67ca3e26f211,fmt,spdlog,delete scripts folder,1650336521+0800,gitsubmodule,spdlog fmt,https://github.com/K1ngst0m/Aphrodite,logging,C++,gitsubmodule,1,0.9,pkg_rule,
0240d50ec342b07537e7102eef508de1ac3e04be,libuavcan,uavcan,merge Stable into AA241x and update AA241x specifc modules to cmake,1460480272-0700,gitsubmodule,uavcan libuavcan,https://github.com/241x-albatross/Firmware,OS Dev,C++,gitsubmodule,1,0.7,pkg_rule,
026a4b07cf2832423b2dd76f7e221eab00c7c8c1,libuavcan,uavcan,libuavcan submodule updated,1433960457+0300,gitsubmodule,uavcan libuavcan,https://github.com/fandesfyf/PX4-Autopilot,OS Dev,C,gitsubmodule,1,0.9,pkg_rule,
029f8484f3b9a927b1aa017ac1ba6e2acd5e31e3,glew-cmake,glew,Update CMakeLists to pseudo-install CEGUI dependencies Change git submodule for GLEW,1559772205+0200,gitsubmodule,glew glew-cmake,https://github.com/Crisspl/IrrlichtBAW,GUI,C++,gitsubmodule,1,0.8,pkg_rule,
02b9f8b2836df4b88bdf5f6391018fd758f3d689,luajit,lua,Now using LuaJIT. Closed #91.,1594255221+0200,gitsubmodule,lua luajit,https://github.com/Unarelith/OpenMiner,GUI,C++,gitsubmodule,1,1.0,lib_replacement,
8226c367867c581146ee9d52148b5c556d505919,eigen-git-mirror,eigen,Update .gitmodules,1548403017+0800,gitsubmodule,eigen eigen-git-mirror,https://github.com/jslslee/caffe2,computing,C++,gitsubmodule,1,0.9,pkg_rule,
82468749078c3e8a58216ae6edb4614e6458e273,clibs,quicklist,Merge remote-tracking branch 'upstream/master',1488136987+0100,gitsubmodule,quicklist clibs,https://github.com/GreenKakadu/eressea,serializing,C,gitsubmodule,1,0.9,pkg_rule,
824c48c3198a508e047d413309e962d13a038b3a,stb,soil,update develop,1575383628+0300,gitsubmodule,soil stb,https://github.com/fromasmtodisasm/BlackBox,Multi Media,C++,gitsubmodule,1,0.9,pkg_rule,
82605641d81c56ea34873f88368a36f2fe02eab5,sdk,ev3rt-hrp2-sdk,Moved to our SDK,1570690081+0200,gitsubmodule,ev3rt-hrp2-sdk sdk,https://github.com/sw516e19/ev3rt,OS Dev,C,gitsubmodule,1,0.9,pkg_rule,
032c7fe53e733f566df946a469c23bd1557d4882,libuavcan,uavcan,Merge 3bf2418f514118668aa7e6cff3e4e591bcd63c5d into 35bf1651904705d6544bdd607d5c980395d79af6,1476445473+0000,gitsubmodule,uavcan libuavcan,https://github.com/PX4/Firmware,OS Dev,C++,gitsubmodule,1,0.9,pkg_rule,
0355917ed3da3da17fe464e1f002c8abf4a7dbcb,qhotkey,qhotkeys,Use QHotkey library by Skycoder42,1518521734+0100,gitsubmodule,qhotkeys qhotkey,https://github.com/mrousavy/PostShot,GUI,C++,gitsubmodule,1,0.5,lib_replacement,
03ce7c5b287a87d77826c63771b9f35d72be931c,ca821x-api,cascoda-api,Replaced cascoda-api with ca821x-api,1483719419+0000,gitsubmodule,cascoda-api ca821x-api,https://github.com/Cascoda/ca8210-kernel-exchange,OS Dev,C,gitsubmodule,1,1.0,lib_replacement,
03d1604d1a696be7d84994cd945a6442231ad740,glew,glew-cmake,Replace glew repo\n\n,1584562605+0100,gitsubmodule,glew-cmake glew,https://github.com/Drgy/glub,GUI,C++,gitsubmodule,1,0.8,pkg_rule,
830846bfe11ebe2413d7dcd6a4adebd8b5fd0ff1,fmt,spdlog,use https for submodule (needed for CI),1478467459+0100,gitsubmodule,spdlog fmt,https://github.com/Lectem/Worldstone,logging,C++,gitsubmodule,1,0.9,pkg_rule,
8315e61fb8fb871b514709cfbbe8fb5999339012,entt,flecs,Change from flecs to Entt\n\nHad to force CXX 17 so Entt and spdlog wouldn't complain.,1623491341+0200,gitsubmodule,flecs entt,https://github.com/gcardozo123/steel,GUI,C++,gitsubmodule,1,1.0,lib_replacement,
834c6244e7e5b7f6928db8bd2adc80744e329ce0,libuavcan,uavcan,libuavcan submodule updated,1433960457+0300,gitsubmodule,uavcan libuavcan,https://github.com/fandesfyf/PX4-Autopilot,OS Dev,C,gitsubmodule,1,0.9,pkg_rule,
83b6e4b36ca11cb1ce33ce99929e9f92683a4fb4,myriad-toolkit,myriad-tests,Update Myriad Toolkit submodule.\n\nThe tests are now using the latest Myriad Toolkit version.,1411034891+0200,gitsubmodule,myriad-tests myriad-toolkit,https://github.com/TU-Berlin-DIMA/myriad-tests,testing,C++,gitsubmodule,1,0.8,pkg_rule,
83bde216336eddf0065060e16031a9bb76337560,eigen-git-mirror,eigen,Update Eigen submodule to official repository,1523519601+0200,gitsubmodule,eigen eigen-git-mirror,https://github.com/STORM-IRIT/Radium-PluginExample,computing,C++,gitsubmodule,1,0.9,pkg_rule,
83ef957c7205cf4109d2f25a46f887456a91858f,glfw,sdl,glfw started,1672938051+0300,gitsubmodule,sdl glfw,https://github.com/ForserX/Asura2D,GUI,C++,gitsubmodule,1,0.5,lib_replacement,
04042ab71ace1ea58ae72c443032f346942e35df,nanomsg,zeromq4-1,"Revert ""Switched from nanomsg to zeromq temporarily until the fork patch works""\n\nThis reverts commit 4af745bf88614b1ab757fe7f11e89898b5073b95.",1454020661+0100,gitsubmodule,zeromq4-1 nanomsg,https://github.com/AtingTot/Criterion,network,C,gitsubmodule,1,0.8,lib_replacement,
04042ab71ace1ea58ae72c443032f346942e35df,nanomsg,zeromq4-1,"Revert ""Switched from nanomsg to zeromq temporarily until the fork patch works""\n\nThis reverts commit 4af745bf88614b1ab757fe7f11e89898b5073b95.",1454020661+0100,gitsubmodule,zeromq4-1 nanomsg,https://github.com/AtingTot/Criterion,network,C,gitsubmodule,1,0.8,lib_replacement,
0418f0e3c8e96a2c23f87816fd52275371e49508,wrenpp,wrenly,update to Wren++,1458470176+0200,gitsubmodule,wrenly wrenpp,https://github.com/Nelarius/playground,GUI,C++,gitsubmodule,1,0.8,lib_replacement,
0497d1664389a9903799238ec1a29bc75401c005,stb,soil,"Ditched SOIL and GLEW, replaced with STB and GLAD\n\n\n\nFormer-commit-id: 6255da8a97b0d93f7705943684e52c12ca9fe74f",1581195473-0500,gitsubmodule,soil stb,https://github.com/nitrix/laygl,Multi Media,C,gitsubmodule,1,1.0,lib_replacement,
0497d1664389a9903799238ec1a29bc75401c005,stb,glew-cmake,"Ditched SOIL and GLEW, replaced with STB and GLAD\n\n\n\nFormer-commit-id: 6255da8a97b0d93f7705943684e52c12ca9fe74f",1581195473-0500,gitsubmodule,glew-cmake stb,https://github.com/nitrix/laygl,GUI,C,gitsubmodule,1,1.0,lib_replacement,
04bb69d7de4361d7b31c5b60ce023f29ff2cc3ab,linenoise-mob,linenoise-ng,"Updated to newer linenoise (linenoise-mob)\n\nlinenoise-ng is inactive/archived. This is a newer fork that descends from it. I'm switching to it because it makes the tab-completion feature actually useable. (The program gets to see the entire command line, not just the last word, when suggesting completions.)",1612919162-0800,gitsubmodule,linenoise-ng linenoise-mob,https://github.com/couchbaselabs/couchbase-mobile-tools,Command Line,C++,gitsubmodule,1,0.5,lib_replacement,Deprecation
04d1cfb21093d7378ab3f987ca5d30bc803b1a47,libuavcan,uavcan,Merge pull request #1 from PX4/master\n\nupdate upstream,1616407227+0000,gitsubmodule,uavcan libuavcan,https://github.com/ignne/px4-autopilot,OS Dev,C++,gitsubmodule,1,0.9,pkg_rule,
84437ab4e7e67bd374d07407ddd28b1615b69d36,libuavcan,uavcan,Merge branch 'PX4:master' into master,1644465223+0800,gitsubmodule,uavcan libuavcan,https://github.com/ncku-uav/firmware,OS Dev,C++,gitsubmodule,1,0.9,pkg_rule,
846902864702fd61f871b97b8b3d3cd8fece2486,c-build-tools,azure-macro-utils-c,use c build macro logging renamed (#66)\n\n* git rm old modules    * git submodule add new repos    * uses latest renamed deps,1604081653-0700,gitsubmodule,azure-macro-utils-c c-build-tools,https://github.com/Azure/azure-ctest,testing,C,gitsubmodule,1,0.8,pkg_rule,
846902864702fd61f871b97b8b3d3cd8fece2486,macro-utils-c,azure-macro-utils-c,use c build macro logging renamed (#66)\n\n* git rm old modules    * git submodule add new repos    * uses latest renamed deps,1604081653-0700,gitsubmodule,azure-macro-utils-c macro-utils-c,https://github.com/Azure/azure-ctest,testing,C,gitsubmodule,1,0.8,pkg_rule,
846902864702fd61f871b97b8b3d3cd8fece2486,macro-utils-c,azure-c-build-tools,use c build macro logging renamed (#66)\n\n* git rm old modules    * git submodule add new repos    * uses latest renamed deps,1604081653-0700,gitsubmodule,azure-c-build-tools macro-utils-c,https://github.com/Azure/azure-ctest,testing,C,gitsubmodule,1,0.8,pkg_rule,
84932fc968f2cbcdda72778841206fb3fddb80ec,cpptoml,toml11,change TOML lib (toml11 -> cpptoml) for old Intel compiler...,1566716903+0900,gitsubmodule,toml11 cpptoml,https://github.com/issp-center-dev/TeNeS,computing,C++,gitsubmodule,1,1.0,lib_replacement,Integration
84a89d0206fce6345b7c6dc27e5f52b64c93d15a,funchook,subhook,Mega Update\n\n-Replace subhook with funchook. -Add support for more than one fallback dir. -Initial implementation of NLUI 2023.\n\nNLUI: -Basic localization support. -Basic color scheme from external text file support. -WIP Chapter Select -WIP UI Scaling,1678887440+0530,gitsubmodule,subhook funchook,https://github.com/BlueNightHawk/nl-base,network,C++,gitsubmodule,1,1.0,lib_replacement,
84e533d73aa751306ac9f35f5cfdea607b411a66,libsv,libtsv,Moved libtsv repo to libsv,1385936479-0800,gitsubmodule,libtsv libsv,https://github.com/0u812/rasqal,serializing,C,gitsubmodule,1,0.8,pkg_rule,
84fbb23a28a1e395331e88c2af86d5d8363e575b,fmt,spdlog,Merge 44d55034b511836104cead970a81b2d380b74309 into a30771ec76cec71b75734b994dd1e691dbe32ed4,1614892478+0000,gitsubmodule,spdlog fmt,https://github.com/krieselreihe/litr,logging,C++,gitsubmodule,1,0.9,pkg_rule,
052e3a96b409dade5ee00da384b4b9451a12908b,obs-amd-encoder,obs-browser,update to OBS 23.2,1564086455-0700,gitsubmodule,obs-browser obs-amd-encoder,https://github.com/CoSMoSoftware/OBS-studio-webrtc,GUI,C,gitsubmodule,1,0.9,pkg_rule,
052e3a96b409dade5ee00da384b4b9451a12908b,obs-amd-encoder,obs-studio_amf-encoder-plugin,update to OBS 23.2,1564086455-0700,gitsubmodule,obs-studio_amf-encoder-plugin obs-amd-encoder,https://github.com/CoSMoSoftware/OBS-studio-webrtc,Multi Media,C,gitsubmodule,1,0.9,pkg_rule,
052e3a96b409dade5ee00da384b4b9451a12908b,obs-amd-encoder,obs-vst,update to OBS 23.2,1564086455-0700,gitsubmodule,obs-vst obs-amd-encoder,https://github.com/CoSMoSoftware/OBS-studio-webrtc,Multi Media,C,gitsubmodule,1,0.9,pkg_rule,
0540e756160116b42f5875316643dfb624eac4fa,fmt,spdlog,Merge 747038309387f997b7b4f5199bfecfbb6e8b4860 into 9e3c2e0f40444b258b45a12f8ca8df2c554b31fc,1549986005+0000,gitsubmodule,spdlog fmt,https://github.com/LedgerHQ/lib-ledger-core,logging,C++,gitsubmodule,1,0.9,pkg_rule,
056d07d3d50839006d2fe27f82e51b6156969134,eigen-git-mirror,eigen,Merge remote-tracking branch 'upstream/master',1536660495+0300,gitsubmodule,eigen eigen-git-mirror,https://github.com/komyour/nla3d,computing,C++,gitsubmodule,1,0.9,pkg_rule,
05a4f01d87577a4cc0eb8e2bfca7753aa8d97870,fluidsynth,fluidsynth-sans-glib,Switched to regular fluidsynth,1656956412+0200,gitsubmodule,fluidsynth-sans-glib fluidsynth,https://github.com/plugdata-team/plugdata,Multi Media,C,gitsubmodule,1,0.8,pkg_rule,
05e17a12d3fc0f806e1b8e4d9ae94f2a412ac2bf,peelo-chrono,peelocpp-chrono,Update peelo-chrono to v0.2.0\n\nWhy not continue with our dependency update mania and also update dependency `peelo-chrono` to latest version 0.2.0.,1575909461+0200,gitsubmodule,peelocpp-chrono peelo-chrono,https://github.com/RauliL/laskin,computing,C++,gitsubmodule,1,0.97,pkg_rule,
851755eff93e1cafcbb41b7c3c52ed320cd7b6ad,json,tbb,"update tbb, add json library, fix black text (if the text was off-screen)",1622491988+0300,gitsubmodule,tbb json,https://github.com/Nukem9/Fallout4Test,serializing,C++,gitsubmodule,1,0.93,pkg_rule,
852f43699cc50091109e28c596d28ca79a7ff0fe,uds-c,obd2-c,Use renamed version of obd2-c library: uds-c.,1390249525-0500,gitsubmodule,obd2-c uds-c,https://github.com/77shell/vi-firmware,OS Dev,C++,gitsubmodule,1,0.98,pkg_rule,
854b51e7fe4a6b3c45edf8fcbd39fa3603f9f7de,bats-core,bats,Using new bats (modified per bats-core folks first review),1620771803-0700,gitsubmodule,bats bats-core,https://github.com/kontainapp/km,testing,C,gitsubmodule,1,0.95,pkg_rule,
85712ce08c157abfd539c0b6611ced0718669d1b,cpptoml,json,Merge branch 'Toxic',1544221711+0900,gitsubmodule,json cpptoml,https://github.com/ToxicTrigger/trigger,serializing,C++,gitsubmodule,1,0.9,pkg_rule,
85a69fa69a9ed38ae574327f33ef5b8df79e4ff3,fmt,spdlog,git: change submodule URLs to,1622404922+0500,gitsubmodule,spdlog fmt,https://github.com/uentity/blue-sky-re,logging,C++,gitsubmodule,1,0.85,pkg_rule,
065a7a35118212a76d2129bc34d026cf4a6aa5cc,tlsf,tlsf-bsd,Change to different tlsf. need to fix memory enforcement.,1509810153+0000,gitsubmodule,tlsf-bsd tlsf,https://github.com/Mistuke/winmem,OS Dev,C,gitsubmodule,1,0.88,lib_replacement,BugIssue
067c088d8b06fe0ff3e5f14715ea6699201bbfb6,cpptoml,json,"✨toml lib\n\ni got a lot of change, json -> toml !",1544221606+0900,gitsubmodule,json cpptoml,https://github.com/ToxicTrigger/trigger,serializing,C++,gitsubmodule,1,0.82,lib_replacement,
069e03f37ee92a2f8c074593a74d6af0af13ba39,adafruit_neopixel_static,fastled,"Swap FastLED for adafruit_neopixel_static, as it takes a lot less time to update the  LEDs",1582371305+1300,gitsubmodule,fastled adafruit_neopixel_static,https://github.com/bmwalters/ardwiino,GUI,C++,gitsubmodule,1,0.97,lib_replacement,Performance
06e595e705530b8970a78a82b8250fcf9aa6d307,resource_embed,string_embed,Moved string_embed submodule to resource_embed,1627387950+0200,gitsubmodule,string_embed resource_embed,https://github.com/Markvanderuit/dual_hierarchy_tsne,other,C++,gitsubmodule,1,0.94,pkg_rule,
06f63d81db7a01d12a7d5efbd44e95084022ac76,c-vector,list,"Replaced list with vector in PWM handler, adjust DMA",1600592514+0300,gitsubmodule,list c-vector,https://github.com/SlavaLikhohub/Abstract-STM32Fx,OS Dev,C,gitsubmodule,1,0.78,lib_replacement,
864daf932fd32a69ed54c9151b37523960e9c9a6,luajit,lua,Merge branch 'develop' into build/task-7131_add_ccache_to_build,1512590884+0100,gitsubmodule,lua luajit,https://github.com/kapecp/3dsoftviz,GUI,C++,gitsubmodule,1,0.9,pkg_rule,
865fadc1ace7675e24016d065727304acf8124a5,eigen-git-mirror,eigen,Merge dca540e455c7ff253297672d455ee246681d6922 into d3f11310fa3d0c9514edba0e5c2a2e668fe8c42e,1551441349+0000,gitsubmodule,eigen eigen-git-mirror,https://github.com/vikrant-phadtare1101/pytorch,computing,C++,gitsubmodule,1,0.97,pkg_rule,
868d2ebfdd1d38202723557f89708ab1496fbb75,imgui,nanogui,Moving from nanogui to imgui\n\nSigned-off-by: neverfelly <neverfelly@gmail.com>,1579507176+0800,gitsubmodule,nanogui imgui,https://github.com/neverfelly/min,GUI,C++,gitsubmodule,1,0.97,lib_replacement,
86ab8e692697305b198b1b73aad26a3556d66212,sigslot,nano-signal-slot,refactor: replace nanosignal with sigslot,1659021049+0800,gitsubmodule,nano-signal-slot sigslot,https://github.com/maidamai0/GLRender,GUI,C,gitsubmodule,1,0.96,lib_replacement,
0734966be9c4cb29844098dadceafb8e98244915,glfw,sdl,removed sdl and adding glfw because of surface creation problems,1624025958+0530,gitsubmodule,sdl glfw,https://github.com/brightprogrammer/GameZero,GUI,C++,gitsubmodule,1,0.96,lib_replacement,BugIssue
074e7b6f016b426b038b10b4b6c77881b324da7a,elle-legacy,elle,Update location of elle submodule,1463528001-0500,gitsubmodule,elle elle-legacy,https://github.com/fielding/blox,network,C++,gitsubmodule,1,0.95,pkg_rule,
074eb2e2cdc51a43fc0b512d1d2723b868902c93,eigen-git-mirror,eigen,"Update Eigen to official GH mirror\n\nHopefully this one will stay put. Probably due for an update soon, too",1550532157-0800,gitsubmodule,eigen eigen-git-mirror,https://github.com/youngmit/mocc,computing,C++,gitsubmodule,1,0.97,pkg_rule,
0776c975f9dbbb7649ebbdef259b59ff893c4108,libpwq,vcflib,"Replace vcflib with libdispatch and libpwq\n\n– libpthread_workqueue.a is not included with Ubuntu 14.04 LTS, so added its repository as a submodule.",1489016043+0200,gitsubmodule,vcflib libpwq,https://github.com/dvalenzu/vcf2multialign,serializing,C++,gitsubmodule,1,0.91,pkg_rule,
0791e6f470f64a53a3d7d9eb2267909a83f7c5dd,glew-cmake,glew,Now everything works for everyone + readme,1666922001+0200,gitsubmodule,glew glew-cmake,https://github.com/cdecompilador/SFMLCraft,GUI,C++,gitsubmodule,1,0.93,pkg_rule,
07cfe236ee983c0499e6ff51ae8d79c09523b4a6,abseil-cpp,xxhash_cpp,remove xxhash-cpp dependency && add abseil-cpp dependency && update hash test,1563906810+0800,gitsubmodule,xxhash_cpp abseil-cpp,https://github.com/junior-2016/lsh-cpp,cryptography,C++,gitsubmodule,1,0.85,pkg_rule,
07fbb10d9f00abe18eba719ff3d31850fa710071,assimp,imgui,Fix compilation + Add assimp dependencies + Move imgui folder,1542983836+0900,gitsubmodule,imgui assimp,https://github.com/Benoit-Julien/SpiritEngine,GUI,C,gitsubmodule,1,0.9,pkg_rule,
8717984c125f9dc77bee7177d99f3dd45a72fbdb,libchdr-picodrive,libchdr,update libchdr (libretro VFS fix),1644364163+0000,gitsubmodule,libchdr libchdr-picodrive,https://github.com/portableandroid/picodrive,File Handling,C,gitsubmodule,1,0.91,pkg_rule,
875dcd60dfdbdd6d68c58dced21b50f4135c56d1,wil,meshoptimizer,removed stxxl for now removed meshoptimizer for now added WIL submodule added cpp-std-fwd submodule added deploy script for submodules,1560341128+0200,gitsubmodule,meshoptimizer wil,https://github.com/grandmaster789/Djinn,GUI,C++,gitsubmodule,1,0.93,pkg_rule,
875dcd60dfdbdd6d68c58dced21b50f4135c56d1,cpp-std-fwd,meshoptimizer,removed stxxl for now removed meshoptimizer for now added WIL submodule added cpp-std-fwd submodule added deploy script for submodules,1560341128+0200,gitsubmodule,meshoptimizer cpp-std-fwd,https://github.com/grandmaster789/Djinn,GUI,C++,gitsubmodule,1,0.93,pkg_rule,
875dcd60dfdbdd6d68c58dced21b50f4135c56d1,wil,stxxl,removed stxxl for now removed meshoptimizer for now added WIL submodule added cpp-std-fwd submodule added deploy script for submodules,1560341128+0200,gitsubmodule,stxxl wil,https://github.com/grandmaster789/Djinn,computing,C++,gitsubmodule,1,0.93,pkg_rule,
875dcd60dfdbdd6d68c58dced21b50f4135c56d1,cpp-std-fwd,stxxl,removed stxxl for now removed meshoptimizer for now added WIL submodule added cpp-std-fwd submodule added deploy script for submodules,1560341128+0200,gitsubmodule,stxxl cpp-std-fwd,https://github.com/grandmaster789/Djinn,computing,C++,gitsubmodule,1,0.93,pkg_rule,
879a124ddf9c875be033941312c0fb4ce8132cfc,tinygltf,bullet3,"remove bullet, add tiny_gltf",1540859341-0700,gitsubmodule,bullet3 tinygltf,https://github.com/jeffw387/vkaEngine,GUI,C++,gitsubmodule,1,0.94,pkg_rule,
87d4abbfe6d0e14ed489ae1a54e2c1ab8fe4ba2f,fmt,vcpkg,"use submodule for fmt, remove vcpkg",1567619163+0200,gitsubmodule,vcpkg fmt,https://github.com/jsmolka/eggvance,GUI,C++,gitsubmodule,1,0.89,pkg_rule,
87d516a1e1bdd98f7c166a0830bf62728563560d,libsbml,libsbml_test,- use official libSBML repo,1600241120+0200,gitsubmodule,libsbml_test libsbml,https://github.com/NuML/NuML,computing,C++,gitsubmodule,1,0.96,pkg_rule,
87e54bb507d1a51ddef44e79cb5d4c4a17d31e06,libuavcan,uavcan,Merge 70a2670c22b1c62e3bd7f6c719cf548b1f4d75d4 into b8e72789cd561512e4d13f8a5168ec2e89e732fd,1488747197+0000,gitsubmodule,uavcan libuavcan,https://github.com/PX4/Firmware,OS Dev,C++,gitsubmodule,1,0.97,pkg_rule,
87ebd39a772b98f78e7f5a6b645219f4ebb343d5,libuavcan,uavcan,Merge 0384802e81330751f39550a0804357d8b04f278a into 234fc4f74180718d9d771e24d8be574a828928d1,1505148948+0000,gitsubmodule,uavcan libuavcan,https://github.com/AUTOPILOT-YU/Firmware,OS Dev,C++,gitsubmodule,1,0.97,pkg_rule,
0816e452d6415a4d107be9fa5b261347bc0f0ed4,fmt,tinyformat,"Try using fmt instead of tinyformat\n\nMight help compile time, speed & binary side. Might not. Who knows?\n\nPretty easy to switch around though",1536882615-0700,gitsubmodule,tinyformat fmt,https://github.com/JonnyH/OpenApoc,GUI,C++,gitsubmodule,1,0.96,lib_replacement,Performance
085e1e00114ba3a292984c799578441bd9ad53bf,clibs,quicklist,"Merge pull request #642 from ennorehling/clibs\n\nuse clibs submodule, and selist instead of quicklist",1485454543+0100,gitsubmodule,quicklist clibs,https://github.com/GreenKakadu/eressea,serializing,C,gitsubmodule,1,0.8,pkg_rule,
089bad0ac4eddf7f14665fba598cb0a159e9164b,eigen-git-mirror,eigen,Update .gitmodules,1537615076+0100,gitsubmodule,eigen eigen-git-mirror,https://github.com/FeiyingLan/caffe2,computing,C++,gitsubmodule,1,0.9,pkg_rule,
88494092debdc43b67b597197ec772e6653f28dd,coel,codegen,Changes to accomodate codegen library being called coel,1633273315+0100,gitsubmodule,codegen coel,https://github.com/yeetari/kodo,network,C++,gitsubmodule,1,0.95,pkg_rule,
885c91ed20785b90a9de35d6d4188f30da4c7cfd,elements-infra,infra,Update infra for the string_view compatibility,1590176788+0200,gitsubmodule,infra elements-infra,https://github.com/sfztools/elements,network,C++,gitsubmodule,1,0.97,pkg_rule,
88a07233c0da3c3d5541cbefdadad8221346deb1,32blit-sdk,32blit-beta,"Removed old 32blit-beta submodule and replaced it with the new 32blit-sdk submodule. Fixed CMakeLists.txt to reflect recent changes.\n\nMake sure to update the 32blit tool (and to ""pip3 install -U click"", since there is an error in the dependency config of the 32blit tool)",1613063209+0100,gitsubmodule,32blit-beta 32blit-sdk,https://github.com/swordlordcodingcrew/pigsnkings,GUI,C++,gitsubmodule,1,0.83,pkg_rule,
88dc928e2920ddf67202ec49fd3369dc8bcfd5ff,sdk-nrfxlib,nrfxlib,Change nrfxlib url.,1672778429+0000,gitsubmodule,nrfxlib sdk-nrfxlib,https://github.com/mdepx/nrf9160,OS Dev,C,gitsubmodule,1,0.97,pkg_rule,
095014839ecb6cf9ea6b2665ec75b62ff121b887,ultralib,libreultra,"Replace libreultra with ultralib, fix US build yaml order",1648438318-0400,gitsubmodule,libreultra ultralib,https://github.com/Drahsid/turok3,GUI,C,gitsubmodule,1,0.77,pkg_rule,
097839dd70a2024033ba2a137a8b0b336e34e518,cartographer,garmin_gps,"Add cartographer, remove GPS",1678655769-0400,gitsubmodule,garmin_gps cartographer,https://github.com/umigv/sensors_stack,Multi Media,C++,gitsubmodule,1,0.93,pkg_rule,
097839dd70a2024033ba2a137a8b0b336e34e518,cartographer_ros,garmin_gps,"Add cartographer, remove GPS",1678655769-0400,gitsubmodule,garmin_gps cartographer_ros,https://github.com/umigv/sensors_stack,Multi Media,C++,gitsubmodule,1,0.93,pkg_rule,
097d95733c8f058c6ed724d3690fe6ea1cff07b6,single-tx-silo-masstree-beta,masstree-beta,Switch masstree repository,1475726899-0400,gitsubmodule,masstree-beta single-tx-silo-masstree-beta,https://github.com/efficient/cicada-exp-sigmod2017-silo,database,C++,gitsubmodule,1,0.9,pkg_rule,
09831b95683a8b194269f6b959243166e340c96a,unordered_dense,robin-hood-hashing,Update dependencies,1674861285+0100,gitsubmodule,robin-hood-hashing unordered_dense,https://github.com/ilyapopov/car-race,GUI,C++,gitsubmodule,1,0.9,pkg_rule,
09912f91f72fd0b595d653239bdeed6d0c2e321e,eigen-git-mirror,eigen,*Change Eigen url to offical mirror.,1517881597+0800,gitsubmodule,eigen eigen-git-mirror,https://github.com/pasuka/cafea,computing,C++,gitsubmodule,1,0.97,pkg_rule,
09d72951ce1399b4588958982c7c656587e209bf,glfw,utils,"CMake and Repo Cleanup (#1)\n\n* CMake has been cleaned and improved, CMake bump to 3.14  * Some dependencies have been removed as source/library dumps and are consumed as submodules. (Utils, freetype, glfw), Further work can be done here as well.  * Inc/src directories have been merged. There is no distinction between public/private headers.  * Includes have been unified to use absolute paths from just outside the pilcrow directory.  * Adding setup information from Allan to Readme.",1563422701-0700,gitsubmodule,utils glfw,https://github.com/Masstronaut/Pilcrow,GUI,C++,gitsubmodule,1,0.95,pkg_rule,
8928cb63311050c6c69a72b99884a773d10e4ea3,fw_mavlink_c_library_v2,c_library_v2,"move sensor_airflow_angles to common xml, regenerate mavlink headers",1629795599+0200,gitsubmodule,c_library_v2 fw_mavlink_c_library_v2,https://github.com/Linginbo/PX4-Autopilot,Multi Media,C++,gitsubmodule,1,0.9,pkg_rule,
8932fb868473f40bb139c5ba9b1c87cb19c2f143,marionette,mousereplayer,MouseReplayer -> Marionette,1612508560+0900,gitsubmodule,mousereplayer marionette,https://github.com/i-saint/oshiroassist,GUI,C++,gitsubmodule,1,0.8,lib_replacement,
89ac4b5b844c354b98cb344ec9e465ad9c406749,glslang,shaderc,1.移除shaderc库，这个还是用的glslang。 2.加入glslang库,1551459035+0800,gitsubmodule,shaderc glslang,https://github.com/BobLChen/VulkanDemos,GUI,C++,gitsubmodule,1,1.0,lib_replacement,
89bb88c8ab61471ee2c1950c085cec9d57367bab,optparse,cargo,Huge reorganization\n\n- Split liblip into liblip-core and liblip-std - Use genie for building for now - Use optparse instead of cargo,1504535783+0800,gitsubmodule,cargo optparse,https://github.com/bullno1/lip,Command Line,C,gitsubmodule,1,0.9,lib_replacement,
0a2b9cd8ad32c421f32973e27719e3a6dabdd3b8,libuavcan,uavcan,Merge pull request #1 from PX4/master\n\nhello,1619733622-0400,gitsubmodule,uavcan libuavcan,https://github.com/sychoo/firmware,OS Dev,C++,gitsubmodule,1,0.9,pkg_rule,
0a488b75c8b6ca6079c1f0ac141215ccdb82a9c2,libuavcan,uavcan,"Updated uavcan, need to run git submodule sync",1441928524-0700,gitsubmodule,uavcan libuavcan,https://github.com/tcauchois/PX4Firmware-solo,OS Dev,C++,gitsubmodule,1,0.9,pkg_rule,
0a546fc3eb953fecd6f5608e2b1975490aef75b5,libtcod,libtcod-mac,Moved to use official library for libcodt rather than old Mac port,1544887364+0000,gitsubmodule,libtcod-mac libtcod,https://github.com/spjewkes/roguelike_tutorial,GUI,C++,gitsubmodule,1,0.9,lib_replacement,Popularity
0a95bab471dc759ed5cb22107f8e8493c217b5c4,tef-led-magic,tef-hub75,"Swap tef-hub75 with tef-led-magic \n\nThe new repo will contain both the SPI NeoPixel handler code, as well as  the Hub75 code and generic colour handling. That way it's a bit more compact.",1592681974+0200,gitsubmodule,tef-hub75 tef-led-magic,https://github.com/XasWorks/system-synth-suit,GUI,C,gitsubmodule,1,1.0,lib_replacement,SizeComplexity
0ac41eaeeb590a07cc12facddc6602c88f974ae2,libuavcan,uavcan,Merge 464c9b9aca3d94601a8d924dee0d2cf3ac6dccd8 into 9038be2d832be38b7be1fa0dad8f1addfc6d34f0,1492341726+0000,gitsubmodule,uavcan libuavcan,https://github.com/PX4/Firmware,OS Dev,C++,gitsubmodule,1,0.9,pkg_rule,
0afe877822418fccf2f1c05abe6cfcecddab8e64,mbed,freertos,Updated submodule pointers to mbed and freertos.,1453061650+0800,gitsubmodule,freertos mbed,https://github.com/saeedhadi/armwiz2,OS Dev,C,gitsubmodule,1,0.85,pkg_rule,
8a6c6ca362426a706fd2c9febec8c5b2b2c9e3b2,libuavcan,uavcan,module:uavcan: fix typo in submodule url,1489042790+0530,gitsubmodule,uavcan libuavcan,https://github.com/Hemaditya/Ardupilot_port,OS Dev,C,gitsubmodule,1,0.95,pkg_rule,
8a92a4431869bed0aa267439e71619e735ab9f98,eigen-git-mirror,eigen,Merge branch 'developer_preview' into jenkins,1527917541-0700,gitsubmodule,eigen eigen-git-mirror,https://github.com/ROCmSoftwarePlatform/realcaffe2,computing,C++,gitsubmodule,1,0.9,pkg_rule,
8a956abf2d528d743a25d5682d3e059860bde067,glm,mathgeolib,Merge pull request #1 from bhlzlx/imageView\n\nImage view,1668354062+0800,gitsubmodule,mathgeolib glm,https://github.com/bhlzlx/UGIProject,GUI,C++,gitsubmodule,1,0.9,pkg_rule,
