repo_name,commit_sha,time_stamp,add_lib,rem_lib,commit_message,pattern,possible_reason,num,domain,type,is_migration,confidence,reason_label
1and1/cosmo,6c2b53530187b9f73b5bcace79a85d5dc2c67384,2016-04-01 07:39:29,org.mariadb.jdbc:mariadb-java-client,mysql:mysql-connector-java,Replaced mysql dependency with mariadb.,org.mariadb.jdbc:mariadb-java-client mysql:mysql-connector-java,"
Replaced mysql dependency with mariadb.",16,Database,,1,0.98,
1and1/cosmo,bcd41c77cffb67b10cc604a53ec74b4bc08782c8,2016-04-11 07:59:33,org.apache.tomcat:tomcat,commons-dbcp:commons-dbcp,"Use MariaDB driver instead of Mysql.
Use tomcat jdbc data source instead of commons-dbcp.",org.apache.tomcat:tomcat commons-dbcp:commons-dbcp,"
Use tomcat jdbc data source instead of commons-dbcp.",5,Database&Web Framework,,1,0.9,
1and1/cosmo,63d257a32ef4b5ed5d0204f8df6400da22ee32c8,2020-03-19 16:30:14,org.slf4j:slf4j,commons-logging:commons-logging,feat: use slf4j instead of commons-logging,org.slf4j:slf4j commons-logging:commons-logging,"
feat: use slf4j instead of commons-logging",39,Logging,,1,0.97,
52North/WPS,97de48f12a61e52811fc891d0785a7fe5d703593,2013-07-09 13:09:45,ch.qos.logback:logback,log4j:log4j,"adjust poms: remove log4j, add slf4j+logback",ch.qos.logback:logback log4j:log4j,"
adjust poms: remove log4j, add slf4j+logback",58,Logging,,1,0.9,
52North/WPS,97de48f12a61e52811fc891d0785a7fe5d703593,2013-07-09 13:09:45,ch.qos.logback:logback,org.slf4j:slf4j,"adjust poms: remove log4j, add slf4j+logback",ch.qos.logback:logback org.slf4j:slf4j,"
adjust poms: remove log4j, add slf4j+logback",67,Logging,,1,0.9,
52North/WPS,97de48f12a61e52811fc891d0785a7fe5d703593,2013-07-09 13:09:45,org.slf4j:log4j-over-slf4j,log4j:log4j,"adjust poms: remove log4j, add slf4j+logback",org.slf4j:log4j-over-slf4j log4j:log4j,"adjust poms: remove log4j, add slf4j+logbackadjust poms: remove log4j, add slf4j+logback",27,Logging,,1,0.9,
52North/WPS,97de48f12a61e52811fc891d0785a7fe5d703593,2013-07-09 13:09:45,org.slf4j:log4j-over-slf4j,org.slf4j:slf4j,"adjust poms: remove log4j, add slf4j+logback",org.slf4j:log4j-over-slf4j org.slf4j:slf4j,"adjust poms: remove log4j, add slf4j+logback",26,Logging,,1,0.9,
99soft/guartz,9a0a7dd8fdd0fdb01e5e9f9c4a74029e677aa7c8,2011-03-30 13:41:07,ch.qos.logback:logback,log4j:log4j,"removed log4j, switched to slf4j+logback",ch.qos.logback:logback log4j:log4j,"
removed log4j, switched to slf4j+logback",58,Logging,,1,0.93,
99soft/guartz,9a0a7dd8fdd0fdb01e5e9f9c4a74029e677aa7c8,2011-03-30 13:41:07,ch.qos.logback:logback,org.slf4j:slf4j,"removed log4j, switched to slf4j+logback",ch.qos.logback:logback org.slf4j:slf4j,"
removed log4j, switched to slf4j+logback",67,Logging,,1,0.93,
aadnk/ProtocolLib,b54dd49426f1c4cb5a15d1702a4803af1846847e,2021-01-04 05:24:34,net.bytebuddy:byte-buddy,cglib:cglib,"Replace CGLib with ByteBuddy (#984)

- The gclib dependency in the EnchancerFactory has been removed. All classes that used the actual factory part of it have been updated to use bytebuddy instead. This class will have to be removed at some point, but at the moment it is still used for accessing its class loader.
- Renamed EnhancerFactory to ByteBuddyFactory. All ByteBuddy actions should go through this now. Every subclass created here implements the ByteBuddyGenerated interface. This makes it possible to recognize classes generated using ByteBuddy (by default, it doesn't leave such a trace).
- Removed the method DefaultInstances#forEnhancer(Enhancer). This method isn't used anywhere; the last trace of usage of the method I could find was in 2013 (in the NetworkServerInjector). External plugins (I couldn't find any that used it), they should really have their own implementation, given that they already require an instance of an Enchancer. As such, I feel it is safe to remove rather than update it.",net.bytebuddy:byte-buddy cglib:cglib,"
Replace CGLib with ByteBuddy (#984)",4,Building,,1,0.98,
Accenture/mercury,6a938c75338aae4acaf2718bb2ce45f07f8fa330,2019-04-21 14:51:30,com.google.code.gson:gson,com.fasterxml.jackson,replace Jackson with Gson,com.google.code.gson:gson com.fasterxml.jackson,"
replace Jackson with Gson",4,Serialization,,1,0.97,
aeremenok/swing-formbuilder,7546c93c13c32351e814c9caab75018251754c2b,2013-05-01 15:47:08,com.google.guava:guava,com.google.collections:google-collections,replace google-collections by guava to avoid classpath conflicts while using both,com.google.guava:guava com.google.collections:google-collections,"
replace google-collections by guava to avoid classpath conflicts while using both",28,Utility,,1,0.98,Integration
AgNO3/jcifs-ng,fa317402b7f629538dcb272430b32f722a5d4b94,2017-03-13 15:40:26,org.slf4j:slf4j,log4j:log4j,"Switch to SLF4J logging API

For now tests still use log4j12 impl, but users are free to choose.
Users will now have to add an SLF4J logger implementation on the classpath, otherwise a warning will be produced.",org.slf4j:slf4j log4j:log4j,"
For now tests still use log4j12 impl, but users are free to choose.
Switch to SLF4J logging API",26,Logging,,1,0.95,
ahus1/bdd-examples,6f01e5744eb2eb772b09abab8678445d66096815,2015-07-27 19:11:17,org.assertj:assertj-core,org.easytesting:fest-assert,moving along the assertJ road,org.assertj:assertj-core org.easytesting:fest-assert,"
moving along the assertJ road",49,Testing,,1,0.9,
aicis/fresco,108a187665043246f8fe956fd750a3936741cdf8,2016-11-29 12:38:46,com.h2database:h2,mysql:mysql-connector-java,Changed mysql connector to h2,com.h2database:h2 mysql:mysql-connector-java,"
Changed mysql connector to h2",7,Database,,1,0.95,
airlift/airlift,008e77a2120ebac8fa3d638b8ef44de98f0fd9c6,2021-03-30 19:23:01,net.bytebuddy:byte-buddy,cglib:cglib,Replace cglib with Byte Buddy for Java 16 compatibility,net.bytebuddy:byte-buddy cglib:cglib,"
Replace cglib with Byte Buddy for Java 16 compatibility",4,Building,,1,0.98,Integration
alexruiz/fest-reflect,feacbc2bbde44b4e307f2e729bdde41506e9aff5,2009-11-23 21:09:21,junit:junit,org.testng:testng,"IN PROGRESS - issue FEST-235: Add API to reflect bean properties 
http://jira.codehaus.org/browse/FEST-235

* Updated dependencies to latest versions (FEST-Util, FEST-Assert and FEST-Test.)
* Migrated tests to JUnit.
* Reorganized tests into smaller units.",junit:junit org.testng:testng,"
* Updated dependencies to latest versions (FEST-Util, FEST-Assert and FEST-Test.)
* Migrated tests to JUnit.",47,Testing,,1,0.95,
alexruiz/fest-swing-1.x,033bdd7832ca9a9647c8f7b7ecaa985d3115b206,2009-11-23 21:09:21,junit:junit,org.testng:testng,"IN PROGRESS - issue FEST-235: Add API to reflect bean properties 
http://jira.codehaus.org/browse/FEST-235

* Updated dependencies to latest versions (FEST-Util, FEST-Assert and FEST-Test.)
* Migrated tests to JUnit.
* Reorganized tests into smaller units.",junit:junit org.testng:testng,"
* Updated dependencies to latest versions (FEST-Util, FEST-Assert and FEST-Test.)
* Migrated tests to JUnit.",47,Testing,,1,0.95,
Alfresco/alfresco-community-repo,bdba166058ff06fecd4be706de132459b3243e68,2014-02-12 08:06:09,com.google.guava:guava,com.google.collections:google-collections,"Merged HEAD-BUG-FIX (4.3/Cloud) to HEAD (4.3/Cloud)
   59850: Merged BRANCHES/DEV/mward/head_bf_gdata_upgd to BRANCHES/DEV/HEAD-BUG-FIX (upgrade gdata libs):
      59515: Removed gdata-1.45.0 libraries.
      59516: Removed concurrentlinkedhashmap-lru-1.2 library.
      59518: Added gdata-1.47.1 library JARs (dependencies to follow)
      59521: Added gdata-1.47.1 dependencies (guava-11.0.2 and JSR-305)
      59524: Updated ant build files to use gdata-1.47.1
      59528: Removed outdated gdata-1.45.0 src zip.
      59530: Added gdata-1.47.1 src zip
      59531: Update eclipse .classpath with gdata 1.47.1 libraries
      59532: Exported new gdata-1.47.1 and guava-11 libs from 3rd party project
      59559: Fix DefaultSimpleCache to use a Guava Cache, replacing ConcurrentLinkedHashMap usage.
      59568: Reverted r59516: concurrentlinkedhashmap lib is required by Surf.
      59572: Replaced use of google-collections with guava in repository's pom.xml


git-svn-id: https://svn.alfresco.com/repos/alfresco-enterprise/alfresco/HEAD/root@62191 c4b6b30b-aa2e-2d43-bbcb-ca4b014f7261",com.google.guava:guava com.google.collections:google-collections,"
59572: Replaced use of google-collections with guava in repository's pom.xml",28,Utility,,1,0.97,
Alfresco/alfresco-community-repo,eb5414c883c4bfa889e36aae4f133ea4ee56f345,2020-02-25 11:00:07,org.apache.taglibs:taglibs-standard,javax.servlet:jstl,Removed JSTL and added taglibs dependencies (#827),org.apache.taglibs:taglibs-standard javax.servlet:jstl,"
Removed JSTL and added taglibs dependencies (#827)",5,Web Framework,,1,0.85,
Alfresco/alfresco-sdk,a2bf44c33e5d61ae7310d5f7935afe0d3c2bedc0,2011-10-26 09:12:32,mysql:mysql-connector-java,com.h2database:h2,"-- tested against alfresco community 4.0b
-- updated references to CE / EE repos
-- reverted default to mysql since H2 does not work
-- updated lifecycle / archetypes version number to 3.9.0-SNAPSHOT (pre-release for 4.0 release), targeting to align to alfresco version numbering
-- preparing for 3.9.0 release

git-svn-id: http://maven-alfresco-archetypes.googlecode.com/svn/trunk@342 04253f4f-3451-0410-a141-5562f1e59037",mysql:mysql-connector-java com.h2database:h2,"
-- updated references to CE / EE repos
-- reverted default to mysql since H2 does not work
-- updated lifecycle / archetypes version number to 3.9.0-SNAPSHOT (pre-release for 4.0 release), targeting to align to alfresco version numbering",5,Database,,1,0.9,BugIssue
alibaba/cooma,d0df1bc9dea4ef96bf22c777ddb9ad974439a8a8,2013-02-05 15:30:19,org.slf4j:slf4j,log4j:log4j,"remove logging adaptor, use slf4j #2",org.slf4j:slf4j log4j:log4j,"
remove logging adaptor, use slf4j #2",26,Logging,,1,0.9,
alibaba/jstorm,a9cbd0e67245bbc2f0684ae17bd48b7d251fd02d,2013-12-30 12:16:19,log4j:log4j,ch.qos.logback:logback,logback -> log4j,log4j:log4j ch.qos.logback:logback,"
logback  laifuhewb  log4j",7,Logging,,1,0.98,
alibaba/jstorm,a9cbd0e67245bbc2f0684ae17bd48b7d251fd02d,2013-12-30 12:16:19,org.slf4j:slf4j,ch.qos.logback:logback,logback -> log4j,org.slf4j:slf4j ch.qos.logback:logback,"
logback  laifuhewb  log4j",8,Logging,,1,0.98,
aliyun/aliyun-odps-jdbc,d1684c9d4c92d661bd124c1fc896c0633e912104,2019-06-12 02:06:39,com.google.code.gson:gson,com.alibaba:fastjson,"Add odps logger rebased (#51)

* Add standalone logger for debugging complicated scenario

* Remove dependency of fastjson, replaced with gson

* Align meaning of catalog/schema to MaxCompute project

* Refactor execute/executeQuery/executeUpdate, provide accurate assert of whether a SQL has ResultSet",com.google.code.gson:gson com.alibaba:fastjson,"
* Remove dependency of fastjson, replaced with gson",4,Serialization,,1,0.97,
andtankian/ribrest,8b4d2322b3cb5db0aa54854e1ee2e3abf6c79db1,2019-03-12 14:36:43,org.mariadb.jdbc:mariadb-java-client,mysql:mysql-connector-java,"Improved, splitted a few dao methods and turned them to public methods.
Adjusted, changed and tested mariadb driver instead of mysql driver.",org.mariadb.jdbc:mariadb-java-client mysql:mysql-connector-java,"
Adjusted, changed and tested mariadb driver instead of mysql driver.",16,Database,,1,0.95,
anthonydahanne/ReGalAndroid,49800a5ec3c0889b355535a4d92395e469f09187,2010-11-23 03:34:41,org.slf4j:slf4j,commons-logging:commons-logging,replaced commons logging and log4j with slf4j,org.slf4j:slf4j commons-logging:commons-logging,"
replaced commons logging and log4j with slf4j",39,Logging,,1,0.95,
anthonydahanne/ReGalAndroid,49800a5ec3c0889b355535a4d92395e469f09187,2010-11-23 03:34:41,org.slf4j:slf4j,log4j:log4j,replaced commons logging and log4j with slf4j,org.slf4j:slf4j log4j:log4j,"
replaced commons logging and log4j with slf4j",73,Logging,,1,0.95,
apache/airavata,70b5962179ae4cbf46494b45ffb64ff58f86d486,2012-10-19 21:10:06,log4j:log4j,org.slf4j:log4j-over-slf4j,"changng logging in to log4j.


git-svn-id: https://svn.apache.org/repos/asf/airavata/trunk@1400294 13f79535-47bb-0310-9956-ffa450edef68",log4j:log4j org.slf4j:log4j-over-slf4j,"
changng logging in to log4j.",7,Logging,,1,0.76,
apache/airavata,70b5962179ae4cbf46494b45ffb64ff58f86d486,2012-10-19 21:10:06,log4j:log4j,org.slf4j:slf4j,"changng logging in to log4j.


git-svn-id: https://svn.apache.org/repos/asf/airavata/trunk@1400294 13f79535-47bb-0310-9956-ffa450edef68",log4j:log4j org.slf4j:slf4j,"
changng logging in to log4j.",4,Logging,,1,0.76,
apache/archiva,c809f0249bc3575788b7e8a40c1dd5f180d867d4,2013-08-10 12:56:05,com.google.inject:guice,org.sonatype.sisu:sisu-guice,"use guice from google

git-svn-id: https://svn.apache.org/repos/asf/archiva/trunk@1512683 13f79535-47bb-0310-9956-ffa450edef68",com.google.inject:guice org.sonatype.sisu:sisu-guice,"
use guice from google",10,Dependency Injection,,1,0.94,
apache/archiva,7156611df05dc611ea030e74358730f1f1273dbb,2014-03-25 06:29:30,org.assertj:assertj-core,org.easytesting:fest-assert,"use assertj as fest-assert is not maintained anymore

git-svn-id: https://svn.apache.org/repos/asf/archiva/trunk@1581256 13f79535-47bb-0310-9956-ffa450edef68",org.assertj:assertj-core org.easytesting:fest-assert,"
use assertj as fest-assert is not maintained anymore",34,Testing,,1,0.97,Deprecation
apache/beam,0694344ee03520bae24a2b484a28927579e2bb7e,2017-03-07 20:28:30,com.fasterxml.jackson,com.google.code.gson:gson,Change Json parsing from gson to jackson for ElasticsearchIO,com.fasterxml.jackson com.google.code.gson:gson,"
Change Json parsing from gson to jackson for ElasticsearchIO",34,Serialization,,1,0.96,
apache/brooklyn-library,b35cd4966b2a32ffb09523a025649c3497bbf716,2014-08-06 16:17:26,org.apache.felix:org.apache.felix,org.osgi:org.osgi,use felix instead of osgi (as the signature of BundleWire called from BundleRevisionDependencies is different otherwise),org.apache.felix:org.apache.felix org.osgi:org.osgi,"
use felix instead of osgi (as the signature of BundleWire called from BundleRevisionDependencies is different otherwise)",4,Building,,1,0.86,BugIssue
apache/brooklyn-server,39f2963a3cec0dfde1153446f734663c6f1d761b,2012-12-04 23:39:01,ch.qos.logback:logback,org.slf4j:slf4j,"this commit removes log4j in favour of logback; logback also uses slf4j api
so it's pretty much a drop-in replacement, but with some big advantages:

    - common settings can be <include>d from files, esp those in core/src/main/resources/brooklyn/
    - logging for tests is automatic (using test-support/src/main/resources/logback-tests.xml)
    - your own logback.xml can just be one line -- see e.g. usage/launcher/src/main/resources/logback.xml
    - if you don't have a logback, default is lots of logging, not none or errors

    you can set a specific logback config file to use with:

        -Dlogback.configurationFile=/path/to/config.xml

    in eclipse you may have to update the maven project.  and if you're not getting the logging you expect in the IDE,
    make sure src/main/resources is included (in eclipse, right-click the project, the Build Path -> Configure,
    then make sure all dirs are included (All) and excluded (None) -- mvn clean install should do this for you btw);

    FYI you might find that the IDE logs to a file brooklyn-tests.log because it doesn't distinguish between test builds.

    see  http://logback.qos.ch/manual/configuration.html  for more information",ch.qos.logback:logback org.slf4j:slf4j,"this commit removes log4j in favour of logback; logback also uses slf4j api
so it's pretty much a drop-in replacement, but with some big advantages:",67,Logging,,1,0.8,Usability
apache/brooklyn-server,6f624c78b1e7fe72c6df1ecd297b922721b2c023,2016-02-15 14:43:57,org.apache.cxf:cxf,com.sun.jersey:jersey,"[BROOKLYN-183] REST API using CXF JAX-RS 2.0 implementation

Changes:

* Replace Jersey dependency (JAX-RS 1.1) implementation with CXF (JAX-RS 2.0)
* Use relative paths for REST resource paths

Move the context root at /v1, and use paths relative to that in resource
annotations.

* Add CXF REST resources to karaf features
* Remove /v1 prefix from brooklyn-rest-api resources
* Move CXF servlet context to /v1

In order to preserve compatibility with the existing brooklyn REST API
we need to expose resources at path /v1 instead of /cxf/v1.

For now move the whole CXF servlet at /v1, and with resources mounted at
/ we get the historical path /v1/ for the REST API. We'll need to make
the JSGUI configurable with the base REST API path in the future though.

Also add appropriate providers to the OSGi CXF service blueprint.

* Use relative paths when referring REST resources

Don't use absolute paths based on the assumption that the REST API is
deployed at /v1.

Instead use an UriBuilder provided by JAX-RS as a context-injected
UriInfo object, which should work with any root context path.

Also drop the /v1 prefix from REST API tests and test fixtures.

* Fix usage of resources in CXF unit tests

Use HTTP transport instead of local transport so we can have a ServletContext to get/setAttribute.
Allow CXF to use BrooklynJacksonJsonProvider for message formatting and parsing.
Inject the ManagementContext in resources and providers.
Add request/response logging during tests.

* Pull up common implementation of configureCXF

All tests ended up using the same configuration of the REST API, so it
makes sense to move that into the base class

This had the side effect of worsening the interleaving of test methods
by testng, so each resource test was separated into its own suite.

* Fix DeployBlueprintTest

Also change getEndpointAddress() to use template method instead of
setter/getter.

* Wait for CXF resources to start in karaf itest

* Remove CatalogApi's multipart/form-data create method

There is no standard JAX-RS way to process multipart/form-data contents,
so this service was removed from the API for the purpose of unifying the
CXF and Jersey API.

* Adjust OSGi package import directives to allow a version range of 1.1 to
2.0 of JAX-RS directives.",org.apache.cxf:cxf com.sun.jersey:jersey,"
* Remove /v1 prefix from brooklyn-rest-api resources
* Move CXF servlet context to /v1
* Replace Jersey dependency (JAX-RS 1.1) implementation with CXF (JAX-RS 2.0)
* Use relative paths for REST resource paths",4,Web Framework,,1,0.95,Functionality
apache/brooklyn-server,6f624c78b1e7fe72c6df1ecd297b922721b2c023,2016-02-15 14:43:57,com.fasterxml.jackson,com.sun.jersey.contribs:jersey,"[BROOKLYN-183] REST API using CXF JAX-RS 2.0 implementation

Changes:

* Replace Jersey dependency (JAX-RS 1.1) implementation with CXF (JAX-RS 2.0)
* Use relative paths for REST resource paths

Move the context root at /v1, and use paths relative to that in resource
annotations.

* Add CXF REST resources to karaf features
* Remove /v1 prefix from brooklyn-rest-api resources
* Move CXF servlet context to /v1

In order to preserve compatibility with the existing brooklyn REST API
we need to expose resources at path /v1 instead of /cxf/v1.

For now move the whole CXF servlet at /v1, and with resources mounted at
/ we get the historical path /v1/ for the REST API. We'll need to make
the JSGUI configurable with the base REST API path in the future though.

Also add appropriate providers to the OSGi CXF service blueprint.

* Use relative paths when referring REST resources

Don't use absolute paths based on the assumption that the REST API is
deployed at /v1.

Instead use an UriBuilder provided by JAX-RS as a context-injected
UriInfo object, which should work with any root context path.

Also drop the /v1 prefix from REST API tests and test fixtures.

* Fix usage of resources in CXF unit tests

Use HTTP transport instead of local transport so we can have a ServletContext to get/setAttribute.
Allow CXF to use BrooklynJacksonJsonProvider for message formatting and parsing.
Inject the ManagementContext in resources and providers.
Add request/response logging during tests.

* Pull up common implementation of configureCXF

All tests ended up using the same configuration of the REST API, so it
makes sense to move that into the base class

This had the side effect of worsening the interleaving of test methods
by testng, so each resource test was separated into its own suite.

* Fix DeployBlueprintTest

Also change getEndpointAddress() to use template method instead of
setter/getter.

* Wait for CXF resources to start in karaf itest

* Remove CatalogApi's multipart/form-data create method

There is no standard JAX-RS way to process multipart/form-data contents,
so this service was removed from the API for the purpose of unifying the
CXF and Jersey API.

* Adjust OSGi package import directives to allow a version range of 1.1 to
2.0 of JAX-RS directives.",com.fasterxml.jackson com.sun.jersey.contribs:jersey,"
* Replace Jersey dependency (JAX-RS 1.1) implementation with CXF (JAX-RS 2.0)
* Use relative paths for REST resource paths",4,Web Framework&Serialization,,1,0.95,Functionality
apache/brooklyn-server,6f624c78b1e7fe72c6df1ecd297b922721b2c023,2016-02-15 14:43:57,com.fasterxml.jackson,com.sun.jersey:jersey,"[BROOKLYN-183] REST API using CXF JAX-RS 2.0 implementation

Changes:

* Replace Jersey dependency (JAX-RS 1.1) implementation with CXF (JAX-RS 2.0)
* Use relative paths for REST resource paths

Move the context root at /v1, and use paths relative to that in resource
annotations.

* Add CXF REST resources to karaf features
* Remove /v1 prefix from brooklyn-rest-api resources
* Move CXF servlet context to /v1

In order to preserve compatibility with the existing brooklyn REST API
we need to expose resources at path /v1 instead of /cxf/v1.

For now move the whole CXF servlet at /v1, and with resources mounted at
/ we get the historical path /v1/ for the REST API. We'll need to make
the JSGUI configurable with the base REST API path in the future though.

Also add appropriate providers to the OSGi CXF service blueprint.

* Use relative paths when referring REST resources

Don't use absolute paths based on the assumption that the REST API is
deployed at /v1.

Instead use an UriBuilder provided by JAX-RS as a context-injected
UriInfo object, which should work with any root context path.

Also drop the /v1 prefix from REST API tests and test fixtures.

* Fix usage of resources in CXF unit tests

Use HTTP transport instead of local transport so we can have a ServletContext to get/setAttribute.
Allow CXF to use BrooklynJacksonJsonProvider for message formatting and parsing.
Inject the ManagementContext in resources and providers.
Add request/response logging during tests.

* Pull up common implementation of configureCXF

All tests ended up using the same configuration of the REST API, so it
makes sense to move that into the base class

This had the side effect of worsening the interleaving of test methods
by testng, so each resource test was separated into its own suite.

* Fix DeployBlueprintTest

Also change getEndpointAddress() to use template method instead of
setter/getter.

* Wait for CXF resources to start in karaf itest

* Remove CatalogApi's multipart/form-data create method

There is no standard JAX-RS way to process multipart/form-data contents,
so this service was removed from the API for the purpose of unifying the
CXF and Jersey API.

* Adjust OSGi package import directives to allow a version range of 1.1 to
2.0 of JAX-RS directives.",com.fasterxml.jackson com.sun.jersey:jersey,"
* Replace Jersey dependency (JAX-RS 1.1) implementation with CXF (JAX-RS 2.0)
* Use relative paths for REST resource paths",4,Web Framework&Serialization,,1,0.95,Functionality
apache/brooklyn-server,6f624c78b1e7fe72c6df1ecd297b922721b2c023,2016-02-15 14:43:57,javax.ws.rs:javax.ws.rs-api,javax.ws.rs:jsr311-api,"[BROOKLYN-183] REST API using CXF JAX-RS 2.0 implementation

Changes:

* Replace Jersey dependency (JAX-RS 1.1) implementation with CXF (JAX-RS 2.0)
* Use relative paths for REST resource paths

Move the context root at /v1, and use paths relative to that in resource
annotations.

* Add CXF REST resources to karaf features
* Remove /v1 prefix from brooklyn-rest-api resources
* Move CXF servlet context to /v1

In order to preserve compatibility with the existing brooklyn REST API
we need to expose resources at path /v1 instead of /cxf/v1.

For now move the whole CXF servlet at /v1, and with resources mounted at
/ we get the historical path /v1/ for the REST API. We'll need to make
the JSGUI configurable with the base REST API path in the future though.

Also add appropriate providers to the OSGi CXF service blueprint.

* Use relative paths when referring REST resources

Don't use absolute paths based on the assumption that the REST API is
deployed at /v1.

Instead use an UriBuilder provided by JAX-RS as a context-injected
UriInfo object, which should work with any root context path.

Also drop the /v1 prefix from REST API tests and test fixtures.

* Fix usage of resources in CXF unit tests

Use HTTP transport instead of local transport so we can have a ServletContext to get/setAttribute.
Allow CXF to use BrooklynJacksonJsonProvider for message formatting and parsing.
Inject the ManagementContext in resources and providers.
Add request/response logging during tests.

* Pull up common implementation of configureCXF

All tests ended up using the same configuration of the REST API, so it
makes sense to move that into the base class

This had the side effect of worsening the interleaving of test methods
by testng, so each resource test was separated into its own suite.

* Fix DeployBlueprintTest

Also change getEndpointAddress() to use template method instead of
setter/getter.

* Wait for CXF resources to start in karaf itest

* Remove CatalogApi's multipart/form-data create method

There is no standard JAX-RS way to process multipart/form-data contents,
so this service was removed from the API for the purpose of unifying the
CXF and Jersey API.

* Adjust OSGi package import directives to allow a version range of 1.1 to
2.0 of JAX-RS directives.",javax.ws.rs:javax.ws.rs-api javax.ws.rs:jsr311-api,"setter/getter.

setter/getter.

setter/getter.

[BROOKLYN-183] REST API using CXF JAX-RS 2.0 implementation
",8,Web Framework,,1,0.95,Functionality
apache/bval,4cdb446de76e8fa123fad9f04fadcbe03f6a5abf,2010-09-15 00:04:41,org.slf4j:slf4j,commons-logging:commons-logging,migration from commons-logging to slf4j,org.slf4j:slf4j commons-logging:commons-logging,"
migration from commons-logging to slf4j",39,Logging,,1,0.98,
apache/bval,4cdb446de76e8fa123fad9f04fadcbe03f6a5abf,2010-09-15 00:04:41,org.slf4j:jcl-over-slf4j,commons-logging:commons-logging,migration from commons-logging to slf4j,org.slf4j:jcl-over-slf4j commons-logging:commons-logging,"
migration from commons-logging to slf4j",22,Logging,,1,0.98,
apache/calcite,135daf3b302e7051768eb2bdce9839e75ba13e05,2019-06-29 19:40:23,de.bwaldvogel:mongo-java-server,com.github.fakemongo:fongo,"[CALCITE-3156] Mongo adapter. Replace fongo with Mongo Java Server for tests

mongo java server is a better alternative to fongo. All tests (including IT) are passing.",de.bwaldvogel:mongo-java-server com.github.fakemongo:fongo,"
[CALCITE-3156] Mongo adapter.
Replace fongo with Mongo Java Server for tests",3,Database,,1,0.98,
apache/camel,90f4acf746b0549002bc847337dee24b26d0f945,2011-01-31 17:28:40,org.slf4j:slf4j,commons-logging:commons-logging,"CAMEL-3605: Switching to use sfl4j as logger in camel-core.

git-svn-id: https://svn.apache.org/repos/asf/camel/trunk@1065692 13f79535-47bb-0310-9956-ffa450edef68",org.slf4j:slf4j commons-logging:commons-logging,"
CAMEL-3605: Switching to use sfl4j as logger in camel-core.",39,Logging,,1,0.98,
apache/camel,c639b46d2e8e440ea6acfff894a7f5e22a886830,2014-06-17 20:51:38,org.slf4j:log4j-over-slf4j,log4j:log4j,"Initial version of API component documentation report generator MOJO, minor re-factoring, fixed MOJO logging to use Log4J-SLF4J bridge to work with Maven 3.1.0 logging",org.slf4j:log4j-over-slf4j log4j:log4j,"
Initial version of API component documentation report generator MOJO, minor re-factoring, fixed MOJO logging to use Log4J-SLF4J bridge to work with Maven 3.1.0 logging",27,Logging,,1,0.7,Integration
apache/camel,c639b46d2e8e440ea6acfff894a7f5e22a886830,2014-06-17 20:51:38,org.slf4j:log4j-over-slf4j,org.slf4j:slf4j,"Initial version of API component documentation report generator MOJO, minor re-factoring, fixed MOJO logging to use Log4J-SLF4J bridge to work with Maven 3.1.0 logging",org.slf4j:log4j-over-slf4j org.slf4j:slf4j,"
Initial version of API component documentation report generator MOJO, minor re-factoring, fixed MOJO logging to use Log4J-SLF4J bridge to work with Maven 3.1.0 logging",26,Logging,,1,0.7,Integration
apache/camel,c639b46d2e8e440ea6acfff894a7f5e22a886830,2014-06-17 20:51:38,org.slf4j:slf4j,log4j:log4j,"Initial version of API component documentation report generator MOJO, minor re-factoring, fixed MOJO logging to use Log4J-SLF4J bridge to work with Maven 3.1.0 logging",org.slf4j:slf4j log4j:log4j,"
Initial version of API component documentation report generator MOJO, minor re-factoring, fixed MOJO logging to use Log4J-SLF4J bridge to work with Maven 3.1.0 logging",73,Logging,,1,0.7,Integration
apache/camel,a64a2796478cd6cb625f4efa2adb073daf1a5320,2016-03-31 08:37:39,com.github.ben-manes.caffeine:caffeine,com.googlecode.concurrentlinkedhashmap:concurrentlinkedhashmap-lru,CAMEL-8602: Java 8: ConcurrentLinkedHashMap -> Caffeine,com.github.ben-manes.caffeine:caffeine com.googlecode.concurrentlinkedhashmap:concurrentlinkedhashmap-lru,"
CAMEL-8602: Java 8: ConcurrentLinkedHashMap  laifuhewb  Caffeine",3,Utility,,1,0.9,
apache/camel,bdada3d51288202c0c8ec2da24147bd9147edf3b,2017-07-22 07:33:20,com.fasterxml.jackson,com.google.code.gson:gson,CAMEL-11574 - Switch lumberjack from Gson to Jackson in order to support long JSon values,com.fasterxml.jackson com.google.code.gson:gson,"
CAMEL-11574 - Switch lumberjack from Gson to Jackson in order to support long JSon values",34,Serialization,,1,0.95,Functionality
apache/camel,e7e47a81edf4206f04ad9972891c0ef154688016,2017-09-28 06:50:14,org.mockito:mockito,org.easymock:easymock,"CAMEL-11845: Migrate easymock and powermock to mockito

Migrate camel-mina and camel-mina2 from easymock to mockito.",org.mockito:mockito org.easymock:easymock,"CAMEL-11845: Migrate easymock and powermock to mockito
",15,Testing,,1,0.95,
apache/camel,a7a97bfe7b8c98387e1fa8da798c52500d604c3f,2017-09-28 06:57:41,org.mockito:mockito,org.powermock:powermock,CAMEL-11845: Migrated camel-bonita from powermock to mockito,org.mockito:mockito org.powermock:powermock,"
CAMEL-11845: Migrated camel-bonita from powermock to mockito",29,Testing,,1,0.95,
apache/camel,1bd38dce42c164afbf0282f68a969b6e5d5619cf,2019-06-25 03:33:58,ch.qos.logback:logback,org.apache.logging.log4j:log4j,Lets use logback as logger as its more tiny and faster than log4j,ch.qos.logback:logback org.apache.logging.log4j:log4j,"
Lets use logback as logger as its more tiny and faster than log4j",17,Logging,,1,0.95,SizeComplexity
apache/chemistry-opencmis,019fb4b46f3930bce36fa0270baa9e8a67e97d32,2012-04-28 16:33:35,org.slf4j:slf4j,commons-logging:commons-logging,"CMIS-525: replaced Commons Logging with SLF4J

git-svn-id: https://svn.apache.org/repos/asf/chemistry/opencmis/trunk@1331791 13f79535-47bb-0310-9956-ffa450edef68",org.slf4j:slf4j commons-logging:commons-logging,"
CMIS-525: replaced Commons Logging with SLF4J",39,Logging,,1,0.98,
apache/clerezza,3632e366771b3b27b204bb76c2d28d473d066fcb,2017-11-20 18:43:42,org.osgi:org.osgi,org.apache.felix:org.apache.felix,"Use OSGi annotation classes

Rather than using Felix annotations, this makes use of the official
OSGi annotations. As such, `@Reference` fields are now accessible
with `setX` and `unsetX` methods for use with OSGi declarative services.
And `@Service` and `@Property` annotations have been merged with the
`@Component` declaration.

The Felix maven-scr-plugin is updated to the latest version.

The official JAX-RS dependency is also updated.",org.osgi:org.osgi org.apache.felix:org.apache.felix,"
Use OSGi annotation classes
Rather than using Felix annotations, this makes use of the official
OSGi annotations.",6,Building,,1,0.8,Popularity
apache/cloudstack,a279d5c453c6e6f00ab937fa3e6745fdf68e82b2,2020-06-17 01:41:23,log4j:log4j,org.slf4j:slf4j,"logging: Logging framework to use only log4j (#4003)

Currently CloudStack is using logging frameworks as log4j and Java util logging, logging wrappers as slf4j and Apache common logging.
Here changes are to made it uniform, using only log4j framework.
Removed Java util logging, slf4j and Apache common logging.",log4j:log4j org.slf4j:slf4j,"Currently CloudStack is using logging frameworks as log4j and Java util logging, logging wrappers as slf4j and Apache common logging.
",4,Logging,,1,0.85,Simplification
apache/commons-jcs,43670dc9a19fed23d7e54ca86399e10b03152a05,2021-03-27 18:06:26,org.apache.commons:commons-text,org.apache.commons:commons-lang3,Use commons-text StringSubstitutor to fix deprecation,org.apache.commons:commons-text org.apache.commons:commons-lang3,"
Use commons-text StringSubstitutor to fix deprecation",12,Utility,,1,0.8,Deprecation
apache/commons-jexl,3c9d2e6515496c0ab226317680453c8100090cff,2015-12-08 14:12:00,commons-logging:commons-logging,log4j:log4j,"JEXL:
Reverted to Apache commons logging (instead of log4j);


git-svn-id: https://svn-us.apache.org/repos/asf/commons/proper/jexl/trunk@1718615 13f79535-47bb-0310-9956-ffa450edef68",commons-logging:commons-logging log4j:log4j,"
JEXL:
Reverted to Apache commons logging (instead of log4j);",3,Logging,,1,0.9,
apache/crunch,82cecc0cea64cb3cd47d6bc0c9562e49509b34ca,2014-10-27 02:04:00,org.slf4j:slf4j,log4j:log4j,"CRUNCH-476: Consolidated use of logging in projects to us SLF4J, dependency cleanup, and a few javadoc fixes.

CRUNCH-476: Uplifted logging to use slf4j formatting vs pre-formatting messages, also removed dependency on commons-logging.",org.slf4j:slf4j log4j:log4j,"
CRUNCH-476: Consolidated use of logging in projects to us SLF4J, dependency cleanup, and a few javadoc fixes.",73,Logging,,1,0.95,Simplification
apache/crunch,82cecc0cea64cb3cd47d6bc0c9562e49509b34ca,2014-10-27 02:04:00,org.slf4j:slf4j,commons-logging:commons-logging,"CRUNCH-476: Consolidated use of logging in projects to us SLF4J, dependency cleanup, and a few javadoc fixes.

CRUNCH-476: Uplifted logging to use slf4j formatting vs pre-formatting messages, also removed dependency on commons-logging.",org.slf4j:slf4j commons-logging:commons-logging,"CRUNCH-476: Uplifted logging to use slf4j formatting vs pre-formatting messages, also removed dependency on commons-logging.
",39,Logging,,1,0.95,Functionality
apache/cxf,3f4fd1c96ed389a7153df630ab01033ad3b350f5,2013-08-12 20:53:50,org.slf4j:jcl-over-slf4j,commons-logging:commons-logging,"Flip to using jc-over-slf4j for testing and such to make sure all the logging goes to one place

git-svn-id: https://svn.apache.org/repos/asf/cxf/trunk@1513254 13f79535-47bb-0310-9956-ffa450edef68",org.slf4j:jcl-over-slf4j commons-logging:commons-logging,"
Flip to using jc-over-slf4j for testing and such to make sure all the logging goes to one place",22,Logging,,1,0.75,Simplification
apache/cxf,3f4fd1c96ed389a7153df630ab01033ad3b350f5,2013-08-12 20:53:50,org.slf4j:slf4j,commons-logging:commons-logging,"Flip to using jc-over-slf4j for testing and such to make sure all the logging goes to one place

git-svn-id: https://svn.apache.org/repos/asf/cxf/trunk@1513254 13f79535-47bb-0310-9956-ffa450edef68",org.slf4j:slf4j commons-logging:commons-logging,"Flip to using jc-over-slf4j for testing and such to make sure all the logging goes to one place
",4,Logging,,1,0.75,Simplification
apache/cxf-fediz,c953c8117505864577c1334de8e5f5413f4328c1,2015-09-21 16:01:22,org.apache.tomcat.embed:tomcat-embed,org.eclipse.jetty,Switched Spring systests to use Tomcat instead of Jetty so that we can run them with JDK8,org.apache.tomcat.embed:tomcat-embed org.eclipse.jetty,"
Switched Spring systests to use Tomcat instead of Jetty so that we can run them with JDK8",6,Web Framework,,1,0.9,Integration
apache/directmemory,b08f093a4cea4e0b81abe0bdcfb47f19a67edc9e,2013-06-27 12:37:26,org.apache.logging.log4j:log4j,ch.qos.logback:logback,"use log4j2 rather than logback for testing

git-svn-id: https://svn.apache.org/repos/asf/directmemory/trunk@1497328 13f79535-47bb-0310-9956-ffa450edef68",org.apache.logging.log4j:log4j ch.qos.logback:logback,"
use log4j2 rather than logback for testing",12,Logging,,1,0.9,
apache/directory-kerby,f5af336bb2e34d04e56aa3eec3836f46455a543e,2015-03-14 05:41:28,com.google.code.gson:gson,com.googlecode.json-simple:json-simple,Using gson library for json backend,com.google.code.gson:gson com.googlecode.json-simple:json-simple,"
Using gson library for json backend",11,Serialization,,1,0.95,
apache/directory-studio,9814bcf28898bfeb06848dd85406595b3a895ea8,2015-05-02 20:50:56,org.slf4j:log4j-over-slf4j,log4j:log4j,"DIRSTUDIO-1042:
* Remove slf4j-log4j12 and log4j dependencies, add log4j-over-slf4j instead
* Add slf4j to eclipse log binding
* Add Error Log view



git-svn-id: https://svn.apache.org/repos/asf/directory/studio/trunk@1677353 13f79535-47bb-0310-9956-ffa450edef68",org.slf4j:log4j-over-slf4j log4j:log4j,"
DIRSTUDIO-1042:
* Remove slf4j-log4j12 and log4j dependencies, add log4j-over-slf4j instead
* Add slf4j to eclipse log binding",27,Logging,,1,0.8,
apache/directory-studio,9814bcf28898bfeb06848dd85406595b3a895ea8,2015-05-02 20:50:56,org.slf4j:log4j-over-slf4j,org.slf4j:slf4j,"DIRSTUDIO-1042:
* Remove slf4j-log4j12 and log4j dependencies, add log4j-over-slf4j instead
* Add slf4j to eclipse log binding
* Add Error Log view



git-svn-id: https://svn.apache.org/repos/asf/directory/studio/trunk@1677353 13f79535-47bb-0310-9956-ffa450edef68",org.slf4j:log4j-over-slf4j org.slf4j:slf4j,"
DIRSTUDIO-1042:
* Remove slf4j-log4j12 and log4j dependencies, add log4j-over-slf4j instead
* Add slf4j to eclipse log binding",26,Logging,,1,0.8,
apache/drill,eb0299982c90757fec869875b879dcdbd68a1b76,2019-01-10 18:31:30,com.h2database:h2,org.apache.derby,"DRILL-6955: storage-jdbc tests improvements

- Remove plugins usage for instantiating test databases and tables
- Replace derby with h2 database

closes #1603",com.h2database:h2 org.apache.derby,"
- Remove plugins usage for instantiating test databases and tables
- Replace derby with h2 database",3,Database,,1,0.95,
apache/drill,17a466058a9d7ae8f793c18f6d37ff2a7f04e1b4,2020-03-16 09:45:37,com.zaxxer:HikariCP,org.apache.commons:commons-dbcp2,DRILL-7639: Replace DBCP2 with HikariCP in RDBMS (JDBC) plugin,com.zaxxer:HikariCP org.apache.commons:commons-dbcp2,"
DRILL-7639: Replace DBCP2 with HikariCP in RDBMS (JDBC) plugin",7,Database,,1,0.95,
apache/drill,9a9005aa5eb41e07c11a935521f8635f7b79b6c5,2021-05-19 11:54:08,org.testcontainers:mysql,com.wix:wix-embedded-mysql,"DRILL-7911 Use TestContainers-MySQL instead of wix-embedded-mysql

Wix Embedded MySQL is not actively maintained since Oct 2019. And it uses old versions of Flapdoodle.process so it does not support ARM64.

Since there is no ARM64 Docker image for mysql we use mariadb as a substitute on Linux ARM64",org.testcontainers:mysql com.wix:wix-embedded-mysql,"
DRILL-7911 Use TestContainers-MySQL instead of wix-embedded-mysql",3,Testing,,1,0.95,Deprecation
apache/druid,3d27747f7e31a46da89c83a1f5c5a41466984ea2,2015-01-20 20:35:18,org.apache.logging.log4j:log4j,org.slf4j:slf4j,"Upgrade to log4j2
Default behavior is as before.
Added documentation for how to enable synchronous logging for select chatty classes:
* io.druid.client.ServerInventoryView
* io.druid.client.BatchServerInventoryView
* io.druid.curator.inventory.CuratorInventoryManager
* com.metamx.http.client.pool.ChannelResourceFactory",org.apache.logging.log4j:log4j org.slf4j:slf4j,"
Upgrade to log4j2
Default behavior is as before.",111,Logging,,1,0.8,
apache/empire-db,2a38e9c4f87eed3638720a8c61389a026d37f639,2011-11-02 16:08:47,org.apache.myfaces.core:myfaces,com.sun.faces:jsf,"EMPIREDB-119 Removed ICEfaces dependencies and replaced the Mojarra JSF2 implementation by the Apache MyFaces implementation.

git-svn-id: https://svn.apache.org/repos/asf/incubator/empire-db/trunk@1196662 13f79535-47bb-0310-9956-ffa450edef68",org.apache.myfaces.core:myfaces com.sun.faces:jsf,"
EMPIREDB-119 Removed ICEfaces dependencies and replaced the Mojarra JSF2 implementation by the Apache MyFaces implementation.",4,Web Framework,,1,0.95,
apache/flink,08188508d528c1072a746aacbf2a5c712d4f8467,2014-09-05 09:57:02,ch.qos.logback:logback,log4j:log4j,"[FLINK-1086] Replace JCL with SLF4J and Log4j with LOGBack

- Excluded Kafka's transitive dependencies: jmxtools and jmxri
- Corrected encoder pattern in logback.xml
- Removed explicit logging access. Loggers are now configured by
  configuration files. Fixed Yarn issue with multiple logging
  bindings.

This closes #111.",ch.qos.logback:logback log4j:log4j,"
[FLINK-1086] Replace JCL with SLF4J and Log4j with LOGBack",58,Logging,,1,0.95,
apache/flink,08188508d528c1072a746aacbf2a5c712d4f8467,2014-09-05 09:57:02,ch.qos.logback:logback,org.slf4j:slf4j,"[FLINK-1086] Replace JCL with SLF4J and Log4j with LOGBack

- Excluded Kafka's transitive dependencies: jmxtools and jmxri
- Corrected encoder pattern in logback.xml
- Removed explicit logging access. Loggers are now configured by
  configuration files. Fixed Yarn issue with multiple logging
  bindings.

This closes #111.",ch.qos.logback:logback org.slf4j:slf4j,"
[FLINK-1086] Replace JCL with SLF4J and Log4j with LOGBack",67,Logging,,1,0.95,
apache/flume,69c66efefdcd74904986f2727bdf0d52dd9a75e5,2018-01-26 15:22:28,org.apache.logging.log4j:log4j,org.slf4j:slf4j,"FLUME-2050. Upgrade to Log4j 2.10.0

This closes #181

Reviewers: Ferenc Szabo

(Ralph Goers via Denes Arvay)",org.apache.logging.log4j:log4j org.slf4j:slf4j,"
FLUME-2050.
Upgrade to Log4j 2.10.0",111,Logging,,1,0.85,
apache/flume,69c66efefdcd74904986f2727bdf0d52dd9a75e5,2018-01-26 15:22:28,org.apache.logging.log4j:log4j,log4j:apache-log4j-extras,"FLUME-2050. Upgrade to Log4j 2.10.0

This closes #181

Reviewers: Ferenc Szabo

(Ralph Goers via Denes Arvay)",org.apache.logging.log4j:log4j log4j:apache-log4j-extras,"
FLUME-2050.
Upgrade to Log4j 2.10.0",4,Logging,,1,0.85,
apache/fluo,06e9ea896f9f1c2c1548d689807f139221fc791a,2014-06-17 12:16:14,ch.qos.logback:logback,org.slf4j:slf4j,Closes #17 - accismus-cluster now uses logback instead of log4j,ch.qos.logback:logback org.slf4j:slf4j,"
Closes #17 - accismus-cluster now uses logback instead of log4j",67,Logging,,1,0.9,
apache/fluo,06e9ea896f9f1c2c1548d689807f139221fc791a,2014-06-17 12:16:14,org.slf4j:log4j-over-slf4j,org.slf4j:slf4j,Closes #17 - accismus-cluster now uses logback instead of log4j,org.slf4j:log4j-over-slf4j org.slf4j:slf4j,"
Closes #17 - accismus-cluster now uses logback instead of log4j",26,Logging,,1,0.9,
apache/ftpserver,ffc44085b7f1d9bdd656eb676d10b76adfbbe091,2007-02-24 15:50:22,org.slf4j:slf4j,commons-logging:commons-logging,"Replacing commons-logging with SFL4J
Replacing dynamic proxy logger with log4j appender
Removed logfactory from context, instead create as usual as static final.
Cleaning dependencies in POMs

git-svn-id: https://svn.apache.org/repos/asf/incubator/ftpserver/trunk@511288 13f79535-47bb-0310-9956-ffa450edef68",org.slf4j:slf4j commons-logging:commons-logging,"
Replacing commons-logging with SFL4J
Replacing dynamic proxy logger with log4j appender
Removed logfactory from context, instead create as usual as static final.
Replacing commons-logging with SFL4J
Replacing dynamic proxy logger with log4j appender",15,Logging,,1,0.95,
apache/geronimo,624a8e68f0dc77f910964736c07c694f6bc8d398,2006-12-13 04:42:22,org.apache.geronimo.javamail:geronimo-javamail_1.4_mail,org.apache.geronimo.specs:geronimo,"GERONIMO-2498 : Geronimo should use the full javamail uber jar instead of just the spec jar + provider jar.

- Replaced geronimo-javamail_1.4_spec with geronimo-javamail_1.4_mail

git-svn-id: https://svn.apache.org/repos/asf/geronimo/server/trunk@486492 13f79535-47bb-0310-9956-ffa450edef68",org.apache.geronimo.javamail:geronimo-javamail_1.4_mail org.apache.geronimo.specs:geronimo,"
GERONIMO-2498 : Geronimo should use the full javamail uber jar instead of just the spec jar + provider jar.",4,Web Framework,,1,0.85,Simplification
apache/geronimo,68ff3c6f7ef71263cff6cf35de23f24f5ddcd5f5,2007-03-14 02:01:13,org.apache.geronimo.specs:geronimo,stax:stax-api,"Updating from stax-api to geronimo-stax-api_1.0_spec to correct incorrect method signatures

git-svn-id: https://svn.apache.org/repos/asf/geronimo/server/trunk@517973 13f79535-47bb-0310-9956-ffa450edef68",org.apache.geronimo.specs:geronimo stax:stax-api,"
Updating from stax-api to geronimo-stax-api_1.0_spec to correct incorrect method signatures",5,Serialization&Web Framework,,1,0.75,BugIssue
apache/geronimo,655177d5c095675ecf909f1be92202e23c696d47,2010-03-11 08:49:09,org.osgi:org.osgi,org.apache.felix:org.osgi,"Switch to using osgi rather than felix core and compendium bundles, and try to fix the build by collecting all the repositories in a profile in the root pom

git-svn-id: https://svn.apache.org/repos/asf/geronimo/server/trunk@921729 13f79535-47bb-0310-9956-ffa450edef68",org.osgi:org.osgi org.apache.felix:org.osgi,"
Switch to using osgi rather than felix core and compendium bundles, and try to fix the build by collecting all the repositories in a profile in the root pom",17,Building,,1,0.8,
apache/hadoop-ozone,abdd2bd9ee5a0870b491ed7b22724d93ac9f6a84,2019-09-27 05:56:05,com.github.spotbugs:spotbugs,com.google.code.findbugs,"HDDS-2149. Replace findbugs with spotbugs

Signed-off-by: Anu Engineer <aengineer@apache.org>",com.github.spotbugs:spotbugs com.google.code.findbugs,"
HDDS-2149.
Replace findbugs with spotbugs",3,Utility,,1,0.95,
apache/hbase,f572c4b80e2bef91f582ed5b535c4ba695d63a2d,2017-12-21 06:21:33,org.slf4j:slf4j,commons-logging:commons-logging,"HBASE-10092 Move up on to log4j2

Changes:
- replaced commons-logging to slf4j everywhere
- log.XXX(Throwable) calls were replaced with log.XXX(t.toString(), t)
- log.XXX(Object) calls were replaced with log.XXX(Objects.toString(obj))
- log.fatal() calls were replaced with log.error(HBaseMarkers.FATAL, ...)
- programmatic log4j configuration was removed from the unit test

This commit does not affect the current logging configurations, because log4j
is still on the classpath. slf4j-log4j12 binds log4j to slf4j.

Signed-off-by: Michael Stack <stack@apache.org>",org.slf4j:slf4j commons-logging:commons-logging,"
Changes:
- replaced commons-logging to slf4j everywhere
- log.",39,Logging,,1,0.95,
apache/hbase,ba3610d097edf985f77817ec4e65f6580594d47d,2021-03-20 01:21:25,org.apache.logging.log4j:log4j,org.slf4j:slf4j,"HBASE-19577 Use log4j2 instead of log4j for logging (#1708)

Signed-off-by: stack <stack@apache.org>",org.apache.logging.log4j:log4j org.slf4j:slf4j,"
HBASE-19577 Use log4j2 instead of log4j for logging (#1708)",111,Logging,,1,0.9,
apache/hive,c93d6c77e31e2eb9b40f5167ab3491d44eae351a,2015-08-14 17:17:20,org.apache.logging.log4j:log4j,org.slf4j:slf4j,"HIVE-11304: Migrate to Log4j2 from Log4j 1.x (Prasanth Jayachandran reviewed by Thejas Nair, Sergey Shelukhin)",org.apache.logging.log4j:log4j org.slf4j:slf4j,"
HIVE-11304: Migrate to Log4j2 from Log4j 1.x (Prasanth Jayachandran reviewed by Thejas Nair, Sergey Shelukhin)",111,Logging,,1,0.95,
apache/hive,c93d6c77e31e2eb9b40f5167ab3491d44eae351a,2015-08-14 17:17:20,org.apache.logging.log4j:log4j,log4j:apache-log4j-extras,"HIVE-11304: Migrate to Log4j2 from Log4j 1.x (Prasanth Jayachandran reviewed by Thejas Nair, Sergey Shelukhin)",org.apache.logging.log4j:log4j log4j:apache-log4j-extras,"
HIVE-11304: Migrate to Log4j2 from Log4j 1.x (Prasanth Jayachandran reviewed by Thejas Nair, Sergey Shelukhin)",8,Logging,,1,0.95,
apache/httpclient,fd412e7bf1c66bbb812b0188eed6e192981d4c7b,2016-10-31 23:24:37,org.apache.logging.log4j:log4j,commons-logging:commons-logging,"[HTTPCLIENT-1786] Port from Apache Commons Logging to Apache Log4j 2.

git-svn-id: https://svn.apache.org/repos/asf/httpcomponents/httpclient/trunk@1767391 13f79535-47bb-0310-9956-ffa450edef68",org.apache.logging.log4j:log4j commons-logging:commons-logging,"
[HTTPCLIENT-1786] Port from Apache Commons Logging to Apache Log4j 2.",6,Logging,,1,0.95,
apache/httpcore,ef5fa5e2b2faad7b0151e00df0c1e306d637e7ba,2016-10-31 22:21:30,org.apache.logging.log4j:log4j,commons-logging:commons-logging,"HTTPCORE-436: Port tests from Apache Commons Logging to Apache Log4j 2.

git-svn-id: https://svn.apache.org/repos/asf/httpcomponents/httpcore/trunk@1767384 13f79535-47bb-0310-9956-ffa450edef68",org.apache.logging.log4j:log4j commons-logging:commons-logging,"
HTTPCORE-436: Port tests from Apache Commons Logging to Apache Log4j 2.",6,Logging,,1,0.9,
apache/incubator-brooklyn,931008c462b823a504106cf4b3e9cf65f10fdfb1,2012-12-04 23:39:01,ch.qos.logback:logback,org.slf4j:slf4j,"this commit removes log4j in favour of logback; logback also uses slf4j api
so it's pretty much a drop-in replacement, but with some big advantages:

    - common settings can be <include>d from files, esp those in core/src/main/resources/brooklyn/
    - logging for tests is automatic (using test-support/src/main/resources/logback-tests.xml)
    - your own logback.xml can just be one line -- see e.g. usage/launcher/src/main/resources/logback.xml
    - if you don't have a logback, default is lots of logging, not none or errors

    you can set a specific logback config file to use with:

        -Dlogback.configurationFile=/path/to/config.xml

    in eclipse you may have to update the maven project.  and if you're not getting the logging you expect in the IDE,
    make sure src/main/resources is included (in eclipse, right-click the project, the Build Path -> Configure,
    then make sure all dirs are included (All) and excluded (None) -- mvn clean install should do this for you btw);

    FYI you might find that the IDE logs to a file brooklyn-tests.log because it doesn't distinguish between test builds.

    see  http://logback.qos.ch/manual/configuration.html  for more information",ch.qos.logback:logback org.slf4j:slf4j,"this commit removes log4j in favour of logback; logback also uses slf4j api
so it's pretty much a drop-in replacement, but with some big advantages:",67,Logging,,1,0.8,Usability
apache/incubator-brooklyn,bf627f76a7ad959a3beb7095e409a90e4cfa6e06,2014-08-06 16:17:26,org.apache.felix:org.apache.felix,org.osgi:org.osgi,use felix instead of osgi (as the signature of BundleWire called from BundleRevisionDependencies is different otherwise),org.apache.felix:org.apache.felix org.osgi:org.osgi,"
use felix instead of osgi (as the signature of BundleWire called from BundleRevisionDependencies is different otherwise)",4,Building,,1,0.86,Integration
apache/incubator-metron,e7e19fbb6491fa47d3794aebdac0280164afeb29,2018-11-15 23:51:13,org.elasticsearch.client:elasticsearch-rest,org.elasticsearch.client:transport,METRON-1834: Migrate Elasticsearch from TransportClient to new Java REST API (cstella via mmiklavc),org.elasticsearch.client:elasticsearch-rest org.elasticsearch.client:transport,"
METRON-1834: Migrate Elasticsearch from TransportClient to new Java REST API (cstella via mmiklavc)",10,Database,,1,0.95,
apache/incubator-metron,e7e19fbb6491fa47d3794aebdac0280164afeb29,2018-11-15 23:51:13,org.apache.httpcomponents,org.elasticsearch.client:transport,METRON-1834: Migrate Elasticsearch from TransportClient to new Java REST API (cstella via mmiklavc),org.apache.httpcomponents org.elasticsearch.client:transport,"
METRON-1834: Migrate Elasticsearch from TransportClient to new Java REST API (cstella via mmiklavc)",4,Database&HTTP Clients,,1,0.95,
apache/incubator-metron,e7e19fbb6491fa47d3794aebdac0280164afeb29,2018-11-15 23:51:13,org.elasticsearch.plugin:transport,org.elasticsearch.client:transport,METRON-1834: Migrate Elasticsearch from TransportClient to new Java REST API (cstella via mmiklavc),org.elasticsearch.plugin:transport org.elasticsearch.client:transport,"
METRON-1834: Migrate Elasticsearch from TransportClient to new Java REST API (cstella via mmiklavc)",3,Database&HTTP Clients,,1,0.95,
apache/incubator-plc4x,4312eb178b6cb000ea8a3c78df70567182341331,2017-11-17 12:14:31,org.junit,org.testng:testng,Use JUnit 5 instead of TestNG,org.junit org.testng:testng,"
Use JUnit 5 instead of TestNG",7,Testing,,1,0.95,
apache/incubator-pulsar,6ea847cc1cc6458de85b5eab48b8d68040e5c547,2016-12-01 20:11:13,com.google.code.gson:gson,org.json:json,Replaced Json Library (#130),com.google.code.gson:gson org.json:json,Replaced Json Library (#130),20,Serialization,,1,0.95,
apache/incubator-pulsar,21d3307b7ba9575ff174165cb060b8be26619157,2018-02-23 18:49:37,org.apache.logging.log4j:log4j,org.slf4j:slf4j,"Upgrade to log4j2 dependency and configuration (#680)

* Add log4j2 dependency and configuration

* add yamal configuration

* Add more roll-over-file configuration + log4j2-web module",org.apache.logging.log4j:log4j org.slf4j:slf4j,"
Upgrade to log4j2 dependency and configuration (#680)",111,Logging,,1,0.85,
apache/incubator-pulsar,fe7311c637181cf6545e73fee066d9a2840b0a59,2019-02-25 16:23:01,org.testng:testng,junit:junit,"Replace Junit with testng (#3675)

Closes #3663",org.testng:testng junit:junit,"
Replace Junit with testng (#3675)",23,Testing,,1,0.95,
apache/incubator-rya,81b99327d97f60de3273c21c25ec564034c974da,2018-04-23 13:19:10,org.eclipse.rdf4j:rdf4j,org.openrdf.sesame:sesame,"RYA-405 Migration of OpenRDF Sesame libraries to RDF4J

Co-authored-by: eric.white <Eric.White@parsons.com>
Co-authored-by: Jorge Machado <jorge.w.machado@hotmail.com>",org.eclipse.rdf4j:rdf4j org.openrdf.sesame:sesame,"
RYA-405 Migration of OpenRDF Sesame libraries to RDF4J",3,Utility,,1,0.5,
apache/incubator-shardingsphere,c74dd2f5564ced8caa8e1d5ef3c8a47759288037,2020-02-28 10:05:01,ch.qos.logback:logback,log4j:log4j,"Prepare merge into master (#4516)

* Replace log4j with logback

* For spelling

* Upper JDBC for comment and Class name

* mysql --> MySQL in comment and class name

* For checkstype

* Remove unused file",ch.qos.logback:logback log4j:log4j,"
* Replace log4j with logback",58,Logging,,1,0.95,
apache/incubator-shardingsphere,c74dd2f5564ced8caa8e1d5ef3c8a47759288037,2020-02-28 10:05:01,ch.qos.logback:logback,org.slf4j:slf4j,"Prepare merge into master (#4516)

* Replace log4j with logback

* For spelling

* Upper JDBC for comment and Class name

* mysql --> MySQL in comment and class name

* For checkstype

* Remove unused file",ch.qos.logback:logback org.slf4j:slf4j,"
* Replace log4j with logback",67,Logging,,1,0.95,
apache/incubator-streampipes,09c9d18d02b340a1e577bf6fec76a2909a20599f,2019-08-03 14:13:02,org.springframework.boot:spring-boot,org.glassfish.jersey,#229: Migrate pipeline element container provisioning to Spring Boot,org.springframework.boot:spring-boot org.glassfish.jersey,"
#229: Migrate pipeline element container provisioning to Spring Boot",3,Web Framework,,1,0.85,
apache/incubator-streampipes,c376057289539093d914e3c94402ef6f7ed0d8f9,2019-08-11 13:26:06,org.springframework.boot:spring-boot,org.glassfish.jersey,"#234: Extract Connect master and worker to individual modules, migrate containers to Spring Boot",org.springframework.boot:spring-boot org.glassfish.jersey,"#234: Extract Connect master and worker to individual modules, migrate containers to Spring Boot",3,Web Framework,,1,0.85,
apache/incubator-tamaya,d035dbfd8808fdbbc1eb7e75409f845ac1eeb929,2016-04-20 07:38:42,org.apache.cxf:cxf,com.sun.jersey:jersey,TAMAYA-151: Replaced Jersey with CXF.,org.apache.cxf:cxf com.sun.jersey:jersey,"
TAMAYA-151: Replaced Jersey with CXF.",4,Web Framework,,1,0.95,
apache/incubator-tinkerpop,8e50298256bd88ad965a9214d4bce0b28e476507,2014-05-03 15:44:20,org.slf4j:jcl-over-slf4j,commons-logging:commons-logging,"Experimental use of jcl-over-slf4j bridge, forcing slf4j-based logging over commons-logging",org.slf4j:jcl-over-slf4j commons-logging:commons-logging,"
Experimental use of jcl-over-slf4j bridge, forcing slf4j-based logging over commons-logging",22,Logging,,1,0.85,
apache/incubator-tinkerpop,8e50298256bd88ad965a9214d4bce0b28e476507,2014-05-03 15:44:20,org.slf4j:jcl-over-slf4j,org.slf4j:slf4j,"Experimental use of jcl-over-slf4j bridge, forcing slf4j-based logging over commons-logging",org.slf4j:jcl-over-slf4j org.slf4j:slf4j,"
Experimental use of jcl-over-slf4j bridge, forcing slf4j-based logging over commons-logging",4,Logging,,1,0.85,Simplification
apache/incubator-tubemq,332edc43a6e328eb514e9d2809bdde79a1edc077,2020-04-02 06:44:35,com.google.code.gson:gson,com.alibaba:fastjson,"[TUBEMQ-50] Replace fastjson to gson (#43)

Co-authored-by: gosonzhang <gosonzhang@tencent.com>",com.google.code.gson:gson com.alibaba:fastjson,"
[TUBEMQ-50] Replace fastjson to gson (#43)",4,Serialization,,1,0.95,
apache/incubator-zeppelin,8b43c44dd755c1d270e76c536dd9681ac3fe81bd,2020-09-21 09:20:40,org.slf4j:jcl-over-slf4j,commons-logging:commons-logging,"[ZEPPELIN-5050] Remove commons-logging and switch to slf4j and jcl-over-slf4j

### What is this PR for?
This PR removes logging implementations with scope compile in all Zeppelin libraries (interpreter).
jcl-over-slf4j is used as a bridge for commons-logging.
commons-logging is removed as a dependency.

### What type of PR is it?
 - Improvement

### Todos
* [ ] - Task

### What is the Jira issue?
* https://issues.apache.org/jira/browse/ZEPPELIN-5050

### How should this be tested?
* Travis-CI: https://travis-ci.org/github/Reamer/zeppelin/builds/727960669

### Questions:
* Does the licenses files need update? No
* Is there breaking changes for older versions? No
* Does this needs documentation? No

Author: Philipp Dallig <philipp.dallig@gmail.com>

Closes #3914 from Reamer/cleanup_loggging and squashes the following commits:

85f168106 [Philipp Dallig] Remove commons-logging and switch to slf4j and jcl-over-slf4j",org.slf4j:jcl-over-slf4j commons-logging:commons-logging,"
[ZEPPELIN-5050] Remove commons-logging and switch to slf4j and jcl-over-slf4j",22,Logging,,1,0.95,
apache/incubator-zeppelin,8b43c44dd755c1d270e76c536dd9681ac3fe81bd,2020-09-21 09:20:40,org.slf4j:jcl-over-slf4j,org.slf4j:slf4j,"[ZEPPELIN-5050] Remove commons-logging and switch to slf4j and jcl-over-slf4j

### What is this PR for?
This PR removes logging implementations with scope compile in all Zeppelin libraries (interpreter).
jcl-over-slf4j is used as a bridge for commons-logging.
commons-logging is removed as a dependency.

### What type of PR is it?
 - Improvement

### Todos
* [ ] - Task

### What is the Jira issue?
* https://issues.apache.org/jira/browse/ZEPPELIN-5050

### How should this be tested?
* Travis-CI: https://travis-ci.org/github/Reamer/zeppelin/builds/727960669

### Questions:
* Does the licenses files need update? No
* Is there breaking changes for older versions? No
* Does this needs documentation? No

Author: Philipp Dallig <philipp.dallig@gmail.com>

Closes #3914 from Reamer/cleanup_loggging and squashes the following commits:

85f168106 [Philipp Dallig] Remove commons-logging and switch to slf4j and jcl-over-slf4j",org.slf4j:jcl-over-slf4j org.slf4j:slf4j,"
[ZEPPELIN-5050] Remove commons-logging and switch to slf4j and jcl-over-slf4j",14,Logging,,1,0.95,Simplification
apache/incubator-zipkin,915ca3430d02aca7bce59ea592575af174680115,2015-11-15 16:45:44,org.mariadb.jdbc:mariadb-java-client,mysql:mysql-connector-java,"Switches default JDBC driver from MySQL to MariaDB

MySQL connector is GPL, even if it has an OSS exception.
https://www.mysql.com/about/legal/licensing/foss-exception/

MariaDB has a friendlier license, LGPL, which is less scary in audits.",org.mariadb.jdbc:mariadb-java-client mysql:mysql-connector-java,"
Switches default JDBC driver from MySQL to MariaDB",16,Database,,1,0.99,License
apache/incubator-zipkin,bbcf152c780956fdb967402ece8346b202fcbd6a,2019-10-15 02:41:56,org.slf4j:slf4j,org.apache.logging.log4j:log4j,moves to slf4j-api for all server-based code (#2830),org.slf4j:slf4j org.apache.logging.log4j:log4j,"
moves to slf4j-api for all server-based code (#2830)",3,Logging,,1,0.97,
apache/iotdb,5fa23d05fc449d63bf157a62bda6d69c9bc96e95,2020-09-27 03:06:09,com.google.code.gson:gson,com.alibaba:fastjson,[IOTDB-892] Replace fastjson with Gson (#1728),com.google.code.gson:gson com.alibaba:fastjson,"
[IOTDB-892] Replace fastjson with Gson (#1728)",4,Serialization,,1,1.0,
apache/isis,9cb3fc15b62b5ee44a02101a0184f771195f4ddc,2019-01-04 16:07:18,com.h2database:h2,org.hsqldb:hsqldb,ISIS-2013: converts example apps to use h2 instead of hsqldb,com.h2database:h2 org.hsqldb:hsqldb,"
ISIS-2013: converts example apps to use h2 instead of hsqldb",14,Database,,1,0.99,
apache/jackrabbit,85bcf3005c2324c7596a0fd3226c1f8e23e15c19,2010-04-07 16:20:33,ch.qos.logback:logback,org.slf4j:slf4j,"JCR-2584: Switch from log4j to Logback

git-svn-id: https://svn.apache.org/repos/asf/jackrabbit/trunk@931609 13f79535-47bb-0310-9956-ffa450edef68",ch.qos.logback:logback org.slf4j:slf4j,"
JCR-2584: Switch from log4j to Logback",67,Logging,,1,0.85,
apache/jackrabbit,85bcf3005c2324c7596a0fd3226c1f8e23e15c19,2010-04-07 16:20:33,org.slf4j:log4j-over-slf4j,org.slf4j:slf4j,"JCR-2584: Switch from log4j to Logback

git-svn-id: https://svn.apache.org/repos/asf/jackrabbit/trunk@931609 13f79535-47bb-0310-9956-ffa450edef68",org.slf4j:log4j-over-slf4j org.slf4j:slf4j,"
JCR-2584: Switch from log4j to Logback",26,Logging,,1,0.85,
apache/jackrabbit-filevault,3f83c7b0a288d8b1972f488f9e2784a3f72d9b20,2017-06-21 09:41:19,org.osgi:org.osgi,org.apache.felix:org.apache.felix,"JCRVLT-183 Switch to OSGi annotations

git-svn-id: https://svn.apache.org/repos/asf/jackrabbit/commons/filevault/trunk@1799416 13f79535-47bb-0310-9956-ffa450edef68",org.osgi:org.osgi org.apache.felix:org.apache.felix,"
JCRVLT-183 Switch to OSGi annotations",6,Building,,1,0.92,
apache/jackrabbit-oak,d10a9213292f372adaa47846a2a42d8094b3fb33,2012-07-04 19:40:16,junit:junit,org.testng:testng,"OAK-119: Oak performance benchmark

Switch from TestNG to JUnit

git-svn-id: https://svn.apache.org/repos/asf/jackrabbit/oak/trunk@1357375 13f79535-47bb-0310-9956-ffa450edef68",junit:junit org.testng:testng,"
Switch from TestNG to JUnit",47,Testing,,1,0.99,
apache/jackrabbit-oak,3eba8d2781eec5318ab49f661427b3037422d54c,2017-09-28 14:09:26,org.osgi:org.osgi,org.apache.felix:org.apache.felix,"OAK-6741 - Switch to official OSGi component and metatype annotations

- switch oak-core and oak-store-document to official OSGi annotations

git-svn-id: https://svn.apache.org/repos/asf/jackrabbit/oak/trunk@1810002 13f79535-47bb-0310-9956-ffa450edef68",org.osgi:org.osgi org.apache.felix:org.apache.felix,"
OAK-6741 - Switch to official OSGi component and metatype annotations",5,Building,,1,0.95,
apache/jackrabbit-oak,d2beca3a9ca51dedbff262be9889c0e7c0f099ad,2018-07-13 13:23:24,org.osgi:org.osgi,org.apache.felix:org.apache.felix,"OAK-6770 - Convert oak-segment-tar to OSGi R6 annotations

git-svn-id: https://svn.apache.org/repos/asf/jackrabbit/oak/trunk@1835837 13f79535-47bb-0310-9956-ffa450edef68",org.osgi:org.osgi org.apache.felix:org.apache.felix,"
OAK-6770 - Convert oak-segment-tar to OSGi R6 annotations",6,Building,,1,0.95,
apache/jackrabbit-oak,72dad21a1ec149c3074c0330d9985d1b38c39fd7,2020-10-01 09:52:51,org.osgi:org.osgi,org.apache.felix:org.apache.felix,"OAK-6764 : Convert oak-exercise to OSGi R6 annotations

git-svn-id: https://svn.apache.org/repos/asf/jackrabbit/oak/trunk@1882177 13f79535-47bb-0310-9956-ffa450edef68",org.osgi:org.osgi org.apache.felix:org.apache.felix,"
OAK-6764 : Convert oak-exercise to OSGi R6 annotations",3,Building,,1,0.95,
apache/james-jdkim,b63d2ac7795603998a7670c94ab7b57ede746f2f,2011-07-25 10:42:48,org.apache.geronimo.javamail:geronimo-javamail_1.4_mail,javax.mail:mail,"upgrade to mime4j 0.7 final
remove of ""src"" assembly (it is already generated by our apache parent pom during release)
renamed LICENSE/NOTICE to remove the .txt extension (so the source package from the parent pom is ok)
removed sun's javamail dependency in favor of geronimo deps, so we can build without external repositories.
created a CRLFOutputStream (copied from the one in james-mailbox, previously in server/util/stream) so to not use the one from javamail com.sun package anymore.

git-svn-id: https://svn.apache.org/repos/asf/james/jdkim/trunk@1150625 13f79535-47bb-0310-9956-ffa450edef68",org.apache.geronimo.javamail:geronimo-javamail_1.4_mail javax.mail:mail,"
renamed LICENSE/NOTICE to remove the .txt extension (so the source package from the parent pom is ok)
removed sun's javamail dependency in favor of geronimo deps, so we can build without external repositories.
created a CRLFOutputStream (copied from the one in james-mailbox, previously in server/util/stream) so to not use the one from javamail com.sun package anymore.",3,Web Framework,,1,0.95,BugIssue
apache/james-project,6e1bbee81c88c2439f0c1633a082ca162997468e,2018-07-31 02:25:23,ch.qos.logback:logback,org.slf4j:slf4j,JAMES-2493 replace slf4j-simple with logback,ch.qos.logback:logback org.slf4j:slf4j,"
JAMES-2493 replace slf4j-simple with logback",13,Logging,,1,0.95,
apache/james-project,37829b367a4e3ee6df42b3a0b92130a1f4f2dbd1,2018-08-03 08:51:21,org.mockito:mockito,org.jmock:jmock,JAMES-2506 Remove jmock from mpt,org.mockito:mockito org.jmock:jmock,JAMES-2506 Remove jmock from mpt,4,Testing,,1,0.9,
apache/jena,edbac884e9a14198b01976fc0e4f169701200d95,2021-03-03 19:51:28,org.apache.logging.log4j:log4j,org.slf4j:slf4j,Upgrade Jena JDBC to Log4j2 (JENA-1867),org.apache.logging.log4j:log4j org.slf4j:slf4j,"
Upgrade Jena JDBC to Log4j2 (JENA-1867)",111,Logging,,1,0.85,
apache/juddi,36222ec0c1a56ebfc3753c0e5f1a554662ae7bed,2010-12-14 01:07:45,commons-logging:commons-logging,log4j:log4j,"JUDDI-436, switching from log4j to commons.logging.

git-svn-id: https://svn.apache.org/repos/asf/juddi/trunk@1048885 13f79535-47bb-0310-9956-ffa450edef68",commons-logging:commons-logging log4j:log4j,"
JUDDI-436, switching from log4j to commons.logging.",3,Logging,,1,0.98,
apache/karaf,9e03d03da7bf2bcc7c8723101bdb50ae4a96aad7,2011-01-31 18:23:41,org.slf4j:slf4j,commons-logging:commons-logging,"[KARAF-427] Use SLF4J as default logger.

git-svn-id: https://svn.apache.org/repos/asf/karaf/trunk@1065702 13f79535-47bb-0310-9956-ffa450edef68",org.slf4j:slf4j commons-logging:commons-logging,"
[KARAF-427] Use SLF4J as default logger.",39,Logging,,1,0.98,
apache/log4j,c97347f1d0dd902675a669c54dbc3822eaeb3dbe,2008-07-31 23:00:20,org.apache.geronimo.specs:geronimo,javax.jms:jms,"Bug 45517
Provide tweaked patch provided by Thorbørn to remove a dependency on Sun's JMS stuff.

Slightly tweaked in that I retained the <optional> modifier because we don't want that to 
be marked as transitive dependency (we b0rk3d that in 1.2.15, I'd hate to redo it).



git-svn-id: https://svn.apache.org/repos/asf/logging/log4j/trunk@681536 13f79535-47bb-0310-9956-ffa450edef68",org.apache.geronimo.specs:geronimo javax.jms:jms,"Bug 45517
Provide tweaked patch provided by Thorbørn to remove a dependency on Sun's JMS stuff.",4,Database&Web Framework,,1,0.75,
apache/logging-log4j2,78c6a1fcae718f5edd177256ab157f555b84f37a,2016-10-23 20:12:03,org.mockito:mockito,org.easymock:easymock,"Migrate unit tests to Mockito 2.x

This commit completely migrates from EasyMock to Mockito 2.x. Unit tests
have been updated to use the BDD-style of Mockito's API
(given/when/then). Various test cleanups were also included during the
migration.

Related to LOG4J2-1646.",org.mockito:mockito org.easymock:easymock,"This commit completely migrates from EasyMock to Mockito 2.x.
Unit tests
",15,Testing,,1,0.99,
apache/lucene-solr,2af426f2963cb1029aa13eea5db1269c8f1fe40c,2008-09-26 14:07:05,org.apache.geronimo.specs:geronimo,stax:stax-api,"SOLR-787 -- Changed SolrJ POM to refer to woodstox implementation instead of stax as a dependency.

git-svn-id: https://svn.apache.org/repos/asf/lucene/solr/trunk@699333 13f79535-47bb-0310-9956-ffa450edef68",org.apache.geronimo.specs:geronimo stax:stax-api,"
SOLR-787 -- Changed SolrJ POM to refer to woodstox implementation instead of stax as a dependency.",5,Serialization&Web Framework,,1,0.6,
apache/maven,545c6e2685ca238cde4944f8179a3f3fbffa07ae,2015-09-11 22:36:02,com.google.inject:guice,org.sonatype.sisu:sisu-guice,"Switch to official Guice 4.0

Signed-off-by: Jason van Zyl <jason@tesla.io>

closes #45",com.google.inject:guice org.sonatype.sisu:sisu-guice,"
Switch to official Guice 4.0",10,Dependency Injection,,1,0.98,
apache/maven-doxia,c0636dc6de5a97ffd7bec6e74e06eb126a9a1302,2017-03-25 20:30:29,com.vladsch.flexmark:flexmark-all,org.pegdown:pegdown,"[DOXIA-554] migrated Markdown parser from pegdown to flaxmark-java
Submitted by: Vladimir Schneider

git-svn-id: https://svn.apache.org/repos/asf/maven/doxia/doxia/trunk@1788689 13f79535-47bb-0310-9956-ffa450edef68",com.vladsch.flexmark:flexmark-all org.pegdown:pegdown,"
[DOXIA-554] migrated Markdown parser from pegdown to flaxmark-java
Submitted by: Vladimir Schneider",4,Building,,1,0.99,
apache/maven-indexer,ad07405c06b422cb529d3badaa1b6b376699c9c1,2017-11-23 11:01:56,com.google.inject:guice,org.sonatype.sisu:sisu-guice,"Prepare for next major release (6.x)

Changes:
- update parent pom
- update dependencies (but remain Java7!)
- update sisu (drop sonatype guice, use vanilla guice)
- update to maven-resolver (from aether)

No source changes happened.",com.google.inject:guice org.sonatype.sisu:sisu-guice,"
- update dependencies (but remain Java7!)
- update sisu (drop sonatype guice, use vanilla guice)
- update to maven-resolver (from aether)",10,Dependency Injection,,1,0.97,
apache/maven-plugin-tools,9b36687ee5f85689905eee561a6cce940b83108e,2020-05-03 18:24:47,org.mockito:mockito,org.easymock:easymock,Replace EasyMock with Mockito,org.mockito:mockito org.easymock:easymock,"Replace EasyMock with Mockito
",15,Testing,,1,0.99,
apache/metamodel,bda8d764f65acdf3b1f520d21cb51a7396e23c7d,2018-01-26 04:13:08,org.elasticsearch.client:transport,org.elasticsearch:elasticsearch,"METAMODEL-1179: Upgraded ElasticSearch REST module to new client.

Using the official elastic REST high level client for ElasticSearch.

Closes #177",org.elasticsearch.client:transport org.elasticsearch:elasticsearch,"
METAMODEL-1179: Upgraded ElasticSearch REST module to new client.",8,Database,,1,0.85,
apache/metamodel,bda8d764f65acdf3b1f520d21cb51a7396e23c7d,2018-01-26 04:13:08,org.elasticsearch.test:framework,org.elasticsearch:elasticsearch,"METAMODEL-1179: Upgraded ElasticSearch REST module to new client.

Using the official elastic REST high level client for ElasticSearch.

Closes #177",org.elasticsearch.test:framework org.elasticsearch:elasticsearch,"
METAMODEL-1179: Upgraded ElasticSearch REST module to new client.",3,Database&Testing,,1,0.85,
apache/mina-sshd,a22514bb5a2692c7b510fbef3fdcdc86995d620d,2020-12-11 08:51:14,ch.qos.logback:logback,log4j:log4j,[SSHD-1109] Replace log4j with logback as the slf4j logger implementation for tests,ch.qos.logback:logback log4j:log4j,"
[SSHD-1109] Replace log4j with logback as the slf4j logger implementation for tests",58,Logging,,1,0.98,
apache/olingo-odata4,8c6be6654fd4da9a1c40d445278dc8eddf235096,2015-04-02 13:09:02,org.apache.tomcat.embed:tomcat-embed,org.eclipse.jetty,[OLINGO-573] Start replacement of Jetty with Tomcat,org.apache.tomcat.embed:tomcat-embed org.eclipse.jetty,"
[OLINGO-573] Start replacement of Jetty with Tomcat",6,Web Framework,,1,0.99,
apache/oodt,b4064c5beb2d4ad1fdb2b773fdf8d081c90fac36,2010-07-29 07:27:01,org.apache.cxf:cxf,com.sun.jersey:jersey,"- fix for OODT-21 Remove jersey dependency from curator and replace with Apache CXF

git-svn-id: https://svn.apache.org/repos/asf/incubator/oodt/trunk@980344 13f79535-47bb-0310-9956-ffa450edef68",org.apache.cxf:cxf com.sun.jersey:jersey,"
- fix for OODT-21 Remove jersey dependency from curator and replace with Apache CXF",4,Web Framework,,1,0.99,
apache/oozie,259046fc090dcb6f96f2362daff647d57f3fbddd,2019-02-22 10:43:08,com.github.spotbugs:spotbugs,com.google.code.findbugs,OOZIE-3395 [build] Migration from FindBugs to SpotBugs (kmarton via asalamon74),com.github.spotbugs:spotbugs com.google.code.findbugs,"
OOZIE-3395 [build] Migration from FindBugs to SpotBugs (kmarton via asalamon74)",21,Utility,,1,0.95,
apache/openejb,60a0300899447b95de68f1898cd073b3de5bef29,2007-03-14 03:04:46,org.apache.geronimo.specs:geronimo,stax:stax-api,"Updating from stax-api to geronimo-stax-api_1.0_spec to correct incorrect method signatures

git-svn-id: https://svn.apache.org/repos/asf/incubator/openejb/trunk@517980 13f79535-47bb-0310-9956-ffa450edef68",org.apache.geronimo.specs:geronimo stax:stax-api,"
Updating from stax-api to geronimo-stax-api_1.0_spec to correct incorrect method signatures",5,Serialization&Web Framework,,1,0.95,BugIssue
apache/openejb,96dff8139bcd3b956c330ed1cbe7782be9fab63c,2010-06-01 17:06:37,org.osgi:org.osgi,org.apache.felix:org.osgi,"use standard osgi core bundles

git-svn-id: https://svn.apache.org/repos/asf/openejb/trunk@950167 13f79535-47bb-0310-9956-ffa450edef68",org.osgi:org.osgi org.apache.felix:org.osgi,"
use standard osgi core bundles",17,Building,,1,0.85,Popularity
apache/openejb,1984e2b98ef96e629f8d3dad008354c9959159ea,2010-08-03 15:33:04,org.osgi:org.osgi,org.apache.felix:org.osgi,"for consistency use eclipe osgi jars

git-svn-id: https://svn.apache.org/repos/asf/openejb/trunk@981932 13f79535-47bb-0310-9956-ffa450edef68",org.osgi:org.osgi org.apache.felix:org.osgi,"
for consistency use eclipe osgi jars",13,Building,,1,0.8,Simplification
apache/openwebbeans,f30a57fedb3680a8cb0a2c0fc82adb11671b087d,2010-05-17 12:28:07,org.apache.myfaces.core:myfaces,com.sun.faces:jsf,"OWB-374 move from sun to MyFaces for JSF2 api + impl


git-svn-id: https://svn.apache.org/repos/asf/openwebbeans/trunk@945112 13f79535-47bb-0310-9956-ffa450edef68",org.apache.myfaces.core:myfaces com.sun.faces:jsf,"
OWB-374 move from sun to MyFaces for JSF2 api + impl",4,Web Framework,,1,0.98,
apache/parquet-mr,a24d624aaabc14a455d18450d9127f88d1b4f8be,2015-12-08 18:39:47,org.slf4j:slf4j,log4j:log4j,"PARQUET-305: Update logging to SLF4J.

This removes the Log implementation based on java.util.logging and
replaces it with SLF4J. The compiler removal of debug log messages still
works because Log.DEBUG and similar final constants are unchanged.

This commit adds slf4j-simple as the test logger implementation.
Configuration for slf4j-simple is in the root pom. Two modules can't use
slf4j-simple, parquet-pig and parquet-thrift, and use slf4j-log4j12
instead because pig depends on log4j and tests die without it.

Author: Ryan Blue <blue@apache.org>

Closes #290 from rdblue/PARQUET-305-update-logging and squashes the following commits:

89257e8 [Ryan Blue] PARQUET-305: Remove deprecation annotations on Log.
9f9b99a [Ryan Blue] PARQUET-305: Update logging to SLF4J.",org.slf4j:slf4j log4j:log4j,"
Two modules can't use
slf4j-simple, parquet-pig and parquet-thrift, and use slf4j-log4j12
instead because pig depends on log4j and tests die without it.",73,Logging,,1,0.95,
apache/pdfbox,9ba497d7d44cfe37672b73e0eccba0cb5e637be1,2020-12-04 07:08:13,info.picocli:picocli,commons-cli:commons-cli,"PDFBOX-2602: initial move to Picocli for command line parsing

git-svn-id: https://svn.apache.org/repos/asf/pdfbox/trunk@1884085 13f79535-47bb-0310-9956-ffa450edef68",info.picocli:picocli commons-cli:commons-cli,"
PDFBOX-2602: initial move to Picocli for command line parsing",4,Utility,,1,0.98,
apache/portals-pluto,f25b14a12eade4cae7bebdd1f9cb2370173d308a,2014-12-03 14:53:05,org.apache.taglibs:taglibs-standard,javax.servlet:jstl,"Changed servlet, jsp, and taglib dependencies to use the Apache versions of
the artifacts. Moved to servlet version 3.0, JSP & EL version 2.2,
which correspond to tomcat version 7.0.50. Moved to version 1.2.1 of the Apache
standard tag library.",org.apache.taglibs:taglibs-standard javax.servlet:jstl,"
Changed servlet, jsp, and taglib dependencies to use the Apache versions of
the artifacts.",5,Web Framework,,1,0.9,Integration
apache/portals-pluto,f25b14a12eade4cae7bebdd1f9cb2370173d308a,2014-12-03 14:53:05,org.apache.taglibs:taglibs-standard,taglibs:standard,"Changed servlet, jsp, and taglib dependencies to use the Apache versions of
the artifacts. Moved to servlet version 3.0, JSP & EL version 2.2,
which correspond to tomcat version 7.0.50. Moved to version 1.2.1 of the Apache
standard tag library.",org.apache.taglibs:taglibs-standard taglibs:standard,"
Changed servlet, jsp, and taglib dependencies to use the Apache versions of
the artifacts.",3,Utility,,1,0.9,Integration
apache/portals-pluto,fc36862b27fd01ea8ef905df54d351315358d56e,2017-04-27 00:30:07,org.slf4j:slf4j,log4j:log4j,PLUTO-655 Maven archetypes for Portlet 3.0 (applied license headers and migrated from the Log4J API to the SLF4J API),org.slf4j:slf4j log4j:log4j,"
PLUTO-655 Maven archetypes for Portlet 3.0 (applied license headers and migrated from the Log4J API to the SLF4J API)",73,Logging,,1,0.98,
apache/qpid-jms,2f547a288ead1f9ce32481a8a4e07aacceae2c11,2020-05-15 10:37:38,org.apache.logging.log4j:log4j,org.slf4j:slf4j,QPIDJMS-503: Upgrade to log4j2,org.apache.logging.log4j:log4j org.slf4j:slf4j,"
QPIDJMS-503: Upgrade to log4j2",111,Logging,,1,0.75,
apache/roller,afa777759ff01700b9bf09d15b888fc35cea4a3b,2013-07-30 11:16:16,org.hibernate:hibernate,org.eclipse.persistence:eclipselink,"Switching to Hibernate JPA, at least until the EclipseLink problem w/MediaFiles is fixed.

git-svn-id: https://svn.apache.org/repos/asf/roller/trunk@1508391 13f79535-47bb-0310-9956-ffa450edef68",org.hibernate:hibernate org.eclipse.persistence:eclipselink,"
Switching to Hibernate JPA, at least until the EclipseLink problem w/MediaFiles is fixed.",5,Building&Database,,1,0.98,BugIssue
apache/santuario-java,b6d1db62e0baec3b92eebd5b784fcae9417fc36b,2013-03-22 11:25:01,org.slf4j:slf4j,log4j:log4j,"[SANTUARIO-354] - Switch to use SLF4J for logging

git-svn-id: https://svn.apache.org/repos/asf/santuario/xml-security-java/trunk@1459726 13f79535-47bb-0310-9956-ffa450edef68",org.slf4j:slf4j log4j:log4j,"
[SANTUARIO-354] - Switch to use SLF4J for logging",73,Logging,,1,0.98,
apache/servicecomb-saga-actuator,8f0f37963a7ad746d42b4692ce82fcd8e37e52d2,2018-01-18 07:34:09,org.postgresql:postgresql,mysql:mysql-connector-java,"SCB-249 replaced mysql with postgres to comply with APL2 in original saga

Signed-off-by: seanyinx <sean.yin@huawei.com>",org.postgresql:postgresql mysql:mysql-connector-java,"
SCB-249 replaced mysql with postgres to comply with APL2 in original saga",5,Database,,1,0.98,License
apache/shiro,12bd2f41296a4055e6bc03e9bc4b83b23abd1fc3,2008-07-11 19:21:01,org.slf4j:slf4j,commons-logging:commons-logging,"JSEC-118 - addedd SLF4J and removed commons logging.

git-svn-id: https://svn.apache.org/repos/asf/incubator/jsecurity/trunk@710967 13f79535-47bb-0310-9956-ffa450edef68",org.slf4j:slf4j commons-logging:commons-logging,"JSEC-118 - addedd SLF4J and removed commons logging.
",39,Logging,,1,0.97,
apache/shiro,733ea8d8a875ad4d8f55b0257063a716d602229d,2009-03-27 19:20:08,org.slf4j:slf4j,commons-logging:commons-logging,"KI-72: swapped out commons-logging for slf4j

git-svn-id: https://svn.apache.org/repos/asf/incubator/jsecurity/trunk@759309 13f79535-47bb-0310-9956-ffa450edef68",org.slf4j:slf4j commons-logging:commons-logging,"
KI-72: swapped out commons-logging for slf4j",15,Logging,,1,0.98,
apache/stanbol,605e26375b4f3b497e4f61767c6b1c71a64c1814,2011-06-17 20:01:04,org.codehaus.jettison:jettison,com.googlecode.json-simple:json-simple,"STANBOL-224: This upgrades the SolrYard from Solr 1.4 to Solr 3.2. The default solr configuration was also updated to the new version. Also the Indexing Utilities are now using Solr 3.2.
Only the Autotagger still uses Lucene 3.0.1. A migration to 3.2 would require code changes and is not necessary because this component will be replaced in future by Entityhub based enhancement engines. 

### other changes

* replaced most of the remaining ""jsr311-api"" dependencies with ""jersey.core"". Some are still left because -Pkres does currently not build
* changed all remaining JSON code that used libs other than ""jettison"" to use jettison
* corrected a bug that caused the generation of Solr query parts for """" (empty strings) in cases the search term included a leading space of two spaces in a row.

git-svn-id: https://svn.apache.org/repos/asf/incubator/stanbol/trunk@1137007 13f79535-47bb-0310-9956-ffa450edef68",org.codehaus.jettison:jettison com.googlecode.json-simple:json-simple,"
Some are still left because -Pkres does currently not build
* changed all remaining JSON code that used libs other than ""jettison"" to use jettison
* corrected a bug that caused the generation of Solr query parts for """" (empty strings) in cases the search term included a leading space of two spaces in a row.",3,Serialization,,1,0.94,
apache/storm,28558b34c8be84a1288f290675fb34a71ed6203f,2015-06-03 14:50:44,org.apache.logging.log4j:log4j,ch.qos.logback:logback,"Revert ""Merge branch 'STORM-469' of https://github.com/rekhajoshm/storm into STORM-469""

This reverts commit 9b56bc8064dda3c9eab8358dddfed5e60d614a03, reversing
changes made to 27a36066bd1ed21a6fed4b8b0fc71a543740e5b3.

Migrate from logback to log4j2",org.apache.logging.log4j:log4j ch.qos.logback:logback,"
Migrate from logback to log4j2",6,Logging,,1,0.78,
apache/storm,28558b34c8be84a1288f290675fb34a71ed6203f,2015-06-03 14:50:44,org.slf4j:slf4j,ch.qos.logback:logback,"Revert ""Merge branch 'STORM-469' of https://github.com/rekhajoshm/storm into STORM-469""

This reverts commit 9b56bc8064dda3c9eab8358dddfed5e60d614a03, reversing
changes made to 27a36066bd1ed21a6fed4b8b0fc71a543740e5b3.

Migrate from logback to log4j2",org.slf4j:slf4j ch.qos.logback:logback,"
Migrate from logback to log4j2",8,Logging,,1,0.78,
apache/streams,899bb84f3c9b411137f37d18114bfda76fc77c48,2016-11-30 03:43:00,org.testng:testng,junit:junit,"STREAMS-464: switch ITs from junit to testng

testing with:
mvn clean verify -DargLine=""-Dconfig.file=`pwd`/application.conf -Djava.util.Arrays.useLegacyMergeSort=true"" -DskipTests=true -DskipITs=false
problems remain in several modules incuding:
streams-persist-elasticsearch
streams-provider-rss",org.testng:testng junit:junit,"
STREAMS-464: switch ITs from junit to testng",23,Testing,,1,0.97,
apache/struts,e990fbb751af3ed83123ca71bd90b76eec24cf5c,2015-05-01 10:46:59,org.apache.logging.log4j:log4j,commons-logging:commons-logging,"WW-4492 Add support for Log4J2 as a struts and xwork logging backend

 - Use log4j2 in the angularjs maven archetype",org.apache.logging.log4j:log4j commons-logging:commons-logging,"WW-4492 Add support for Log4J2 as a struts and xwork logging backend
WW-4492 Add support for Log4J2 as a struts and xwork logging backend
",6,Logging,,1,0.8,
apache/struts,2a60c1eee69f976a6e20f20add04cdc39b757ead,2018-11-19 07:05:01,org.assertj:assertj-core,org.easytesting:fest-assert,"[WW-4981] Adds support for JDK11  (#270)

* Upgrades test dependencies

* Drops unused lib

* Uses AssertJ instead of FestAssert

* Upgrades Surefire Maven Plugin to 2.22.1

* Downgrades to AssertJ 2.x to support JDK7

* decouple tests from java version

Refactor a java 9 conditional test to work always with any java version

See also WW-4845

* fix NullPointerException in NotURLClassLoader tests

Also includes a few improvements

See also WW-4845

* do not specify threadCount & forkMode which breaks tests in java 9

See also WW-4845

* pass all current tests with java 11

See also WW-4981

* fix an odd path problem in java 9

See also WW-4845

* gitignore test-output

See also WW-4981

* ask travis an oracle jdk 11 build

See also WW-4981

* ask travis to report coverage only in latest working jdk, jdk8

See also WW-4845",org.assertj:assertj-core org.easytesting:fest-assert,"
* Uses AssertJ instead of FestAssert",49,Testing,,1,0.98,Integration
apache/syncope,31d3a0e6b95e039056a7a3bbdfabd730d3bfc50b,2010-10-21 13:33:53,ch.qos.logback:logback,log4j:log4j,"Switching from log4j to logback

git-svn-id: https://svn.apache.org/repos/asf/incubator/syncope/trunk@1246603 13f79535-47bb-0310-9956-ffa450edef68",ch.qos.logback:logback log4j:log4j,"
Switching from log4j to logback",58,Logging,,1,0.98,
apache/syncope,31d3a0e6b95e039056a7a3bbdfabd730d3bfc50b,2010-10-21 13:33:53,ch.qos.logback:logback,org.slf4j:slf4j,"Switching from log4j to logback

git-svn-id: https://svn.apache.org/repos/asf/incubator/syncope/trunk@1246603 13f79535-47bb-0310-9956-ffa450edef68",ch.qos.logback:logback org.slf4j:slf4j,"
Switching from log4j to logback",67,Logging,,1,0.98,
apache/syncope,718182365541e831c439722a2b400fb0fa490904,2017-05-17 13:02:18,com.zaxxer:HikariCP,org.apache.commons:commons-dbcp2,[SYNCOPE-1084] Switch from DBCP2 to HikariCP,com.zaxxer:HikariCP org.apache.commons:commons-dbcp2,"
[SYNCOPE-1084] Switch from DBCP2 to HikariCP",7,Database,,1,0.98,
apache/tapestry-5,decb2071bb6aaf193ec639d3ee09a23449d72654,2007-08-26 22:23:55,org.slf4j:slf4j,commons-logging:commons-logging,"TAPESTRY-1704: Convert dependencies from commons-logging to SLF4J

git-svn-id: https://svn.apache.org/repos/asf/tapestry/tapestry5/trunk@569893 13f79535-47bb-0310-9956-ffa450edef68",org.slf4j:slf4j commons-logging:commons-logging,"
TAPESTRY-1704: Convert dependencies from commons-logging to SLF4J",39,Logging,,1,0.98,
apache/tapestry-5,3a930a62ce94c3106abc6a8893d9814e1c585700,2008-09-13 17:39:19,hsqldb:hsqldb,mysql:mysql-connector-java,"Fixed TAPESTRY-2572: Use HSQL instead of MySQL for Address demo.

Patch by Sven Homburg.

git-svn-id: https://svn.apache.org/repos/asf/tapestry/tapestry5/trunk@694991 13f79535-47bb-0310-9956-ffa450edef68",hsqldb:hsqldb mysql:mysql-connector-java,"
Fixed TAPESTRY-2572: Use HSQL instead of MySQL for Address demo.",3,Database,,1,0.97,
apache/tez,6d0b10a8445d3c26b0958ce816c64b577a1608d9,2015-03-23 18:59:18,org.slf4j:slf4j,commons-logging:commons-logging,TEZ-2176. Move all logging to slf4j. Contributed by Vasanth kumar RJ.,org.slf4j:slf4j commons-logging:commons-logging,"
TEZ-2176.
Move all logging to slf4j.
Contributed by Vasanth kumar RJ.",39,Logging,,1,0.98,
apache/tika,93ab990cd392631cb51e89711c4850d449df0491,2012-03-27 18:24:52,org.apache.cxf:cxf,com.sun.jersey:jersey,"- progress towards TIKA-593: replace Jersey with CXF. Checking in to reduce the need to review patches. Disabled 3 tests for now that aren't passing. Will work with Max to make them pass.

git-svn-id: https://svn.apache.org/repos/asf/tika/trunk@1305940 13f79535-47bb-0310-9956-ffa450edef68",org.apache.cxf:cxf com.sun.jersey:jersey,"
- progress towards TIKA-593: replace Jersey with CXF.
Checking in to reduce the need to review patches.",3,Web Framework,,1,0.98,
apache/tika,5d454782a89dccb42c49438799d9b0005708a50c,2018-10-02 14:44:52,org.glassfish.jaxb:jaxb,javax.xml.bind:jaxb-api,"TIKA-2473 - Replace com.sun.xml.bind:jaxb-impl and jaxb-core with
     org.glassfish.jaxb:jaxb-runtime and jaxb-core",org.glassfish.jaxb:jaxb javax.xml.bind:jaxb-api,"TIKA-2473 - Replace com.sun.xml.bind:jaxb-impl and jaxb-core with
org.glassfish.jaxb:jaxb-runtime and jaxb-coreTIKA-2473 - Replace com.sun.xml.bind:jaxb-impl and jaxb-core with
org.glassfish.jaxb:jaxb-runtime and jaxb-coreTIKA-2473 - Replace com.sun.xml.bind:jaxb-impl and jaxb-core with
org.glassfish.jaxb:jaxb-runtime and jaxb-coreTIKA-2473 - Replace com.sun.xml.bind:jaxb-impl and jaxb-core with
org.glassfish.jaxb:jaxb-runtime and jaxb-coreTIKA-2473 - Replace com.sun.xml.bind:jaxb-impl and jaxb-core with
org.glassfish.jaxb:jaxb-runtime and jaxb-coreTIKA-2473 - Replace com.sun.xml.bind:jaxb-impl and jaxb-core with
org.glassfish.jaxb:jaxb-runtime and jaxb-coreTIKA-2473 - Replace com.sun.xml.bind:jaxb-impl and jaxb-core with
org.glassfish.jaxb:jaxb-runtime and jaxb-coreTIKA-2473 - Replace com.sun.xml.bind:jaxb-impl and jaxb-core with
org.glassfish.jaxb:jaxb-runtime and jaxb-core",13,Serialization,,1,0.8,
apache/tika,b35b1685990a0401e33de0697499e40cec680858,2021-04-22 18:09:45,org.apache.logging.log4j:log4j,org.slf4j:slf4j,TIKA-3312 -- upgrade to log4j2 throughout,org.apache.logging.log4j:log4j org.slf4j:slf4j,"
TIKA-3312 -- upgrade to log4j2 throughout",111,Logging,,1,0.85,
apache/tomee,1f6d05999f12300e941ad342487891219d0da875,2007-03-14 03:04:46,org.apache.geronimo.specs:geronimo,stax:stax-api,"Updating from stax-api to geronimo-stax-api_1.0_spec to correct incorrect method signatures

git-svn-id: https://svn.apache.org/repos/asf/incubator/openejb/trunk/openejb3@517980 13f79535-47bb-0310-9956-ffa450edef68",org.apache.geronimo.specs:geronimo stax:stax-api,"
Updating from stax-api to geronimo-stax-api_1.0_spec to correct incorrect method signatures",5,Serialization&Web Framework,,1,0.7,BugIssue
apache/usergrid,b552f2ff75bc1d367e82d97e6438a11f79f6a8d9,2013-10-01 20:29:51,org.apache.tika:tika,eu.medsea.mimeutil:mime-util,"assets2.0:
* post/put form data for entity using multipart-form
* post/put binary file on any entity in multipart-form
* post/put/get binary file using octet-stream updates
* switched to Apache Tika for mime detection
* updated Apache JClouds impl",org.apache.tika:tika eu.medsea.mimeutil:mime-util,"
* post/put/get binary file using octet-stream updates
* switched to Apache Tika for mime detection
* updated Apache JClouds impl",3,Utility,,1,0.95,
apache/velocity-engine,32273e3c5dc553708106a3617b2c40914a0aba7b,2015-08-31 21:06:34,org.slf4j:slf4j,log4j:log4j,"[engine] switch to slf4j logging facade

git-svn-id: https://svn.apache.org/repos/asf/velocity/engine/trunk@1700350 13f79535-47bb-0310-9956-ffa450edef68",org.slf4j:slf4j log4j:log4j,"
[engine] switch to slf4j logging facade",15,Logging,,1,0.95,
apache/velocity-tools,28f58c49883dfde55e594ee086d7ab522a5b762d,2017-08-07 10:11:20,com.googlecode.json-simple:json-simple,org.json:json,"[tools] Switch JSON tool to org.json.simple

git-svn-id: https://svn.apache.org/repos/asf/velocity/tools/trunk@1804318 13f79535-47bb-0310-9956-ffa450edef68",com.googlecode.json-simple:json-simple org.json:json,"
[tools] Switch JSON tool to org.json.simple",4,Serialization,,1,0.92,
apache/wicket,512d525c2d4eb6fc2c15bcf0c68cf29c641b8ddf,2006-12-29 07:27:12,org.slf4j:slf4j,commons-logging:commons-logging,"commons logging -> slf4j 1.1.0

git-svn-id: https://svn.apache.org/repos/asf/incubator/wicket/trunk@490933 13f79535-47bb-0310-9956-ffa450edef68",org.slf4j:slf4j commons-logging:commons-logging,"
commons logging  laifuhewb  slf4j 1.1.0",39,Logging,,1,0.95,
apache/wicket,9ab78a88d62cc68208c3f8a80fc065bc0fd4f66e,2014-09-10 08:08:44,org.apache.logging.log4j:log4j,org.slf4j:slf4j,WICKET-5695 Use Log4j 2.x for the archetype,org.apache.logging.log4j:log4j org.slf4j:slf4j,"
WICKET-5695 Use Log4j 2.x for the archetype",111,Logging,,1,0.85,
apache/zookeeper,83d79d16d683dbf07a8a1b52ed97558530f92f89,2020-10-08 18:03:51,com.fasterxml.jackson,com.googlecode.json-simple:json-simple,"ZOOKEEPER-3956: Remove json-simple from ZooKeeper

JSON-Simple was only used in SnapshotFormatter in one place and also in Contrib's LogGraph component.
It's development has discontinued since 2012, so it's time to remove it.
I have replaced it with Jackson2, which we use in ZooKeeper anyway.
Added some unit tests to LogGraph as it didn't have any.

Author: Tamas Penzes <tamaas@cloudera.com>

Reviewers: Enrico Olivelli <eolivelli@apache.org>, Norbert Kalmar <nkalmar@apache.org>

Closes #1484 from tamaashu/ZOOKEEPER-3956",com.fasterxml.jackson com.googlecode.json-simple:json-simple,"It's development has discontinued since 2012, so it's time to remove it.

I have replaced it with Jackson2, which we use in ZooKeeper anyway.ZOOKEEPER-3956: Remove json-simple from ZooKeeper
",7,Serialization,,1,0.97,Deprecation
apanimesh061/VaderSentimentJava,8f54353ccde737f970a7cb9b2bb0ec3ff6aa62c4,2018-02-06 12:45:41,org.slf4j:slf4j,log4j:log4j,"Changing dependency for lucene from provided to compile
   (thus transitive)
Changing dependency on log4j to dependency on slf4j
Adding bridge to log4j via slf4j
Marking parameters as final and converting collections to immutable references
   (Thus possibly futureproofing the code against unwanted mutations)",org.slf4j:slf4j log4j:log4j,"
(thus transitive)
Changing dependency on log4j to dependency on slf4j
Adding bridge to log4j via slf4j",73,Logging,,1,0.95,
api-ai/apiai-java-client,2494ee04826e09420b864697709caa0fb74dc2dd,2017-07-07 05:13:00,org.slf4j:slf4j,org.apache.logging.log4j:log4j,Switch from log4j to slf4j,org.slf4j:slf4j org.apache.logging.log4j:log4j,"
Switch from log4j to slf4j",13,Logging,,1,0.96,
Apicurio/apicurio-registry,c67bc0572e84a1f6ff0c902bc48a29ed9d056993,2020-05-09 14:53:07,org.apache.logging.log4j:log4j,org.slf4j:slf4j,"Upgrade to log4jv2 (#435)

* Upgrade to log4jv2

* typo fix for slf4j property name

Co-authored-by: Eric Wittmann <eric.wittmann@gmail.com>",org.apache.logging.log4j:log4j org.slf4j:slf4j,"
Upgrade to log4jv2 (#435)",100,Logging,,1,0.88,
AppFormer/uberfire,05c35249378869f556d6f24d06ec4a815b66167a,2012-11-20 15:08:25,ch.qos.logback:logback,org.slf4j:slf4j,"""Class path constains multiple SFL4J bindings"" problem in guvnor + Switch from slf4j-simple and slf4j-log4j to slf4j-logback (just like drools-core)",ch.qos.logback:logback org.slf4j:slf4j,"
""Class path constains multiple SFL4J bindings"" problem in guvnor + Switch from slf4j-simple and slf4j-log4j to slf4j-logback (just like drools-core)",13,Logging,,1,0.8,Integration
Appverse/appverse-web,09c2a941ea07117327bb64b7009fc88b1dfbeef8,2014-01-08 15:16:05,org.hibernate:hibernate,org.eclipse.persistence:eclipselink,"Added Hibernate versions in dependency management, added hibernate dependencies in Hibernate module and removed EclipseLink dependencies from Hibernate module",org.hibernate:hibernate org.eclipse.persistence:eclipselink,"Added Hibernate versions in dependency management, added hibernate dependencies in Hibernate module and removed EclipseLink dependencies from Hibernate moduleAdded Hibernate versions in dependency management, added hibernate dependencies in Hibernate module and removed EclipseLink dependencies from Hibernate module",5,Building&Database,,1,0.9,
Appverse/appverse-web,09c2a941ea07117327bb64b7009fc88b1dfbeef8,2014-01-08 15:16:05,org.hibernate:hibernate,org.eclipse.persistence:javax.persistence,"Added Hibernate versions in dependency management, added hibernate dependencies in Hibernate module and removed EclipseLink dependencies from Hibernate module",org.hibernate:hibernate org.eclipse.persistence:javax.persistence,"Added Hibernate versions in dependency management, added hibernate dependencies in Hibernate module and removed EclipseLink dependencies from Hibernate module",4,Building&Database,,1,0.9,
Appverse/appverse-web,c79924ab17a3d4b2b74719695e9548bc0ef485cc,2014-04-28 11:37:09,org.wildfly:wildfly,org.jboss.as:jboss-as-arquillian,Wildfly container instead JBoss,org.wildfly:wildfly org.jboss.as:jboss-as-arquillian,"
Wildfly container instead JBoss",8,Testing&Web Framework,,1,0.95,
apromore/ApromoreCode,15d1a896c7283db1b4debaf7c8b2a70108a5f897,2021-02-05 07:15:21,com.zaxxer:HikariCP,com.jolbox:bonecp,Added Hikari pooling and removed BonCp,com.zaxxer:HikariCP com.jolbox:bonecp,"
Added Hikari pooling and removed BonCp",6,HTTP Clients&Database,,1,0.95,
Arakne/Araknemu,5bbe3a607a6c76beab4267b3631daef73d52f186,2020-05-31 08:45:30,org.apache.logging.log4j:log4j,org.slf4j:slf4j,#86 Use Log4j instead of slf4j,org.apache.logging.log4j:log4j org.slf4j:slf4j,"
#86 Use Log4j instead of slf4j",4,Logging,,1,0.9,
arangodb/java-velocypack,b1aa68f54e6106f6a2f79c8e551be13076ddd21e,2018-06-08 15:03:49,com.fasterxml.jackson,com.googlecode.json-simple:json-simple,Replace dependency json-simple with jackson,com.fasterxml.jackson com.googlecode.json-simple:json-simple,"
Replace dependency json-simple with jackson",5,Serialization,,1,0.98,
argan/ibatis-sharding,01000b838559338201660ec5e53beb92d1d4fd44,2007-11-27 08:56:40,hsqldb:hsqldb,mysql:mysql-connector-java,"replace mysql with hsqldb in test case

git-svn-id: https://ibatis-sharding.googlecode.com/svn@12 9d485a18-da3e-0410-a38f-e3d2849d2ccb",hsqldb:hsqldb mysql:mysql-connector-java,"
replace mysql with hsqldb in test case",3,Database,,1,0.95,
armenak/DataDefender,1cbdf90b3e550586c7e4cc6e744a37d67b059bed,2020-03-14 22:34:54,org.apache.logging.log4j:log4j,org.slf4j:slf4j,Switch to log4j2,org.apache.logging.log4j:log4j org.slf4j:slf4j,"
Switch to log4j2",100,Logging,,1,0.9,
ARMmbed/java-coap,d5a0cb97677cde5fe9b0eed83bbc8920afd7d297,2016-11-21 08:43:33,org.slf4j:slf4j,org.slf4j:jul-to-slf4j,ONSP-1602 coap-core - replaced java logger with slf4j,org.slf4j:slf4j org.slf4j:jul-to-slf4j,"ONSP-1602 coap-core - replaced java logger with slf4j
",4,Logging,,1,0.85,
arouel/uadetector,d2c753e8889ab5517b137482f24e5d33951afc3f,2012-11-23 22:02:06,ch.qos.logback:logback,log4j:log4j,Changed logging implementation from 'slf4j-log4j12' to 'logback-classic',ch.qos.logback:logback log4j:log4j,"
Changed logging implementation from 'slf4j-log4j12' to 'logback-classic'",58,Logging,,1,0.75,
arouel/uadetector,d2c753e8889ab5517b137482f24e5d33951afc3f,2012-11-23 22:02:06,ch.qos.logback:logback,org.slf4j:slf4j,Changed logging implementation from 'slf4j-log4j12' to 'logback-classic',ch.qos.logback:logback org.slf4j:slf4j,"
Changed logging implementation from 'slf4j-log4j12' to 'logback-classic'",67,Logging,,1,0.75,
arquillian/arquillian-extension-persistence,3ffee361fd34c97aebcae8f4efe74a72540afd27,2015-02-08 19:37:20,org.assertj:assertj-core,org.easytesting:fest-assert,Migrated from Fest Assert to AssertJ. Optimized imports.,org.assertj:assertj-core org.easytesting:fest-assert,"Migrated from Fest Assert to AssertJ.
Optimized imports.
",49,Testing,,1,0.98,
a-schild/jave2,cf15dfc44e891d56f79466e95d3f4fa147fe412f,2019-07-16 15:28:32,org.slf4j:slf4j,commons-logging:commons-logging,Switched logging api from commons-logging to slf4j v1.7,org.slf4j:slf4j commons-logging:commons-logging,"
Switched logging api from commons-logging to slf4j v1.7",39,Logging,,1,0.95,
ashleyj/aura,0e0e589223200b6a1b0fc70f54c1764787efc8b7,2014-05-22 07:41:31,com.googlecode.json-simple:json-simple,org.json:json,Replaced the org.json JSON lib with JSON.simple since the license of org.json isn't GPL compatible. JSON.simple is ASL 2.0 and GPL compatible.,com.googlecode.json-simple:json-simple org.json:json,"
Replaced the org.json JSON lib with JSON.simple since the license of org.json isn't GPL compatible.
JSON.simple is ASL 2.0 and GPL compatible.",4,Serialization,,1,0.95,License
Asqatasun/Asqatasun,cfeedc564e1336ba23ada7d5bccfdbdd507845c2,2020-03-18 22:10:12,ch.qos.logback:logback,log4j:log4j,:loud_sound: :wrench: :recycle: :arrow_up: change from log4j to logback. Adapt the way Testcase are launched,ch.qos.logback:logback log4j:log4j,"
:loud_sound: :wrench: :recycle: :arrow_up: change from log4j to logback.
Adapt the way Testcase are launched",58,Logging,,1,0.95,
Asqatasun/Asqatasun,cfeedc564e1336ba23ada7d5bccfdbdd507845c2,2020-03-18 22:10:12,ch.qos.logback:logback,org.slf4j:slf4j,:loud_sound: :wrench: :recycle: :arrow_up: change from log4j to logback. Adapt the way Testcase are launched,ch.qos.logback:logback org.slf4j:slf4j,"
:loud_sound: :wrench: :recycle: :arrow_up: change from log4j to logback.
Adapt the way Testcase are launched",67,Logging,,1,0.95,
Asqatasun/Contrast-Finder,a6e6461113057fba6b3abb620a57be389af1ca06,2017-03-16 01:29:36,ch.qos.logback:logback,log4j:log4j,Changed LOG dependency (logback + slf4j instead of log4j),ch.qos.logback:logback log4j:log4j,"
Changed LOG dependency (logback + slf4j instead of log4j)",58,Logging,,1,0.9,
assertj/assertj-core,d77e0d70ee8618330cb9dd96ea574ab1d882890f,2018-01-21 07:57:13,net.bytebuddy:byte-buddy,cglib:cglib,Use byte buddy instead of cglib,net.bytebuddy:byte-buddy cglib:cglib,"
Use byte buddy instead of cglib",4,Building,,1,0.97,
assertj/assertj-db,a0ef765a8aedfe62c2d8b26bfc776eaca2f64612,2020-06-08 20:56:08,net.bytebuddy:byte-buddy,cglib:cglib,Migrate from cglib to bytebuddy,net.bytebuddy:byte-buddy cglib:cglib,"
Migrate from cglib to bytebuddy",4,Building,,1,0.97,
assertj/assertj-examples,000d1a6b82725ded203f4f7c969ec57f8df7381b,2013-03-17 22:56:53,org.assertj:assertj-core,org.easytesting:fest-assert,Use AssertJ instead of FEST (unless for guava and joda time assertions),org.assertj:assertj-core org.easytesting:fest-assert,"
Use AssertJ instead of FEST (unless for guava and joda time assertions)",34,Testing,,1,0.95,
astefanutti/camel-cdi,e26e17d824c9d003a42e5b8f3b5695356f065577,2015-10-30 19:08:11,org.apache.logging.log4j:log4j,org.slf4j:slf4j,Use Log4j 2 as test logging backend,org.apache.logging.log4j:log4j org.slf4j:slf4j,"
Use Log4j 2 as test logging backend",111,Logging,,1,0.9,
astefanutti/further-cdi,352d30153d6e276892eb52d9a061ac841d7fb16a,2015-12-21 17:06:34,org.apache.logging.log4j:log4j,org.slf4j:slf4j,Use Log4j 2 as logging backend,org.apache.logging.log4j:log4j org.slf4j:slf4j,"
Use Log4j 2 as logging backend",111,Logging,,1,0.9,
atlanmod/NeoEMF,d617407627abd3fc8518e2823f68653b14cef039,2016-07-10 10:56:53,org.assertj:assertj-core,org.hamcrest:hamcrest,replace Hamcrest assertions by AssertJ assertions,org.assertj:assertj-core org.hamcrest:hamcrest,"
replace Hamcrest assertions by AssertJ assertions",5,Testing,,1,0.95,
atlasapi/atlas,eac6b7ceb3e4a050557858a1457a2065b4dafd72,2012-04-24 16:05:22,ch.qos.logback:logback,log4j:log4j,Switched back to logback for nimrod logs.,ch.qos.logback:logback log4j:log4j,"
Switched back to logback for nimrod logs.",58,Logging,,1,0.95,
atomix/atomix,3e92f8253da0e74291d0a90f6f740986df2e9869,2014-10-10 01:44:36,org.testng:testng,junit:junit,"Added concurrentunit to perform assertions from callback threads.
Broke test structure into separate unit and functional groups.
Moved memory mapped log file output to target/logs so it gets cleaned by builds.
Switched to TestNG",org.testng:testng junit:junit,"Added concurrentunit to perform assertions from callback threads.

Broke test structure into separate unit and functional groups.",23,Testing,,1,0.98,
AvanzaBank/astrix,e68181771555b5d1e408d8c8aa61c339b12cf3e8,2021-03-11 12:34:41,org.apache.logging.log4j:log4j,org.slf4j:slf4j,"TP-591: Prepare for new major version (#98)

* TP-591: Updated version to 1.0.0-SNAPSHOT

* TP-591: Updated to log4j2 and replaced log4j.properties with log4j2.xml

* TP-591: Added 'Previous versions' section in README.md

* TP-591: Updated CHANGELOG.md with updates since 0.43.7

* TP-591: Updated to new GigaSpaces Maven repository URL

* TP-591: Updated to HTTPS for Apache license

* TP-591: Updated legacybranch to v0.45.x

* TP-591: Updated URLs in README.md to use HTTPS

* TP-591: Updated groupId and version for gs-test to new major release",org.apache.logging.log4j:log4j org.slf4j:slf4j,"
* TP-591: Updated to log4j2 and replaced log4j.properties with log4j2.xml",111,Logging,,1,0.8,
aws/aws-dynamodb-encryption-java,64183e9edadee5c75da7780f934cf76e21c92393,2019-01-07 23:52:19,org.testng:testng,junit:junit,"Migrate from JUnit to TestNG

Migrate the unit tests to use TestNG from JUnit for easier data providers,
assertions, and setup methods.",org.testng:testng junit:junit,"
Migrate from JUnit to TestNG",23,Testing,,1,0.99,Usability
aws-cloudformation/cloudformation-cli-java-plugin,ee5725f49109fea5a4e1a0296465b3a1d6aee0c2,2019-01-22 18:11:08,org.json:json,com.google.code.gson:gson,"Codegen and wrapper updates (#19)

Broad refactoring and updates to LambdaWrapper

* Adding Lombok and refactoring property bags
* Added identifier generation shared code
* removed unnecessary (and invalid) use of @JsonProperty on @Data annotated classes
* Refactored out gson for org.json
* Refactored schema validation logic out to new package (aws-cloudformation-resource-schema)
* Finalised Request/Response interface per CloudFormation models
* Integrated CloudFormation callback to respond for asynchronous handler completion using temporary patched SDK
* refactored com.aws.rpdk namespace to com.aws.cfn.proxy
* updated tests for LambdaWrapper (more to do but we can iterate as we build this out)
* improved Metrics class to report resource type and errors
* Removed Failure mode concept and logging; per discussion, FailureMode is a confusing and prone-to-error concept. We have cleaner mechanisms with READ handlers and model handling in CloudFormation.
* Bumped AWS SDK versions due to incompatability
* Refactored Scheduler and added tests
* Also, logging of resource properties should be considered a security concern (information leak) so I stopped doing that.",org.json:json com.google.code.gson:gson,"We have cleaner mechanisms with READ handlers and model handling in CloudFormation.

* Bumped AWS SDK versions due to incompatabilityCodegen and wrapper updates (#19)
",8,Serialization,,1,0.95,
aws-greengrass/aws-greengrass-nucleus,6476cad0005cc33b6a479a380891c9276ec453a8,2020-12-14 05:09:48,com.github.spotbugs:spotbugs,com.google.code.findbugs,"Switch Findbugs for Spotbugs (#146)

* Switch Findbugs for Spotbugs

* Decrease flaky workflow to 8 iterations so it takes less than 60 minutes",com.github.spotbugs:spotbugs com.google.code.findbugs,"
Switch Findbugs for Spotbugs (#146)",21,Utility,,1,0.9,
awslabs/djl,8411c66503cd5f4731b4e68329e54d08ae0a8a12,2019-10-30 17:55:54,org.apache.logging.log4j:log4j,org.slf4j:slf4j,"Replace slf4j-simple with formal log4j2.

Change-Id: Ic17d4f612feba18a6000e3a55e78e915d940c1d3",org.apache.logging.log4j:log4j org.slf4j:slf4j,"
Replace slf4j-simple with formal log4j2.",9,Logging,,1,0.9,
AxonFramework/AxonFramework,1eff072350aaea77c9848d903a320533f05e8d97,2013-12-13 15:05:16,javax.cache:cache-api,net.sf.ehcache:ehcache,"Changed Cache API to javax.cache.Cache

The jsr107 API has been moved to javax.cache. Currently, Axon supports the 0.5
version of the specification, which has been implemented by the (at this
moment) latest EhCache-JCache implementation (being 1.5.0-0.5).

Future releases of Axon will upgrade the API when an implementation for that
API version is available.

A warning/explanation has been put in the reference guide.

Issue #AXON-81 Fixed
Issue #AXON-81 Documented",javax.cache:cache-api net.sf.ehcache:ehcache,"
Changed Cache API to javax.cache.
Cache",5,Database&Building,,1,0.9,Integration
Azure/azure-functions-java-worker,b0547bd3d5a1f3476b3959581607a8b4da1b0b89,2017-10-17 01:51:02,com.fasterxml.jackson,com.google.code.gson:gson,"Using Apache common library and Jackson JSON library (#17)

* Upgrade all libraries to the latest ones.

* Using the new Apache library to do some util job.

* Using jackson json utility instead of Gson.

* Add relaxed JSON converter (private field and constructor)",com.fasterxml.jackson com.google.code.gson:gson,"
* Using jackson json utility instead of Gson.",6,Serialization,,1,0.97,
ballerina-lang/ballerina,c29e70ea070144d49dcc488b3e29c9d3c0530421,2017-02-09 11:44:44,com.fasterxml.jackson,com.google.code.gson:gson,Removing gson and adding Jackson for Json processing,com.fasterxml.jackson com.google.code.gson:gson,"
Removing gson and adding Jackson for Json processing",34,Serialization,,1,0.98,
BanManagement/BanManager,4911310ad1114ae4fdfd6c9dabb75c16971b5a5b,2015-12-19 18:55:46,com.zaxxer:HikariCP,com.jolbox:bonecp,"Use HikariCP instead of BoneCP

#447",com.zaxxer:HikariCP com.jolbox:bonecp,"
Use HikariCP instead of BoneCP",6,HTTP Clients&Database,,1,0.98,
Baralga/baralga,a2a2f031ce2b6bcfe2d5416fed69bb3e0212df85,2011-12-28 18:50:26,org.apache.poi:poi,net.sourceforge.jexcelapi:jxl,Switched to new Excel format using apache poi.,org.apache.poi:poi net.sourceforge.jexcelapi:jxl,"
Switched to new Excel format using apache poi.",6,Utility,,1,0.97,Functionality
barancev/webdriver-extensions,e8c66b5f64aaedce5ae40850c0c3c4778d328108,2014-01-13 21:58:50,junit:junit,org.testng:testng,TestNG -> JUnit,junit:junit org.testng:testng,"
TestNG  laifuhewb  JUnit",47,Testing,,1,0.98,
baremaps/baremaps,8400de940b1d33550458ea28a8dadf3cf941cb96,2020-03-09 17:06:48,org.apache.logging.log4j:log4j,ch.qos.logback:logback,"Switch from Logback to Log4j2

This change is motivated by the fact that
Picocli is introducing Log4j2 examples in its codebase.",org.apache.logging.log4j:log4j ch.qos.logback:logback,"
Switch from Logback to Log4j2",6,Logging,,1,0.98,Organization
baremaps/baremaps,a0c6ea8457d41c50f7de2bfa25f89ddfeb2a1ac5,2020-05-19 21:41:01,com.fasterxml.jackson,com.google.code.gson:gson,"Replaced SnakeYaml and Gson by Jackson

This is motivated by the fact that Jackson is used by Armeria.
Armeria will eventually be used to create web services.",com.fasterxml.jackson com.google.code.gson:gson,"
Replaced SnakeYaml and Gson by Jackson",34,Serialization,,1,0.97,Integration
baremaps/baremaps,a0c6ea8457d41c50f7de2bfa25f89ddfeb2a1ac5,2020-05-19 21:41:01,com.fasterxml.jackson,org.yaml:snakeyaml,"Replaced SnakeYaml and Gson by Jackson

This is motivated by the fact that Jackson is used by Armeria.
Armeria will eventually be used to create web services.",com.fasterxml.jackson org.yaml:snakeyaml,"
Replaced SnakeYaml and Gson by Jackson",3,Serialization,,1,0.97,Integration
BatchIQ/nifi-scripting-samples,3fa29e253a84de9b473e578ed3e1d30682410c0d,2018-12-23 18:13:48,com.google.code.gson:gson,com.fasterxml.jackson,Switching to Gson from Jackson for JSON conversion,com.google.code.gson:gson com.fasterxml.jackson,"
Switching to Gson from Jackson for JSON conversion",11,Serialization,,1,0.98,
bbottema/simple-java-mail,5f58289cac255c498027e4b9723b66ac82b14728,2016-06-12 18:25:57,org.apache.logging.log4j:log4j,org.slf4j:slf4j,switched to Log4j2,org.apache.logging.log4j:log4j org.slf4j:slf4j,"
switched to Log4j2",111,Logging,,1,0.9,
ben93riggs/runelite,69c3341467b0e0ba1acd56deb74bbae9ab0d262b,2019-03-24 15:44:54,org.mariadb.jdbc:mariadb-java-client,mysql:mysql-connector-java,http-service: update mysql driver to mariadb 2.2.3,org.mariadb.jdbc:mariadb-java-client mysql:mysql-connector-java,"
http-service: update mysql driver to mariadb 2.2.3",16,Database,,1,0.95,
benas/random-beans,206edc1eb7e8db2d50894c302f30405a7c0ead70,2016-03-30 18:55:46,io.github.lukehutch:fast-classpath-scanner,org.reflections:reflections,"replace org.reflections with io.github.lukehutch.fast-classpath-scanner

fast-classpath-scanner has no dependencies and seems to be better maintained",io.github.lukehutch:fast-classpath-scanner org.reflections:reflections,"
replace org.reflections with io.github.lukehutch.fast-classpath-scanner",3,Utility,,1,0.98,Activity
Bernardo-MG/spring-ws-security-soap-example,b520263e535f0eef5ad126335a81481b9184c17a,2017-10-13 14:56:14,junit:junit,org.testng:testng,Using JUnit 4 for the tests,junit:junit org.testng:testng,"
Using JUnit 4 for the tests",47,Testing,,1,0.96,
bguerout/jongo,d56c83bc38563155c23aa0e3e5060a9738e87bd4,2013-11-06 10:49:46,org.assertj:assertj-core,org.easytesting:fest-assert,"replace fest-assert by assertj, refs #151",org.assertj:assertj-core org.easytesting:fest-assert,"
replace fest-assert by assertj, refs #151",49,Testing,,1,0.98,
bingoohuang/westcache,f97a3caa82d2c48f88e80efb05537959278fdf59,2017-01-10 12:46:55,com.h2database:h2,mysql:mysql-connector-java,replace mysql with h2 to run unit,com.h2database:h2 mysql:mysql-connector-java,"
replace mysql with h2 to run unit",7,Database,,1,0.97,Usability
bluedenim/log4j-s3-search,c1e4fdeecd9cefe741ca09dd1e22c1760b9ba123,2021-03-01 00:38:56,org.elasticsearch.client:elasticsearch-rest,org.elasticsearch.client:transport,"Java and deps refresh and path style access (#95)

* Add support to set the pathStyleAccess option on the S3 client
Changed param to s3PathStyleAccess; fixed bug w/ appender-log4j's handling of s3PathStyleAccess; some version bumps of plugins

* Update version of dependencies and plugins (w/o elasticsearch)

* Github action to use JDK 11.0.10

* Migrating elasticsearch code to use their high level REST client",org.elasticsearch.client:elasticsearch-rest org.elasticsearch.client:transport,"
* Update version of dependencies and plugins (w/o elasticsearch)
* Migrating elasticsearch code to use their high level REST client",10,Database,,1,0.92,
BoD/android-contentprovider-generator,5b27c17225c9e34c40138146a765dc61ee267ffe,2017-02-04 15:08:01,com.google.code.gson:gson,org.json:json,"- Multiple module maven project.
- Use gson to read input files.",com.google.code.gson:gson org.json:json,"- Multiple module maven project.

- Use gson to read input files.",20,Serialization,,1,0.5,
BoD/android-contentprovider-generator,7dce7b03ef1038146112bfb95da1270fe07bff89,2017-02-04 15:43:59,com.fasterxml.jackson,com.google.code.gson:gson,"Use Jackson instead of Gson, because of this issue: https://github.com/google/gson/issues/494.",com.fasterxml.jackson com.google.code.gson:gson,"
Use Jackson instead of Gson, because of this issue: https://github.com/google/gson/issues/494.",34,Serialization,,1,0.98,BugIssue
bolerio/mjson,a8c26d1c2e34b3b9c3f09193506f0a987d48be14,2016-06-04 04:58:23,junit:junit,org.testng:testng,move from TestNG to jUnit,junit:junit org.testng:testng,"
move from TestNG to jUnit",47,Testing,,1,0.98,
boncey/Flickr4Java,f5783d7dd41a067ecc0e7a8e79fa31ef96c240e8,2018-07-05 20:47:05,org.slf4j:slf4j,log4j:log4j,"Move from Log4J to SLF4J

Log4J has a vulnerability (CVE-2017-5645) and no longer seems to be
maintained.",org.slf4j:slf4j log4j:log4j,"
Move from Log4J to SLF4J",73,Logging,,1,0.98,Security
bonitasoft/bonita-engine,c6d875bc2029c25c29fa469b1672ddc0035ddad2,2014-03-04 09:32:49,com.h2database:h2,org.hsqldb:hsqldb,"BS-6712, using H2 instead of HSQLDB",com.h2database:h2 org.hsqldb:hsqldb,"
BS-6712, using H2 instead of HSQLDB",14,Database,,1,0.97,
bonitasoft/bonita-engine,405f87537e52982c53f44c5bcbde3fedce718eac,2014-03-05 16:27:11,org.assertj:assertj-core,org.easytesting:fest-assert,replace fest-assert by assertJ,org.assertj:assertj-core org.easytesting:fest-assert,"
replace fest-assert by assertJ",49,Testing,,1,0.98,
bonitasoft/bonita-engine,b7e6416089c9d7d0d65f32df1ebc8f13ec7f9dcb,2017-03-21 15:46:23,com.zaxxer:HikariCP,com.jolbox:bonecp,"tr(test-api): replace bonecp by hikari (#513)

bonecp is deprecated and do not work for our test on other database than
postgres

Closes [BS-16348](https://bonitasoft.atlassian.net/browse/BS-16348)",com.zaxxer:HikariCP com.jolbox:bonecp,"
tr(test-api): replace bonecp by hikari (#513)",6,HTTP Clients&Database,,1,0.98,Deprecation
borisdiakur/marked,23bed7a6ed300e2d004f60d687b5d4855806e916,2017-04-05 21:25:59,com.vladsch.flexmark:flexmark-all,org.pegdown:pegdown,supporting Confluence 6.1.1; replaced pegdown parser with flexmark-java parser,com.vladsch.flexmark:flexmark-all org.pegdown:pegdown,"
supporting Confluence 6.1.1; replaced pegdown parser with flexmark-java parser",4,Building,,1,0.98,Integration
brianfrankcooper/YCSB,98712967173e6c817268bd996a27200181a3199a,2016-07-12 13:59:16,junit:junit,org.testng:testng,"[elasticsearch] switch test runner to JUnit

This commit switches the Elasticsearch test runner from TestNG to JUnit.",junit:junit org.testng:testng,"
[elasticsearch] switch test runner to JUnit",47,Testing,,1,0.98,
britt/hivedb,af5499daec998cd4ae622a1783b4bf1f08c6d225,2008-08-29 01:13:15,junit:junit,org.testng:testng,Converted tests to JUnit.  Need to integrate Marco's changes to ReflectionTools.,junit:junit org.testng:testng,"
Converted tests to JUnit.
Need to integrate Marco's changes to ReflectionTools.",47,Testing,,1,0.96,
BroadleafCommerce/BroadleafCommerce,2bd98b3d8a547f4d76d13b49afae40230db5e863,2014-05-30 16:06:51,com.fasterxml.jackson,com.sun.jersey:jersey,"#930 - Allow Jackson to work with JAXB annotations
- Remove Jersey JSON support as all JSON serialization/deserialization will be handled by Jackson
- Provide a customized Jackson ObjectMapper that works with Jaxb and appropriate array serialization
- Allow applicationContext-level REST wrapper overrides when mapping to/from JSON
- Refactor REST components to be automatically component-scanned",com.fasterxml.jackson com.sun.jersey:jersey,"#930 - Allow Jackson to work with JAXB annotations
- Remove Jersey JSON support as all JSON serialization/deserialization will be handled by Jackson#930 - Allow Jackson to work with JAXB annotations
- Remove Jersey JSON support as all JSON serialization/deserialization will be handled by Jackson#930 - Allow Jackson to work with JAXB annotations
- Remove Jersey JSON support as all JSON serialization/deserialization will be handled by Jackson",4,Web Framework&Serialization,,1,0.78,Functionality
BroadleafCommerce/BroadleafCommerce,b50e90e07e155e3cf9ef8dc61fdffd669b9589be,2017-08-17 21:33:04,org.apache.logging.log4j:log4j,org.slf4j:slf4j,"Upgraded Log4J dependency and references to Log4J2 and made the dependency optional (#1638)

* Upgraded dependency on log4j to log4j2.

* Deprecated `RuntimeLog4jCofigurer` since log4j is not the default logger and this class was intended for internal use.

* Update javadoc to use logback as the example of a rolling daily log instead of log4j

* Make the log4j2 dependency optional and leave log4j in the PomEvaluator.
Added license to CheckoutPaymentInfoFormValidator

* Switched from Log4J to JUL so as to be able to remove `log4j.properties` from project. Also, had to exclude Log4j from ESAPI dependency because HSQLDB will auto-configure itself to use Log4j if found on the classpath.

* Instead of forcing an upgrade to log4j2, deprecate log4j 1 classes and create log4j 2 versions",org.apache.logging.log4j:log4j org.slf4j:slf4j,"
Upgraded Log4J dependency and references to Log4J2 and made the dependency optional (#1638)",69,Logging,,1,0.5,
BroadleafCommerce/BroadleafCommerce,90d58ff1f5407ff9cadd19644d48b6cb1f10f89a,2018-04-18 22:02:18,org.apache.tika:tika,eu.medsea.mimeutil:mime-util,MimeUtil is no longer supported and incorrectly detects MP4 files as application/octet-stream.  Updating to use Apache Tika to detect mime types.  Addresses https://github.com/BroadleafCommerce/QA/issues/3290,org.apache.tika:tika eu.medsea.mimeutil:mime-util,"
MimeUtil is no longer supported and incorrectly detects MP4 files as application/octet-stream.
Updating to use Apache Tika to detect mime types.
Addresses https://github.com/BroadleafCommerce/QA/issues/3290",3,Utility,,1,0.97,Deprecation
BrynCooke/cdi-unit,21ce968ef0e2c5bb74ddd2f2d3cddcbf7dcb9bf1,2018-06-24 12:42:10,io.github.lukehutch:fast-classpath-scanner,org.reflections:reflections,"Use FastClasspathScanner and Java 7/8 features

Use FastClasspathScanner instead of Reflections library and Java
reflection for classpath discovery.
Refactor to use try-with-resources and streams
Eliminate Guava dependency.",io.github.lukehutch:fast-classpath-scanner org.reflections:reflections,"
Use FastClasspathScanner instead of Reflections library and Java
reflection for classpath discovery.",3,Utility,,1,0.98,Simplification
BtoBastian/Javacord,2a9e55fa56ab07fd7e5f3e34e519d23189c818cf,2017-12-19 18:43:44,com.fasterxml.jackson,org.json:json,Replaced Unirest and org.json with okHttp and Jackson,com.fasterxml.jackson org.json:json,"
Replaced Unirest and org.json with okHttp and Jackson",6,Serialization,,1,0.95,
btrplace/scheduler,be0e9c12a414f10eddf0ceb32d56faf3fc57dba9,2013-02-08 10:19:41,net.minidev:json-smart,com.googlecode.json-simple:json-simple,"JSONConvertException to report parsing problem.

Switch from json-simpe to json-smart.",net.minidev:json-smart com.googlecode.json-simple:json-simple,"
Switch from json-simpe to json-smart.",3,Serialization,,1,0.99,
buddycloud/buddycloud-media-server,47e8d7ec285f8b413c37bac6ba48e72716fc92f6,2012-09-04 04:35:01,ch.qos.logback:logback,log4j:log4j,dependencies clean up and use of logback as log framework,ch.qos.logback:logback log4j:log4j,"
dependencies clean up and use of logback as log framework",58,Logging,,1,0.93,
buddycloud/buddycloud-media-server,cdc7ffe04c28c69c692ef2830fa5d444e707c733,2014-01-09 19:47:38,net.coobird:thumbnailator,org.imgscalr:imgscalr-lib,Using Thumbnailator as image resize lib and fixing issue #21,net.coobird:thumbnailator org.imgscalr:imgscalr-lib,"
Using Thumbnailator as image resize lib and fixing issue #21",3,Utility,,1,0.96,
bulldog2011/bigqueue,dd0d92e0c2ea4c9eb4bb276fde2b30c6fd86d046,2014-09-19 11:00:22,org.slf4j:slf4j,log4j:log4j,replace log4j with slf4j adaptor,org.slf4j:slf4j log4j:log4j,"
replace log4j with slf4j adaptor",73,Logging,,1,0.85,
bullhorn/dataloader,a48022c2fbd4a226ea992255da2477d66f00874e,2016-06-21 18:55:32,org.apache.logging.log4j:log4j,commons-logging:commons-logging,Refactor to replace org.apache.commons.logging with org.apache.logging.log4j,org.apache.logging.log4j:log4j commons-logging:commons-logging,"
Refactor to replace org.apache.commons.logging with org.apache.logging.log4j",7,Logging,,1,0.98,
c4fcm/CLIFF,a46657628407a27dc67d83923e7c7bc0a990e4d2,2013-07-17 18:23:40,com.google.code.gson:gson,com.googlecode.json-simple:json-simple,"change from simplejson to gjson (so we are consistent with CLAVIN code), better error handling, more constants",com.google.code.gson:gson com.googlecode.json-simple:json-simple,"
change from simplejson to gjson (so we are consistent with CLAVIN code), better error handling, more constants",11,Serialization,,1,0.95,Organization
Cadiducho/Minegram,1dee616a4077cd95349b8c42c085ae2935a4821e,2016-02-20 20:46:43,com.google.code.gson:gson,com.fasterxml.jackson,"Changed Jackson to Gson (fixes #1)
- Removed old code
- Loving more Google",com.google.code.gson:gson com.fasterxml.jackson,"
Changed Jackson to Gson (fixes #1)
- Removed old code",11,Serialization,,1,0.97,
caldav4j/caldav4j,a83538f2f794954a98f5946a8521f1dfe3291d19,2016-07-14 09:55:06,org.slf4j:jcl-over-slf4j,commons-logging:commons-logging,"Updates to loggers and pom.xml

 * Migrated all loggers from commons-logging api to sl4j-api.
 * Reduced dependencies to only necessary ones.",org.slf4j:jcl-over-slf4j commons-logging:commons-logging,"
* Migrated all loggers from commons-logging api to sl4j-api.",22,Logging,,1,0.96,Simplification
caldav4j/caldav4j,a83538f2f794954a98f5946a8521f1dfe3291d19,2016-07-14 09:55:06,org.slf4j:jcl-over-slf4j,commons-lang:commons-lang,"Updates to loggers and pom.xml

 * Migrated all loggers from commons-logging api to sl4j-api.
 * Reduced dependencies to only necessary ones.",org.slf4j:jcl-over-slf4j commons-lang:commons-lang,"
* Migrated all loggers from commons-logging api to sl4j-api.",3,Logging,,1,0.96,Simplification
CamelCookbook/camel-cookbook-examples,6223b2f4fa181df43059cc08a1a0e2568ceea86f,2017-02-19 21:00:48,org.apache.logging.log4j:log4j,org.slf4j:slf4j,Upgrade logging to Log4j 2,org.apache.logging.log4j:log4j org.slf4j:slf4j,"
Upgrade logging to Log4j 2",111,Logging,,1,0.5,
camel-extra/camel-extra,e87c1b877da817de0fe8c6e341f42b0c70cf061b,2011-02-03 19:00:27,org.slf4j:slf4j,commons-logging:commons-logging,"* migrated from commons-logging to SLF4J
* changed version to 2.7-SNAPSHOT

git-svn-id: http://svn.codespot.com/a/apache-extras.org/camel-extra/trunk@629 da7677d9-e527-8880-3e75-8a0c88491609",org.slf4j:slf4j commons-logging:commons-logging,"
* migrated from commons-logging to SLF4J
* changed version to 2.7-SNAPSHOT",6,Logging,,1,0.98,
camunda/camunda-bpm-assert,ae39870c9d3d08fad7529b25d5b1b82fd1a6a23b,2014-01-21 10:29:39,org.assertj:assertj-core,org.easytesting:fest-assert,Switched from fest-assert 2.0M9 to assertJ 1.5.0. Tests running.,org.assertj:assertj-core org.easytesting:fest-assert,"
Switched from fest-assert 2.0M9 to assertJ 1.5.0.
Tests running.",34,Testing,,1,0.92,
camunda/camunda-bpmn-model,d9bd6436dbce955a20a23b08ac69abcfdf8f59e7,2014-01-24 08:55:39,org.assertj:assertj-core,org.easytesting:fest-assert,chore(testing): migrate from FEST assertions to AssertJ,org.assertj:assertj-core org.easytesting:fest-assert,"
chore(testing): migrate from FEST assertions to AssertJ",49,Testing,,1,0.96,
camunda/camunda-bpm-platform,51118068832b6c534681e4ac502b90d46196a962,2012-10-29 12:34:25,org.easytesting:fest-assert,org.hamcrest:hamcrest,Replace hamcrest with fest.assert for tests,org.easytesting:fest-assert org.hamcrest:hamcrest,"
Replace hamcrest with fest.assert for tests",4,Testing,,1,0.95,
camunda/camunda-bpm-platform,2d1830587dd1c65570fe2f93aa8035c9a4c33a41,2014-01-24 08:55:39,org.assertj:assertj-core,org.easytesting:fest-assert,chore(testing): migrate from FEST assertions to AssertJ,org.assertj:assertj-core org.easytesting:fest-assert,"
chore(testing): migrate from FEST assertions to AssertJ",49,Testing,,1,0.96,
camunda/camunda-bpm-platform,64f03758465bbb2d561f70bb503add42d55f8ad7,2020-07-14 13:11:00,ch.qos.logback:logback,org.apache.logging.log4j:log4j,"chore(engine-dmn): replace log4j with logback

- we already use logback as our slf4j implementation in other modules
  (e.g. engine)
- that way, we only maintain a single logging dependency

related to CAM-12120",ch.qos.logback:logback org.apache.logging.log4j:log4j,"
- we already use logback as our slf4j implementation in other modules
(e.g.
chore(engine-dmn): replace log4j with logback",11,Logging,,1,0.99,Simplification
camunda/camunda-bpm-platform,08c79ae991678229abc54749d6c63ccd5a0df74f,2021-07-07 09:48:47,com.zaxxer:HikariCP,commons-dbcp:commons-dbcp,"chore(*): remove commons-dbcp

* removes commons-dbcp from engine-spring tests
* replaces commons-dbcp with Hikari in standalone webapps

related to CAM-13519",com.zaxxer:HikariCP commons-dbcp:commons-dbcp,"
* removes commons-dbcp from engine-spring tests
* replaces commons-dbcp with Hikari in standalone webapps",5,Database,,1,0.97,
camunda-zeebe/zeebe,bccdaa067106235fb89f07f92148f004232989fa,2017-09-07 08:16:00,com.fasterxml.jackson,org.yaml:snakeyaml,chore(yaml): use Jackson to parse XAML file,com.fasterxml.jackson org.yaml:snakeyaml,chore(yaml): use Jackson to parse XAML file,3,Serialization,,1,0.85,
camunda-zeebe/zeebe,1c23245e8bad48968001116cc2c484bcf86fe9f6,2020-03-18 10:40:56,com.fasterxml.jackson,com.google.code.gson:gson,"chore(broker): Replace GSON with Jackson in BrokerCfg and GatewayCfg

Background:
The configuration objects are serialized to JSON and written to the log during startup.
Currently the behavior uses GSON. This is one of the few places where GSON is used.
In all other places we use Jackson. There is nothing special about using GSON here,
so it can and should be replaced with Jackson.

Scope
- Replace GSON with Jackson in BrokerCfg and GatewayCfg
- Factory method for JSON object writers with custom serializers for Duration (and other Java time objects)
  and DataSize objects

Out of Scope

Dependency to GSON in ExporterConfiguration - the class had a low test coverage and comparing
the default output of GSON vs. Jackson revealed that they are not identical, so changing the
serializer/deserializer here could alter behavior.",com.fasterxml.jackson com.google.code.gson:gson,"
chore(broker): Replace GSON with Jackson in BrokerCfg and GatewayCfg",13,Serialization,,1,0.99,Simplification
candlepin/candlepin,3aeda05d507f13b08163d0f228d17009bbbb0ad8,2019-01-03 16:39:05,org.mariadb.jdbc:mariadb-java-client,mysql:mysql-connector-java,Use MariaDB JDBC connector.,org.mariadb.jdbc:mariadb-java-client mysql:mysql-connector-java,"
Use MariaDB JDBC connector.",16,Database,,1,0.92,
cantaloupe-project/cantaloupe,d9472efb08a340d5d1ff230f7dd414c85ab230cf,2017-01-21 18:11:21,org.apache.tika:tika,eu.medsea.mimeutil:mime-util,Replace mimeutil with Tika,org.apache.tika:tika eu.medsea.mimeutil:mime-util,"
Replace mimeutil with Tika",3,Utility,,1,0.99,
Cantara/Java-Auto-Update,720802b76973d90882a59f047d22acda396ab8af,2015-10-28 09:48:33,org.slf4j:jcl-over-slf4j,commons-logging:commons-logging,Changed commons-logging to instead use jcl-over-slf4j from org.slf4j.,org.slf4j:jcl-over-slf4j commons-logging:commons-logging,"Changed commons-logging to instead use jcl-over-slf4j from org.slf4j.
",22,Logging,,1,0.98,
casidiablo/github-jobs,af33dedf643f7f5f96f1eca7d5feeec76ef9370e,2013-03-20 07:21:24,com.fasterxml.jackson,com.google.code.gson:gson,Replaced Jim Gson with Michael Jackson,com.fasterxml.jackson com.google.code.gson:gson,"
Replaced Jim Gson with Michael Jackson",34,Serialization,,1,0.95,
castlemock/castlemock,c4349a47f33b47c490d976996b06363cb03eb83a,2020-02-06 23:14:56,org.apache.taglibs:taglibs-standard,javax.servlet:jstl,Removed JSTL as a dependency and replaced it with taglibs dependecy instead,org.apache.taglibs:taglibs-standard javax.servlet:jstl,"
Removed JSTL as a dependency and replaced it with taglibs dependecy instead",5,Web Framework,,1,0.8,
castorini/Anserini,72b633c4f89e012be3357de3abea4fd0fbcf383a,2018-07-09 18:46:05,com.fasterxml.jackson,com.google.code.gson:gson,"Patch for issue #268: migrate JSON parsing from Gson to Jackson (#294)

* Migrate JSON parsing from Gson to Jackson
* Fix NullPointerException error as mentioned in #282
* Fix an output error in IndexCollection.java (mistakenly showed # skipped using # errors data)
* Change optional fields to type Optional",com.fasterxml.jackson com.google.code.gson:gson,"
Patch for issue #268: migrate JSON parsing from Gson to Jackson (#294)",34,Serialization,,1,0.98,
ccheneau/Holmes,e5b0cabf4561aeac2e6f8b3824d366b41fb08dcf,2013-09-21 10:57:15,org.jboss.resteasy:resteasy,com.sun.jersey:jersey,Replace Jersey by RestEasy,org.jboss.resteasy:resteasy com.sun.jersey:jersey,"
Replace Jersey by RestEasy",3,Web Framework,,1,0.98,
ccheneau/Holmes,094ff556b646ea8500de638ee58713125ff6a429,2014-02-07 20:40:32,ch.qos.logback:logback,log4j:log4j,Remove log4j and switch to logback,ch.qos.logback:logback log4j:log4j,"
Remove log4j and switch to logback",58,Logging,,1,0.98,
ccheneau/Holmes,094ff556b646ea8500de638ee58713125ff6a429,2014-02-07 20:40:32,ch.qos.logback:logback,org.slf4j:slf4j,Remove log4j and switch to logback,ch.qos.logback:logback org.slf4j:slf4j,"
Remove log4j and switch to logback",67,Logging,,1,0.98,
ccheneau/Holmes,a5ab4a5b25c2e9c87a7bd82d25a3ffee5f076232,2014-03-26 19:34:59,com.fasterxml.jackson,com.google.code.gson:gson,Switch to jackson 2 and remove GSon,com.fasterxml.jackson com.google.code.gson:gson,"
Switch to jackson 2 and remove GSon",6,Serialization,,1,0.97,
ccheneau/Holmes,a5ab4a5b25c2e9c87a7bd82d25a3ffee5f076232,2014-03-26 19:34:59,com.fasterxml.jackson,org.jboss.resteasy:resteasy,Switch to jackson 2 and remove GSon,com.fasterxml.jackson org.jboss.resteasy:resteasy,"
Switch to jackson 2 and remove GSon",5,Web Framework&Serialization,,1,0.97,
ccordenier/tapestry5-hotel-booking,c73f0955906c24efd6f26c064905d08faab29b28,2010-09-30 21:08:54,com.h2database:h2,hsqldb:hsqldb,"configure UTF-8 as source encoding, switch from hsqldb dependency to h2, add seedentity and configure Codehaus snapshot repo",com.h2database:h2 hsqldb:hsqldb,"
configure UTF-8 as source encoding, switch from hsqldb dependency to h2, add seedentity and configure Codehaus snapshot repo",5,Database,,1,0.95,
ccremer/clustercode,1f5e926691ad43d69dd27388a5e58c3c33ba3242,2017-01-12 21:29:52,org.assertj:assertj-core,org.hamcrest:java-hamcrest,Now with better unit testing. Using AssertJ instead of Hamcrest.,org.assertj:assertj-core org.hamcrest:java-hamcrest,"
Now with better unit testing.
Using AssertJ instead of Hamcrest.",5,Testing,,1,0.97,Functionality
CESNET/perun,3b13435dfa69432c05899b1c22aa7da8f5602e2c,2017-12-15 12:36:46,org.mockito:mockito,org.powermock:powermock,replaced powermock with pure latest mockito,org.mockito:mockito org.powermock:powermock,"
replaced powermock with pure latest mockito",29,Testing,,1,0.75,
CESNET/perun,40bd4820054e44cf3db0e9cc11312098f174d5f3,2019-01-22 11:47:34,com.zaxxer:HikariCP,org.apache.commons:commons-dbcp2,"CORE: Use HikariCP instead of apache commonds dbcp

- Hikari connection pool should be more effective
  implementation of JDBC connection pool than both
  apache commons dbcp and tomcat dbcp.",com.zaxxer:HikariCP org.apache.commons:commons-dbcp2,"
CORE: Use HikariCP instead of apache commonds dbcp",7,Database,,1,0.98,Performance
cflint/CFLint,469f60941b4359cfaea7269adb505c1095240289,2015-10-12 00:47:49,com.fasterxml.jackson,com.googlecode.json-simple:json-simple,"#95.

implmemented json with jackson",com.fasterxml.jackson com.googlecode.json-simple:json-simple,"#95.

",5,Serialization,,1,0.95,
chaosblade-io/chaosblade-exec-jvm,638a67c4f185f4d51c84f6449c5992e01e968eed,2020-09-21 08:07:34,com.fasterxml.jackson,com.alibaba:fastjson,"chore: replace fastjson to jackson

Signed-off-by: xcaspar <x.caspar@gmail.com>",com.fasterxml.jackson com.alibaba:fastjson,"
chore: replace fastjson to jackson",3,Serialization,,1,0.97,
ChargeTimeEU/Java-OCA-OCPP,13a1849e20c241a4f9fc0b2fd49828ee57942965,2017-01-18 22:33:45,com.google.code.gson:gson,org.json:json,Changed JSON lib to gson. Reverted hotfix.,com.google.code.gson:gson org.json:json,"
Changed JSON lib to gson.
Reverted hotfix.",20,Serialization,,1,0.95,
ChargeTimeEU/Java-OCA-OCPP,c281887278b8fae35a5721c7eb1dd63f10493764,2017-12-12 18:38:35,org.apache.logging.log4j:log4j,org.slf4j:slf4j,Replaced slf4j with log4j 2,org.apache.logging.log4j:log4j org.slf4j:slf4j,"
Replaced slf4j with log4j 2",8,Logging,,1,0.85,
ChargeTimeEU/Java-OCA-OCPP,f71ba02c2d0ac5e3b0d2947a94da25da4c317382,2018-04-15 18:56:38,ch.qos.logback:logback,org.apache.logging.log4j:log4j,"Switched logging to slf4j + logback.
See links below for reasons:
http://javarevisited.blogspot.de/2013/08/why-use-sl4j-over-log4j-for-logging-in.html
https://logback.qos.ch/reasonsToSwitch.html",ch.qos.logback:logback org.apache.logging.log4j:log4j,"
Switched logging to slf4j + logback.",11,Logging,,1,0.95,
ChargeTimeEU/Java-OCA-OCPP,f71ba02c2d0ac5e3b0d2947a94da25da4c317382,2018-04-15 18:56:38,org.slf4j:slf4j,org.apache.logging.log4j:log4j,"Switched logging to slf4j + logback.
See links below for reasons:
http://javarevisited.blogspot.de/2013/08/why-use-sl4j-over-log4j-for-logging-in.html
https://logback.qos.ch/reasonsToSwitch.html",org.slf4j:slf4j org.apache.logging.log4j:log4j,"
Switched logging to slf4j + logback.",13,Logging,,1,0.95,
charithe/kafka-junit,d38aa80e337a3241d8d43778c7f6ebeb57e9235d,2017-08-10 21:56:30,org.assertj:assertj-core,org.hamcrest:hamcrest,Bump versions to Kafka 0.11 and use assertJ instead of hamcrest,org.assertj:assertj-core org.hamcrest:hamcrest,"
Bump versions to Kafka 0.11 and use assertJ instead of hamcrest",7,Testing,,1,0.97,
chrismattmann/lucene-geo-gazetteer,f44cd1cf81ac881e504672a9144c0434a86a5cb7,2015-11-25 06:59:44,org.apache.tomcat.embed:tomcat-embed,org.eclipse.jetty,Replaced Embedded jetty with tomcat,org.apache.tomcat.embed:tomcat-embed org.eclipse.jetty,"
Replaced Embedded jetty with tomcat",6,Web Framework,,1,0.98,
chrismattmann/lucene-geo-gazetteer,4bd0a77f3a90218dbf4d90260929a48f5a2a89bc,2015-11-30 11:19:09,args4j:args4j,commons-cli:commons-cli,using Args4j instead of Commons-CLI,args4j:args4j commons-cli:commons-cli,"
using Args4j instead of Commons-CLI",3,Utility,,1,0.97,
christian-draeger/basic-selenium-project,8b23fd978322f2608bfa89cc6f49e1ae1ffa5adb,2019-03-07 08:05:40,org.assertj:assertj-core,org.hamcrest:java-hamcrest,migrate from hamcrest to assertj,org.assertj:assertj-core org.hamcrest:java-hamcrest,"
migrate from hamcrest to assertj",5,Testing,,1,0.97,
christophd/citrus,b4b35997de7f97ef63bae145a663659d1ea0fa0e,2015-07-21 14:34:05,net.minidev:json-smart,com.googlecode.json-simple:json-simple,Use minidev.json-smart library instead of googlcode.json-simple,net.minidev:json-smart com.googlecode.json-simple:json-simple,"
Use minidev.json-smart library instead of googlcode.json-simple",3,Serialization,,1,0.97,
christophd/citrus,bc8f848dbddeaf2f5131c9a5ccabe9a8dc0658eb,2020-03-11 11:47:49,org.apache.logging.log4j:log4j,org.slf4j:slf4j,refactor(citrus-3.0): Update to Log4j2,org.apache.logging.log4j:log4j org.slf4j:slf4j,"
refactor(citrus-3.0): Update to Log4j2",111,Logging,,1,0.85,
christophd/citrus-samples,acc8699adc4a276c15987a1712bd390b2d55632d,2017-02-20 07:13:13,junit:junit,org.testng:testng,Fixed cucumber tests and use junit as framework for getting proper test results,junit:junit org.testng:testng,"
Fixed cucumber tests and use junit as framework for getting proper test results",47,Testing,,1,0.9,
cjwizard/cjwizard,61d5f47aecef49dd9dac3f9b29ae696f560e6867,2016-08-18 00:03:36,org.slf4j:slf4j,commons-logging:commons-logging,Switched from commons logging / log4j to slf4j,org.slf4j:slf4j commons-logging:commons-logging,"
Switched from commons logging / log4j to slf4j",39,Logging,,1,0.9,
cjwizard/cjwizard,61d5f47aecef49dd9dac3f9b29ae696f560e6867,2016-08-18 00:03:36,org.slf4j:slf4j,log4j:log4j,Switched from commons logging / log4j to slf4j,org.slf4j:slf4j log4j:log4j,"
Switched from commons logging / log4j to slf4j",73,Logging,,1,0.9,
cloudfoundry/cf-java-client,02c74f96eee9f82849cc236f98db53f9b8c7d4a6,2017-11-28 19:52:03,org.yaml:snakeyaml,com.fasterxml.jackson,"Support Manifest YAML Anchors and References

Previously the YAML deserialization utilized Jackson YAML support.
Unfortunately, this support does not properly handle scalar-value level
anchors and references.  This change updates the code to make use of SnakeYAML
directly, which while resulting in worse code, does have the advantage of
supporting scalar-value level anchors and references.

[resolves #834]",org.yaml:snakeyaml com.fasterxml.jackson,"Support Manifest YAML Anchors and References
Support Manifest YAML Anchors and References
anchors and references.
This change updates the code to make use of SnakeYAML
directly, which while resulting in worse code, does have the advantage of",4,Serialization,,1,0.95,Functionality
cloudfoundry/uaa,016984214181a04b18b38d20e9fec28888f1999e,2012-10-16 00:40:45,org.apache.tomcat:tomcat,commons-dbcp:commons-dbcp,"Updated the uaa connection pool to use tomcat jdbc connection pool

dbcp is an older inferior connection pool and a bug in it's
implementation may be causing the uaa to hang.

[#37821245]

Change-Id: I419b57b4e88fa2c3e30ab001c169fa19db7605b7",org.apache.tomcat:tomcat commons-dbcp:commons-dbcp,"Updated the uaa connection pool to use tomcat jdbc connection pool
Updated the uaa connection pool to use tomcat jdbc connection pool
",5,Database&Web Framework,,1,0.95,BugIssue
cloudfoundry/uaa,eb3c28eb997720e88d9c1778f567422d775ab30e,2013-08-28 21:44:23,org.mariadb.jdbc:mariadb-java-client,mysql:mysql-connector-java,"Switch from MySQL Connector/J JDBC client to MariaDB JDBC Client Library

[Finishes #55528568]",org.mariadb.jdbc:mariadb-java-client mysql:mysql-connector-java,"
Switch from MySQL Connector/J JDBC client to MariaDB JDBC Client Library",16,Database,,1,0.97,
cloudfoundry-incubator/multiapps,c510ec8d2363673ad5bbab98f024a2dc5fc06049,2019-05-17 18:59:23,com.fasterxml.jackson,com.google.code.gson:gson,Replace Gson with Jackson,com.fasterxml.jackson com.google.code.gson:gson,"
Replace Gson with Jackson",34,Serialization,,1,0.98,
codecentric/chaos-monkey-spring-boot,faf715e32ba8d87da9e14ff4154af2940627689b,2019-08-08 09:27:30,org.mockito:mockito,org.powermock:powermock,Upgrade to mockito 2 and get rid of powermock,org.mockito:mockito org.powermock:powermock,"
Upgrade to mockito 2 and get rid of powermock",29,Testing,,1,0.95,
codeine-cd/codeine,81e12ddd2acf2facf3c23d96e5bf6e78f3672eb6,2018-01-03 08:52:30,com.zaxxer:HikariCP,org.apache.commons:commons-dbcp2,codeine-220 use HikariCP instead of commons-dbcp,com.zaxxer:HikariCP org.apache.commons:commons-dbcp2,"
codeine-220 use HikariCP instead of commons-dbcp",7,Database,,1,0.97,
codelibs/fess,abb3f6eb18e209e9477e0b569b3346c795da4ac8,2017-01-19 12:39:52,org.apache.logging.log4j:log4j,org.slf4j:log4j-over-slf4j,fix #838 replace with log4j2,org.apache.logging.log4j:log4j org.slf4j:log4j-over-slf4j,"
fix #838 replace with log4j2",3,Logging,,1,0.9,
codenvy/codenvy,19559a942da257749068aadb9bb6effb87dd3dfc,2015-03-10 10:28:20,com.google.guava:guava,org.apache.commons:commons-lang3,CDEC-122: replaced library apache-commons-lang3 on guava one,com.google.guava:guava org.apache.commons:commons-lang3,"
CDEC-122: replaced library apache-commons-lang3 on guava one",4,Utility,,1,0.95,
codice/ddf,03ccd79a90835a084703c1556a67b4997f6cf488,2020-06-26 02:48:12,io.micrometer:micrometer-core,io.dropwizard.metrics:metrics,"Replace Dropwizard Metrics with Micrometer (#6144)

Added new metrics
Exposed metrics through Prometheus endpoint
Replaced CXF interceptor with servlet filter
Fixed bundle refresh of dynamically injected servlet filters",io.micrometer:micrometer-core io.dropwizard.metrics:metrics,"
Replace Dropwizard Metrics with Micrometer (#6144)",3,Database,,1,0.97,
collectionspace/services,4fd4ce86a8f5fd791690784d8034e342a6f531e1,2019-09-23 19:25:24,org.apache.logging.log4j:log4j,org.slf4j:slf4j,DRYD-645: Upgrade logging to log4j2 over slf4j.,org.apache.logging.log4j:log4j org.slf4j:slf4j,"
DRYD-645: Upgrade logging to log4j2 over slf4j.",111,Logging,,1,0.95,
collectionspace/services,4fd4ce86a8f5fd791690784d8034e342a6f531e1,2019-09-23 19:25:24,org.apache.logging.log4j:log4j,org.slf4j:jcl-over-slf4j,DRYD-645: Upgrade logging to log4j2 over slf4j.,org.apache.logging.log4j:log4j org.slf4j:jcl-over-slf4j,"
DRYD-645: Upgrade logging to log4j2 over slf4j.",5,Logging,,1,0.95,
Comcast/zucchini,ec88386c45ff37137bb823e8c9c060bcfc03233b,2015-08-11 23:18:09,com.google.code.gson:gson,org.json:json,"Fixes for Java7 and upgrade to Gson.

The previous Json package was compiled with Java8 and still managed to
work on some systems using Java7.  This should fix that problem of
inconsistency so that it works with all Java 7 systems.  Additionally,
the version of logback that was being used was old and caused problems
with OSX.  Lastly, the cucumber version was jumped to 1.2.4 in
preparation for future changes.

pom.xml - In addition to the previous errors that were fixed, the
spacing in the pom was fixed to be uniform.

AbstractZucchiniTest, TestContext, TestNGZucchiniRunner - Changed file
permissions, as these really shouldn't be executable.",com.google.code.gson:gson org.json:json,"Fixes for Java7 and upgrade to Gson.
",20,Serialization,,1,0.9,Integration
cometd/cometd,60b18ad5c4b2b52c57431d1cfeb62bee76a3a456,2009-09-30 08:19:11,junit:junit,org.testng:testng,Converted tests to JUnit.,junit:junit org.testng:testng,"
Converted tests to JUnit.",47,Testing,,1,0.95,
cometd/cometd,d7a92e9209dd0aca2526204d793f476b94c68090,2018-03-09 15:43:02,org.apache.logging.log4j:log4j,org.slf4j:slf4j,Fixes #773 - Move to Log4J2.,org.apache.logging.log4j:log4j org.slf4j:slf4j,"
Fixes #773 - Move to Log4J2.",111,Logging,,1,0.95,
CompendiumNG/CompendiumNG,4fa74fc7ca9bcebadf339a59773a69e55ea99a69,2013-03-07 04:37:44,ch.qos.logback:logback,log4j:log4j,change Log4j -> logback + related changes,ch.qos.logback:logback log4j:log4j,"
change Log4j  laifuhewb  logback + related changes",58,Logging,,1,0.97,
CompendiumNG/CompendiumNG,4fa74fc7ca9bcebadf339a59773a69e55ea99a69,2013-03-07 04:37:44,org.slf4j:log4j-over-slf4j,log4j:log4j,change Log4j -> logback + related changes,org.slf4j:log4j-over-slf4j log4j:log4j,"
change Log4j  laifuhewb  logback + related changes",27,Logging,,1,0.97,
CompendiumNG/CompendiumNG,4fa74fc7ca9bcebadf339a59773a69e55ea99a69,2013-03-07 04:37:44,ch.qos.logback:logback,org.slf4j:slf4j,change Log4j -> logback + related changes,ch.qos.logback:logback org.slf4j:slf4j,"
change Log4j  laifuhewb  logback + related changes",67,Logging,,1,0.97,
CompendiumNG/CompendiumNG,4fa74fc7ca9bcebadf339a59773a69e55ea99a69,2013-03-07 04:37:44,org.slf4j:log4j-over-slf4j,org.slf4j:slf4j,change Log4j -> logback + related changes,org.slf4j:log4j-over-slf4j org.slf4j:slf4j,"
change Log4j  laifuhewb  logback + related changes",26,Logging,,1,0.97,
composable-systems/dropwizard-cassandra,809965b68a0b7695d40c336c2764fb2525db5309,2014-05-20 07:49:46,org.assertj:assertj-core,org.hamcrest:hamcrest,Migrated from Hamcrest to AssertJ,org.assertj:assertj-core org.hamcrest:hamcrest,"
Migrated from Hamcrest to AssertJ",5,Testing,,1,0.97,
conveyal/analysis-backend,e4f0b7e4bbc6b1e58e10ab2ad34291e9ecda7c9b,2017-02-16 00:43:02,org.apache.httpcomponents,com.mashape.unirest:unirest-java,"Replace Unirest with Apache HttpComponents to avoid lockups, fixes #17",org.apache.httpcomponents com.mashape.unirest:unirest-java,"
Replace Unirest with Apache HttpComponents to avoid lockups, fixes #17",3,HTTP Clients,,1,0.97,BugIssue
Coreoz/Wisp,6e9776aa7ff3173230f82e34ee99025ab900354f,2016-09-18 20:59:05,org.assertj:assertj-core,org.easytesting:fest-assert,Replace fest assert by assertj,org.assertj:assertj-core org.easytesting:fest-assert,"
Replace fest assert by assertj",49,Testing,,1,1.0,
coveo/feign-error-decoder,ad05ee35f9f39c9bfbb026cc13a8a2089b17d16d,2018-06-05 13:58:07,org.slf4j:slf4j,ch.qos.logback:logback,"* Dependency updates
* Ditch logback in favor of slf4j (oops sorry about that)
* Switch to the non deprecated constructor of feign.Response",org.slf4j:slf4j ch.qos.logback:logback,"
* Dependency updates
* Ditch logback in favor of slf4j (oops sorry about that)
* Switch to the non deprecated constructor of feign.",5,Logging,,1,0.97,
coveooss/spillway,e6119830694e8424ad6d407b90faee0d41a09241,2017-09-13 11:57:43,org.slf4j:slf4j,ch.qos.logback:logback,Replace logback dependency with slf4j. (#38),org.slf4j:slf4j ch.qos.logback:logback,"
Replace logback dependency with slf4j.
(#38)",5,Logging,,1,0.98,
Coveros/zap-sonar-plugin,64d2cd16000da9a2c62652c060521de48709663d,2020-11-28 14:44:36,org.assertj:assertj-core,org.easytesting:fest-assert,Switched to JUnit 5 and AssertJ,org.assertj:assertj-core org.easytesting:fest-assert,"
Switched to JUnit 5 and AssertJ",49,Testing,,1,0.97,
Coveros/zap-sonar-plugin,64d2cd16000da9a2c62652c060521de48709663d,2020-11-28 14:44:36,org.assertj:assertj-core,junit:junit,Switched to JUnit 5 and AssertJ,org.assertj:assertj-core junit:junit,"
Switched to JUnit 5 and AssertJ",11,Testing,,1,0.97,
cowtowncoder/java-uuid-generator,46e32d1ea5ce2d549751e0234c733fbb2c57cf4f,2020-02-22 03:59:43,org.slf4j:slf4j,log4j:log4j,"Use SLF4J to allow easily routing logs to multiple logging frameworks (#33)

Use SLF4J to allow easily routing logs to multiple logging frameworks
Co-authored-by: Andre Brait <andrebrait@gmail.com>",org.slf4j:slf4j log4j:log4j,"
Use SLF4J to allow easily routing logs to multiple logging frameworks (#33)",73,Logging,,1,0.94,Functionality
crabzilla/crabzilla,b522a72f84b40e927b1961fb746ff2b33f68121f,2017-06-04 19:02:17,com.fasterxml.jackson,com.google.code.gson:gson,replaced gson with jackson since vertx uses it,com.fasterxml.jackson com.google.code.gson:gson,"
replaced gson with jackson since vertx uses it",6,Serialization,,1,1.0,Integration
craftercms/studio,c57d52911584ee12d05b9b8ab3d359e6e4ea247e,2019-02-14 22:13:47,org.apache.logging.log4j:log4j,org.slf4j:slf4j,"Update logging to use Log4j2:
- Cleanup test resources & add system properties",org.apache.logging.log4j:log4j org.slf4j:slf4j,"
Update logging to use Log4j2:
- Cleanup test resources & add system properties",111,Logging,,1,0.85,
crawljax/crawljax,0e381f2707fe54ee5047acd676f876998d6fa0f1,2012-12-16 16:39:47,org.slf4j:jcl-over-slf4j,log4j:log4j,"Switched to SLF4J

- Switched from Log4j to SLF4j
- Updated the Assembly descripter to include the LICENSE and README
- Updated the Assembly to include logback. The jar isn't included when packaging.
- Let JUnit be a test dependency",org.slf4j:jcl-over-slf4j log4j:log4j,"
- Switched from Log4j to SLF4j
- Updated the Assembly descripter to include the LICENSE and README",14,Logging,,1,0.95,
crawljax/crawljax,0e381f2707fe54ee5047acd676f876998d6fa0f1,2012-12-16 16:39:47,org.slf4j:jul-to-slf4j,log4j:log4j,"Switched to SLF4J

- Switched from Log4j to SLF4j
- Updated the Assembly descripter to include the LICENSE and README
- Updated the Assembly to include logback. The jar isn't included when packaging.
- Let JUnit be a test dependency",org.slf4j:jul-to-slf4j log4j:log4j,"
- Switched from Log4j to SLF4j
- Updated the Assembly descripter to include the LICENSE and README",11,Logging,,1,0.95,
cryptomator/cryptomator,75f49b88d61c51a9577f27d16724f3c793c2a160,2014-11-30 17:56:17,org.apache.logging.log4j:log4j,org.slf4j:slf4j,switched to log4j 2.1,org.apache.logging.log4j:log4j org.slf4j:slf4j,"
switched to log4j 2.1",111,Logging,,1,0.82,
cryptomator/cryptomator,af9deffa6d7ab1c6a95468a97b5e93637d211dbc,2015-08-08 17:13:16,com.google.dagger:dagger,com.google.inject:guice,moved from guice to dagger,com.google.dagger:dagger com.google.inject:guice,"
moved from guice to dagger",3,Dependency Injection,,1,1.0,
cryptomator/cryptomator,2d68e27d3d53ff0c7a6ff4453c7b424a31873fd8,2017-05-16 15:13:03,ch.qos.logback:logback,org.apache.logging.log4j:log4j,moved from log4j to logback,ch.qos.logback:logback org.apache.logging.log4j:log4j,"
moved from log4j to logback",17,Logging,,1,1.0,
cryptomator/siv-mode,d5265352110262ef6ac50e83af8b168197f856dc,2016-06-24 16:51:57,com.madgag.spongycastle:core,org.bouncycastle,switching to spongycastle to avoid conflicts on android. first attempt at releasing to OSSRH,com.madgag.spongycastle:core org.bouncycastle,"
switching to spongycastle to avoid conflicts on android.
first attempt at releasing to OSSRH",5,Web Framework,,1,0.88,Integration
cternes/openkeepass,580e8ea492fb294c0697425a31b3db2adf47b0bd,2016-07-23 06:51:35,com.madgag.spongycastle:core,org.bouncycastle,"Replaced bouncycastle with spongycastle and removed provider stuff to
support android and other platforms at the same time.",com.madgag.spongycastle:core org.bouncycastle,"
Replaced bouncycastle with spongycastle and removed provider stuff to
support android and other platforms at the same time.",5,Web Framework,,1,0.96,Integration
ctripcorp/apollo,f5d513fb0af9646ae9175421e35a97026b153ca8,2016-04-11 07:39:13,com.google.code.gson:gson,com.fasterxml.jackson,Use HttpURLConnection and gson to remove Spring and Jackson dependencies,com.google.code.gson:gson com.fasterxml.jackson,"
Use HttpURLConnection and gson to remove Spring and Jackson dependencies",4,Serialization,,1,0.97,Simplification
CUSTIS-public/beanpath,c394ef98841f45076acd11213ea77953a285fa87,2015-11-07 23:27:18,net.bytebuddy:byte-buddy,cglib:cglib,Migration from Cglib to ByteBuddy,net.bytebuddy:byte-buddy cglib:cglib,"
Migration from Cglib to ByteBuddy",3,Building,,1,1.0,
CUSTIS-public/beanpath,79e1c30e732659de1175600a0dae2dcacdd0e1c5,2015-11-08 15:00:37,junit:junit,org.testng:testng,Migration from TestNG to more widely used JUnit,junit:junit org.testng:testng,"
Migration from TestNG to more widely used JUnit",47,Testing,,1,1.0,Popularity
cwoolner/flex-poker,e04e8c5b74f1bdff22b5b37f3eea58ae8bc24c05,2009-07-04 02:25:39,mysql:mysql-connector-java,com.h2database:h2,"Changed the build src/target to be Java 1.6.  Added the spring-orm dependency.
Replaced the h2 dependency with Hibernate and MySQL.",mysql:mysql-connector-java com.h2database:h2,"
Replaced the h2 dependency with Hibernate and MySQL.",5,Database,,1,0.9,
cwoolner/flex-poker,f3bb21c2b4226051740d9e4fe79ce776b9a29a76,2013-08-05 05:21:05,log4j:log4j,ch.qos.logback:logback,Remove logback dependency and replace with log4j.  Add log4j.xml.,log4j:log4j ch.qos.logback:logback,"
Remove logback dependency and replace with log4j.
Add log4j.xml.",7,Logging,,1,1.0,
cwoolner/flex-poker,f3bb21c2b4226051740d9e4fe79ce776b9a29a76,2013-08-05 05:21:05,org.slf4j:slf4j,ch.qos.logback:logback,Remove logback dependency and replace with log4j.  Add log4j.xml.,org.slf4j:slf4j ch.qos.logback:logback,"
Remove logback dependency and replace with log4j.
Add log4j.xml.",8,Logging,,1,1.0,
damianszczepanik/cucumber-reporting,40231f958f1ffb589692f31d26247cec9eba1dc7,2016-06-04 13:21:10,com.fasterxml.jackson,com.google.code.gson:gson,"Migrated from gson to jackson library (#459)

Issue cucumber-reports-plugin/issues/29",com.fasterxml.jackson com.google.code.gson:gson,"
Migrated from gson to jackson library (#459)",34,Serialization,,1,1.0,
dandelion/dandelion-datatables,a411d892bdd0a88eef0c4f44b77d3b387bd77670,2014-09-30 18:22:16,org.assertj:assertj-core,org.easytesting:fest-assert,"[All] Huge code & configuration cleanup and options refactoring

Configuration/options

 * ConfigToken has been renamed to Option to avoid collision with plain ""configuration"", such as Properties
 * All previous ConfigTokens from TableConfig and ColumnConfig have been gathered in a new DatatableOptions for an easier maintenance
 * Added a new OptionProcessingContext to hold all arguments needed during option processing and refactored all processor accordingly
 * All options have now a new precedence attribute, allowing to process a Option/value pair before another one.

General

 * Removed all integration tests from both datatables-jsp and datatables-thymeleaf cause they are now located in the dandelion-it module
 * Removed all customed RuntimeException and replaced them by the main DandelionException
 * Added loooots of comments

Dependencies

 * Cleaned up all POMs by removing all IT-related dependencies
 * Replaced FestAssert by AssertJ and updated all tests accordingly
 * Upgraded Thymeleaf to 2.1.3.RELEASE

Closes #254
Closes #258
Closes #261",org.assertj:assertj-core org.easytesting:fest-assert,"
* Cleaned up all POMs by removing all IT-related dependencies
* Replaced FestAssert by AssertJ and updated all tests accordingly
* Upgraded Thymeleaf to 2.1.3.",49,Testing,,1,1.0,
DataDog/jmxfetch,c36514e8e5b26c433884d1b985091c8ad05d07a6,2017-10-09 16:53:38,com.fasterxml.jackson,com.google.code.gson:gson,"[api] collect instance configurations via API (#156)

* [json] adding json configuration parsing.

* [json] parser fixes.

* [json] move to jackson from gson -- too much drama

* [test] addressing configuration changes.

* [json] test json configuration parser - fix multiple issues.

* [auto_discovery] pull configurations from API, and apply configs.

[autodiscovery] check for json configs every iteration - improvments in pipeline.

[httpclient] url encoded content type with GETs

[httpclient] wrap responses.

[api] if response is 204 no updates + method refactor

* [ci] no need to actually test the build against 1.6 - we can just target it with 1.7/1.8

* [api] cleaner url structure",com.fasterxml.jackson com.google.code.gson:gson,"
* [json] move to jackson from gson -- too much drama",6,Serialization,,1,1.0,
DataDog/jmxfetch,a2357247009eef207cf54221035d2c85fc2c5b50,2020-01-13 10:41:20,org.apache.logging.log4j:log4j,org.slf4j:slf4j,"[log4j] migrate to log4j2 (#258)

* [log4j] migrate to log4j2

* [travis] fix log4j config file directive

* [log4j2] support STDERR and STDOUT as ways to refer to log location too",org.apache.logging.log4j:log4j org.slf4j:slf4j,"
* [travis] fix log4j config file directive",111,Logging,,1,0.95,
DataSketches/sketches-core,032a19c61cf617e6be39a84766f7bbacbff45e1a,2018-07-09 17:43:13,org.slf4j:slf4j,commons-logging:commons-logging,Converted logger from apache to slf4j.,org.slf4j:slf4j commons-logging:commons-logging,"
Converted logger from apache to slf4j.",39,Logging,,1,0.96,
datastax/java-driver,7d962af9291f69f0da6115375efd5bd5224a2353,2017-07-13 23:58:23,junit:junit,org.testng:testng,Migrate unit tests to JUnit,junit:junit org.testng:testng,"
Migrate unit tests to JUnit",47,Testing,,1,0.98,
datastax/java-driver,7d962af9291f69f0da6115375efd5bd5224a2353,2017-07-13 23:58:23,com.tngtech.java:junit-dataprovider,org.testng:testng,Migrate unit tests to JUnit,com.tngtech.java:junit-dataprovider org.testng:testng,"
Migrate unit tests to JUnit",6,Testing,,1,0.98,
datastax/native-protocol,4ceed9585a1158e6a579540a2808c3ce96b7729f,2017-07-13 22:02:59,junit:junit,org.testng:testng,Migrate tests to Junit (fixes #13),junit:junit org.testng:testng,"
Migrate tests to Junit (fixes #13)",47,Testing,,1,0.98,
datastax/native-protocol,4ceed9585a1158e6a579540a2808c3ce96b7729f,2017-07-13 22:02:59,com.tngtech.java:junit-dataprovider,org.testng:testng,Migrate tests to Junit (fixes #13),com.tngtech.java:junit-dataprovider org.testng:testng,"
Migrate tests to Junit (fixes #13)",6,Testing,,1,0.98,
davemckain/qtiworks,bb053adc345f9b80521426a845715a4e62fe836a,2013-02-13 11:53:58,ch.qos.logback:logback,log4j:log4j,"Migrated from log4j to logback.

There will be further log configuration changes later...
I want to divorce the qtiworks-engine logging config from the
webapp completely so that people can set up their own logging.",ch.qos.logback:logback log4j:log4j,"
Migrated from log4j to logback.",58,Logging,,1,1.0,
davemckain/qtiworks,bb053adc345f9b80521426a845715a4e62fe836a,2013-02-13 11:53:58,ch.qos.logback:logback,org.slf4j:slf4j,"Migrated from log4j to logback.

There will be further log configuration changes later...
I want to divorce the qtiworks-engine logging config from the
webapp completely so that people can set up their own logging.",ch.qos.logback:logback org.slf4j:slf4j,"
Migrated from log4j to logback.",67,Logging,,1,1.0,
davyam/pgEasyReplication,ccfb1373caa7a6389d20a42e4a499a3802cfc657,2020-04-16 19:16:20,com.fasterxml.jackson,com.googlecode.json-simple:json-simple,"- JSON Simple replaced by Jackson;
- Added constants for default values;
- Added more comments to explain some parts of the code.",com.fasterxml.jackson com.googlecode.json-simple:json-simple,"- JSON Simple replaced by Jackson;
- Added constants for default values;",7,Serialization,,1,0.98,
dboissier/jenkins-control-plugin,348c4d0c170c9bf71ed0433f22728513b7c39e82,2012-10-10 11:53:50,com.fasterxml.jackson,com.googlecode.json-simple:json-simple,[json] change from json-simple to jackson for improving performance,com.fasterxml.jackson com.googlecode.json-simple:json-simple,"
[json] change from json-simple to jackson for improving performance",5,Serialization,,1,0.98,Performance
dCache/dcache,6a1debfe306f2dbaa1e872ee0fdaed969f39d36b,2012-04-25 06:07:17,com.h2database:h2,hsqldb:hsqldb,"chimera: use h2 db for testing (and evaluation)

with liquibase based schema management for chimera we
can have a all in one dcache with embedded db. As people
do not like hsqldb I am adding h2 dialect support as well
as moveing tests to h2 ( well it's a production db tests now).

Acked-by: Paul Millar
Patch: http://rb.dcache.org/r/4412/",com.h2database:h2 hsqldb:hsqldb,"can have a all in one dcache with embedded db.
As people
do not like hsqldb I am adding h2 dialect support as wellcan have a all in one dcache with embedded db.
As people
do not like hsqldb I am adding h2 dialect support as well",5,Database,,1,0.95,
death-claw/vripper-project,b08b730dffad857f3c0a69f2d20a1dda0c76f38b,2021-05-08 12:03:20,com.github.ben-manes.caffeine:caffeine,com.google.guava:guava,replace guava with caffeine,com.github.ben-manes.caffeine:caffeine com.google.guava:guava,"
replace guava with caffeine",4,Utility,,1,0.97,
debop/hibernate-redis,e4d1c934bd535be7f98a451e64ca90ae33c337ec,2014-02-28 11:37:51,com.h2database:h2,org.hsqldb:hsqldb,"-. change test db from HSql to H2
-. prepare upgrade hibernate 4.3.2.Final ( need to change CacheKey serialize/deserialize manipulation )",com.h2database:h2 org.hsqldb:hsqldb,"
-.
change test db from HSql to H2
-.",14,Database,,1,0.95,Integration
deeplearning4j/DataVec,f0920c0fb68272b8c40f5238da9c985ec3d29264,2017-05-19 18:54:09,com.github.stephenc.findbugs:findbugs-annotations,com.google.code.findbugs,"Replaces com.google.code.findbugs:annotations with clean room
reimplementaitons licensed under Apache 2.0.",com.github.stephenc.findbugs:findbugs-annotations com.google.code.findbugs,"
Replaces com.google.code.findbugs:annotations with clean room
reimplementaitons licensed under Apache 2.0.",3,Utility,,1,0.9,License
deeplearning4j/DataVec,f0920c0fb68272b8c40f5238da9c985ec3d29264,2017-05-19 18:54:09,com.github.stephenc.jcip:jcip-annotations,com.google.code.findbugs,"Replaces com.google.code.findbugs:annotations with clean room
reimplementaitons licensed under Apache 2.0.",com.github.stephenc.jcip:jcip-annotations com.google.code.findbugs,"
Replaces com.google.code.findbugs:annotations with clean room
reimplementaitons licensed under Apache 2.0.",3,Utility,,1,0.9,License
denimgroup/threadfix,f9f2b56116d883256e3510f5611d6f5b947274df,2014-01-20 22:54:21,com.google.code.gson:gson,org.json:json,"Switches to the Gson library in threadfix-cli and adds more parsing classes.

In a few days I hope to have all the ThreadFix REST interactions in the threadfix-cli library.",com.google.code.gson:gson org.json:json,"Switches to the Gson library in threadfix-cli and adds more parsing classes.
",20,Serialization,,1,0.95,
DeOldSax/iliasDownloaderTool,ab5ca8faa1044f346a8729c4968ad0f135c0e281,2020-12-06 15:24:10,ch.qos.logback:logback,log4j:log4j,switch from log4j to logback,ch.qos.logback:logback log4j:log4j,"
switch from log4j to logback",58,Logging,,1,0.98,
DevOpsDistilled/OpERP,90dad6e4eabe8a378ee712fe77790f441838e2ce,2013-02-19 22:02:45,org.hibernate:hibernate,org.eclipse.persistence:eclipselink,"Removes EclipseLink Dependencies

Going to use Hibernate Persistence Provider",org.hibernate:hibernate org.eclipse.persistence:eclipselink,"
Going to use Hibernate Persistence Provider",5,Building&Database,,1,0.95,
DevOpsDistilled/OpERP,90dad6e4eabe8a378ee712fe77790f441838e2ce,2013-02-19 22:02:45,org.hibernate:hibernate,org.eclipse.persistence:javax.persistence,"Removes EclipseLink Dependencies

Going to use Hibernate Persistence Provider",org.hibernate:hibernate org.eclipse.persistence:javax.persistence,"
Going to use Hibernate Persistence Provider",4,Building&Database,,1,0.95,
devopsfolks/podam,d60c8b077cf5b2f0df99a77b5380f5f332ff9f96,2014-04-11 11:49:52,org.slf4j:slf4j,log4j:log4j,Swap log4j for slf4j,org.slf4j:slf4j log4j:log4j,"
Swap log4j for slf4j",73,Logging,,1,0.95,
devopsfolks/podam,dbbdd518623c67de0e3fa83e56e20462a063d7d3,2015-05-25 17:48:14,org.apache.logging.log4j:log4j,org.slf4j:slf4j,Introduced Spring application context and replaced Slf4j with log4j2,org.apache.logging.log4j:log4j org.slf4j:slf4j,"
Introduced Spring application context and replaced Slf4j with log4j2",69,Logging,,1,0.95,
dhis2/dhis2-core,6a68547b13041f107002a6268e9799feccf04819,2020-01-03 08:46:13,org.apache.poi:poi,net.sourceforge.jexcelapi:jxl,"feat: Switch from JXL to Apache POI (#4648)

* feat: Switch from JXL to Apache POI

* fix: merge conflicts and lib version for apache poi",org.apache.poi:poi net.sourceforge.jexcelapi:jxl,"
feat: Switch from JXL to Apache POI (#4648)",4,Utility,,1,0.98,
DigitalPebble/storm-crawler,f6d51debfd2a5897015c388ee931b21570ea1f52,2018-03-14 09:12:02,org.elasticsearch.client:elasticsearch-rest,org.elasticsearch.client:transport,"Move to Elasticsearch RESTAPi (#539)

* Initial move to Elasticsearch REST Client

* Formatting + can connect with user and password

* ES IndexerBolt takes create parameter into account

* Use URLs in ES addresses",org.elasticsearch.client:elasticsearch-rest org.elasticsearch.client:transport,"
* Initial move to Elasticsearch REST Client
Move to Elasticsearch RESTAPi (#539)",10,Database,,1,0.85,
digital-preservation/droid,220efac8c43c8bb75bc5b4919e4f842e1118e083,2020-01-16 09:26:58,org.apache.logging.log4j:log4j,org.slf4j:slf4j,"upd: migrate log4j to log4j2 to fix vulnerability on log4j
(with log4j files not renamed to ease review)",org.apache.logging.log4j:log4j org.slf4j:slf4j,"
upd: migrate log4j to log4j2 to fix vulnerability on log4j
(with log4j files not renamed to ease review)",111,Logging,,1,0.85,Security
Discord4J/Discord4J,9dec9b9703c34e5f29715de051e5c9f284e2a206,2015-12-28 02:42:44,com.google.code.gson:gson,com.googlecode.json-simple:json-simple,"DIE JSON SIMPLE!

Yeah, this was annoying. Anyways, moved this to use Gson because it
makes code cleaner. Only time will tell if this was worth all that
wasted time.",com.google.code.gson:gson com.googlecode.json-simple:json-simple,"Yeah, this was annoying.
Anyways, moved this to use Gson because it
makes code cleaner.",11,Serialization,,1,0.97,Usability
Discord4J/Discord4J,ff3a06c2a656e8ecacd4b657224f34405c15e048,2017-02-27 02:40:25,com.fasterxml.jackson,com.google.code.gson:gson,Ditched Gson in favor of Jackson,com.fasterxml.jackson com.google.code.gson:gson,"
Ditched Gson in favor of Jackson",34,Serialization,,1,0.95,
dkpro/dkpro-core,796cc2cb7ce6df264ffaa03d10ba8eaf60a21ef5,2016-09-14 13:02:46,org.slf4j:slf4j,commons-logging:commons-logging,"#805 Store and Retrieve WordEmbeddings on disk cache

- Switching back from commons-logging to slf4j.",org.slf4j:slf4j commons-logging:commons-logging,"
- Switching back from commons-logging to slf4j.",39,Logging,,1,0.9,
dkpro/dkpro-core,8971d44a2f7017ac477f8be3eb6c98478787afd4,2019-05-01 16:30:43,org.apache.logging.log4j:log4j,org.slf4j:slf4j,"#1178 - Switch to Log4j2 for tests

- Changed dependencies
- Renamed configuration files",org.apache.logging.log4j:log4j org.slf4j:slf4j,"
#1178 - Switch to Log4j2 for tests",111,Logging,,1,0.9,
dkpro/dkpro-core,8971d44a2f7017ac477f8be3eb6c98478787afd4,2019-05-01 16:30:43,org.slf4j:log4j-over-slf4j,log4j:log4j,"#1178 - Switch to Log4j2 for tests

- Changed dependencies
- Renamed configuration files",org.slf4j:log4j-over-slf4j log4j:log4j,"
#1178 - Switch to Log4j2 for tests",27,Logging,,1,0.9,
dkpro/dkpro-core,8971d44a2f7017ac477f8be3eb6c98478787afd4,2019-05-01 16:30:43,org.slf4j:log4j-over-slf4j,org.slf4j:slf4j,"#1178 - Switch to Log4j2 for tests

- Changed dependencies
- Renamed configuration files",org.slf4j:log4j-over-slf4j org.slf4j:slf4j,"
#1178 - Switch to Log4j2 for tests",26,Logging,,1,0.9,
dkunzler/esperandro,755e9b71a8cc41fab16d08d6d78f0c32242de663,2015-07-14 21:38:36,com.squareup:javapoet,com.squareup:javawriter,JavaWriter -> JavaPoet: Processor without compile errors,com.squareup:javapoet com.squareup:javawriter,"
JavaWriter  laifuhewb  JavaPoet: Processor without compile errors",3,Utility,,1,1.0,
dlsc-software-consulting-gmbh/CalendarFX,992f9e372138596c4ee837a4bab7bd2c20eb1d69,2019-09-25 07:53:40,org.kordamp.ikonli:ikonli-javafx,de.jensd:fontawesomefx,Added more module-info.java files. Replaced fontawesomefx with ikonli.,org.kordamp.ikonli:ikonli-javafx de.jensd:fontawesomefx,"
Added more module-info.java files.
Replaced fontawesomefx with ikonli.",3,Graphic,,1,1.0,Integration
dlsc-software-consulting-gmbh/PreferencesFX,952adb49044bc3bd33c1a1a3b62b710c989f0bbc,2021-04-26 09:33:17,org.kordamp.ikonli:ikonli-javafx,de.jensd:fontawesomefx,Replaced fontawesomefx with Ikonli libraries.,org.kordamp.ikonli:ikonli-javafx de.jensd:fontawesomefx,"
Replaced fontawesomefx with Ikonli libraries.",3,Graphic,,1,1.0,
docker-java/docker-java,98b265515b152822fc9a28e598ceb150bf6a892a,2014-05-17 11:10:55,com.fasterxml.jackson,com.sun.jersey:jersey,Upgraded from jersey-json to jackson-jaxrs 2.3.3,com.fasterxml.jackson com.sun.jersey:jersey,"
Upgraded from jersey-json to jackson-jaxrs 2.3.3",8,Web Framework&Serialization,,1,1.0,
dockstore/dockstore,4fc60144aff6d7cd645627708752132f23bf22ba,2015-09-10 20:18:10,com.fasterxml.jackson,com.googlecode.json-simple:json-simple,refactored code to remove JSON parsing; use objectmapper instead,com.fasterxml.jackson com.googlecode.json-simple:json-simple,refactored code to remove JSON parsing; use objectmapper instead,7,Serialization,,1,0.95,
documents4j/documents4j,f1b8b0c9def5ba5fbd91d195927a1032897e5ba3,2014-04-24 14:13:14,ch.qos.logback:logback,org.slf4j:slf4j,Implemented proper logging using logback instead the simple logging which was formerly applied.,ch.qos.logback:logback org.slf4j:slf4j,"
Implemented proper logging using logback instead the simple logging which was formerly applied.",13,Logging,,1,0.8,Functionality
doov-io/dOOv,5e97e7d13ef590b51c263bb578396ccd89dc1540,2017-12-28 17:49:00,org.apache.commons:commons-text,org.apache.commons:commons-lang3,"update DefaultOperator readable

update apache.commons.lang 3.4 to apache commons.text 1.2",org.apache.commons:commons-text org.apache.commons:commons-lang3,"
update apache.commons.lang 3.4 to apache commons.text 1.2",12,Utility,,1,0.95,
drapostolos/type-parser,acc976207c238dd08786f4525e969b75055658c2,2014-05-13 22:25:46,org.assertj:assertj-core,org.easytesting:fest-assert,"Add Helper base class

Reused helper methods in all *Helper classes.
Start usage of assertj in test.",org.assertj:assertj-core org.easytesting:fest-assert,"Reused helper methods in all *Helper classes.

Start usage of assertj in test.Reused helper methods in all *Helper classes.

Start usage of assertj in test.",34,Testing,,1,0.85,
droolsjbpm/drools,4ce7ebd2b093622b5aefbc297456c3f56e32d98b,2011-11-16 08:19:50,com.google.guava:guava,com.google.collections:google-collections,Moving from google-collections to guava,com.google.guava:guava com.google.collections:google-collections,"Moving from google-collections to guava
",28,Utility,,1,0.8,
droolsjbpm/drools,35d4e6d490a3ab449f5818ad3e1e6ae43c200c06,2013-03-06 12:04:04,org.apache.poi:poi,net.sourceforge.jexcelapi:jxl,[JBRULES-2936] replace jexcelapi with apache poi,org.apache.poi:poi net.sourceforge.jexcelapi:jxl,"
[JBRULES-2936] replace jexcelapi with apache poi",6,Utility,,1,1.0,
droolsjbpm/drools,5779305b40a18a8f9a5920ac49716cb398d9204f,2013-03-19 16:59:50,org.osgi:org.osgi,org.apache.felix:org.osgi,Replace org.apache.felix OSGi dependencies with org.osgi dependencies + Upgrade OSGi from 4.1.0 (hidden in felix's 1.4.0 jars) to 4.3.1,org.osgi:org.osgi org.apache.felix:org.osgi,"
Replace org.apache.felix OSGi dependencies with org.osgi dependencies + Upgrade OSGi from 4.1.0 (hidden in felix's 1.4.0 jars) to 4.3.1",17,Building,,1,0.9,
droolsjbpm/drools,cb3087bd28c0b5aaaf9496ce85ad1c6e6588c512,2014-10-23 15:16:44,org.jboss.spec.javax,javax.xml.bind:jaxb-api,migration from jaxb-api to jboss-jaxb-api_2.2_spec,org.jboss.spec.javax javax.xml.bind:jaxb-api,migration from jaxb-api to jboss-jaxb-api_2.2_spec,6,Serialization&Web Framework,,1,1.0,
droolsjbpm/drools,30b2e93ed1f031fc5a7d0279d117088b2f8a0af6,2019-01-29 13:11:57,org.jboss.spec.javax,javax.xml.bind:jaxb-api,Align JAXB and JAXWS APIs with Wildfly (#2191),org.jboss.spec.javax javax.xml.bind:jaxb-api,Align JAXB and JAXWS APIs with Wildfly (#2191)Align JAXB and JAXWS APIs with Wildfly (#2191)Align JAXB and JAXWS APIs with Wildfly (#2191)Align JAXB and JAXWS APIs with Wildfly (#2191),6,Serialization&Web Framework,,1,0.75,Integration
droolsjbpm/droolsjbpm-integration,91d279b54189577f60317f73a6b02a328f17a8df,2013-08-23 13:55:29,org.jboss.spec.javax,javax.servlet:servlet-api,BZ-999072 Replace javax.ejb/el/servlet/jsp by org.jboss.spec.ejb/el/servlet/servlet.jsp - Upgrades el-api from 1.2 to 2.2,org.jboss.spec.javax javax.servlet:servlet-api,"
BZ-999072 Replace javax.ejb/el/servlet/jsp by org.jboss.spec.ejb/el/servlet/servlet.jsp - Upgrades el-api from 1.2 to 2.2",10,Web Framework,,1,1.0,
droolsjbpm/droolsjbpm-integration,91d279b54189577f60317f73a6b02a328f17a8df,2013-08-23 13:55:29,org.jboss.spec.javax,javax.ejb:ejb-api,BZ-999072 Replace javax.ejb/el/servlet/jsp by org.jboss.spec.ejb/el/servlet/servlet.jsp - Upgrades el-api from 1.2 to 2.2,org.jboss.spec.javax javax.ejb:ejb-api,"
BZ-999072 Replace javax.ejb/el/servlet/jsp by org.jboss.spec.ejb/el/servlet/servlet.jsp - Upgrades el-api from 1.2 to 2.2",5,Web Framework,,1,1.0,Functionality
droolsjbpm/droolsjbpm-integration,1fed9383103fde4eef5c14fcfd2cb1943e128a06,2014-10-23 15:29:16,org.jboss.spec.javax,javax.xml.bind:jaxb-api,migration from jaxb-api to jboss-jaxb-api_2.2_spec,org.jboss.spec.javax javax.xml.bind:jaxb-api,migration from jaxb-api to jboss-jaxb-api_2.2_spec,6,Serialization&Web Framework,,1,1.0,
droolsjbpm/droolsjbpm-integration,ce7ce5c90fc7f509d5a3fd52a5091a7076da3a64,2015-09-22 13:36:50,org.jboss.spec.javax,javax.security.jacc:javax.security.jacc-api,"Replaced javax.security.jacc-api with jboss-jacc-api_1.4_spec

 * KIE projects need to use the JBoss spec files",org.jboss.spec.javax javax.security.jacc:javax.security.jacc-api,"
Replaced javax.security.jacc-api with jboss-jacc-api_1.4_spec",3,Web Framework,,1,1.0,Organization
droolsjbpm/droolsjbpm-integration,d30e3220efb72bba49180818d911d6f0462c3b0b,2019-01-29 13:03:04,javax.persistence:javax.persistence-api,org.hibernate.javax.persistence:hibernate-jpa-2.1-api,"Jboss ip bom 8.4.0.final (#1703)

* JBPM-7923 - Upgrade of hibernate to align with WildFly 14

(cherry picked from commit 1f76213f81f62019bb41197b92d76beb1f311c25)

* replaced org.hibernate.javax.persistence by javax.persistence",javax.persistence:javax.persistence-api org.hibernate.javax.persistence:hibernate-jpa-2.1-api,"
* replaced org.hibernate.javax.persistence by javax.persistence",13,Database,,1,0.95,Integration
droolsjbpm/droolsjbpm-knowledge,46ed00ac3844476566873e35bb9f32d890effcb5,2013-03-19 16:59:24,org.osgi:org.osgi,org.apache.felix:org.osgi,Replace org.apache.felix OSGi dependencies with org.osgi dependencies + Upgrade OSGi from 4.1.0 (hidden in felix's 1.4.0 jars) to 4.3.1,org.osgi:org.osgi org.apache.felix:org.osgi,"
Replace org.apache.felix OSGi dependencies with org.osgi dependencies + Upgrade OSGi from 4.1.0 (hidden in felix's 1.4.0 jars) to 4.3.1",17,Building,,1,0.9,
droolsjbpm/droolsjbpm-knowledge,640fadca0afe236b02c92cdb1bfbf386c0602e00,2014-10-23 15:16:12,org.jboss.spec.javax,javax.xml.bind:jaxb-api,migration from jaxb-api to jboss-jaxb-api_2.2_spec,org.jboss.spec.javax javax.xml.bind:jaxb-api,migration from jaxb-api to jboss-jaxb-api_2.2_spec,6,Serialization&Web Framework,,1,1.0,
droolsjbpm/droolsjbpm-knowledge,d7a25f4a7dcdfab5778f31f6e0a3487e2cd97af0,2019-01-29 13:11:50,org.jboss.spec.javax,javax.xml.bind:jaxb-api,Align JAXB and JAXWS APIs with Wildfly (#352),org.jboss.spec.javax javax.xml.bind:jaxb-api,Align JAXB and JAXWS APIs with Wildfly (#352)Align JAXB and JAXWS APIs with Wildfly (#352)Align JAXB and JAXWS APIs with Wildfly (#352)Align JAXB and JAXWS APIs with Wildfly (#352),6,Serialization&Web Framework,,1,0.75,Integration
droolsjbpm/drools-wb,a8d24d84bf2384f976bd0f2f3592cc945cf45c50,2014-04-30 10:27:10,org.jboss.spec.javax,javax.servlet:javax.servlet-api,replaced javax.servlet:javax.servlet-api by org.jboss.spec.javax.servlet:jboss-servlet-api_3.0_spec,org.jboss.spec.javax javax.servlet:javax.servlet-api,"
replaced javax.servlet:javax.servlet-api by org.jboss.spec.javax.servlet:jboss-servlet-api_3.0_spec",4,HTTP Clients&Web Framework,,1,1.0,
droolsjbpm/guvnor,332111daf6b199c1f0d8fbfb956d6febdb8f8746,2012-11-20 16:17:02,ch.qos.logback:logback,org.slf4j:slf4j,"""Class path constains multiple SFL4J bindings"" problem in guvnor + Switch from slf4j-log4j to slf4j-logback (just like drools-core)",ch.qos.logback:logback org.slf4j:slf4j,"
""Class path constains multiple SFL4J bindings"" problem in guvnor + Switch from slf4j-log4j to slf4j-logback (just like drools-core)",67,Logging,,1,0.9,Integration
droolsjbpm/guvnor,7104836b528b28c990782c2bf50ea2f85f5b2add,2013-03-19 17:03:05,org.osgi:org.osgi,org.apache.felix:org.osgi,Replace org.apache.felix OSGi dependencies with org.osgi dependencies + Upgrade OSGi from 4.1.0 (hidden in felix's 1.4.0 jars) to 4.3.1,org.osgi:org.osgi org.apache.felix:org.osgi,"
Replace org.apache.felix OSGi dependencies with org.osgi dependencies + Upgrade OSGi from 4.1.0 (hidden in felix's 1.4.0 jars) to 4.3.1",17,Building,,1,0.9,
droolsjbpm/guvnor,807940e0d28c90ff6fd10f64b5720d680e005e65,2014-04-29 09:43:47,org.jboss.spec.javax,javax.servlet:javax.servlet-api,replaced javax.servlet by org.jboss.spec.javax.servlet,org.jboss.spec.javax javax.servlet:javax.servlet-api,"
replaced javax.servlet by org.jboss.spec.javax.servlet",4,HTTP Clients&Web Framework,,1,1.0,
droolsjbpm/guvnor,9d40d7c7ca346d3f82cdbb946ff910b8150b40c2,2014-10-23 17:49:33,org.jboss.spec.javax,javax.xml.bind:jaxb-api,migration from jaxb-api to jboss-jaxb-api_2.2_spec,org.jboss.spec.javax javax.xml.bind:jaxb-api,migration from jaxb-api to jboss-jaxb-api_2.2_spec,6,Serialization&Web Framework,,1,1.0,
droolsjbpm/jbpm,4a85b4361e8f6a16e07018987255a5207e4ec4f2,2013-03-19 16:59:30,org.osgi:org.osgi,org.apache.felix:org.osgi,Replace org.apache.felix OSGi dependencies with org.osgi dependencies + Upgrade OSGi from 4.1.0 (hidden in felix's 1.4.0 jars) to 4.3.1,org.osgi:org.osgi org.apache.felix:org.osgi,"
Replace org.apache.felix OSGi dependencies with org.osgi dependencies + Upgrade OSGi from 4.1.0 (hidden in felix's 1.4.0 jars) to 4.3.1",17,Building,,1,0.9,
droolsjbpm/jbpm,71aab992d3eb4ca42e7f2104a97e36e9f51b5c49,2013-08-23 13:49:08,org.jboss.spec.javax,javax.ejb:ejb-api,BZ-999072 Replace javax.ejb/el/servlet/jsp by org.jboss.spec.ejb/el/servlet/servlet.jsp - Upgrades el-api from 1.2 to 2.2,org.jboss.spec.javax javax.ejb:ejb-api,"
BZ-999072 Replace javax.ejb/el/servlet/jsp by org.jboss.spec.ejb/el/servlet/servlet.jsp - Upgrades el-api from 1.2 to 2.2",5,Web Framework,,1,1.0,Functionality
droolsjbpm/jbpm,612fd7e4c507f60b947f81447c6d351d872cfb86,2015-07-15 10:51:09,org.reflections:reflections,org.scannotation:scannotation,"JBPM-4700 - Only use org.reflections, replace scannotations usage in jbpm-kie-services with org.reflections",org.reflections:reflections org.scannotation:scannotation,"
JBPM-4700 - Only use org.reflections, replace scannotations usage in jbpm-kie-services with org.reflections",3,Utility,,1,1.0,Simplification
droolsjbpm/jbpm,8ff9b1ac03af8aea0326f9d3f38b4cfcabd5515b,2019-01-29 13:02:58,javax.persistence:javax.persistence-api,org.hibernate.javax.persistence:hibernate-jpa-2.1-api,"JBPM-7923 - Upgrade of hibernate to align with WildFly 14 (#1425)

(cherry picked from commit 38b75153305a5563c799723431b298b0a2783239)

replaced hibernate-jpa-2.1-api by javax.persistence-api

removed dependency since duplicated classes were found",javax.persistence:javax.persistence-api org.hibernate.javax.persistence:hibernate-jpa-2.1-api,"
replaced hibernate-jpa-2.1-api by javax.persistence-api",13,Database,,1,1.0,Integration
droolsjbpm/jbpm-console-ng,cf990916c1b3be3716772ad000177fd17efa5dfb,2014-04-30 10:58:10,org.jboss.spec.javax,javax.servlet:jstl,replaced javax.servlet:jstl by org.jboss.spec.javax.servlet.jstl:jboss-jstl-api_1.2_spec,org.jboss.spec.javax javax.servlet:jstl,"
replaced javax.servlet:jstl by org.jboss.spec.javax.servlet.jstl:jboss-jstl-api_1.2_spec",3,Web Framework,,1,0.98,
droolsjbpm/jbpm-console-ng,ec1a16865f235e50a4deda171383e150def4f7d1,2017-10-25 15:46:15,org.uberfire:uberfire,org.guvnor:guvnor,AF-593+: Move Guvnor modules to uberfire and kie-wb-common. (#926),org.uberfire:uberfire org.guvnor:guvnor,"
AF-593+: Move Guvnor modules to uberfire and kie-wb-common.
(#926)",5,Web Framework,,1,0.82,
droolsjbpm/jbpm-console-ng,a1542fac880f695aa000cee2d5a0de99de405bd6,2017-11-03 15:21:04,org.kie.soup:kie-soup-dataset,org.dashbuilder:dashbuilder-dataset,AF-593+: Move dashbuilder-dataset to kie-soup. (#937),org.kie.soup:kie-soup-dataset org.dashbuilder:dashbuilder-dataset,"AF-593+: Move dashbuilder-dataset to kie-soup.
(#937)AF-593+: Move dashbuilder-dataset to kie-soup.
(#937)",9,Building,,1,0.82,
droolsjbpm/jbpm-console-ng,3e846999992639ced9317df2a528f7036665e1b8,2019-01-29 13:03:17,javax.persistence:javax.persistence-api,org.hibernate.javax.persistence:hibernate-jpa-2.1-api,replaced org.hibernate.persistence by javax.persistence (#1279),javax.persistence:javax.persistence-api org.hibernate.javax.persistence:hibernate-jpa-2.1-api,"
replaced org.hibernate.persistence by javax.persistence (#1279)",13,Database,,1,0.95,
droolsjbpm/kie-wb-distributions,acc0f9b11bd5b18a11d5ca2499ad65d2a121765f,2014-04-30 11:57:46,org.jboss.spec.javax,javax.servlet:jstl,replaced javax.servlet:jstl by org.jboss.spec.javax.servlet.jstl:jboss-jstl-api_1.2_spec,org.jboss.spec.javax javax.servlet:jstl,"
replaced javax.servlet:jstl by org.jboss.spec.javax.servlet.jstl:jboss-jstl-api_1.2_spec",3,Web Framework,,1,0.98,
droolsjbpm/kie-wb-distributions,e050cce8af2ea7e980530e4574ad2dab56f7008c,2017-10-25 15:46:22,org.uberfire:uberfire,org.guvnor:guvnor,AF-593+: Move Guvnor modules to uberfire and kie-wb-common. (#643),org.uberfire:uberfire org.guvnor:guvnor,"
AF-593+: Move Guvnor modules to uberfire and kie-wb-common.
(#643)",5,Web Framework,,1,0.82,
droolsjbpm/kie-wb-distributions,b30337eff50e50a8f14647dbb4368180858223a9,2017-11-03 15:21:11,org.kie.soup:kie-soup-dataset,org.dashbuilder:dashbuilder-dataset,AF-593+: Move dashbuilder-dataset to kie-soup. (#649),org.kie.soup:kie-soup-dataset org.dashbuilder:dashbuilder-dataset,"AF-593+: Move dashbuilder-dataset to kie-soup.
(#649)AF-593+: Move dashbuilder-dataset to kie-soup.
(#649)",9,Building,,1,0.82,
droolsjbpm/optaplanner,ee615d043449f4cfac6c30f676da2ef9a0804fb4,2011-12-04 16:26:32,ch.qos.logback:logback,org.slf4j:slf4j,switch from log4j to logback,ch.qos.logback:logback org.slf4j:slf4j,"
switch from log4j to logback",67,Logging,,1,0.98,
droolsjbpm/optaplanner,4d5d7fe0ecef12fe999a50a21ed5392d4243027b,2013-08-23 13:48:23,org.jboss.spec.javax,javax.servlet:servlet-api,BZ-999072 Replace javax.ejb/el/servlet/jsp by org.jboss.spec.ejb/el/servlet/servlet.jsp - Upgrades el-api from 1.2 to 2.2,org.jboss.spec.javax javax.servlet:servlet-api,"
BZ-999072 Replace javax.ejb/el/servlet/jsp by org.jboss.spec.ejb/el/servlet/servlet.jsp - Upgrades el-api from 1.2 to 2.2",10,Web Framework,,1,1.0,
droolsjbpm/optaplanner,2eb2e8d3143a7db8582b47005b5a429fec728831,2015-07-15 09:30:41,org.reflections:reflections,org.scannotation:scannotation,PLANNER-343 Switch from scannotation to org.reflections (which is also already used by kie and which is scannotation++) to fix war deployment problem,org.reflections:reflections org.scannotation:scannotation,"
PLANNER-343 Switch from scannotation to org.reflections (which is also already used by kie and which is scannotation++) to fix war deployment problem",3,Utility,,1,0.98,BugIssue
droolsjbpm/optaplanner,12bd78a6971aa235514ea8afed31b4819327f5cc,2019-01-29 13:02:47,javax.persistence:javax.persistence-api,org.hibernate.javax.persistence:hibernate-jpa-2.1-api,"Hibernate upgrade (#479)

* Upgrade optaplanner-persistence-jpa to work with hibernate 5.3+

(cherry picked from commit 9126288c3b578d0b939065a61b3e211706c4ab2a)

* Replace Hibernate's JPA API with javax.persistence-api

(cherry picked from commit 7f2ce0272ca47f09b73e5af8916323770e0119ce)",javax.persistence:javax.persistence-api org.hibernate.javax.persistence:hibernate-jpa-2.1-api,"
* Replace Hibernate's JPA API with javax.persistence-api",13,Database,,1,0.95,Integration
dropbox/dropbox-sdk-java,4b6c21012cca84f4458c87bc50686d04a3f224ff,2016-03-09 20:22:15,org.openjdk.jmh:jmh,com.google.caliper:caliper,Switch benchmark framework from Caliper to JMH.,org.openjdk.jmh:jmh com.google.caliper:caliper,"
Switch benchmark framework from Caliper to JMH.",4,Testing,,1,0.99,
dropwizard/dropwizard,1499ce53e731a42e31e31e90fb203f7f8e9bda4a,2012-10-08 03:55:04,com.fasterxml.jackson,org.yaml:snakeyaml,Use Jackson's YAML support.,com.fasterxml.jackson org.yaml:snakeyaml,"
Use Jackson's YAML support.",9,Serialization,,1,0.92,
dropwizard/dropwizard,ca8e29ebee36170d05f780fb63fd315ec716e34e,2012-10-08 03:57:14,com.beust:jcommander,commons-cli:commons-cli,Move from commons-cli to JCommander.,com.beust:jcommander commons-cli:commons-cli,"
Move from commons-cli to JCommander.",8,Utility,,1,0.99,
dropwizard/dropwizard,5775b737afea3be0a19087316a73966094df0d29,2014-07-21 08:38:31,org.assertj:assertj-core,org.easytesting:fest-assert,"Migrate from FEST 2 to AssertJ, fixes #493

In the future assertj-joda-time (http://joel-costigliola.github.io/assertj/assertj-joda-time.html) and
assertj-guava (http://joel-costigliola.github.io/assertj/assertj-guava.html) might also come in handy
for writing more concise tests for Dropwizard (which is using both, JodaTime and Google Guava).",org.assertj:assertj-core org.easytesting:fest-assert,"
Migrate from FEST 2 to AssertJ, fixes #493",34,Testing,,1,0.98,
dropwizard/metrics,e56f028b5155e8643d2422ef68cec508c21ef054,2014-03-23 21:21:33,org.openjdk.jmh:jmh,com.google.caliper:caliper,Migrate benchmarks from Caliper to JMH.,org.openjdk.jmh:jmh com.google.caliper:caliper,"
Migrate benchmarks from Caliper to JMH.",4,Testing,,1,0.99,
dropwizard/metrics,fc3f294bbf39c1becd400cb0338ca265a94ea1ee,2014-09-08 14:51:21,org.assertj:assertj-core,org.easytesting:fest-assert,"Replaced fest-assert-core with assertj-core

AssertJ is a fork of FEST, which itself doesn't seem to be maintained anymore.",org.assertj:assertj-core org.easytesting:fest-assert,"
Replaced fest-assert-core with assertj-core",34,Testing,,1,0.98,Deprecation
drtshock/Willie,b82c2b9b5b32cd23e5476eb39f02e97230f54765,2013-05-08 18:44:13,com.google.code.gson:gson,org.json:json,Switch to Gson,com.google.code.gson:gson org.json:json,Switch to Gson,20,Serialization,,1,0.96,
dschadow/JavaSecurity,ac4ddaf5438493551ef1bc8ca1508be0263567bf,2015-05-31 14:20:18,com.google.guava:guava,org.apache.commons:commons-lang3,Replaced Apache Commons with Google Guava,com.google.guava:guava org.apache.commons:commons-lang3,"
Replaced Apache Commons with Google Guava",4,Utility,,1,0.94,
dschadow/JavaSecurity,b380bf912dd49885682fad2d28c5aca640062e3e,2020-05-31 10:54:53,org.apache.logging.log4j:log4j,org.slf4j:slf4j,switched to log4j2,org.apache.logging.log4j:log4j org.slf4j:slf4j,"
switched to log4j2",111,Logging,,1,0.85,
DSpace/DSpace,7700d6a3b57295eb7bc3da2040f02e52ca9ec1a3,2020-02-13 19:43:47,org.mockito:mockito,org.jmockit:jmockit,Replace jmockit with mockito in dspace-services. Correct tests,org.mockito:mockito org.jmockit:jmockit,"
Replace jmockit with mockito in dspace-services.
Correct tests",4,Testing,,1,0.98,
DSRCorporation/imf-conversion,8e53af0ce6102c306328f58a1e5e092aa724c123,2016-04-29 11:08:44,org.apache.logging.log4j:log4j,org.slf4j:slf4j,- supported logging (log4j2).,org.apache.logging.log4j:log4j org.slf4j:slf4j,- supported logging (log4j2).- supported logging (log4j2).,111,Logging,,1,0.5,
dstl/baleen,bf1ed82e7419d59fa9ea1d61325dd41ee247cdfd,2018-03-12 11:33:47,io.github.lukehutch:fast-classpath-scanner,org.reflections:reflections,"Merged (#61)

* Update version number to 2.5.0-SNAPSHOT

* Update Swagger to 3.4.5

* Update dependency versions

* Update OpenCSV version

* Change from using the Reflections library to FastClasspathScanner, which is both faster and supports Java 9. Fixes #51.

* New servlet to retrieve default values (e.g. default ContentExtractor)

* Fix Issue #49 (Plankton should have default content extractor selected)

* Upgrade to Elasticsearch 5.6.4

* Rename UimaContentExtractor to PlainTextContentExtractor

* Add null check in to prevent collection reader hanging if metadata is missing

* Move away from IOUtils, which can cause freezing on large documents - Fixes Issue #50

* Remove deprecated APIs

* Add NCA copyright

* Add NCA copyright

* Add NCA copyright

* Add NCA copyright

* Add new Vulnerability type to type system

* New annotators: CVE, Epoch Time, IPv6 and Lenient URL

* New collection readers: CSV Folder, MBOX, SQL Cell, SQL DB Cell, SQL Row

* New consumers: Elastic-Kibana, Gremlin

* Add copyright statement

* Update version

* Remove use of deprecated function

* Update dependency versions

* Update dependency version

* Update test resources

* Update dependencies

* Fix issue with child nodes in JSoup

* Dependency updates

* Wrap Stream in a try-resource block so that it is closed after use.

I believe this would have been closed when it went out of scope anyway,
but the approach here ensures that is the case.

* Wrap ResultSet in a try-resource block so that it is closed after use.

* Wrap Stream in a try-resource block so that it is closed after use.

* Wrap Stream in a try-resource block so that it is closed after use.

* Wrap ResultSet in a try-resource block so that it is closed after use.

* Wrap resources in a try-resource block so that it is closed after use.

* Bug fix for cases where a file path is used rather than a URI

* Wrap ResultSet in a try-resource block so that it is closed after use.

* Ensure SQL resources are closed

* Change client variable to be of type TransportClient

* Remove incorrect Javadoc

* Make variable final",io.github.lukehutch:fast-classpath-scanner org.reflections:reflections,"
* Change from using the Reflections library to FastClasspathScanner, which is both faster and supports Java 9.
Fixes #51.",3,Utility,,1,0.98,Performance
dswarm/dswarm,767cd9fa35996779c09a4c20462192b9d14ef0ee,2014-05-26 14:14:52,ch.qos.logback:logback,log4j:log4j,[TASK][MAINTAIN][LOGGING] switched from log4j to logback (for slf4j),ch.qos.logback:logback log4j:log4j,"
[TASK][MAINTAIN][LOGGING] switched from log4j to logback (for slf4j)",58,Logging,,1,0.99,Integration
dswarm/dswarm,767cd9fa35996779c09a4c20462192b9d14ef0ee,2014-05-26 14:14:52,ch.qos.logback:logback,org.slf4j:slf4j,[TASK][MAINTAIN][LOGGING] switched from log4j to logback (for slf4j),ch.qos.logback:logback org.slf4j:slf4j,"
[TASK][MAINTAIN][LOGGING] switched from log4j to logback (for slf4j)",67,Logging,,1,0.99,
dzh/jframe,ad258f448ef0102d44923574d37e6be6d3ab663a,2014-10-19 01:33:22,com.google.code.gson:gson,com.alibaba:fastjson,"fix fastjson bugs, replace it with gson",com.google.code.gson:gson com.alibaba:fastjson,"
fix fastjson bugs, replace it with gson",4,Serialization,,1,0.99,BugIssue
EasyBatch/easybatch-framework,6911cc7b23f0ccdffffe80b2063b9d705a6f84d6,2015-02-21 23:17:46,org.assertj:assertj-core,org.easytesting:fest-assert,use assertj in favor of fest-assert,org.assertj:assertj-core org.easytesting:fest-assert,"
use assertj in favor of fest-assert",49,Testing,,1,0.95,
EasyinnovaSL/DPFManager,1586eaed571e176047a804be85d6a7f437cabc02,2016-06-17 09:07:38,com.h2database:h2,org.xerial:sqlite-jdbc,Changed database driver from sqlite to h2,com.h2database:h2 org.xerial:sqlite-jdbc,"
Changed database driver from sqlite to h2",4,Database,,1,0.99,
eclipse/californium,12101a4ef5c6051b8871f788ac5bc496f2b107a3,2017-11-08 18:10:08,ch.qos.logback:logback,org.slf4j:slf4j,[#398] Use logback as SLF4J implementation.,ch.qos.logback:logback org.slf4j:slf4j,"
[#398] Use logback as SLF4J implementation.",3,Logging,,1,0.5,
eclipse/che,d490e7c19fdb7f89d0782b7da97e06bccf798e43,2017-09-29 09:11:55,com.google.code.gson:gson,com.fasterxml.jackson,Parse object with GSON instead of jackson,com.google.code.gson:gson com.fasterxml.jackson,"
Parse object with GSON instead of jackson",11,Serialization,,1,0.97,
eclipse/gemini.blueprint,6008a2dd14e25375272213123a2d3d745ca0d868,2017-03-27 14:44:15,org.assertj:assertj-core,org.easytesting:fest-assert,"357903: Add support for BeanDefinitionRegistryPostProcessor
 - Integrated registry post processor support from Spring 4.3.x
 - Updated test framework with regard to Java 1.8
 - Replaced fest-assert with AssertJ as it is up-to-date and supports OSGi

Signed-off-by: Olaf Otto <olaf@x100.de>",org.assertj:assertj-core org.easytesting:fest-assert,"
- Updated test framework with regard to Java 1.8
- Replaced fest-assert with AssertJ as it is up-to-date and supports OSGi",49,Testing,,1,0.98,Integration
eclipse/jetty.project,15c5e54628dba8cb99483e06e29ed2f4ec780ab7,2010-05-24 21:40:31,junit:junit,org.testng:testng,"313205 - Unable to run tests on /test/test-sessions/test-jdbc-sessions

* Removed testng in favor of junit 4.x (so that MavenTestingUtils
  utility class could be used)
* Made derby in test-jdbc-sessions use test specific maven target
  directory location as derby.system.home to eliminate /tmp/sessions
  bogus locked and read-only errors.

git-svn-id: svn+ssh://dev.eclipse.org/svnroot/rt/org.eclipse.jetty/jetty/trunk@1856 7e9141cc-0065-0410-87d8-b60c137991c4",junit:junit org.testng:testng,"313205 - Unable to run tests on /test/test-sessions/test-jdbc-sessions
313205 - Unable to run tests on /test/test-sessions/test-jdbc-sessions
",47,Testing,,1,1.0,Functionality
eclipse/jkube,8a03b82364f9b4aeb771179ab62aa690b89bc078,2021-03-09 14:07:06,org.assertj:assertj-core,org.hamcrest:hamcrest,"fix: Helm linter no longer fails with generated charts

+ updated jkube-kit-resource-helm to use assertj instead of hamcrest

Signed-off-by: Marc Nuri <marc@marcnuri.com>",org.assertj:assertj-core org.hamcrest:hamcrest,"
+ updated jkube-kit-resource-helm to use assertj instead of hamcrest",5,Testing,,1,1.0,
eclipse/leshan,18f3063b7b0f6efcb049410f7374aad6dd1b263d,2016-11-15 16:22:29,org.slf4j:slf4j,org.apache.logging.log4j:log4j,"use slf4j-simple in place of log4j2 for client

log4j2 is not compatible with JRE embedded
so for the client it's preferable to use the lighter sl4j-simple",org.slf4j:slf4j org.apache.logging.log4j:log4j,"
use slf4j-simple in place of log4j2 for client",5,Logging,,1,1.0,Integration
eclipse/leshan,d103207068a01db6d8709d4ebf971bdc2692d69b,2018-01-10 13:54:37,ch.qos.logback:logback,org.apache.logging.log4j:log4j,Use logback instead of log4j2,ch.qos.logback:logback org.apache.logging.log4j:log4j,"
Use logback instead of log4j2",17,Logging,,1,1.0,
eclipse/lyo.core,6c753f52992fb7549f88507e6dca7ecca9777a11,2017-07-18 15:58:47,org.slf4j:slf4j,log4j:log4j,"Bug 513477 - Replace log4j with slf4j in core

And do some small refactoring by extracting code to methods as well as
inverting if conditions (eg if(!a){then}else{return} becomes if(a){return}then).
This saves us space in case of many nested blocks and eliminates the
need to keep all the if conditions in the memory while reading the code.

Exclude slf4j-log4j12 (concrete impl) from the used Jena libraries (they
have fixed the issue only in Jena 3).

Change-Id: I1e4a74074647a1f8f929bbc0691c20fecc921dfe
Signed-off-by: Andrew Berezovskyi <andriib@kth.se>",org.slf4j:slf4j log4j:log4j,"
Bug 513477 - Replace log4j with slf4j in core",73,Logging,,1,1.0,
eclipse/rdf4j,7bb6aafc2c84e1069f8047f0b1816cad7ae962b7,2016-09-23 17:30:30,org.apache.logging.log4j:log4j,org.slf4j:slf4j,"Fix #577  : Implement log4j2 logger

- add log4j2.yml config file
- add required dependencies
Signed-off-by:Jacek Grzebyta <grzebyta.dev@gmail.com>",org.apache.logging.log4j:log4j org.slf4j:slf4j,"
Fix #577  : Implement log4j2 logger",5,Logging,,1,0.75,
eclipse/rdf4j,6ff01556d09c369a47f692b1e6b6e46e07737de7,2016-11-21 06:26:03,ch.qos.logback:logback,org.slf4j:slf4j,"#657 solr unit tests now use logback config at WARNING level

added log4j legacy bridge, removed slf4j-simple logger impl.

Signed-off-by: Jeen Broekstra <jeen.broekstra@gmail.com>",ch.qos.logback:logback org.slf4j:slf4j,"
added log4j legacy bridge, removed slf4j-simple logger impl.",13,Logging,,1,0.8,
eclipse/rdf4j,6ff01556d09c369a47f692b1e6b6e46e07737de7,2016-11-21 06:26:03,org.slf4j:log4j-over-slf4j,org.slf4j:slf4j,"#657 solr unit tests now use logback config at WARNING level

added log4j legacy bridge, removed slf4j-simple logger impl.

Signed-off-by: Jeen Broekstra <jeen.broekstra@gmail.com>",org.slf4j:log4j-over-slf4j org.slf4j:slf4j,"
added log4j legacy bridge, removed slf4j-simple logger impl.",3,Logging,,1,0.8,
eclipse/rdf4j,d0728d72f53d4252fe4b03857424836b99cd4642,2018-04-17 14:09:51,org.assertj:assertj-core,org.hamcrest:hamcrest,"Import AssertJ in place of Hamcrest.

Add AssertJ wherever Hamcrest was being used.

Signed-off-by: Joseph Walton <joe@kafsemo.org>",org.assertj:assertj-core org.hamcrest:hamcrest,"Import AssertJ in place of Hamcrest.
",7,Testing,,1,1.0,
eclipse/rdf4j,13e64a9721cca78402f8a282207b7162f1e22b60,2019-03-25 23:07:50,org.apache.commons:commons-text,commons-lang:commons-lang,"Use commons-lang3 and commons-text instead of commons-lang
Signed-off-by:Bart Hanssens <bart.hanssens@bosa.fgov.be>",org.apache.commons:commons-text commons-lang:commons-lang,"
Use commons-lang3 and commons-text instead of commons-lang
Signed-off-by:Bart Hanssens <bart.hanssens@bosa.fgov.be>",14,Utility,,1,0.9,
eclipse/tycho,2e15bc2de65cab636d6c2ed1b22f993c91d901dd,2015-02-06 12:50:49,org.mockito:mockito,org.easymock:easymock,"Switching tests from easymock to mockito, removing all easymock
dependencies

Change-Id: I50865805f5f2059d1fd59eb12629ac53cb070d33
Signed-off-by: Martin Schreiber <m.schreiber@bachmann.info>",org.mockito:mockito org.easymock:easymock,"
Switching tests from easymock to mockito, removing all easymock
dependencies",15,Testing,,1,1.0,
eclipse/vorto,822580a36473c70de2fb6964e5e6a9e9de921087,2018-10-18 06:25:09,com.google.code.gson:gson,com.fasterxml.jackson,Removed dependency to jackson json library in mapping engine. Removed unused javascript code in mapping editor.,com.google.code.gson:gson com.fasterxml.jackson,"Removed dependency to jackson json library in mapping engine.
Removed unused javascript code in mapping editor.",11,Serialization,,1,1.0,
ecsec/open-ecard,e0ed017960907bf51c048dd64d26ce05c8fe2616,2014-07-23 12:18:05,com.google.code.gson:gson,org.json:json,Use Gson lib in applet and fix its build due to cif module,com.google.code.gson:gson org.json:json,Use Gson lib in applet and fix its build due to cif module,20,Serialization,,1,0.8,
Ecwid/ecwid-mailchimp,325c584afb5d907da685e07e8038e71a80798224,2012-09-15 17:21:26,org.testng:testng,junit:junit,"1. testng instead of junit
2. security methods added
3. refactoring",org.testng:testng junit:junit,"
1.
testng instead of junit
2.",23,Testing,,1,1.0,
egovernments/eGov,e5aa38eb80458e24ff5e13a4205a4002fe35cea1,2015-10-12 11:18:06,org.flywaydb:flyway-core,org.liquibase:liquibase-core,[PHOENIX-139] Moved from liquibase to flyway,org.flywaydb:flyway-core org.liquibase:liquibase-core,"
[PHOENIX-139] Moved from liquibase to flyway",3,Database,,1,1.0,
ekoontz/solr,9aa46e807806f82acabf4a24bbec44b59efb6f7a,2008-09-26 14:07:05,org.apache.geronimo.specs:geronimo,stax:stax-api,"SOLR-787 -- Changed SolrJ POM to refer to woodstox implementation instead of stax as a dependency.

git-svn-id: https://svn.apache.org/repos/asf/lucene/solr/trunk@699333 13f79535-47bb-0310-9956-ffa450edef68",org.apache.geronimo.specs:geronimo stax:stax-api,"
SOLR-787 -- Changed SolrJ POM to refer to woodstox implementation instead of stax as a dependency.",5,Serialization&Web Framework,,1,0.6,
EKT/Biblio-Transformation-Engine,cc62e57574d67b834e9441af840b8b255fb06fc1,2013-11-01 08:30:09,org.apache.poi:poi,net.sourceforge.jexcelapi:jxl,Change the ExcelDataLoader to use the apache poi API instead of jxl,org.apache.poi:poi net.sourceforge.jexcelapi:jxl,"
Change the ExcelDataLoader to use the apache poi API instead of jxl",6,Utility,,1,1.0,
elastic/elasticsearch-transport-thrift,001bc6f5ad283096d54c7f3ccddf6799f659d11f,2013-09-02 15:47:52,junit:junit,org.testng:testng,"Move tests to JUnit.
Closes #9.",junit:junit org.testng:testng,"
Move tests to JUnit.",47,Testing,,1,1.0,
elasticsoftwarefoundation/elasticactors,ef3a19f5a3e7bddac7f28a0aa2e530041757d4c9,2019-10-15 08:34:04,org.slf4j:slf4j,org.apache.logging.log4j:log4j,"Port to SLF4J, better dependency handling, add maven enforcer plugin",org.slf4j:slf4j org.apache.logging.log4j:log4j,"
Port to SLF4J, better dependency handling, add maven enforcer plugin",5,Logging,,1,1.0,Usability
eldur/jwbf,2ab7f5599692a92cfc1feaa244f98fe849b4c388,2011-12-18 18:02:18,org.slf4j:slf4j,log4j:log4j,~ replace log4 with slf4j using lombok,org.slf4j:slf4j log4j:log4j,"
~ replace log4 with slf4j using lombok",73,Logging,,1,1.0,
ElrondNetwork/elrond-node-prototype,56e2ed8597c1639ce515ddf3576ac44ac61de850,2018-06-05 07:08:57,com.madgag.spongycastle:core,org.bouncycastle,replace bouncycastle with spongycastle,com.madgag.spongycastle:core org.bouncycastle,"
replace bouncycastle with spongycastle",5,Web Framework,,1,1.0,
emorynlp/nlp4j,543a2721410f09c92f96eb85307d37dd259ccb00,2016-05-20 14:22:30,org.slf4j:slf4j,log4j:log4j,remove log4j dependency and use slf4j interfaces instead,org.slf4j:slf4j log4j:log4j,"
remove log4j dependency and use slf4j interfaces instead",73,Logging,,1,1.0,
emsouza/gilead,d14ca8b59e4a304b58fdc6e005ff6496f5f89ba3,2017-07-28 12:54:23,org.slf4j:slf4j,log4j:log4j,Migrate log api to slf4j.,org.slf4j:slf4j log4j:log4j,"
Migrate log api to slf4j.",73,Logging,,1,1.0,
EnMasseProject/amqp-kafka-bridge,fa9d93e26fbd1a022bbd5feb1c076b877494d793,2020-05-25 21:55:53,org.apache.logging.log4j:log4j,org.slf4j:slf4j,"Use log4j2 (#412)

* Use log4j2

Signed-off-by: Stanislav Knot <sknot@redhat.com>

* changelog

Signed-off-by: Stanislav Knot <sknot@redhat.com>",org.apache.logging.log4j:log4j org.slf4j:slf4j,"
Use log4j2 (#412)",111,Logging,,1,1.0,
enonic/xp,ff2f4bc97c9e9e7de1f904330ca60c7929a96022,2013-12-17 16:17:35,com.samskivert:jmustache,com.github.spullara.mustache.java:compiler,Replaced mustache with a smaller engine.,com.samskivert:jmustache com.github.spullara.mustache.java:compiler,"
Replaced mustache with a smaller engine.",4,Utility,,1,1.0,SizeComplexity
enonic/xp,d20b3df61541357f7d99425212281867e0729005,2014-06-30 11:36:11,org.jboss.resteasy:resteasy,com.sun.jersey:jersey,CMS-3768 Use resteasy instead of jersey in admin.,org.jboss.resteasy:resteasy com.sun.jersey:jersey,"
CMS-3768 Use resteasy instead of jersey in admin.",3,Web Framework,,1,1.0,
ePADD/epadd,767ef6b315ef718ea34c0fefbafa8747bea716dc,2019-12-18 15:36:01,org.apache.logging.log4j:log4j,org.slf4j:slf4j,Moving to log4j2 from log4j 1.x,org.apache.logging.log4j:log4j org.slf4j:slf4j,"
Moving to log4j2 from log4j 1.x",69,Logging,,1,0.9,
epam/parso,af7a3cbc05565cda320ba2fab508a1fe9de74d11,2020-11-27 15:11:53,org.assertj:assertj-core,org.easytesting:fest-assert,#72: replaced outdated fest-assert with assertj,org.assertj:assertj-core org.easytesting:fest-assert,"
#72: replaced outdated fest-assert with assertj",49,Testing,,1,1.0,Deprecation
ericlemerdy/web-kanban,1ba150e4b047a271dfef3adec823e3ca0b272e98,2015-05-15 15:36:53,org.assertj:assertj-core,org.easytesting:fest-assert,Migrate from fest assert to assertj,org.assertj:assertj-core org.easytesting:fest-assert,"Migrate from fest assert to assertj
",49,Testing,,1,1.0,
errai/errai,513b208db14b5db96f22d40721ed22ee9c764771,2012-09-13 15:38:56,com.h2database:h2,org.hsqldb:hsqldb,"Implemented both the 2 and 3 arg variants of JPQL locate() function

Also switched to the H2 database from HSQLDB because H2 has a better-behaved TRIM() function",com.h2database:h2 org.hsqldb:hsqldb,"
Also switched to the H2 database from HSQLDB because H2 has a better-behaved TRIM() function",14,Database,,1,1.0,Functionality
errai/errai,422165b1b702624f130b40eb2cdc3d42425be3da,2019-01-29 13:01:16,javax.persistence:javax.persistence-api,org.hibernate.javax.persistence:hibernate-jpa-2.1-api,"hibernate and jboss-ip-bom upgrade (#373)

ERRAI-1118: changes required for hibernate upgrade to 5.3.6.Final

(cherry picked from commit 47f3d4be363b9d2b45dd4f6131b2c2107a7b467b)

replaced org.hibernate.javax.persistence by javax.persistence

upgraded jboss-ip-bom",javax.persistence:javax.persistence-api org.hibernate.javax.persistence:hibernate-jpa-2.1-api,"
replaced org.hibernate.javax.persistence by javax.persistence",13,Database,,1,0.8,Integration
Erudika/para,3c4e962bf45d90a99376ae62d57ac89ba911f856,2016-09-21 16:27:32,com.samskivert:jmustache,com.github.spullara.mustache.java:compiler,switched to jMustache library for Mustache compilation,com.samskivert:jmustache com.github.spullara.mustache.java:compiler,"
switched to jMustache library for Mustache compilation",4,Utility,,1,1.0,
esig/dss-demonstrations,0ea6b043771591caebbcf481ef6a0a8aa4702dac,2018-10-11 13:18:37,com.zaxxer:HikariCP,commons-dbcp:commons-dbcp,Migrate from commons-dbcp to hikariCP,com.zaxxer:HikariCP commons-dbcp:commons-dbcp,"
Migrate from commons-dbcp to hikariCP",5,Database,,1,1.0,
esigate/esigate,f842af43e00e552a35e11d1b25491f5e6d83a70b,2011-02-17 15:36:39,org.slf4j:slf4j,commons-logging:commons-logging,#33: move to slf4j from commons-logging,org.slf4j:slf4j commons-logging:commons-logging,"#33: move to slf4j from commons-logging
",39,Logging,,1,1.0,
esigate/esigate,f842af43e00e552a35e11d1b25491f5e6d83a70b,2011-02-17 15:36:39,org.slf4j:jcl-over-slf4j,commons-logging:commons-logging,#33: move to slf4j from commons-logging,org.slf4j:jcl-over-slf4j commons-logging:commons-logging,"#33: move to slf4j from commons-logging
",22,Logging,,1,1.0,
espertechinc/esper,645a97e4e0bf70568f293646628eeb60eaffaf4f,2016-10-24 22:04:40,org.slf4j:slf4j,commons-logging:commons-logging,merge replace commons-logging with SLF4J,org.slf4j:slf4j commons-logging:commons-logging,"
merge replace commons-logging with SLF4J",39,Logging,,1,1.0,
ethereum/ethereumj,348ae7617a6063bd074049ef228d26f1f66c2590,2014-05-04 21:26:06,com.madgag.spongycastle:core,org.bouncycastle,"Overhaul crypto/hash, removed samples and switch to spongycastle",com.madgag.spongycastle:core org.bouncycastle,"
Overhaul crypto/hash, removed samples and switch to spongycastle",5,Web Framework,,1,1.0,
europeana/corelib,f0bb49baac061af2e361bbb8747b7011c2efb20d,2017-10-06 15:09:00,org.apache.logging.log4j:log4j,log4j:apache-log4j-extras,"#791 Upgrade to log4j2

The log4j stuff used in unit testing is upgraded to log4j2 style already, the rest can follow later
Also the deprecated ConfigInterceptor class has been removed",org.apache.logging.log4j:log4j log4j:apache-log4j-extras,"
#791 Upgrade to log4j2",10,Logging,,1,0.8,Deprecation
Evolveum/midpoint,818f76d24f1c19524135c057e4f38a7c7c083279,2011-09-14 10:50:47,ch.qos.logback:logback,log4j:log4j,Switch log4j -> logback,ch.qos.logback:logback log4j:log4j,"
Switch log4j  laifuhewb  logback",58,Logging,,1,1.0,
Evolveum/midpoint,818f76d24f1c19524135c057e4f38a7c7c083279,2011-09-14 10:50:47,ch.qos.logback:logback,org.slf4j:slf4j,Switch log4j -> logback,ch.qos.logback:logback org.slf4j:slf4j,"
Switch log4j  laifuhewb  logback",67,Logging,,1,1.0,
Evolveum/midpoint,818f76d24f1c19524135c057e4f38a7c7c083279,2011-09-14 10:50:47,org.slf4j:log4j-over-slf4j,org.slf4j:slf4j,Switch log4j -> logback,org.slf4j:log4j-over-slf4j org.slf4j:slf4j,"
Switch log4j  laifuhewb  logback",26,Logging,,1,1.0,
Evolveum/midpoint,818f76d24f1c19524135c057e4f38a7c7c083279,2011-09-14 10:50:47,org.slf4j:log4j-over-slf4j,log4j:log4j,Switch log4j -> logback,org.slf4j:log4j-over-slf4j log4j:log4j,"Switch log4j  laifuhewb  logback
",27,Logging,,1,1.0,
Evolveum/midpoint,5b13bba5607047211e7a8f3376d9dacc394d4569,2018-03-01 17:03:01,com.zaxxer:HikariCP,com.mchange:c3p0,"nasty switch from c3p0 to hikariCP, works, but needs real cleanup before it can be merged to master",com.zaxxer:HikariCP com.mchange:c3p0,"
nasty switch from c3p0 to hikariCP, works, but needs real cleanup before it can be merged to master",7,Database,,1,1.0,
evrignaud/fim,eb023c799ea23e96292259a474e77153e16eb2a6,2017-02-16 14:55:34,com.fasterxml.jackson,com.google.code.gson:gson,:rocket: Move from Gson to Jackson to have a more efficient serializer (https://github.com/fabienrenaud/java-json-benchmark). Force also to use setters and getters to be able use String.intern(). This reduces the amount of memory needed to load a State file.,com.fasterxml.jackson com.google.code.gson:gson,"
:rocket: Move from Gson to Jackson to have a more efficient serializer (https://github.com/fabienrenaud/java-json-benchmark).
Force also to use setters and getters to be able use String.intern().",34,Serialization,,1,1.0,Performance
exomiser/Exomiser,a80322b738eb75e19077688eba31dd39184d0b96,2014-04-24 13:33:55,org.apache.logging.log4j:log4j,org.slf4j:slf4j,"Updated logging framework to use log4j2.
Started to change use of System.out.println to use loggers.
Commented out redundant create tables in ExomiserDatabase.",org.apache.logging.log4j:log4j org.slf4j:slf4j,"
Updated logging framework to use log4j2.",111,Logging,,1,0.85,
exomiser/Exomiser,ec60606ea3b9c73bade7368c6a2a011bf5fb1702,2015-07-10 13:39:29,ch.qos.logback:logback,org.apache.logging.log4j:log4j,Changed logger implementation to from log4j2 to logback as this has a really nice simple groovy configuration.,ch.qos.logback:logback org.apache.logging.log4j:log4j,"
Changed logger implementation to from log4j2 to logback as this has a really nice simple groovy configuration.",11,Logging,,1,1.0,Usability
expretio/capnp-maven-plugin,c400b42afb27e30a59c46929886956169a13b661,2015-12-08 20:37:14,com.google.guava:guava,commons-io:commons-io,Using guava instead of apache commons-io.,com.google.guava:guava commons-io:commons-io,"
Using guava instead of apache commons-io.",4,Utility,,1,0.9,
fabric8io/docker-maven-plugin,d51ca2a39f4006e0689b9db5610ba20cfa9d0604,2018-09-25 09:39:56,com.google.code.gson:gson,org.json:json,"This replaces org.json with GSON. (#1073)

Replace org.json with GSON 

Fixes #1016 and #1064.

Signed-off-by: Ronald DiFrango ronald.difrango@capitalone.com",com.google.code.gson:gson org.json:json,"
This replaces org.json with GSON.
(#1073)",20,Serialization,,1,1.0,
fabric8io/fabric8,a4db39acc57da79a87aa3c90886d3b27faecb4df,2012-07-06 16:15:32,ch.qos.logback:logback,log4j:log4j,switched sample to logback and enabled file logging,ch.qos.logback:logback log4j:log4j,"
switched sample to logback and enabled file logging",58,Logging,,1,1.0,
fabric8io/fabric8,a2330a1eeed257d26dc79925d7c01c985d020064,2014-10-17 14:16:17,org.assertj:assertj-core,org.easytesting:fest-assert,switched to the better documented assertj,org.assertj:assertj-core org.easytesting:fest-assert,"
switched to the better documented assertj",34,Testing,,1,0.95,Usability
fabric8io/kubernetes-client,ed6bc137f1c73f5721db8e3b1a643befa7f87a40,2019-10-26 11:24:57,org.slf4j:slf4j,org.apache.logging.log4j:log4j,"chore: cleanup log4j dependency from project

The SLF4J is used as logging dependency, log4j is used only on tests, so this replaces the log4j declaration for slf4j-simple in the test scope.

This cleanup helps to reduce the dependencies used in the project and keep a single implementation in place.

This also removes the unnecessary dependency on jul-to-slf4j, which ends up being transitively included in projects that use kubernetes-client.",org.slf4j:slf4j org.apache.logging.log4j:log4j,"
The SLF4J is used as logging dependency, log4j is used only on tests, so this replaces the log4j declaration for slf4j-simple in the test scope.",5,Logging,,1,0.8,Simplification
facebook/presto,8bc19dbc5ccda961a79c46206d680e4905d94ca6,2020-06-10 16:11:18,org.elasticsearch.client:elasticsearch-rest,org.elasticsearch.client:transport,"Update Elasticsearch connector to use Elasticsearch Http client

Cherry-pick of https://github.com/prestosql/presto/commit/739d074bd8e6475af8af0ee53c82bb2ae19b90b3

Co-authored-by: Martin Traverso mtraverso@gmail.com",org.elasticsearch.client:elasticsearch-rest org.elasticsearch.client:transport,"
Update Elasticsearch connector to use Elasticsearch Http client",10,Database,,1,0.9,
facebook/presto,8bc19dbc5ccda961a79c46206d680e4905d94ca6,2020-06-10 16:11:18,org.apache.httpcomponents,org.elasticsearch.client:transport,"Update Elasticsearch connector to use Elasticsearch Http client

Cherry-pick of https://github.com/prestosql/presto/commit/739d074bd8e6475af8af0ee53c82bb2ae19b90b3

Co-authored-by: Martin Traverso mtraverso@gmail.com",org.apache.httpcomponents org.elasticsearch.client:transport,"
Update Elasticsearch connector to use Elasticsearch Http client",4,Database&HTTP Clients,,1,0.9,
fakereplace/fakereplace,8748fb56532c5f6dabe5457333506e891a386623,2012-04-03 22:22:04,junit:junit,org.testng:testng,Change to JUnit and add beginings of AS7 tests,junit:junit org.testng:testng,"
Change to JUnit and add beginings of AS7 tests",47,Testing,,1,1.0,
fakereplace/fakereplace,8748fb56532c5f6dabe5457333506e891a386623,2012-04-03 22:22:04,org.jboss.arquillian,org.testng:testng,Change to JUnit and add beginings of AS7 tests,org.jboss.arquillian org.testng:testng,"
Change to JUnit and add beginings of AS7 tests",7,Testing,,1,1.0,
fakereplace/fakereplace,8748fb56532c5f6dabe5457333506e891a386623,2012-04-03 22:22:04,junit:junit,org.jboss.arquillian,Change to JUnit and add beginings of AS7 tests,junit:junit org.jboss.arquillian,"
Change to JUnit and add beginings of AS7 tests",3,Testing,,1,1.0,
FamilySearch/gedcomx-java,e6727ae0d1bc2ade6782c8d00398884644e00af3,2019-01-12 00:04:34,junit:junit,org.testng:testng,Switch from testng to junit and update to latest 4 version (4.12),junit:junit org.testng:testng,"
Switch from testng to junit and update to latest 4 version (4.12)",47,Testing,,1,1.0,
fawad1997/SpringWebAPI,1230fa1723715194d4b5b5feae68705793eb5549,2020-04-15 06:50:18,mysql:mysql-connector-java,com.h2database:h2,Using MySQL instead of H2,mysql:mysql-connector-java com.h2database:h2,"
Using MySQL instead of H2",5,Database,,1,0.8,
fbacchella/LogHub,148028377ac2015b788359928e177d0d343b935d,2018-06-12 08:31:43,javax.cache:cache-api,net.sf.ehcache:ehcache,"Migrating to jcache, using ehcache as a backend.",javax.cache:cache-api net.sf.ehcache:ehcache,"
Migrating to jcache, using ehcache as a backend.",5,Database&Building,,1,0.75,
fcrepo3/fcrepo,1dd11c2fc12e5d18369d059d801b2c4b7b3bbf75,2010-02-18 13:36:06,org.slf4j:slf4j,commons-logging:commons-logging,"Addresses FCREPO-630 by sending all log requests to slf4j at runtime, using logback as the underlying implementation.  This changeset does not (yet) modify any Fedora classes to use the slf4j api; it just redirects everything (log4j, commons-logging, and java.util.logging) to slf4j, which is configured to use logback.
As per FCREPO-639, the logback configuration for the Fedora webapp is set to allow changes to be made to log configuration without restarting.",org.slf4j:slf4j commons-logging:commons-logging,"
Addresses FCREPO-630 by sending all log requests to slf4j at runtime, using logback as the underlying implementation.
This changeset does not (yet) modify any Fedora classes to use the slf4j api; it just redirects everything (log4j, commons-logging, and java.util.logging) to slf4j, which is configured to use logback.",39,Logging,,1,0.85,
fcrepo3/fcrepo,1dd11c2fc12e5d18369d059d801b2c4b7b3bbf75,2010-02-18 13:36:06,ch.qos.logback:logback,log4j:log4j,"Addresses FCREPO-630 by sending all log requests to slf4j at runtime, using logback as the underlying implementation.  This changeset does not (yet) modify any Fedora classes to use the slf4j api; it just redirects everything (log4j, commons-logging, and java.util.logging) to slf4j, which is configured to use logback.
As per FCREPO-639, the logback configuration for the Fedora webapp is set to allow changes to be made to log configuration without restarting.",ch.qos.logback:logback log4j:log4j,"
Addresses FCREPO-630 by sending all log requests to slf4j at runtime, using logback as the underlying implementation.
This changeset does not (yet) modify any Fedora classes to use the slf4j api; it just redirects everything (log4j, commons-logging, and java.util.logging) to slf4j, which is configured to use logback.",58,Logging,,1,0.85,Functionality
fcrepo3/fcrepo,1dd11c2fc12e5d18369d059d801b2c4b7b3bbf75,2010-02-18 13:36:06,org.slf4j:log4j-over-slf4j,log4j:log4j,"Addresses FCREPO-630 by sending all log requests to slf4j at runtime, using logback as the underlying implementation.  This changeset does not (yet) modify any Fedora classes to use the slf4j api; it just redirects everything (log4j, commons-logging, and java.util.logging) to slf4j, which is configured to use logback.
As per FCREPO-639, the logback configuration for the Fedora webapp is set to allow changes to be made to log configuration without restarting.",org.slf4j:log4j-over-slf4j log4j:log4j,"
Addresses FCREPO-630 by sending all log requests to slf4j at runtime, using logback as the underlying implementation.
This changeset does not (yet) modify any Fedora classes to use the slf4j api; it just redirects everything (log4j, commons-logging, and java.util.logging) to slf4j, which is configured to use logback.",27,Logging,,1,0.85,
fcrepo3/fcrepo,1dd11c2fc12e5d18369d059d801b2c4b7b3bbf75,2010-02-18 13:36:06,ch.qos.logback:logback,org.slf4j:slf4j,"Addresses FCREPO-630 by sending all log requests to slf4j at runtime, using logback as the underlying implementation.  This changeset does not (yet) modify any Fedora classes to use the slf4j api; it just redirects everything (log4j, commons-logging, and java.util.logging) to slf4j, which is configured to use logback.
As per FCREPO-639, the logback configuration for the Fedora webapp is set to allow changes to be made to log configuration without restarting.",ch.qos.logback:logback org.slf4j:slf4j,"
Addresses FCREPO-630 by sending all log requests to slf4j at runtime, using logback as the underlying implementation.
This changeset does not (yet) modify any Fedora classes to use the slf4j api; it just redirects everything (log4j, commons-logging, and java.util.logging) to slf4j, which is configured to use logback.",67,Logging,,1,0.85,Simplification
fcrepo3/fcrepo,1dd11c2fc12e5d18369d059d801b2c4b7b3bbf75,2010-02-18 13:36:06,org.slf4j:log4j-over-slf4j,org.slf4j:slf4j,"Addresses FCREPO-630 by sending all log requests to slf4j at runtime, using logback as the underlying implementation.  This changeset does not (yet) modify any Fedora classes to use the slf4j api; it just redirects everything (log4j, commons-logging, and java.util.logging) to slf4j, which is configured to use logback.
As per FCREPO-639, the logback configuration for the Fedora webapp is set to allow changes to be made to log configuration without restarting.",org.slf4j:log4j-over-slf4j org.slf4j:slf4j,"
Addresses FCREPO-630 by sending all log requests to slf4j at runtime, using logback as the underlying implementation.
This changeset does not (yet) modify any Fedora classes to use the slf4j api; it just redirects everything (log4j, commons-logging, and java.util.logging) to slf4j, which is configured to use logback.",26,Logging,,1,0.85,Simplification
fcrepo3/fcrepo,1dd11c2fc12e5d18369d059d801b2c4b7b3bbf75,2010-02-18 13:36:06,org.slf4j:slf4j,log4j:log4j,"Addresses FCREPO-630 by sending all log requests to slf4j at runtime, using logback as the underlying implementation.  This changeset does not (yet) modify any Fedora classes to use the slf4j api; it just redirects everything (log4j, commons-logging, and java.util.logging) to slf4j, which is configured to use logback.
As per FCREPO-639, the logback configuration for the Fedora webapp is set to allow changes to be made to log configuration without restarting.",org.slf4j:slf4j log4j:log4j,"
Addresses FCREPO-630 by sending all log requests to slf4j at runtime, using logback as the underlying implementation.
This changeset does not (yet) modify any Fedora classes to use the slf4j api; it just redirects everything (log4j, commons-logging, and java.util.logging) to slf4j, which is configured to use logback.",73,Logging,,1,0.85,Simplification
fcrepo3/fcrepo,1dd11c2fc12e5d18369d059d801b2c4b7b3bbf75,2010-02-18 13:36:06,org.slf4j:jcl-over-slf4j,commons-logging:commons-logging,"Addresses FCREPO-630 by sending all log requests to slf4j at runtime, using logback as the underlying implementation.  This changeset does not (yet) modify any Fedora classes to use the slf4j api; it just redirects everything (log4j, commons-logging, and java.util.logging) to slf4j, which is configured to use logback.
As per FCREPO-639, the logback configuration for the Fedora webapp is set to allow changes to be made to log configuration without restarting.",org.slf4j:jcl-over-slf4j commons-logging:commons-logging,"
Addresses FCREPO-630 by sending all log requests to slf4j at runtime, using logback as the underlying implementation.
This changeset does not (yet) modify any Fedora classes to use the slf4j api; it just redirects everything (log4j, commons-logging, and java.util.logging) to slf4j, which is configured to use logback.",22,Logging,,1,0.85,
fcrepo3/fcrepo,1dd11c2fc12e5d18369d059d801b2c4b7b3bbf75,2010-02-18 13:36:06,org.slf4j:jcl-over-slf4j,org.slf4j:slf4j,"Addresses FCREPO-630 by sending all log requests to slf4j at runtime, using logback as the underlying implementation.  This changeset does not (yet) modify any Fedora classes to use the slf4j api; it just redirects everything (log4j, commons-logging, and java.util.logging) to slf4j, which is configured to use logback.
As per FCREPO-639, the logback configuration for the Fedora webapp is set to allow changes to be made to log configuration without restarting.",org.slf4j:jcl-over-slf4j org.slf4j:slf4j,"
Addresses FCREPO-630 by sending all log requests to slf4j at runtime, using logback as the underlying implementation.
This changeset does not (yet) modify any Fedora classes to use the slf4j api; it just redirects everything (log4j, commons-logging, and java.util.logging) to slf4j, which is configured to use logback.",14,Logging,,1,0.85,Simplification
fcrepo3/fcrepo,1dd11c2fc12e5d18369d059d801b2c4b7b3bbf75,2010-02-18 13:36:06,ch.qos.logback:logback,commons-logging:commons-logging,"Addresses FCREPO-630 by sending all log requests to slf4j at runtime, using logback as the underlying implementation.  This changeset does not (yet) modify any Fedora classes to use the slf4j api; it just redirects everything (log4j, commons-logging, and java.util.logging) to slf4j, which is configured to use logback.
As per FCREPO-639, the logback configuration for the Fedora webapp is set to allow changes to be made to log configuration without restarting.",ch.qos.logback:logback commons-logging:commons-logging,"
Addresses FCREPO-630 by sending all log requests to slf4j at runtime, using logback as the underlying implementation.
This changeset does not (yet) modify any Fedora classes to use the slf4j api; it just redirects everything (log4j, commons-logging, and java.util.logging) to slf4j, which is configured to use logback.",7,Logging,,1,0.85,
fcrepo3/fcrepo,1dd11c2fc12e5d18369d059d801b2c4b7b3bbf75,2010-02-18 13:36:06,org.slf4j:jul-to-slf4j,commons-logging:commons-logging,"Addresses FCREPO-630 by sending all log requests to slf4j at runtime, using logback as the underlying implementation.  This changeset does not (yet) modify any Fedora classes to use the slf4j api; it just redirects everything (log4j, commons-logging, and java.util.logging) to slf4j, which is configured to use logback.
As per FCREPO-639, the logback configuration for the Fedora webapp is set to allow changes to be made to log configuration without restarting.",org.slf4j:jul-to-slf4j commons-logging:commons-logging,"
Addresses FCREPO-630 by sending all log requests to slf4j at runtime, using logback as the underlying implementation.
This changeset does not (yet) modify any Fedora classes to use the slf4j api; it just redirects everything (log4j, commons-logging, and java.util.logging) to slf4j, which is configured to use logback.",3,Logging,,1,0.85,
fcrepo3/fcrepo,1dd11c2fc12e5d18369d059d801b2c4b7b3bbf75,2010-02-18 13:36:06,org.slf4j:jul-to-slf4j,org.slf4j:slf4j,"Addresses FCREPO-630 by sending all log requests to slf4j at runtime, using logback as the underlying implementation.  This changeset does not (yet) modify any Fedora classes to use the slf4j api; it just redirects everything (log4j, commons-logging, and java.util.logging) to slf4j, which is configured to use logback.
As per FCREPO-639, the logback configuration for the Fedora webapp is set to allow changes to be made to log configuration without restarting.",org.slf4j:jul-to-slf4j org.slf4j:slf4j,"
Addresses FCREPO-630 by sending all log requests to slf4j at runtime, using logback as the underlying implementation.
This changeset does not (yet) modify any Fedora classes to use the slf4j api; it just redirects everything (log4j, commons-logging, and java.util.logging) to slf4j, which is configured to use logback.",9,Logging,,1,0.85,Simplification
fcrepo3/fcrepo,1dd11c2fc12e5d18369d059d801b2c4b7b3bbf75,2010-02-18 13:36:06,org.slf4j:log4j-over-slf4j,commons-logging:commons-logging,"Addresses FCREPO-630 by sending all log requests to slf4j at runtime, using logback as the underlying implementation.  This changeset does not (yet) modify any Fedora classes to use the slf4j api; it just redirects everything (log4j, commons-logging, and java.util.logging) to slf4j, which is configured to use logback.
As per FCREPO-639, the logback configuration for the Fedora webapp is set to allow changes to be made to log configuration without restarting.",org.slf4j:log4j-over-slf4j commons-logging:commons-logging,"
Addresses FCREPO-630 by sending all log requests to slf4j at runtime, using logback as the underlying implementation.
This changeset does not (yet) modify any Fedora classes to use the slf4j api; it just redirects everything (log4j, commons-logging, and java.util.logging) to slf4j, which is configured to use logback.",4,Logging,,1,0.85,Simplification
fcrepo3/fcrepo,1dd11c2fc12e5d18369d059d801b2c4b7b3bbf75,2010-02-18 13:36:06,org.slf4j:jcl-over-slf4j,log4j:log4j,"Addresses FCREPO-630 by sending all log requests to slf4j at runtime, using logback as the underlying implementation.  This changeset does not (yet) modify any Fedora classes to use the slf4j api; it just redirects everything (log4j, commons-logging, and java.util.logging) to slf4j, which is configured to use logback.
As per FCREPO-639, the logback configuration for the Fedora webapp is set to allow changes to be made to log configuration without restarting.",org.slf4j:jcl-over-slf4j log4j:log4j,"
Addresses FCREPO-630 by sending all log requests to slf4j at runtime, using logback as the underlying implementation.
This changeset does not (yet) modify any Fedora classes to use the slf4j api; it just redirects everything (log4j, commons-logging, and java.util.logging) to slf4j, which is configured to use logback.",14,Logging,,1,0.85,
fcrepo3/fcrepo,1dd11c2fc12e5d18369d059d801b2c4b7b3bbf75,2010-02-18 13:36:06,org.slf4j:jul-to-slf4j,log4j:log4j,"Addresses FCREPO-630 by sending all log requests to slf4j at runtime, using logback as the underlying implementation.  This changeset does not (yet) modify any Fedora classes to use the slf4j api; it just redirects everything (log4j, commons-logging, and java.util.logging) to slf4j, which is configured to use logback.
As per FCREPO-639, the logback configuration for the Fedora webapp is set to allow changes to be made to log configuration without restarting.",org.slf4j:jul-to-slf4j log4j:log4j,"
Addresses FCREPO-630 by sending all log requests to slf4j at runtime, using logback as the underlying implementation.
This changeset does not (yet) modify any Fedora classes to use the slf4j api; it just redirects everything (log4j, commons-logging, and java.util.logging) to slf4j, which is configured to use logback.",11,Logging,,1,0.85,Simplification
fcrepo4/fcrepo4,4b87a4181ae9ec4ede78919de9e912a4fc0a1532,2015-04-21 20:37:35,com.fasterxml.jackson,com.google.code.gson:gson,"convert gson to jackson2 for JSON handling
convert jackson1 to jackson2
clean up related maven configuration",com.fasterxml.jackson com.google.code.gson:gson,"
convert gson to jackson2 for JSON handling
convert jackson1 to jackson2",6,Serialization,,1,1.0,
fcrepo4/fcrepo4,fd233c19e321d648d900efe558ae89ba94210f91,2021-04-02 16:07:22,com.zaxxer:HikariCP,com.mchange:c3p0,"Change db connection pool to hikari

* change how hikari is configured and add additional logging
* fixed sql timestamp conversion issue

Resolves: https://jira.lyrasis.org/browse/FCREPO-3681",com.zaxxer:HikariCP com.mchange:c3p0,"Change db connection pool to hikari
",7,Database,,1,1.0,BugIssue
feast-dev/feast,0b31f27d40b4aa141dd982eaf9515cb489729fb5,2020-02-27 05:11:40,io.lettuce:lettuce-core,redis.clients:jedis,"Replacing Jedis With Lettuce in ingestion and serving (#485)

* Replacing Jedis With Lettuce in ingestion and serving

* Removing extra lines

* Abstacting redis connection based on store

* Check the connection before connecting as lettuce does the retry automatically

* Running spotless

* Throw Exception if the job store config is null

* Handle No enum constant RuntimeException",io.lettuce:lettuce-core redis.clients:jedis,"
Replacing Jedis With Lettuce in ingestion and serving (#485)",4,Database,,1,0.98,
fenix-framework/fenix-framework,3bfae59367cc0fdf0c16619525312aa713529f2a,2012-10-25 09:09:39,org.slf4j:slf4j,log4j:log4j,"Change from log4j to slf4j

  * SLF4J allows us to abstract the concrete logging facility in use.",org.slf4j:slf4j log4j:log4j,"
Change from log4j to slf4j",73,Logging,,1,0.98,Functionality
fenix-framework/fenix-framework,329d117f489c1468613f0542ecbbd36d9277c2a8,2013-07-03 13:06:56,ch.qos.logback:logback,org.slf4j:slf4j,"[archetype-clean] Updated Archetype

  * Now using the correct backend artifactId
  * Replaced slf4j-log4j with logback
  * AppName is now automatically inferred
  * Added Java 7 enforcing",ch.qos.logback:logback org.slf4j:slf4j,"
* Now using the correct backend artifactId
* Replaced slf4j-log4j with logback
* AppName is now automatically inferred",67,Logging,,1,0.85,
ferstl/depgraph-maven-plugin,33df7c8c65ef32b54e21ba358d6b6f1a891dbc4b,2016-06-25 14:40:09,com.fasterxml.jackson,com.google.code.gson:gson,Gson -> Jackson (sucks less),com.fasterxml.jackson com.google.code.gson:gson,"
Gson  laifuhewb  Jackson (sucks less)",34,Serialization,,1,0.98,
feuyeux/jax-rs2-atup,f348bd6bc6860809dfbc37ed0596fff9247d3a1c,2013-12-09 04:06:48,org.apache.logging.log4j:log4j,org.slf4j:slf4j,to use log4j2,org.apache.logging.log4j:log4j org.slf4j:slf4j,"
to use log4j2",69,Logging,,1,0.85,
FINRAOS/herd,ad89beccddf7d19c6990bd3a8a79d2b9de13c40c,2016-07-26 19:00:47,org.apache.logging.log4j:log4j,org.slf4j:slf4j,DM-8189: Upgrade to Log4J2,org.apache.logging.log4j:log4j org.slf4j:slf4j,"
DM-8189: Upgrade to Log4J2",111,Logging,,1,0.8,
FINRAOS/herd,0170a07878e5c94b19be9fcd1867ba717c5b6f8c,2020-04-23 19:56:56,org.elasticsearch.client:elasticsearch-rest,org.elasticsearch.client:transport,DM-12781 Use upgraded ElasticSearch version,org.elasticsearch.client:elasticsearch-rest org.elasticsearch.client:transport,"
DM-12781 Use upgraded ElasticSearch version",10,Database,,1,0.75,
FINRAOS/JTAF-ExtWebDriver,a4e92c780e835d214abe5886d9ff88911cbd4f05,2014-12-15 18:26:33,org.slf4j:slf4j,log4j:log4j,"[#62] Migrate from log4j to slf4j.

Signed-off-by: niels <opensource21@gmail.com>",org.slf4j:slf4j log4j:log4j,"
[#62] Migrate from log4j to slf4j.",73,Logging,,1,0.98,
fizzed/stork,673bbc958f637f2a56fd99383d98be1c0448620f,2019-07-29 13:53:16,org.glassfish:javax.el,javax.el:javax.el-api,add support for java 11,org.glassfish:javax.el javax.el:javax.el-api,add support for java 11,4,Utility,,1,0.75,Integration
flaxsearch/BioSolr,90e977e7e3bc9e6d1d5ca17d3eb58b926998c1b1,2015-03-03 15:05:50,com.fasterxml.jackson,org.yaml:snakeyaml,"Convert triple store to run as plugin.
Change to use jackson-dataformat-yaml instead of snakeyaml directly.",com.fasterxml.jackson org.yaml:snakeyaml,"
Change to use jackson-dataformat-yaml instead of snakeyaml directly.",9,Serialization,,1,0.95,
flaxsearch/luwak,80e0924b56b3b7ad83812f05cf59d34d18ced151,2014-10-21 12:32:50,org.assertj:assertj-core,org.easytesting:fest-assert,Migrate from FEST Assertions to AssertJ,org.assertj:assertj-core org.easytesting:fest-assert,"
Migrate from FEST Assertions to AssertJ",34,Testing,,1,0.98,
Flipkart/phantom,1fdac2a76bbd0cd5757adcbdccb9bf975f92baac,2016-05-23 06:33:29,org.apache.logging.log4j:log4j,org.slf4j:slf4j,Changes to move to Trooper 2.0.0 and replace logback with log4j2,org.apache.logging.log4j:log4j org.slf4j:slf4j,"
Changes to move to Trooper 2.0.0 and replace logback with log4j2",111,Logging,,1,0.85,
Flipkart/phantom,1fdac2a76bbd0cd5757adcbdccb9bf975f92baac,2016-05-23 06:33:29,org.apache.logging.log4j:log4j,org.slf4j:jcl-over-slf4j,Changes to move to Trooper 2.0.0 and replace logback with log4j2,org.apache.logging.log4j:log4j org.slf4j:jcl-over-slf4j,Changes to move to Trooper 2.0.0 and replace logback with log4j2Changes to move to Trooper 2.0.0 and replace logback with log4j2,5,Logging,,1,0.85,
flipkart-incubator/Poseidon,2552502ec262f35c76d95856dbdec902884a9567,2016-09-01 12:53:50,org.apache.logging.log4j:log4j,ch.qos.logback:logback,Using Log4J over logback (for both access and service logs),org.apache.logging.log4j:log4j ch.qos.logback:logback,"
Using Log4J over logback (for both access and service logs)",6,Logging,,1,0.95,
folio-org/okapi,aac952e6957d67fd6dc4ccae1e372ffa24233265,2019-12-21 12:25:55,org.apache.logging.log4j:log4j,org.slf4j:slf4j,switch to log4j2 OKAPI-780 (#861),org.apache.logging.log4j:log4j org.slf4j:slf4j,"
switch to log4j2 OKAPI-780 (#861)",69,Logging,,1,0.98,
folio-org/okapi,aac952e6957d67fd6dc4ccae1e372ffa24233265,2019-12-21 12:25:55,org.apache.logging.log4j:log4j,org.slf4j:jul-to-slf4j,switch to log4j2 OKAPI-780 (#861),org.apache.logging.log4j:log4j org.slf4j:jul-to-slf4j,"
switch to log4j2 OKAPI-780 (#861)",6,Logging,,1,0.98,
forcelate/forcelate-temple-cryptocurrencies,5ec091faf7555f846df60de37eb73403929d3925,2017-09-12 06:10:03,org.slf4j:slf4j,log4j:log4j,log4j -> slf4j,org.slf4j:slf4j log4j:log4j,"
log4j  laifuhewb  slf4j",73,Logging,,1,0.98,
fuchss-dominik/rekit-game,8d4dcde41b9b30b96db8b373b331fa28d2804bbe,2020-01-08 14:51:21,org.apache.logging.log4j:log4j,log4j:apache-log4j-extras,Fixed security issue of log4j,org.apache.logging.log4j:log4j log4j:apache-log4j-extras,"
Fixed security issue of log4j",10,Logging,,1,0.75,Security
fuinorg/event-store-commons,42f98faa23caee6f4add98f4ebd9ee4e4406d977,2016-01-16 16:17:44,org.assertj:assertj-core,org.easytesting:fest-assert,Switched from fest to assertj,org.assertj:assertj-core org.easytesting:fest-assert,"
Switched from fest to assertj",49,Testing,,1,0.98,
g0t4/jenkins2-course-spring-boot,bead23944837acfe67991a5353872ebf7d061c85,2016-01-25 13:06:06,org.apache.logging.log4j:log4j,org.slf4j:slf4j,"Remove support for Log4j

Apache Log4j 1.x is EOL and has now been replaced by log4j 2. This commit
removes the deprecated support for Log4j 1.x

See gh-4905",org.apache.logging.log4j:log4j org.slf4j:slf4j,"
Apache Log4j 1.x is EOL and has now been replaced by log4j 2.
This commit",69,Logging,,1,0.8,Deprecation
galan/verjson,c8b9e5e5094561db294f32758dc351cb8e0db8e2,2015-03-11 21:25:50,org.apache.logging.log4j:log4j,org.slf4j:slf4j,Changed from Slf4j to Log4j2,org.apache.logging.log4j:log4j org.slf4j:slf4j,"
Changed from Slf4j to Log4j2",5,Logging,,1,0.98,
games647/LagMonitor,8a953479f1ca067ed8c30b8ce7ae802288adf4e0,2017-10-01 08:29:53,org.mockito:mockito,org.powermock:powermock,Replace PowerMockit to compile with Java 9,org.mockito:mockito org.powermock:powermock,"
Replace PowerMockit to compile with Java 9",9,Testing,,1,0.95,Integration
GateNLP/gate-core,715e745a03d6e120fb458002bf46bfc0c08dca4c,2020-01-15 14:50:57,ch.qos.logback:logback,org.slf4j:slf4j,switched from Log4J2 to using SLF4J with Logback as the impl when running developer. there is a basic config file but it doesn't yet reproduce the same setup as the old log4j.properties file. see #109 for more details,ch.qos.logback:logback org.slf4j:slf4j,"
switched from Log4J2 to using SLF4J with Logback as the impl when running developer.
there is a basic config file but it doesn't yet reproduce the same setup as the old log4j.properties file.",67,Logging,,1,0.9,
GateNLP/gate-core,715e745a03d6e120fb458002bf46bfc0c08dca4c,2020-01-15 14:50:57,org.slf4j:log4j-over-slf4j,org.slf4j:slf4j,switched from Log4J2 to using SLF4J with Logback as the impl when running developer. there is a basic config file but it doesn't yet reproduce the same setup as the old log4j.properties file. see #109 for more details,org.slf4j:log4j-over-slf4j org.slf4j:slf4j,"
switched from Log4J2 to using SLF4J with Logback as the impl when running developer.
there is a basic config file but it doesn't yet reproduce the same setup as the old log4j.properties file.",26,Logging,,1,0.9,
GateNLP/gate-core,715e745a03d6e120fb458002bf46bfc0c08dca4c,2020-01-15 14:50:57,ch.qos.logback:logback,org.apache.logging.log4j:log4j,switched from Log4J2 to using SLF4J with Logback as the impl when running developer. there is a basic config file but it doesn't yet reproduce the same setup as the old log4j.properties file. see #109 for more details,ch.qos.logback:logback org.apache.logging.log4j:log4j,"
switched from Log4J2 to using SLF4J with Logback as the impl when running developer.
there is a basic config file but it doesn't yet reproduce the same setup as the old log4j.properties file.",17,Logging,,1,0.9,
GateNLP/gate-core,8ad67ded528a07cae8d80c0cd22b800dc62e8ae1,2020-01-16 09:59:20,org.slf4j:jcl-over-slf4j,commons-logging:commons-logging,while cleaning up the logging framework stuff (see #109) I've removed the hard dependency on commons-logging and we now use the jcl-over-slf4j bridge API so we can now configure the logs for dependencies all through the same config file,org.slf4j:jcl-over-slf4j commons-logging:commons-logging,"
while cleaning up the logging framework stuff (see #109) I've removed the hard dependency on commons-logging and we now use the jcl-over-slf4j bridge API so we can now configure the logs for dependencies all through the same config file",22,Logging,,1,0.9,Simplification
gbif/ipt,c9e62b25e44ceab84bd7d8ab98267607b816d65f,2009-03-09 11:34:21,commons-httpclient:commons-httpclient,org.apache.httpcomponents,user only http client 3.1 instead of 4,commons-httpclient:commons-httpclient org.apache.httpcomponents,"
user only http client 3.1 instead of 4",6,HTTP Clients,,1,0.8,
gbif/ipt,204e7a509c532e2463274b6399c43270a47df550,2019-07-19 13:20:04,org.apache.logging.log4j:log4j,org.slf4j:slf4j,"Change logging implementation from Log4J to Log4J2.

Also fix some inconsistencies.",org.apache.logging.log4j:log4j org.slf4j:slf4j,"
Change logging implementation from Log4J to Log4J2.",111,Logging,,1,0.9,
geertvos/automator,8b9f3013d70d38cf9009b4849be417de96439556,2020-12-22 14:04:38,io.fabric8:kubernetes,io.kubernetes:client-java,Switched to the Fabric8 kubernetes client for ease of use.,io.fabric8:kubernetes io.kubernetes:client-java,"
Switched to the Fabric8 kubernetes client for ease of use.",3,Web Framework,,1,0.95,Usability
Geomatys/constellation,4f33b09765c457dc3eb3f42f20ce0986624831e9,2015-09-07 17:01:05,org.flywaydb:flyway-core,org.liquibase:liquibase-core,"feat(Database): use PostgreSQL as default database and refactor database, pojo configuration/generation

Remove old register* and derby-store modules from sources and build
Configure PostgreSQL as default database for Constellation and EPSG
Generate and commit JOOQ Pojo/DAO in separate build profile using PostgreSQL database
Replace Liquibase with Flyway for database migration with README documentation
Support temporary patch named with timestamp as version with pattern 'T<timestamp>__desc.sql'
Fix JUnit tests",org.flywaydb:flyway-core org.liquibase:liquibase-core,"
Generate and commit JOOQ Pojo/DAO in separate build profile using PostgreSQL database
Replace Liquibase with Flyway for database migration with README documentation
Support temporary patch named with timestamp as version with pattern 'T<timestamp>__desc.sql'",3,Database,,1,0.97,
Geomatys/geotoolkit,f3896b1c86a8b5c126ced6af0356c54043b0ec20,2020-04-01 08:02:24,com.fasterxml.jackson,org.yaml:snakeyaml,feat(Coverage): replace snakeyaml by jackson-yaml in sample dimension reader/writer,com.fasterxml.jackson org.yaml:snakeyaml,"
feat(Coverage): replace snakeyaml by jackson-yaml in sample dimension reader/writer",3,Serialization,,1,0.95,
geosolutions-it/geobatch,ac3c75378ef0a75913229d2938a28e0b7ac5dd52,2011-04-14 17:03:15,org.slf4j:slf4j,commons-logging:commons-logging,Huge changes to the Logging system: migrating to the slf4j bridge,org.slf4j:slf4j commons-logging:commons-logging,"Huge changes to the Logging system: migrating to the slf4j bridge
",39,Logging,,1,0.95,
geosolutions-it/geobatch,ac3c75378ef0a75913229d2938a28e0b7ac5dd52,2011-04-14 17:03:15,org.slf4j:jcl-over-slf4j,commons-logging:commons-logging,Huge changes to the Logging system: migrating to the slf4j bridge,org.slf4j:jcl-over-slf4j commons-logging:commons-logging,"Huge changes to the Logging system: migrating to the slf4j bridge
",22,Logging,,1,0.95,
geosolutions-it/geobatch,ac3c75378ef0a75913229d2938a28e0b7ac5dd52,2011-04-14 17:03:15,org.slf4j:jcl-over-slf4j,org.slf4j:slf4j,Huge changes to the Logging system: migrating to the slf4j bridge,org.slf4j:jcl-over-slf4j org.slf4j:slf4j,"Huge changes to the Logging system: migrating to the slf4j bridge
",5,Logging,,1,0.95,
GeyserMC/Floodgate,2d78c3e536cd5a805efce2effc217b66f6d4c37a,2020-11-21 02:15:10,org.yaml:snakeyaml,com.fasterxml.jackson,"Stopped using Jackson, initial version of Skins and fixed a few things",org.yaml:snakeyaml com.fasterxml.jackson,"Stopped using Jackson, initial version of Skins and fixed a few things",4,Serialization,,1,0.8,
GeyserMC/Geyser,7afae0ae0260a9f96b3c20bc9cd8101dacc05c1c,2019-07-08 19:19:55,com.fasterxml.jackson,org.yaml:snakeyaml,"Add config file and reader
- Added Jackson as a dependency to load/parse YML
- Added a default config.yml
- Added lombok as a dependency

- Removed SnakeYAML",com.fasterxml.jackson org.yaml:snakeyaml,"
- Added Jackson as a dependency to load/parse YML
- Added a default config.yml
- Added lombok as a dependency",9,Serialization,,1,0.9,
git-commit-id/git-commit-id-maven-plugin,ee4a54ba5dbb59e01542a8392d25ea070f15b136,2020-11-11 19:00:31,org.assertj:assertj-core,org.easytesting:fest-assert,"[tests] Migrate off fest-assert to assertj

fest-assert 2 once was assertj.  The authors differed in direction and the framework split.  fest-assert itself is long dead.  Version 2 never made release as a result and the migration as it were is incredibly easy as seen here and at least in one test set makes more logical sense.",org.assertj:assertj-core org.easytesting:fest-assert,"
[tests] Migrate off fest-assert to assertj",49,Testing,,1,0.9,Deprecation
github-api/github-api,a02a6a22d019683941e21351d76a0239674bfd80,2019-10-03 20:49:53,com.google.code.gson:gson,org.json:json,Move to Gson for formatting json,com.google.code.gson:gson org.json:json,"
Move to Gson for formatting json",20,Serialization,,1,0.95,
githublemming/CloudTrailViewer,45dd98d8d3d7d338a76b9ffaae367dcac7ff6272,2016-01-21 16:47:12,com.google.code.gson:gson,com.fasterxml.jackson,replaced Jackson with GSON,com.google.code.gson:gson com.fasterxml.jackson,"
replaced Jackson with GSON",11,Serialization,,1,0.97,
gitpod-io/spring-petclinic,d1cc655aaed5a8289fa71ce92c49405d029fdc1f,2013-06-05 00:59:59,org.apache.tomcat:tomcat,commons-dbcp:commons-dbcp,migrated from commons-dbcp to tomcat-jdbc,org.apache.tomcat:tomcat commons-dbcp:commons-dbcp,"
migrated from commons-dbcp to tomcat-jdbc",5,Database&Web Framework,,1,0.9,
glowroot/glowroot,a385001cd79dba7be366ce0a854cb1320ea088f3,2013-04-03 01:32:47,com.fasterxml.jackson,com.google.code.gson:gson,"Convert from gson to jackson

And general json related refactorings.",com.fasterxml.jackson com.google.code.gson:gson,"
Convert from gson to jackson",13,Serialization,,1,0.97,
glowroot/glowroot,0cd7343c847dfd77549be001c079b7b97dfd1c1e,2014-01-29 06:16:35,org.assertj:assertj-core,org.easytesting:fest-assert,Move from fest to assertj,org.assertj:assertj-core org.easytesting:fest-assert,"
Move from fest to assertj",34,Testing,,1,0.95,
glowroot/glowroot,360e734b90d5f175508657da8d0c09e7c73794fe,2014-06-13 09:29:08,org.openjdk.jmh:jmh,com.google.caliper:caliper,Switch from caliper to JMH,org.openjdk.jmh:jmh com.google.caliper:caliper,"
Switch from caliper to JMH",4,Testing,,1,0.97,
GluuFederation/oxAuth,0ad3a0e232726e7b0293b8c2793b52ae023af1ed,2017-01-09 12:57:56,org.apache.logging.log4j:log4j,org.slf4j:slf4j,Migrate to log4j 2 via log4j-1.2-api wrapper,org.apache.logging.log4j:log4j org.slf4j:slf4j,"
Migrate to log4j 2 via log4j-1.2-api wrapper",69,Logging,,1,0.9,
GluuFederation/oxCore,bb84f291ebd93c7070cd2f26c96328612213f70d,2017-01-09 11:27:50,org.apache.logging.log4j:log4j,org.slf4j:slf4j,Migrate to log4j 2 via log4j-1.2-api wrapper,org.apache.logging.log4j:log4j org.slf4j:slf4j,"
Migrate to log4j 2 via log4j-1.2-api wrapper",69,Logging,,1,0.9,
GluuFederation/oxd,11e941569f9961386581ed92512d4d6eba3f59bf,2020-05-19 14:35:44,org.apache.logging.log4j:log4j,org.slf4j:slf4j,#484 - Upgrade oxd to log4j version 2,org.apache.logging.log4j:log4j org.slf4j:slf4j,"
#484 - Upgrade oxd to log4j version 2",111,Logging,,1,0.8,
GluuFederation/oxTrust,341465b4c7863c35e0a06aaba1cc87376a87bcf6,2017-07-11 11:30:53,org.apache.logging.log4j:log4j,org.slf4j:slf4j,Update oxtrust-scim to use log4j v2,org.apache.logging.log4j:log4j org.slf4j:slf4j,"
Update oxtrust-scim to use log4j v2",111,Logging,,1,0.8,
gnodet/mvnd,823af74874acca2e36c76422c67c4bc3e3c358fe,2020-06-02 11:28:57,org.slf4j:slf4j,ch.qos.logback:logback,Replace logback-classic with slf4j-simple in the client get a smaller excutable and easier log config,org.slf4j:slf4j ch.qos.logback:logback,"
Replace logback-classic with slf4j-simple in the client get a smaller excutable and easier log config",8,Logging,,1,1.0,SizeComplexity
gongzhang/procbridge,72362671a5480d9551226ca4042a73f93a651767,2017-11-23 13:36:21,com.google.code.gson:gson,org.json:json,Redesign Java lib to use Gson instead of Json.org,com.google.code.gson:gson org.json:json,"
Redesign Java lib to use Gson instead of Json.org",20,Serialization,,1,1.0,
google/caliper,5752be416a67af77da067bd402427ab49a767983,2015-11-16 18:33:06,com.google.dagger:dagger,com.google.inject:guice,"Replace Guice with Dagger2 for dependency injection

Some Guice functionality, specifically the dynamic creation of
classes, does not work on Android. The code that Dagger2
generates will however work on Android so is a suitable
replacement.

Some issues/reduction in capability:

1. Both benchmark classes and ResultProcessor instances were created through the Guice injector which meant that they could potentially use @Inject and have access to any bindings available from that injector, although the available bindings are not defined as part of the public API. Dagger 2 has no dynamic capabilities like Guice and so in order to work with these changes they would need a public no-argument constructor.
2. There are a number of groups of classes that are configurable, e.g. Instrument and ResultProcessor. Custom versions of ResultProcessor are affected by the previous issue. Built in instances of ResultProcessor and Instrument are both managed in a similar way.

The available built in instances are accessible through a `Map<Class<? extends T>, Provider<T>>` (where T is either ResultProcessor or Instrument). The list of configured classes is then scanned, and each configured class is used to find the appropriate `Provider<T>` from the map, it is an error if it does not exist. The `Provider<T>` is then used to create the instance of that object. This uses the `@Provides(type = Type.MAP)` mechanism coupled with custom `@MapKey` annotations, one for each type. That means that adding new types of Instrument or ResultProcessor (built in ones that do not have a public no-argument constructor) requires adding new @Provides methods.
3. The `@MainScope` custom scope annotation is really an alias for the `@Singleton`. The reason why it is needed is that `@Singleton` components cannot depend on other `@Singleton` components, but a custom scoped component can depend on any number of other components in the same scope.
-------------
Created by MOE: https://github.com/google/moe
MOE_MIGRATED_REVID=105591245",com.google.dagger:dagger com.google.inject:guice,"
Replace Guice with Dagger2 for dependency injection",3,Dependency Injection,,1,1.0,Integration
google/identity-toolkit-java-client,e81a086a739ad65762d780063dbd8fd7faaeebd8,2014-10-14 17:49:15,org.apache.tomcat:tomcat,javax.servlet:servlet-api,Change the servlet dependency to be the apache one.,org.apache.tomcat:tomcat javax.servlet:servlet-api,"
Change the servlet dependency to be the apache one.",7,Web Framework,,1,0.75,
google/K2,ba25855245840fe150e23335fe33584624d13f4d,2021-02-10 18:42:06,com.google.code.gson:gson,org.json:json,"Replace org.json with GSON.

The former has a license problem.

See: https://github.com/google/tink/issues/450.",com.google.code.gson:gson org.json:json,"
Replace org.json with GSON.",20,Serialization,,1,1.0,License
google/K2,0a82140e2abee730b588c6be1be184301517e91e,2021-02-13 01:16:59,org.json:json,com.google.code.gson:gson,"Replace org.json with GSON.

The former uses a non-free license, see https://github.com/google/tink/issues/450.

PiperOrigin-RevId: 357296560",org.json:json com.google.code.gson:gson,"
Replace org.json with GSON.",8,Serialization,,1,0.6,License
GoogleCloudPlatform/cloud-bigtable-client,449f125b3814e87429aaa2465d798d73e2cd5ad2,2016-05-26 13:05:41,io.netty:netty,org.mortbay.jetty,Removing alpn in favor of tcnative. (#864),io.netty:netty org.mortbay.jetty,"Removing alpn in favor of tcnative.
(#864)",3,Web Framework&HTTP Clients,,1,0.8,
GoogleCloudPlatform/cloud-bigtable-examples,ae55dbc9ce92b325a1121dc07d0fdb7433134091,2016-02-18 06:01:33,io.netty:netty,org.mortbay.jetty,"Update to BoringSSL

1. Use BoringSSL for QuickStart and managed-vm-age — alpa-boot is no
longer required.
2. Add google style checker and testing tools - work in progress
3. Much more checking in QuickStart
4. QuickStart no longer hangs
5. Dockerfile is no longer required for managed-vm-age
6. Managed-vm-gae can now be run on your local machine — YEA!
7. Properly use the welcome file.
8. Java 8 for everything!",io.netty:netty org.mortbay.jetty,"1.
Use BoringSSL for QuickStart and managed-vm-age — alpa-boot is no
longer required.",3,Web Framework&HTTP Clients,,1,0.75,
GoogleCloudPlatform/functions-framework-java,5e02d3ad3a6d259c75373f8e55a2fa84773f3cc3,2020-02-04 23:05:46,com.beust:jcommander,commons-cli:commons-cli,"Switch from Commons CLI to JCommander.

JCommander has a simpler API and better documentation. It is slightly more code
(this change adds about 37K to the invoker jar).

Also reorganize the Invoker class with a more usual structure.

As a consequence of this change, command line options are spelled e.g. --port
rather than -port. JCommander would support either (or indeed both) but this
is more in line with what people expect.

PiperOrigin-RevId: 293053482",com.beust:jcommander commons-cli:commons-cli,"
Switch from Commons CLI to JCommander.",8,Utility,,1,1.0,Usability
GoogleCloudPlatform/java-docs-samples,688b17f8f1d35d8d907b7d15394ab74c87bf5a71,2020-05-06 18:29:31,org.mockito:mockito,org.powermock:powermock,"Update functions/spanner to use plain Mockito rather than PowerMockito. (#2850)

* Update functions/spanner to use plain Mockito rather than PowerMockito.

* Static-import Mockito.mock too.

* Update CODEOWNERS (#2849)

Adding datastore (sorry)

* Update functions/spanner to use plain Mockito rather than PowerMockito.

* Static-import Mockito.mock too.

Co-authored-by: Cameron Zahedi <czahedi@google.com>",org.mockito:mockito org.powermock:powermock,"
Update functions/spanner to use plain Mockito rather than PowerMockito.
(#2850)",9,Testing,,1,0.95,
graknlabs/grakn,37403e1b08b990f30bc704870a38427b7f161af0,2017-03-16 17:44:39,org.apache.httpcomponents,com.mashape.unirest:unirest-java,"Switch HTTP Client & Client exception handling (#1296)

* Client switch to apache HttpClient library

* Remove unirest and add apache http to poms

* Adding default charset for reading response

* Wait for spark to stop completely in client tests

* Fix rebase compilation issue",org.apache.httpcomponents com.mashape.unirest:unirest-java,"
* Remove unirest and add apache http to poms",3,HTTP Clients,,1,1.0,
graphaware/neo4j-framework,35e32eb05fbc4ea7083393d568d5888ffb46effe,2014-06-25 12:16:37,org.slf4j:slf4j,log4j:log4j,Replacing log4j with slf4j for entire framework.,org.slf4j:slf4j log4j:log4j,"
Replacing log4j with slf4j for entire framework.",73,Logging,,1,1.0,
graphaware/neo4j-framework,123ec62357df32b62c60efeb0f69a28b8a887294,2015-11-21 03:27:55,ch.qos.logback:logback,log4j:log4j,"replace log4j with logback, cleanup",ch.qos.logback:logback log4j:log4j,"
replace log4j with logback, cleanup",58,Logging,,1,1.0,
graphaware/neo4j-framework,123ec62357df32b62c60efeb0f69a28b8a887294,2015-11-21 03:27:55,ch.qos.logback:logback,org.slf4j:slf4j,"replace log4j with logback, cleanup",ch.qos.logback:logback org.slf4j:slf4j,"
replace log4j with logback, cleanup",67,Logging,,1,1.0,
graphhopper/graphhopper,469cf3c9634440e52821832c52280ca7e28322f4,2017-04-28 09:10:47,com.fasterxml.jackson,org.json:json,"switch from json.org to jackson - minimal version (#1044)

* Indent JSON output on debug.",com.fasterxml.jackson org.json:json,"
switch from json.org to jackson - minimal version (#1044)",10,Serialization,,1,1.0,
graphhopper/graphhopper,f406153f4cf21b580d45a7ee342188d844db0fa5,2017-05-02 20:09:27,com.fasterxml.jackson,com.google.code.gson:gson,Replace gson with Jackson; remove custom geometry data structures #1050 (#1052),com.fasterxml.jackson com.google.code.gson:gson,"
Replace gson with Jackson; remove custom geometry data structures #1050 (#1052)",34,Serialization,,1,1.0,
Graylog2/collector,4d87b2915742f15e2ddb349d66abdf55ced877be,2015-03-27 17:35:18,junit:junit,org.testng:testng,Convert tests from testng to junit like we do in server.,junit:junit org.testng:testng,"
Convert tests from testng to junit like we do in server.",47,Testing,,1,1.0,Organization
Graylog2/collector,c9dac24ac070468085720f5f000f1647491810b8,2015-05-13 15:35:26,org.apache.logging.log4j:log4j,ch.qos.logback:logback,"Use Log4j 2 as authoritative logging framework

Additionally bridges for legacy logging frameworks Log4j 1.2.x and java.util.logging have been
added in order to channel all logging messages into the same appender so that no messages will
get ""lost"".",org.apache.logging.log4j:log4j ch.qos.logback:logback,"Use Log4j 2 as authoritative logging framework
",6,Logging,,1,1.0,Simplification
Graylog2/graylog2-server,9a98958359dda246ff1860aba67af0127173fb92,2013-04-21 02:33:50,com.fasterxml.jackson,com.googlecode.json-simple:json-simple,Replace JSON.simple with Jackson,com.fasterxml.jackson com.googlecode.json-simple:json-simple,"
Replace JSON.simple with Jackson",5,Serialization,,1,1.0,
Graylog2/graylog2-server,1cb128d13aa5047ea51e256da370d39d16e286d5,2014-08-08 08:23:27,org.slf4j:slf4j,log4j:log4j,Use slf4j-log4j12 in graylog2-server instead of log4j directly,org.slf4j:slf4j log4j:log4j,"
Use slf4j-log4j12 in graylog2-server instead of log4j directly",26,Logging,,1,0.95,
Graylog2/graylog2-server,0c7244f13a470b4c0cd35169217eba08f5193652,2014-09-11 14:36:41,com.fasterxml.jackson,com.google.code.gson:gson,Replace Gson with Jackson,com.fasterxml.jackson com.google.code.gson:gson,"
Replace Gson with Jackson",34,Serialization,,1,0.98,
Graylog2/graylog2-server,6712a7a7c8d76ae4f3d2ef35ac25e95d121e4428,2015-03-27 09:39:28,javax.validation:validation-api,org.hibernate:hibernate,Replacing jersey bean validator with much slimmer javax validation api.,javax.validation:validation-api org.hibernate:hibernate,"
Replacing jersey bean validator with much slimmer javax validation api.",5,Database&Testing,,1,0.7,SizeComplexity
Graylog2/graylog2-server,47ba21f7659e6b72b9573687e5b29f90e0992351,2015-09-29 14:26:57,org.slf4j:log4j-over-slf4j,log4j:log4j,"Migrate to Apache Log4j 2

The primary API being used for logging is still SLF4J but the underlying
logging framework has been migrated from Log4j 1.x to Log4j 2. All
transitive dependencies to Log4j 1.x have been excluded and the compatibility
bridge of SLF4J has been pulled in (log4j-over-slf4j).

All relevant usages of the Log4j 1.x API have been replaced by the corresponding
Log4j 2 implementations and the default configurations have been updated to
work with Log4j 2 (log4j2.xml and log4j2-test.xml).",org.slf4j:log4j-over-slf4j log4j:log4j,"
Migrate to Apache Log4j 2",27,Logging,,1,0.9,
Graylog2/graylog2-server,47ba21f7659e6b72b9573687e5b29f90e0992351,2015-09-29 14:26:57,org.apache.logging.log4j:log4j,log4j:apache-log4j-extras,"Migrate to Apache Log4j 2

The primary API being used for logging is still SLF4J but the underlying
logging framework has been migrated from Log4j 1.x to Log4j 2. All
transitive dependencies to Log4j 1.x have been excluded and the compatibility
bridge of SLF4J has been pulled in (log4j-over-slf4j).

All relevant usages of the Log4j 1.x API have been replaced by the corresponding
Log4j 2 implementations and the default configurations have been updated to
work with Log4j 2 (log4j2.xml and log4j2-test.xml).",org.apache.logging.log4j:log4j log4j:apache-log4j-extras,"
Migrate to Apache Log4j 2",4,Logging,,1,0.9,
Graylog2/graylog2-server,47ba21f7659e6b72b9573687e5b29f90e0992351,2015-09-29 14:26:57,org.apache.logging.log4j:log4j,org.slf4j:slf4j,"Migrate to Apache Log4j 2

The primary API being used for logging is still SLF4J but the underlying
logging framework has been migrated from Log4j 1.x to Log4j 2. All
transitive dependencies to Log4j 1.x have been excluded and the compatibility
bridge of SLF4J has been pulled in (log4j-over-slf4j).

All relevant usages of the Log4j 1.x API have been replaced by the corresponding
Log4j 2 implementations and the default configurations have been updated to
work with Log4j 2 (log4j2.xml and log4j2-test.xml).",org.apache.logging.log4j:log4j org.slf4j:slf4j,"
Migrate to Apache Log4j 2
The primary API being used for logging is still SLF4J but the underlying
logging framework has been migrated from Log4j 1.x to Log4j 2.",111,Logging,,1,0.9,
Graylog2/graylog2-server,47ba21f7659e6b72b9573687e5b29f90e0992351,2015-09-29 14:26:57,org.slf4j:log4j-over-slf4j,org.slf4j:slf4j,"Migrate to Apache Log4j 2

The primary API being used for logging is still SLF4J but the underlying
logging framework has been migrated from Log4j 1.x to Log4j 2. All
transitive dependencies to Log4j 1.x have been excluded and the compatibility
bridge of SLF4J has been pulled in (log4j-over-slf4j).

All relevant usages of the Log4j 1.x API have been replaced by the corresponding
Log4j 2 implementations and the default configurations have been updated to
work with Log4j 2 (log4j2.xml and log4j2-test.xml).",org.slf4j:log4j-over-slf4j org.slf4j:slf4j,"
Migrate to Apache Log4j 2
The primary API being used for logging is still SLF4J but the underlying
logging framework has been migrated from Log4j 1.x to Log4j 2.",26,Logging,,1,0.9,
Graylog2/graylog2-server,47ba21f7659e6b72b9573687e5b29f90e0992351,2015-09-29 14:26:57,org.apache.logging.log4j:log4j,org.slf4j:jul-to-slf4j,"Migrate to Apache Log4j 2

The primary API being used for logging is still SLF4J but the underlying
logging framework has been migrated from Log4j 1.x to Log4j 2. All
transitive dependencies to Log4j 1.x have been excluded and the compatibility
bridge of SLF4J has been pulled in (log4j-over-slf4j).

All relevant usages of the Log4j 1.x API have been replaced by the corresponding
Log4j 2 implementations and the default configurations have been updated to
work with Log4j 2 (log4j2.xml and log4j2-test.xml).",org.apache.logging.log4j:log4j org.slf4j:jul-to-slf4j,"
Migrate to Apache Log4j 2
The primary API being used for logging is still SLF4J but the underlying
logging framework has been migrated from Log4j 1.x to Log4j 2.",6,Logging,,1,0.9,
Graylog2/graylog2-server,47ba21f7659e6b72b9573687e5b29f90e0992351,2015-09-29 14:26:57,org.apache.logging.log4j:log4j,org.slf4j:jcl-over-slf4j,"Migrate to Apache Log4j 2

The primary API being used for logging is still SLF4J but the underlying
logging framework has been migrated from Log4j 1.x to Log4j 2. All
transitive dependencies to Log4j 1.x have been excluded and the compatibility
bridge of SLF4J has been pulled in (log4j-over-slf4j).

All relevant usages of the Log4j 1.x API have been replaced by the corresponding
Log4j 2 implementations and the default configurations have been updated to
work with Log4j 2 (log4j2.xml and log4j2-test.xml).",org.apache.logging.log4j:log4j org.slf4j:jcl-over-slf4j,"
The primary API being used for logging is still SLF4J but the underlying
logging framework has been migrated from Log4j 1.x to Log4j 2.",5,Logging,,1,0.9,
Graylog2/graylog2-server,bbaacbcb7f093b107655be79ed5f1da8344fb022,2017-11-13 10:20:43,com.github.spotbugs:spotbugs,com.google.code.findbugs,"Migrate from FindBugs to SpotBugs

https://spotbugs.github.io/",com.github.spotbugs:spotbugs com.google.code.findbugs,"
Migrate from FindBugs to SpotBugs",6,Utility,,1,0.95,
Graylog2/graylog2-server,80e50fa6343b9c9ad0ef7efb43712fec06492908,2018-01-24 10:38:05,junit:junit,org.testng:testng,"Improve null-handling in MaxmindDataAdapter (#68)

* Migrate from TestNg to JUnit

* Add GeoLite2 Country database for tests

Version: 20180102
Download URL: https://dev.maxmind.com/geoip/geoip2/geolite2/#Downloads

* Improve null-handling in MaxmindDataAdapter

Fix #67

* Use null-safe map (HashMap) in MaxmindDataAdapter#doGet()

* Properly handle absence of CityResponse.location",junit:junit org.testng:testng,"
* Migrate from TestNg to JUnit",47,Testing,,1,1.0,
Graylog2/syslog4j-graylog2,d6ac701187a2dc960223343d4e77ff12d9193ed6,2014-10-21 16:06:19,org.testng:testng,junit:junit,Replace junit with testng.,org.testng:testng junit:junit,"
Replace junit with testng.",23,Testing,,1,1.0,
groupon/odo,a502b28d1a2490634eea88ca3fe5dd255818405e,2019-08-01 22:31:04,com.squareup.okhttp3,org.apache.httpcomponents,Replace Apache http with okhttp,com.squareup.okhttp3 org.apache.httpcomponents,"
Replace Apache http with okhttp",6,HTTP Clients&Web Framework,,1,1.0,
gumartinm/JavaForFun,a44b32065b73d08f9c57f79ee46a44cfa51381e4,2018-04-22 15:16:57,org.flywaydb:flyway-core,org.liquibase:liquibase-core,"Using flyway instead of liquibase

I will not use H2 (better run database in container when integration tests), so there is no need of using liquibase.",org.flywaydb:flyway-core org.liquibase:liquibase-core,"
Using flyway instead of liquibase",3,Database,,1,1.0,Simplification
gwt-test-utils/gwt-test-utils,c69d3dc2ce9dd1652b128d1309874a3dcbeb4a61,2016-06-20 17:30:11,org.assertj:assertj-core,org.easytesting:fest-assert,Switch from [fest-assert](https://github.com/alexruiz/fest-assert-2.x) which is not maintained anymore to [assertj](https://github.com/joel-costigliola/assertj-core),org.assertj:assertj-core org.easytesting:fest-assert,"
Switch from [fest-assert](https://github.com/alexruiz/fest-assert-2.x) which is not maintained anymore to [assertj](https://github.com/joel-costigliola/assertj-core)",34,Testing,,1,1.0,Deprecation
ha-jdbc/ha-jdbc,02362e95935fc1548e25c153116e4f10c2901700,2011-08-29 00:24:24,org.mockito:mockito,org.easymock:easymock,"JGroups 3.0 upgrade.
Convert tests from EasyMock to Mockito.

git-svn-id: https://ha-jdbc.svn.sourceforge.net/svnroot/ha-jdbc/trunk@2516 882a69a1-a10d-0410-8702-ae3607fe02de",org.mockito:mockito org.easymock:easymock,"
Convert tests from EasyMock to Mockito.",15,Testing,,1,0.95,
Hakky54/sslcontext-kickstart,a143dc503951f54e506d4b0511d1201051153c25,2020-04-09 13:28:54,org.slf4j:slf4j,org.apache.logging.log4j:log4j,"apply feedback (#5)

* Removed guava dependency
* Removed spring-boot test
* Extracted apache http client library into sslcontext-kickstart-for-apache
* Extracted netty handler library into sslcontext-kickstart-for-netty
* Extracted jetty reactive http client library into sslcontext-kickstart-for-jetty
* Reformatted unit test
* Switched to slf4j-api for logging
* Using X509ExtendedKeyManager instead of X509KeyManager, cause some http client expects the extended keymanager
* Applied google best practices
* Used basic hostname verifier which is advised by sonar, see https://rules.sonarsource.com/java/tag/owasp/RSPEC-3510",org.slf4j:slf4j org.apache.logging.log4j:log4j,"
* Reformatted unit test
* Switched to slf4j-api for logging
* Using X509ExtendedKeyManager instead of X509KeyManager, cause some http client expects the extended keymanager",12,Logging,,1,0.8,
halestudio/hale,5e7e574d538e55f79f3b3ebf9d0d5345f15b03ff,2010-09-24 15:16:08,org.slf4j:log4j-over-slf4j,log4j:log4j,"use de.cs3d.util.logging for HALE (extends slf4j api, supports eclipse log view)

git-svn-id: http://svn.esdi-humboldt.eu/repo/humboldt2/trunk@4153 5d385326-3dfc-11dd-8f4f-eb0017f4c70c",org.slf4j:log4j-over-slf4j log4j:log4j,"
use de.cs3d.util.logging for HALE (extends slf4j api, supports eclipse log view)",27,Logging,,1,0.6,Integration
halestudio/hale,5e7e574d538e55f79f3b3ebf9d0d5345f15b03ff,2010-09-24 15:16:08,org.slf4j:slf4j,log4j:log4j,"use de.cs3d.util.logging for HALE (extends slf4j api, supports eclipse log view)

git-svn-id: http://svn.esdi-humboldt.eu/repo/humboldt2/trunk@4153 5d385326-3dfc-11dd-8f4f-eb0017f4c70c",org.slf4j:slf4j log4j:log4j,"
use de.cs3d.util.logging for HALE (extends slf4j api, supports eclipse log view)",73,Logging,,1,0.6,Integration
halestudio/hale,5e7e574d538e55f79f3b3ebf9d0d5345f15b03ff,2010-09-24 15:16:08,org.slf4j:jcl-over-slf4j,log4j:log4j,"use de.cs3d.util.logging for HALE (extends slf4j api, supports eclipse log view)

git-svn-id: http://svn.esdi-humboldt.eu/repo/humboldt2/trunk@4153 5d385326-3dfc-11dd-8f4f-eb0017f4c70c",org.slf4j:jcl-over-slf4j log4j:log4j,"
use de.cs3d.util.logging for HALE (extends slf4j api, supports eclipse log view)",14,Logging,,1,0.6,Integration
halestudio/hale,5e7e574d538e55f79f3b3ebf9d0d5345f15b03ff,2010-09-24 15:16:08,org.slf4j:jul-to-slf4j,log4j:log4j,"use de.cs3d.util.logging for HALE (extends slf4j api, supports eclipse log view)

git-svn-id: http://svn.esdi-humboldt.eu/repo/humboldt2/trunk@4153 5d385326-3dfc-11dd-8f4f-eb0017f4c70c",org.slf4j:jul-to-slf4j log4j:log4j,"
use de.cs3d.util.logging for HALE (extends slf4j api, supports eclipse log view)",11,Logging,,1,0.6,Integration
hantsy/angularjs-springmvc-sample-boot,9535ee0e7b02d0e9fdcae393809e57a54f54d3fe,2016-04-15 14:33:55,ch.qos.logback:logback,log4j:log4j,upgraded to the 1.4.0.M2 and replace log4j with logback,ch.qos.logback:logback log4j:log4j,"
upgraded to the 1.4.0.
M2 and replace log4j with logback",58,Logging,,1,1.0,
hantsy/angularjs-springmvc-sample-boot,9535ee0e7b02d0e9fdcae393809e57a54f54d3fe,2016-04-15 14:33:55,ch.qos.logback:logback,org.slf4j:slf4j,upgraded to the 1.4.0.M2 and replace log4j with logback,ch.qos.logback:logback org.slf4j:slf4j,"
upgraded to the 1.4.0.
M2 and replace log4j with logback",67,Logging,,1,1.0,
heremaps/xyz-hub,0167c888c2604bdc0db9a44814223dcec6e9e122,2020-01-08 08:47:20,org.apache.logging.log4j:log4j,org.slf4j:slf4j,"Replace SLF4J with Log4J

Signed-off-by: Dimitar Goshev <dimitar.goshev@here.com>",org.apache.logging.log4j:log4j org.slf4j:slf4j,"
Replace SLF4J with Log4J",8,Logging,,1,1.0,
heremaps/xyz-hub,0167c888c2604bdc0db9a44814223dcec6e9e122,2020-01-08 08:47:20,org.apache.logging.log4j:log4j,org.slf4j:jcl-over-slf4j,"Replace SLF4J with Log4J

Signed-off-by: Dimitar Goshev <dimitar.goshev@here.com>",org.apache.logging.log4j:log4j org.slf4j:jcl-over-slf4j,"
Replace SLF4J with Log4J",5,Logging,,1,1.0,
hhru/nuts-and-bolts,0ae21205b8bc4949a9364b645e50f84c3d6cbb30,2018-11-23 12:24:57,com.zaxxer:HikariCP,com.mchange:c3p0,HH-85632 use HikariCP instead of C3P0,com.zaxxer:HikariCP com.mchange:c3p0,"
HH-85632 use HikariCP instead of C3P0",7,Database,,1,1.0,
hibernate/hibernate-commons-annotations,7cb7bc5ae6de68f87253662a8fe4d73fe7c0a514,2011-08-31 02:50:28,org.jboss.logging:jboss-logging,org.slf4j:slf4j,"HCNN-38 changing to use jboss logging from slf4j
add .gitignore
add maven-source-plugin
add maven-injection-plugin
add maven-jar-plugin",org.jboss.logging:jboss-logging org.slf4j:slf4j,"
HCNN-38 changing to use jboss logging from slf4j
add .gitignore",4,Logging,,1,0.95,
hibernate/hibernate-ogm,4457466295b98db3d605acf0d48f863b4e0c9c30,2015-12-11 18:34:10,org.infinispan:infinispan,org.hibernate:hibernate,OGM-937 Migrate dependencies and documentation from hibernate-search-infinispan to infinispan-directory-provider,org.infinispan:infinispan org.hibernate:hibernate,"
OGM-937 Migrate dependencies and documentation from hibernate-search-infinispan to infinispan-directory-provider",3,Database,,1,0.8,
hibernate/hibernate-search,546d1b87bd64f015559386af60c71bef07f8e2bf,2018-03-26 16:12:50,org.assertj:assertj-core,org.easytesting:fest-assert,HSEARCH-3034 Replace fest-assert with AssertJ,org.assertj:assertj-core org.easytesting:fest-assert,"
HSEARCH-3034 Replace fest-assert with AssertJ",49,Testing,,1,1.0,
hibernate/hibernate-search,5da6a8fb8de9a93c3cd027dfa2b68d9f022af372,2020-10-27 15:52:30,org.apache.logging.log4j:log4j,org.slf4j:slf4j,HSEARCH-4021 Move the tests to log4j2,org.apache.logging.log4j:log4j org.slf4j:slf4j,"
HSEARCH-4021 Move the tests to log4j2",111,Logging,,1,0.8,
hibernate/hibernate-tools,78cc2dc9e9a93e13c5aec1653a9fe6275f38c002,2019-01-31 11:54:55,org.jboss.logging:jboss-logging,org.slf4j:slf4j,"HBX-1795: Replace slf4j with jboss logging

Signed-off-by: Koen Aers <koen.aers@gmail.com>",org.jboss.logging:jboss-logging org.slf4j:slf4j,"
HBX-1795: Replace slf4j with jboss logging",4,Logging,,1,1.0,
hibernate/hibernate-validator,37078fb9e3ff12250ea2d80a0bc07b31da7f6862,2012-05-01 21:50:14,log4j:log4j,org.slf4j:slf4j,"HV-578: Removing slf4j dependencies, adding log4j as dependency where required for testing",log4j:log4j org.slf4j:slf4j,"
HV-578: Removing slf4j dependencies, adding log4j as dependency where required for testing",4,Logging,,1,0.95,
hibernate/hibernate-validator,b84d8e025d1b00dfc013f6759abb8516540eac26,2016-09-12 13:16:55,org.assertj:assertj-core,org.easytesting:fest-assert,"HV-1069 Replace fest-assert with assertj

Changed the library to a new one.
Replaced all imports and migrated all method calls according to a migration guide  (http://joel-costigliola.github.io/assertj/assertj-core-migrating-from-fest.html#fest-1.4)",org.assertj:assertj-core org.easytesting:fest-assert,"
HV-1069 Replace fest-assert with assertj",49,Testing,,1,1.0,
hibernate/hibernate-validator,fd6b3e9462575f28d278e5c08f05aaa48f845940,2020-09-28 15:12:43,org.apache.logging.log4j:log4j,org.slf4j:slf4j,HV-1803 Move the tests to log4j2,org.apache.logging.log4j:log4j org.slf4j:slf4j,"
HV-1803 Move the tests to log4j2",111,Logging,,1,0.8,
hibersap/hibersap,6650a88e118b12d77cc12e2494e7c8db08f3916f,2009-02-13 14:59:22,commons-logging:commons-logging,log4j:log4j,use commons-logging instead of log4j directly,commons-logging:commons-logging log4j:log4j,"
use commons-logging instead of log4j directly",3,Logging,,1,1.0,
hierynomus/sshj,ca07e0d25ae896cee2ed308c78c74bb91eca5859,2010-05-21 20:40:59,ch.qos.logback:logback,log4j:log4j,logback instead of log4j,ch.qos.logback:logback log4j:log4j,"
logback instead of log4j",58,Logging,,1,1.0,
hierynomus/sshj,ca07e0d25ae896cee2ed308c78c74bb91eca5859,2010-05-21 20:40:59,ch.qos.logback:logback,org.slf4j:slf4j,logback instead of log4j,ch.qos.logback:logback org.slf4j:slf4j,"
logback instead of log4j",67,Logging,,1,1.0,
hltcoe/concrete-java,f9f0b09dde7413d79d6bbcc3dc861fc518132ccd,2014-04-19 06:16:36,org.apache.logging.log4j:log4j,ch.qos.logback:logback,Fixed borked tests; use log4j2 instead of logback; refactor useful test code into test jar.,org.apache.logging.log4j:log4j ch.qos.logback:logback,"
Fixed borked tests; use log4j2 instead of logback; refactor useful test code into test jar.",6,Logging,,1,0.99,
hoary/JavaAV,2525cf5c2d87ab22f5a2a5a671845ff4ca242bdc,2014-06-24 22:31:30,org.slf4j:slf4j,org.apache.logging.log4j:log4j,Updated javacv to 0.8 and changed appache logging to slf4j,org.slf4j:slf4j org.apache.logging.log4j:log4j,"
Updated javacv to 0.8 and changed appache logging to slf4j",13,Logging,,1,0.99,
holodeck-b2b/Holodeck-B2B,c3660b14359d45578a979e0cfdeae745166c0fc6,2016-08-04 10:57:53,org.apache.logging.log4j:log4j,org.slf4j:slf4j,Use log4j2 as logging system,org.apache.logging.log4j:log4j org.slf4j:slf4j,"
Use log4j2 as logging system",111,Logging,,1,0.95,
hortonworks/streamline,3a68d5281300e385b8c31a27815803b403c8257e,2017-03-01 09:10:11,org.mariadb.jdbc:mariadb-java-client,mysql:mysql-connector-java,"STREAMLINE-643: postgresql changes

1. Use mariadb driver for mysql.
2. Initial patch for postgres.",org.mariadb.jdbc:mariadb-java-client mysql:mysql-connector-java,"
1.
Use mariadb driver for mysql.",16,Database,,1,0.98,
hotelbeds-sdk/hotel-api-sdk-java,26b0f0c6bc28dc33f0bba2d4129c146d841d5ca2,2016-02-26 20:24:32,com.squareup.okhttp3,org.apache.httpcomponents,Removed Spring dependency to try with OkHttp lighter client. Also removed CommonsCollections dependency... just for ONE method...,com.squareup.okhttp3 org.apache.httpcomponents,"
Removed Spring dependency to try with OkHttp lighter client.
Also removed CommonsCollections dependency...",6,HTTP Clients&Web Framework,,1,0.95,SizeComplexity
HubSpot/Baragon,7cb9bf725bc7f1fd4d63360e22c3a2f542b3529c,2014-05-19 01:38:07,com.github.jknack:handlebars,com.github.spullara.mustache.java:compiler,use handlebars instead of mustache templates,com.github.jknack:handlebars com.github.spullara.mustache.java:compiler,"
use handlebars instead of mustache templates",3,Utility,,1,0.98,
HubSpot/Singularity,dfcec8c880f18ec3c09cfe1625a80d91e17bf787,2014-05-28 00:34:24,com.github.jknack:handlebars,com.github.spullara.mustache.java:compiler,"mustache --> handlebars, properly escape env vars using bashEscaped helper",com.github.jknack:handlebars com.github.spullara.mustache.java:compiler,"
mustache  laifuhewb  handlebars, properly escape env vars using bashEscaped helper",3,Utility,,1,0.98,Functionality
hudson/hudson-2.x,434b589e557289c93b5e4db2fcad4cf392a1b7da,2011-05-11 12:52:53,junit:junit,org.testng:testng,Updated UI tests to use junit instead of testNG.,junit:junit org.testng:testng,"
Updated UI tests to use junit instead of testNG.",47,Testing,,1,0.99,
huxi/lilith,531eed3774ace76e6a662cd8b482183743d97bc0,2010-07-21 04:29:14,com.beust:jcommander,commons-cli:commons-cli,Replaced Commons-CLI with JCommander.,com.beust:jcommander commons-cli:commons-cli,"
Replaced Commons-CLI with JCommander.",8,Utility,,1,0.99,
hypergraphdb/hypergraphdb,c98811719edb1686e59d606fe9f0061d64c9af46,2015-12-01 02:00:38,junit:junit,org.testng:testng,move from testng to junit 4,junit:junit org.testng:testng,"
move from testng to junit 4",47,Testing,,1,0.99,
ibauersachs/dnssecjava,002f518f76163f6e88a496e3bf82a4733809d299,2016-03-08 17:44:58,org.slf4j:slf4j,log4j:log4j,Migrate logging from log4j to slf4j.,org.slf4j:slf4j log4j:log4j,"
Migrate logging from log4j to slf4j.",73,Logging,,1,0.99,
ibissource/iaf,6228afacd1baf54be4b68fb24d4af216cbad81cc,2020-04-23 15:48:37,org.apache.logging.log4j:log4j,org.slf4j:slf4j,"Log4j2 update and Adapter logger improvement (#520)

It's not backwards compatible with Log4J version 1. The new version will ingore all older Log4J files.",org.apache.logging.log4j:log4j org.slf4j:slf4j,"
It's not backwards compatible with Log4J version 1.
The new version will ingore all older Log4J files.",111,Logging,,1,0.75,
ICIJ/datashare,a70a06e5fafc8fd10a72c08ca4e11a23d2e69054,2018-07-17 11:36:16,org.elasticsearch.client:elasticsearch-rest,org.elasticsearch.client:transport,[upgrade][index] use Java Rest Client for elasticsearch,org.elasticsearch.client:elasticsearch-rest org.elasticsearch.client:transport,"
[upgrade][index] use Java Rest Client for elasticsearch",10,Database,,1,0.95,
igniterealtime/Openfire,1bf06020e29fd6362747b7477bcc145a80dd280f,2018-07-23 14:51:45,org.apache.logging.log4j:log4j,org.slf4j:slf4j,OF-1491: Replace Log4j with Log4j2.,org.apache.logging.log4j:log4j org.slf4j:slf4j,"
OF-1491: Replace Log4j with Log4j2.",111,Logging,,1,0.85,
igniterealtime/tinder,080d25640ce3beb9f22a64a9a08c720ba3e5302e,2019-06-19 13:56:45,com.github.ben-manes.caffeine:caffeine,com.googlecode.concurrentlinkedhashmap:concurrentlinkedhashmap-lru,"TINDER-72: Update JID cache implementation

This replaces ConcurrentLinkedHashMap with Caffeine in this project (which applies to caching in the JID class).

Small behavioral changes were introduced:
- The caches are now byte-size limited (as opposed to element-size).
- caches are now exposed, for others to (re)configure them (OF-1799).
- API change: an exception that was never throwns was removed from the signature of JID methods.
- An optimization was removed, where a computation could add more than one value to a cache.",com.github.ben-manes.caffeine:caffeine com.googlecode.concurrentlinkedhashmap:concurrentlinkedhashmap-lru,"
This replaces ConcurrentLinkedHashMap with Caffeine in this project (which applies to caching in the JID class).",3,Utility,,1,0.98,
ikasanEIP/ikasan,8959541612818e5bde288a26b323bb72e7754f76,2017-08-25 21:54:58,org.slf4j:slf4j,log4j:log4j,"2.0.x ikasan 1283 - ftp/sftp migration (#312)

* IKASAN-1279 - WIP builder pattern implementation

* IKASAN-1279 - add close method to allow SpringBootApplication shutdown

* IKASAN-1279 - fix poincuting issues with topology and  add quartz poincut

* IKASAN-1283 - Initial sftp changes

* IKASAN-1279 - WIP builder pattern implementation

* IKASAN-1283 - SFTP refactoring  working example

* IKASAN-1283 - revert to original on client-filetransfer

* IKASAN-1283 - SFTP refactoring cleanup of sftp classes

* IKASAN-1283 - SFTP producer sample

* IKASAN-1283 - FTP refactoring

* IKASAN-1283 - FTP spring boot sample

* IKASAN-1283 - FTP sample name cleanup

* IKASAN-1283 - SFTPConnectionImpl and SFTPManagedConnection cleanup  to convert to Connection and LRCO

* IKASAN-1283 - FTPConnectionImpl and FTPManagedConnection cleanup to convert to Connection and LRCO

* IKASAN-1283 - file transfer log4j -> replacement with slf4j

* IKASAN-1283 - fix boot samples to get wiretaps to work

* IKASAN-1279 - WIP builder pattern implementation

* IKASAN-1283 - sftp project refactoring from cline jar to  single ikasan-sftp-endpoint project

* IKASAN-1283 - ftp project refactoring from clinet and jar to single ikasan-ftp-endpoint project

* IKASAN-1283 - merge client-transfer project with connector-basefiletransfer

* IKASAN-1283 - move filetransfer project to  component/endpoint/filetransfer

* IKASAN-1279 - WIP builder pattern implementation - remove geronimo-spec from being automatically packaged.

* IKASAN-1279 - WIP builder pattern implementation - create ikasan-eip-standalone.

* IKASAN-1279 - WIP builder pattern implementation

* IKASAN-1283 - refactor ModuleInitialisationServiceImpl to push Server updates on startup

* IKASAN-1283 - fixing webconsole dependencies from old jackson-databinding and removing security-service-conf.xml

* IKASAN-1283 - remove jboss-jta dependency from filetransfer parent project

* IKASAN-1283 - update filetransfer-service-conf.xml to use ikasan.ds rathern then ikasan.xsds for transactionalResourceCommandHibernateSessionFactory

* IKASAN-1283 -fix jboss sample ftp and sftp projects

* Remove Overlays

* IKASAN-1279 - WIP builder pattern implementation

* IKASAN-1279 - pom cleanup from tomcat version references
remove validation-api dependency from  configuration service
remove freemaker dependency from security
remove old jakson 2.3.2 dependency from webconsoleboot

* IKASAN-1279 - remove dependency-reduce-pom.xml from sample projects

* IKASAN-1279 -update sample-jms project to depend on ikasan-eip-standalone rather then ikasan-eip

* IKASAN-1279 - Add JmsConsumerBuilder implementation and sample

* IKASAN-1279 - WIP builder pattern implementation

* IKASAN-1279 - WIP builder pattern implementation

* IKASAN-1279 - Add JmsProducerBuilder implementation and sample

* IKASAN-1279 - Fix JmsConsumerBuilder tests

* IKASAN-1279 - jms-spring project remove dependency on geronimo-spec-j2ee and replace it with geronimo-jms_1.1_spec

* IKASAN-1279 - remove overlays from codebase

* IKASAN-1283 - updating ftp/sftp samples to after sample-standalone branch update",org.slf4j:slf4j log4j:log4j,"
* IKASAN-1283 - file transfer log4j  laifuhewb  replacement with slf4j",15,Logging,,1,0.95,
ikasanEIP/ikasan,dba8206145927540c3111d5f0eaf7a62c3a677a6,2017-09-07 21:29:38,org.slf4j:slf4j,org.slf4j:log4j-over-slf4j,"IKASAN-1225 move to slf4j, cleanup enforcer errors on commons logging",org.slf4j:slf4j org.slf4j:log4j-over-slf4j,"
IKASAN-1225 move to slf4j, cleanup enforcer errors on commons logging",3,Logging,,1,0.8,Integration
ikasanEIP/ikasan,574bfa4e7208f552484af36c6f81e285177bcde7,2017-10-12 10:48:09,com.h2database:h2,mysql:mysql-connector-java,"IKASAN-1312 - WIP, revert MySQL to H2.",com.h2database:h2 mysql:mysql-connector-java,"
IKASAN-1312 - WIP, revert MySQL to H2.",7,Database,,1,0.9,
immutables/immutables,b27c53f6b9d960be72f6f6ac2a1470f8534011d4,2019-03-23 04:00:30,de.bwaldvogel:mongo-java-server,com.github.fakemongo:fongo,"Mongo Adapter. Replace Fongo by Mongo Java Server (embedded mongo for tests)

Traditionally we have used [Fongo](https://github.com/fakemongo/fongo) as our fake mongo server. Unfortunately,
development on that project has staled and it is not compatible with latest mongo driver versions (3.6+).

[Mongo Java Server](https://github.com/bwaldvogel/mongo-java-server) is more active and passed all integration tests.

Closes #929",de.bwaldvogel:mongo-java-server com.github.fakemongo:fongo,"
Mongo Adapter.
Replace Fongo by Mongo Java Server (embedded mongo for tests)
Traditionally we have used [Fongo](https://github.com/fakemongo/fongo) as our fake mongo server.
Unfortunately,",3,Database,,1,1.0,Deprecation
inbloom/secure-data-service,2270e6019d49926a145d2bbaea5cdcc8f61cd239,2012-03-08 16:23:04,org.slf4j:jcl-over-slf4j,log4j:log4j,Converge on logback over log4j / jse logging.,org.slf4j:jcl-over-slf4j log4j:log4j,"
Converge on logback over log4j / jse logging.",14,Logging,,1,0.8,Simplification
infinispan/infinispan,a5b2982c54da63fe55c61af745882122584e6c8a,2009-08-13 10:45:16,com.h2database:h2,hsqldb:hsqldb,fixed interrmitent failures by switching to h2 database (hsqldb was randomly failing) interrmitent,com.h2database:h2 hsqldb:hsqldb,"fixed interrmitent failures by switching to h2 database (hsqldb was randomly failing) interrmitent
",5,Database,,1,1.0,BugIssue
infinispan/infinispan,0db15e033ab68df91e9dff7c0323d2f7d6b07156,2014-08-15 07:55:59,org.codehaus.jackson:jackson,org.json:json,ISPN-3340 Switching from Json.org to Jackson,org.codehaus.jackson:jackson org.json:json,"
ISPN-3340 Switching from Json.org to Jackson",4,Serialization,,1,1.0,
infinispan/infinispan,f05326bfa61d0765e6e17d395419928429a88487,2015-07-24 13:35:42,org.apache.logging.log4j:log4j,org.slf4j:slf4j,"ISPN-3076 Upgrade to JBoss Logging 3.2.1

- Also migrate code to use log4j 2.x
- Bump Karaf to 3.0.4
- Bump Pax Exam to 3.5.0
- Update Hibernate dependencies",org.apache.logging.log4j:log4j org.slf4j:slf4j,"
- Also migrate code to use log4j 2.x
- Bump Karaf to 3.0.4",111,Logging,,1,0.9,
infinispan/infinispan,7e7b3e4075ef1205d7459459b46f36f988941440,2015-09-18 08:09:15,org.apache.logging.log4j:log4j,org.slf4j:slf4j,ISPN-5719 Use log4j 2.0 everywhere,org.apache.logging.log4j:log4j org.slf4j:slf4j,"
ISPN-5719 Use log4j 2.0 everywhere",6,Logging,,1,0.8,
infinispan/infinispan,346b8d31beb527d7d346da13eeb99ab97e353aeb,2020-01-10 17:56:31,org.apache.logging.log4j:log4j,org.slf4j:log4j-over-slf4j,ISPN-11131 server-runtime should use log4j2,org.apache.logging.log4j:log4j org.slf4j:log4j-over-slf4j,"
ISPN-11131 server-runtime should use log4j2",3,Logging,,1,0.8,
infinispan/protostream,7f472028eeb66b8503de668182701c67379cdd9d,2020-12-18 16:50:45,com.fasterxml.jackson,com.google.code.gson:gson,IPROTO-179 Replace GSON with jackson-core,com.fasterxml.jackson com.google.code.gson:gson,"
IPROTO-179 Replace GSON with jackson-core",13,Serialization,,1,1.0,
InMobi/grill,41cc91e9badc82ab83a5434bbe388180f1579dd5,2014-04-23 13:55:56,com.h2database:h2,mysql:mysql-connector-java,"Removed mysql dependency from TestJDBCFinal and used h2, fixed desc issue in order by tests",com.h2database:h2 mysql:mysql-connector-java,"
Removed mysql dependency from TestJDBCFinal and used h2, fixed desc issue in order by tests",7,Database,,1,0.9,
INRIA/spoon,cd339e2c5f0e5c1e42c66b890f02bc282c3a0ea1,2021-01-19 07:48:20,org.slf4j:slf4j,org.apache.logging.log4j:log4j,refactor: use slf4j API instead of log4j-api (#3755),org.slf4j:slf4j org.apache.logging.log4j:log4j,"
refactor: use slf4j API instead of log4j-api (#3755)",13,Logging,,1,1.0,
interledger4j/ilpv4-connector,f642e1bb321f39f7f22414c5cd6b35c646a201a8,2019-11-15 00:23:41,org.assertj:assertj-core,org.hamcrest:hamcrest,"Fix Problem JSON Status code serialization (Fixes #402) (#427)

* Fixes #402 (Stop emitting JSON numbers as strings, by default, in Jackson)
* Clarify Javadoc
* Remove hamcrest from accounts and use assertj

Signed-off-by: David Fuelling <sappenin@gmail.com>",org.assertj:assertj-core org.hamcrest:hamcrest,"
* Clarify Javadoc
* Remove hamcrest from accounts and use assertj",3,Testing,,1,1.0,
interledger4j/ilpv4-connector,c2e8afebfff20ee5aac552779c78fd2434625aab,2020-02-06 22:51:30,io.lettuce:lettuce-core,redis.clients:jedis,"pub sub extravaganza (#572)

* jedis -> lettuce and redis pubsub module added and wired up

Signed-off-by: Ian Simpson <ian.g.simpson@gmail.com>

* get cluster coordination working and deduping

Signed-off-by: Ian Simpson <ian.g.simpson@gmail.com>

* clean up names and pom. add tests.

Signed-off-by: Ian Simpson <ian.g.simpson@gmail.com>

* reorder deps

Signed-off-by: Ian Simpson <ian.g.simpson@gmail.com>

* javadoc

Signed-off-by: Ian Simpson <ian.g.simpson@gmail.com>

* really codacy? really?

Signed-off-by: Ian Simpson <ian.g.simpson@gmail.com>

* switch from dynamic proxy based detection to inheritance based

Signed-off-by: Ian Simpson <ian.g.simpson@gmail.com>

* switch some log messages from info to debug

Signed-off-by: Ian Simpson <ian.g.simpson@gmail.com>

* boost test coverage

Signed-off-by: Ian Simpson <ian.g.simpson@gmail.com>

* thread safety

Signed-off-by: Ian Simpson <ian.g.simpson@gmail.com>

* add pool config

Signed-off-by: Ian Simpson <ian.g.simpson@gmail.com>

* moving script per pr comment

Signed-off-by: Ian Simpson <ian.g.simpson@gmail.com>

* unadd pool config

Signed-off-by: Ian Simpson <ian.g.simpson@gmail.com>

* dead code cleanup

Signed-off-by: Ian Simpson <ian.g.simpson@gmail.com>",io.lettuce:lettuce-core redis.clients:jedis,"
* jedis  laifuhewb  lettuce and redis pubsub module added and wired up",4,Database,,1,1.0,
intranda/goobi,1e353abfbdf68464e8863059b0692cb09a9be4b9,2019-02-28 09:52:09,org.apache.logging.log4j:log4j,org.slf4j:slf4j,change slf4j-simple implementation for log4j implementation,org.apache.logging.log4j:log4j org.slf4j:slf4j,"
change slf4j-simple implementation for log4j implementation",9,Logging,,1,1.0,
iterate-ch/java-openstack-swift,9f48c3ff54dda90d94a4b854f3594faec524c465,2014-02-03 11:13:05,com.google.code.gson:gson,com.googlecode.json-simple:json-simple,Switch to com.google.code.gson JSON parser.,com.google.code.gson:gson com.googlecode.json-simple:json-simple,"
Switch to com.google.code.gson JSON parser.",11,Serialization,,1,1.0,
ivangfr/springboot-kafka-connect-debezium-ksqldb,fe6befd8520179bd4d82e0d2ba91251f820dd4d8,2020-06-09 07:53:34,org.mapstruct:mapstruct,ma.glasnost.orika:orika-core,"changes
- update project to Java 11;
- replace orika to mapstruct;
- streams and tables created in ksql has now 5 partitions;
- update way to connect to kafka;
- code refactor using RequiredArgsConstructor annotation;
- code refactor;
- update README.",org.mapstruct:mapstruct ma.glasnost.orika:orika-core,"
- update project to Java 11;
- replace orika to mapstruct;
- streams and tables created in ksql has now 5 partitions;",4,Utility,,1,1.0,
ivangfr/springboot-kafka-connect-streams,b41e610c387fe3edf14b9f7c242ca6e2da1fbb62,2020-06-09 19:59:34,org.mapstruct:mapstruct,ma.glasnost.orika:orika-core,"changes
- update project to Java 11;
- replace orika to mapstruct;
- code refactor using RequiredArgsConstructor annotation;
- implement script to create kafka topics;
- update README.",org.mapstruct:mapstruct ma.glasnost.orika:orika-core,"
- update project to Java 11;
- replace orika to mapstruct;
- code refactor using RequiredArgsConstructor annotation;",4,Utility,,1,1.0,
ivangfr/spring-cloud-stream-elasticsearch,c0c38e3b1058812f143a3df3d79817b815e4ead7,2020-06-13 17:48:44,org.mapstruct:mapstruct,ma.glasnost.orika:orika-core,"changes
- update project to Java 11;
- using jib to build docker images;
- code refactor;
- replace orika to mapstruct.",org.mapstruct:mapstruct ma.glasnost.orika:orika-core,"
- code refactor;
- replace orika to mapstruct.",4,Utility,,1,1.0,
jagornet/dhcp,844b2a3feabfcb2f90f5e5e97f5cbf9320c594c0,2020-09-29 01:46:03,org.apache.logging.log4j:log4j,org.slf4j:slf4j,"Release version 3.0.1

Fixes #20: Replace Log4j with Log4j2
	- Update Maven dependencies
	- Migrate log4j.properties to log4j2.xml

Fixes #21: Correct default configuration file processing
	- Use qualified 'file:' URL for finding resource

Additional updates:
	- Reorder config schema elements - v4 before v6
	- Add Logging section to user guide
	- Update release notes",org.apache.logging.log4j:log4j org.slf4j:slf4j,"
Fixes #20: Replace Log4j with Log4j2
- Update Maven dependencies",111,Logging,,1,0.8,
Jahia/dxm,d25983d63b852d36cb0a44f750e77c1a57e9274b,2021-07-05 12:34:35,org.apache.logging.log4j:log4j,org.slf4j:slf4j,QA-13589: Update to log4j2,org.apache.logging.log4j:log4j org.slf4j:slf4j,"
QA-13589: Update to log4j2",111,Logging,,1,0.9,
Jahia/dxm,d25983d63b852d36cb0a44f750e77c1a57e9274b,2021-07-05 12:34:35,org.apache.logging.log4j:log4j,log4j:apache-log4j-extras,QA-13589: Update to log4j2,org.apache.logging.log4j:log4j log4j:apache-log4j-extras,"
QA-13589: Update to log4j2",4,Logging,,1,0.9,
Jahia/unomi,c0c944c87a13e59eaf8ef8a2bba6b40b03b9288c,2019-11-22 13:52:52,org.elasticsearch.client:elasticsearch-rest,org.elasticsearch.client:transport,"UNOMI-225 Initial work on ElasticSearch 7 support. Includes switching to Java High Level Rest Client
This is very prelimiinary work, it doesn't even compile yet.

Signed-off-by: Serge Huber <shuber@apache.org>",org.elasticsearch.client:elasticsearch-rest org.elasticsearch.client:transport,"
UNOMI-225 Initial work on ElasticSearch 7 support.
Includes switching to Java High Level Rest Client
This is very prelimiinary work, it doesn't even compile yet.",10,Database,,1,1.0,Integration
jajja/jorm,cc9067dcf352fd1fd427f81af89d81fdc6faa7a7,2013-04-11 13:00:42,org.apache.tomcat:tomcat,commons-dbcp:commons-dbcp,"Fix cache api
Fix false null reference compiler warning
Use Tomcat JDBC for tests",org.apache.tomcat:tomcat commons-dbcp:commons-dbcp,"Fix cache api
Fix false null reference compiler warningFix cache api
Fix false null reference compiler warning",5,Database&Web Framework,,1,0.9,
JakeWharton/flip-tables,349c6b7d9f48918d3ac40157be96247b154299d4,2015-03-31 17:02:53,org.assertj:assertj-core,org.easytesting:fest-assert,Replaced fest-assert with assertj,org.assertj:assertj-core org.easytesting:fest-assert,"
Replaced fest-assert with assertj",34,Testing,,1,0.98,
jamesagnew/hapi-fhir,3218bd7853cd98a489f65b25ec5bc15f3fabf25b,2019-08-20 22:11:53,com.h2database:h2,org.apache.derby,Incremental work on large ValueSet expansion support; implemented paging when reading concepts from the terminology tables. Switched from Derby to H2.,com.h2database:h2 org.apache.derby,"
Incremental work on large ValueSet expansion support; implemented paging when reading concepts from the terminology tables.
Switched from Derby to H2.",4,Database,,1,0.97,
jamesdbloom/mockserver,d2624faac46b870b3cbcfc068c5d4bcc350cc411,2014-01-21 03:46:10,org.apache.tomcat.embed:tomcat-embed,org.eclipse.jetty,changed from Jetty to Apache and moved toward being able to support Java 6,org.apache.tomcat.embed:tomcat-embed org.eclipse.jetty,"
changed from Jetty to Apache and moved toward being able to support Java 6",6,Web Framework,,1,0.9,Integration
Jasig/sass-maven-plugin,7bb8786a07d790cd76d162acf49abe28b87da548,2012-06-21 13:25:52,com.google.guava:guava,com.google.collections:google-collections,Changed dependency to google guava,com.google.guava:guava com.google.collections:google-collections,"
Changed dependency to google guava",28,Utility,,1,0.7,
Jasig/WebproxyPortlet,589a99aa7a6477c693f4088e86a5181b9afb45a1,2013-01-18 21:05:13,ch.qos.logback:logback,commons-logging:commons-logging,"WPP-57: v2 bug fixes and improvements.

The following changes are proposed for the WPP v2:
1. CAS proxy bug fixes (serviceUrl, final proxy URL creation)
2. Switched the logging framework to just logback/slf4j
3. Fixed formatting issues in a number of Java classes
4. Added CAS proxy attribute
5. Fixed a bug in whitelist regex matching (blank regex forces the filter to rewrite everything)",ch.qos.logback:logback commons-logging:commons-logging,"
2.
Switched the logging framework to just logback/slf4j
3.",7,Logging,,1,0.95,
Jasig/WebproxyPortlet,589a99aa7a6477c693f4088e86a5181b9afb45a1,2013-01-18 21:05:13,org.slf4j:jul-to-slf4j,commons-logging:commons-logging,"WPP-57: v2 bug fixes and improvements.

The following changes are proposed for the WPP v2:
1. CAS proxy bug fixes (serviceUrl, final proxy URL creation)
2. Switched the logging framework to just logback/slf4j
3. Fixed formatting issues in a number of Java classes
4. Added CAS proxy attribute
5. Fixed a bug in whitelist regex matching (blank regex forces the filter to rewrite everything)",org.slf4j:jul-to-slf4j commons-logging:commons-logging,"
2.
Switched the logging framework to just logback/slf4j
3.",3,Logging,,1,0.95,
Jaspersoft/jrs-rest-java-client,50b535c745438399fe0014e664d1c44c6eb538b6,2015-09-11 08:26:58,log4j:log4j,org.slf4j:slf4j,"Switched self4j simple to log4j, added Log4j dependencies",log4j:log4j org.slf4j:slf4j,"Switched self4j simple to log4j, added Log4j dependencies
",4,Logging,,1,0.9,
javalite/activejdbc,7a700071917b75cbd17e550e7cc78915898650fa,2016-02-01 08:09:04,org.apache.activemq:artemis-server,org.hornetq:hornetq,#253 Upgrade HornetNest to Artemis 1.2,org.apache.activemq:artemis-server org.hornetq:hornetq,"
#253 Upgrade HornetNest to Artemis 1.2",3,Database&HTTP Clients,,1,0.9,
javalite/activejdbc,4d938067d8b7a870bd5c1d2e78e1f93492b585c2,2021-05-18 20:59:15,org.mariadb.jdbc:mariadb-java-client,mysql:mysql-connector-java,#1108 Change  Mysql driver to latest MariaDB,org.mariadb.jdbc:mariadb-java-client mysql:mysql-connector-java,"
#1108 Change  Mysql driver to latest MariaDB",16,Database,,1,0.95,
javanna/elasticsearch-river-solr,5cc30fdc5bd8b82651c54f6ff583bb7a878b3e2b,2014-02-16 18:48:02,junit:junit,org.testng:testng,"updated to 1.0

also migrated tests from testng to junit + elasticsearch-test + randomized runner",junit:junit org.testng:testng,"
also migrated tests from testng to junit + elasticsearch-test + randomized runner",47,Testing,,1,0.97,
javaparser/javaparser,c450df4ae7367492b9037001456f60b0ef3cb314,2018-01-14 21:49:37,org.mockito:mockito,org.easymock:easymock,Use Mockito instead of EasyMock,org.mockito:mockito org.easymock:easymock,"
Use Mockito instead of EasyMock",15,Testing,,1,0.98,
javaslang/javaslang,456c9f6d42b73d8a3262e3e2fdc3ad519344560d,2014-08-30 10:11:05,org.assertj:assertj-core,org.easytesting:fest-assert,"Migrated from fest-assert-2.0M10 to assertj-1.6.1.
Switched from junit-4.11 to junit-4.12-beta-1.",org.assertj:assertj-core org.easytesting:fest-assert,"
Migrated from fest-assert-2.0M10 to assertj-1.6.1.",34,Testing,,1,0.98,
jbake-org/jbake,7ab3fa62140372b74677d84073849308b4eff94c,2014-02-20 13:27:53,org.assertj:assertj-core,org.easytesting:fest-assert,Used AssertJ instead of FEST-Assert.,org.assertj:assertj-core org.easytesting:fest-assert,"
Used AssertJ instead of FEST-Assert.",49,Testing,,1,0.98,
JBEI/ice,7493513838da986e208c104aa318bb22d0712aaa,2013-09-27 17:21:40,ch.qos.logback:logback,log4j:log4j,- moving to logback for logging,ch.qos.logback:logback log4j:log4j,"
- moving to logback for logging",58,Logging,,1,0.95,
jberet/jsr352,75670991e7afd3ca91f8c932caa5c8d7f034e217,2013-06-20 20:35:12,org.jboss.spec.javax,javax.transaction:jta,"use InMemoryRepository as the default before JdbcRepository is ready; use jboss spec api jar for jta instead of javax.transaction:jta, which is not allowd in WildFly; move jberet.properties to distribution module to avoid potential interference with WildFly server config.",org.jboss.spec.javax javax.transaction:jta,"use InMemoryRepository as the default before JdbcRepository is ready; use jboss spec api jar for jta instead of javax.transaction:jta, which is not allowd in WildFly; move jberet.properties to distribution module to avoid potential interference with WildFly server config.
",4,Building&Web Framework,,1,0.9,Integration
jboss/jboss-javaee-specs,e7bba3786c83c69983a861425531f272b8bde9a3,2015-05-11 15:57:29,org.jboss.spec.javax,org.jboss.resteasy:jaxrs-api,Use jboss spec version of jaxrs-api instead of resteasy,org.jboss.spec.javax org.jboss.resteasy:jaxrs-api,"
Use jboss spec version of jaxrs-api instead of resteasy",6,Web Framework,,1,0.9,
jboss-developer/jboss-brms-quickstarts,1614f5a1edc2da55648fde6c922d2c1157464a2a,2014-03-06 20:42:10,ch.qos.logback:logback,org.slf4j:slf4j,Changed BRMS bom -build-4 for -build-6 and added ch.qos.logback instead of  slf4j-jdk14,ch.qos.logback:logback org.slf4j:slf4j,"
Changed BRMS bom -build-4 for -build-6 and added ch.qos.logback instead of  slf4j-jdk14",3,Logging,,1,0.9,
jboss-fuse/wsdl2rest,3f343c2ec7c8acaace30dff8621f7a636c06c81a,2016-11-09 15:31:03,org.slf4j:slf4j,commons-logging:commons-logging,[resolves #3] Use slf4j instead of commons logging,org.slf4j:slf4j commons-logging:commons-logging,"
[resolves #3] Use slf4j instead of commons logging",39,Logging,,1,0.98,
jboss-fuse/wsdl2rest,3f343c2ec7c8acaace30dff8621f7a636c06c81a,2016-11-09 15:31:03,org.slf4j:slf4j,log4j:log4j,[resolves #3] Use slf4j instead of commons logging,org.slf4j:slf4j log4j:log4j,"
[resolves #3] Use slf4j instead of commons logging",73,Logging,,1,0.98,
jboss-logging/jboss-logmanager,c7dc4d6530018519cd0575dee2a0212a0b3407f7,2013-05-09 16:02:35,junit:junit,org.testng:testng,Switched from TestNG to JUnit,junit:junit org.testng:testng,"
Switched from TestNG to JUnit",47,Testing,,1,0.98,
jboss-remoting/jboss-remoting,15989139a86b660e2f787f430024f60672e11060,2011-06-21 16:34:53,junit:junit,org.testng:testng,Move TestNG test suite to Junit.,junit:junit org.testng:testng,"
Move TestNG test suite to Junit.",47,Testing,,1,0.97,
jbosstm/narayana,3559ecbdd652d78b6925e021f6fc191afa177dce,2013-05-17 12:42:38,org.wildfly:wildfly,org.jboss.as:jboss-as-arquillian,JBTM-1693 update to replace jboss-as-arquillian-container-managed with wildfly-arquillian-container-managed,org.wildfly:wildfly org.jboss.as:jboss-as-arquillian,"
JBTM-1693 update to replace jboss-as-arquillian-container-managed with wildfly-arquillian-container-managed",8,Testing&Web Framework,,1,0.95,
jbosstools/jbosstools-openshift,f685aaf80badca695e62a1ea6858eb2cca33c662,2020-02-18 16:03:52,org.apache.logging.log4j:log4j,org.slf4j:slf4j,"[JBIDE-27051] switched to log4j2

Signed-off-by: Andre Dietisheim <adietish@redhat.com>",org.apache.logging.log4j:log4j org.slf4j:slf4j,"
[JBIDE-27051] switched to log4j2",4,Logging,,1,0.9,
jbrundege/taro,fe226f6f511490712a5ba41b50106b48075f4f38,2015-02-14 15:38:59,org.assertj:assertj-core,org.hamcrest:hamcrest,"replaced harmcrest by assertj
replaced mocks by implementation test
added oss-parent as parent pom
replaced all poi model objects by XSSF poi model",org.assertj:assertj-core org.hamcrest:hamcrest,"
replaced harmcrest by assertj
replaced mocks by implementation test",5,Testing,,1,0.95,
jcaddel/maven-s3-wagon,98f2f2f381cf19944f3d2a4623ea014b9bb19281,2010-12-28 21:01:38,com.amazonaws:aws-java-sdk,net.java.dev.jets3t:jets3t,Update the wagon to use Amazon's java library instead of Jets3t,com.amazonaws:aws-java-sdk net.java.dev.jets3t:jets3t,"
Update the wagon to use Amazon's java library instead of Jets3t",3,HTTP Clients,,1,0.98,
jcgay/buildplan-maven-plugin,0578c697f14fb0913542f6f5b9afac0a102c7cb9,2013-06-22 19:39:20,org.assertj:assertj-core,org.easytesting:fest-assert,Replace FEST-assert by AssertJ.,org.assertj:assertj-core org.easytesting:fest-assert,"
Replace FEST-assert by AssertJ.",34,Testing,,1,0.99,
jcgay/maven-color,833c4f68f5bd8857a89df145dd1df048f7848dc2,2013-08-15 11:10:50,org.assertj:assertj-core,org.easytesting:fest-assert,Replace FEST-assert by AssertJ.,org.assertj:assertj-core org.easytesting:fest-assert,"
Replace FEST-assert by AssertJ.",49,Testing,,1,0.99,
jchambers/java-otp,9f5d09444932ef6d41e75daa6dfd710d8b73e20e,2019-06-15 17:59:48,org.junit,pl.pragmatists:JUnitParams,Update tests to JUnit 5.,org.junit pl.pragmatists:JUnitParams,"
Update tests to JUnit 5.",3,Testing,,1,0.85,
jchambers/pushy,e8f2638bfaa001c305202b7759c1ebf8cb8c343a,2020-03-05 22:48:50,org.junit,pl.pragmatists:JUnitParams,Update to JUnit 5.,org.junit pl.pragmatists:JUnitParams,"
Update to JUnit 5.",3,Testing,,1,0.85,
jdemetra/jdemetra-app,4e09b1cf5d78b6e179ab423bf4e9b02f14c1f308,2019-06-20 08:25:51,org.checkerframework:checker-qual,com.google.code.findbugs,Replace jsr305 by checkerframework and jcip,org.checkerframework:checker-qual com.google.code.findbugs,"
Replace jsr305 by checkerframework and jcip",6,Utility,,1,0.95,
jdemetra/jdemetra-app,4e09b1cf5d78b6e179ab423bf4e9b02f14c1f308,2019-06-20 08:25:51,com.github.stephenc.jcip:jcip-annotations,com.google.code.findbugs,Replace jsr305 by checkerframework and jcip,com.github.stephenc.jcip:jcip-annotations com.google.code.findbugs,"
Replace jsr305 by checkerframework and jcip",3,Utility,,1,0.95,
jdemetra/jdemetra-core,1dcc3f77680598c560bbc13e43338914748a0da7,2019-06-19 13:55:43,org.checkerframework:checker-qual,com.google.code.findbugs,Replace jsr305 by checkerframework and jcip,org.checkerframework:checker-qual com.google.code.findbugs,"
Replace jsr305 by checkerframework and jcip",6,Utility,,1,0.95,
jdemetra/jdemetra-core,1dcc3f77680598c560bbc13e43338914748a0da7,2019-06-19 13:55:43,com.github.stephenc.jcip:jcip-annotations,com.google.code.findbugs,Replace jsr305 by checkerframework and jcip,com.github.stephenc.jcip:jcip-annotations com.google.code.findbugs,"
Replace jsr305 by checkerframework and jcip",3,Utility,,1,0.95,
jenkinsci/artifactory-plugin,9c5adb5e57bbf2fbf291cb0d53ca3108f5d402dd,2011-05-17 08:43:13,junit:junit,org.testng:testng,Switched tests to JUnit,junit:junit org.testng:testng,"
Switched tests to JUnit",47,Testing,,1,0.98,
jenkinsci/coverity-plugin,d21e6cdbd6263ad3dc65b5fdc08e9081aefa723f,2017-01-13 00:03:54,org.mockito:mockito,org.easymock:easymock,"This commit includes following cleanup tasks for coverity tool commands

1) Removed the ""PrepareCommand"" method from the constructor of each command and call ""PrepareCommand"" before runCommand.
2) Use ""AssertArrayEquals"" to check the expected arguments and actual arguments of the commands
3) Instead of using EasyMock, ""Mockito"" and ""PowerMockito"" are used.
4) Used ""try-catch"" block to test the expected exceptions
5) Added ""try-finally"" block for unit tests that involves writing some physical test files.",org.mockito:mockito org.easymock:easymock,"
2) Use ""AssertArrayEquals"" to check the expected arguments and actual arguments of the commands
3) Instead of using EasyMock, ""Mockito"" and ""PowerMockito"" are used.",8,Testing,,1,0.85,
jenkinsci/coverity-plugin,d21e6cdbd6263ad3dc65b5fdc08e9081aefa723f,2017-01-13 00:03:54,org.powermock:powermock,org.easymock:easymock,"This commit includes following cleanup tasks for coverity tool commands

1) Removed the ""PrepareCommand"" method from the constructor of each command and call ""PrepareCommand"" before runCommand.
2) Use ""AssertArrayEquals"" to check the expected arguments and actual arguments of the commands
3) Instead of using EasyMock, ""Mockito"" and ""PowerMockito"" are used.
4) Used ""try-catch"" block to test the expected exceptions
5) Added ""try-finally"" block for unit tests that involves writing some physical test files.",org.powermock:powermock org.easymock:easymock,"
2) Use ""AssertArrayEquals"" to check the expected arguments and actual arguments of the commands
3) Instead of using EasyMock, ""Mockito"" and ""PowerMockito"" are used.",3,Testing,,1,0.85,
jenkinsci/ec2-plugin,104e585c8129e9c485a18356dc4e0402b6ec6414,2012-01-26 12:38:17,com.amazonaws:aws-java-sdk,net.java.dev.jets3t:jets3t,"[FIXED JENKINS-12539] Convert to Amazon AWS libraries
[FIXED JENKINS-5867] Allow Amazon EC2 Plugin to not require root access",com.amazonaws:aws-java-sdk net.java.dev.jets3t:jets3t,"[FIXED JENKINS-12539] Convert to Amazon AWS libraries
[FIXED JENKINS-5867] Allow Amazon EC2 Plugin to not require root access",3,HTTP Clients,,1,0.98,
jenkinsci/extras-executable-war,a3539f7d477edc7744720bd8f41effa006d04b79,2020-10-14 10:25:31,com.github.spotbugs:spotbugs,com.google.code.findbugs,"Migrate to Warnings NG (#25)

* Update jenkinsfile for warnings NG

* Use findbugs instead of spotbugs

* Move to spotbugs and use spotbugs for warnings NG

Co-authored-by: res0nance <res0nance@users.noreply.github.com>",com.github.spotbugs:spotbugs com.google.code.findbugs,"
* Use findbugs instead of spotbugs",21,Utility,,1,0.75,
jenkinsci/git-client-plugin,51d3671d554d0124e4ef627ca7966f0fd2301c5a,2019-03-14 15:28:04,com.github.spotbugs:spotbugs,com.google.code.findbugs,Use spotbugs instead of findbugs,com.github.spotbugs:spotbugs com.google.code.findbugs,"
Use spotbugs instead of findbugs",6,Utility,,1,0.98,
jenkinsci/ircbot-plugin,456931f07e4283f8d31cc027ae4923879eca1072,2011-06-26 14:28:36,org.pircbotx:pircbotx,pircbot:pircbot,[FIXED JENKINS-3543] SSL support for ircbot,org.pircbotx:pircbotx pircbot:pircbot,"
[FIXED JENKINS-3543] SSL support for ircbot",3,Utility,,1,0.65,Functionality
jenkinsci/lib-jenkins-maven-embedder,fd9815a0e4d682353e265977e51b37c9d38c6021,2013-08-15 09:03:45,com.google.inject:guice,org.sonatype.sisu:sisu-guice,use guice from google,com.google.inject:guice org.sonatype.sisu:sisu-guice,"
use guice from google",10,Dependency Injection,,1,0.6,
jenkinsci/maven-plugin,9a212d54fb401dd550bc3eae6ce39ca1f3735186,2013-08-10 13:05:35,com.google.inject:guice,org.sonatype.sisu:sisu-guice,"use guice from google rather than a fork

Originally-Committed-As: aea10298fed376979e41f4482dd6f2a916f4b23f",com.google.inject:guice org.sonatype.sisu:sisu-guice,"
use guice from google rather than a fork",10,Dependency Injection,,1,0.6,
jenkinsci/scm-sync-configuration-plugin,a712edd84b1d5ce73b28667d99d0f2491fab219a,2011-03-06 22:59:01,org.mockito:mockito,org.easymock:easymock,migrated tests from easymock to mockito,org.mockito:mockito org.easymock:easymock,"
migrated tests from easymock to mockito",15,Testing,,1,1.0,
jenkinsci/scm-sync-configuration-plugin,a712edd84b1d5ce73b28667d99d0f2491fab219a,2011-03-06 22:59:01,org.powermock:powermock,org.easymock:easymock,migrated tests from easymock to mockito,org.powermock:powermock org.easymock:easymock,"
migrated tests from easymock to mockito",3,Testing,,1,1.0,
jenkins-infra/ircbot,4b1d017e1d6f25521128e0cbb9238c043d8f4fe5,2018-08-14 14:06:47,org.pircbotx:pircbotx,pircbot:pircbot,"""Upgrade"" to using PircBoxX which supports additional features",org.pircbotx:pircbotx pircbot:pircbot,"
""Upgrade"" to using PircBoxX which supports additional features",3,Utility,,1,0.8,Functionality
JetBrains/dekaf,70870a492cb20d90587022e26fd61b010f5338ef,2015-06-23 17:16:09,com.h2database:h2,org.hsqldb:hsqldb,Switch unit tests to H2 instead of HSQL,com.h2database:h2 org.hsqldb:hsqldb,"
Switch unit tests to H2 instead of HSQL",14,Database,,1,1.0,
jFastCGI/jfastcgi,bc80563c950e4966209d3caea0addf9b788f1947,2012-01-31 14:34:33,org.slf4j:slf4j,commons-logging:commons-logging,"- use slf4j instead of commons-logging.
- avoid dependency to the javax.servlet pkg in FastCGIHandler 

git-svn-id: https://jfastcgi.svn.sourceforge.net/svnroot/jfastcgi/trunk@58 1081a822-4f85-4487-bc49-23d3bbc2ccd8",org.slf4j:slf4j commons-logging:commons-logging,"
- use slf4j instead of commons-logging.",39,Logging,,1,1.0,
jflex-de/jflex,872723b1f14f262bb4f935fce760484e3cd71932,2018-09-21 21:47:13,com.google.guava:guava,commons-io:commons-io,"Replace commons-io by Guava (#319)

* Replace dep on org.apache.commons.io.FileUtils; by Guava com.google.common.io.Files",com.google.guava:guava commons-io:commons-io,"
Replace commons-io by Guava (#319)",4,Utility,,1,1.0,
JFrogDev/build-info,cd27ffb9d8e475c8fdd8d6c0730f852f651e36a8,2010-06-22 11:16:07,com.google.guava:guava,com.google.collections:google-collections,Replaced google-collections with guava,com.google.guava:guava com.google.collections:google-collections,"
Replaced google-collections with guava",28,Utility,,1,0.8,
jiaqi/jmxterm,eb38f4012dacafe4b4e876004ccf09080bde4e8a,2018-01-12 23:58:01,org.slf4j:slf4j,commons-logging:commons-logging,"- Replaced unmaintained classworlds with Maven assembly
- Using JLine 3
- Updated to commons dependencies
- Replaced commons-logging with slf4j
- Updated parent to 0.7.0, jcli to 1.0.0 and caff to 0.4.1
- Using version 2.0.0 due to incompatibilities in history format",org.slf4j:slf4j commons-logging:commons-logging,"
- Updated to commons dependencies
- Replaced commons-logging with slf4j
- Updated parent to 0.7.0, jcli to 1.0.0 and caff to 0.4.1",39,Logging,,1,1.0,
jiaqi/jmxterm,eb38f4012dacafe4b4e876004ccf09080bde4e8a,2018-01-12 23:58:01,org.slf4j:jcl-over-slf4j,commons-logging:commons-logging,"- Replaced unmaintained classworlds with Maven assembly
- Using JLine 3
- Updated to commons dependencies
- Replaced commons-logging with slf4j
- Updated parent to 0.7.0, jcli to 1.0.0 and caff to 0.4.1
- Using version 2.0.0 due to incompatibilities in history format",org.slf4j:jcl-over-slf4j commons-logging:commons-logging,"
- Updated to commons dependencies
- Replaced commons-logging with slf4j
- Updated parent to 0.7.0, jcli to 1.0.0 and caff to 0.4.1",22,Logging,,1,1.0,
jiaqi/jmxterm,eb38f4012dacafe4b4e876004ccf09080bde4e8a,2018-01-12 23:58:01,org.slf4j:jcl-over-slf4j,commons-lang:commons-lang,"- Replaced unmaintained classworlds with Maven assembly
- Using JLine 3
- Updated to commons dependencies
- Replaced commons-logging with slf4j
- Updated parent to 0.7.0, jcli to 1.0.0 and caff to 0.4.1
- Using version 2.0.0 due to incompatibilities in history format",org.slf4j:jcl-over-slf4j commons-lang:commons-lang,"
- Updated to commons dependencies
- Replaced commons-logging with slf4j
- Updated parent to 0.7.0, jcli to 1.0.0 and caff to 0.4.1",3,Logging,,1,1.0,
jiaqi/jmxterm,eb38f4012dacafe4b4e876004ccf09080bde4e8a,2018-01-12 23:58:01,org.apache.commons:commons-lang3,commons-logging:commons-logging,"- Replaced unmaintained classworlds with Maven assembly
- Using JLine 3
- Updated to commons dependencies
- Replaced commons-logging with slf4j
- Updated parent to 0.7.0, jcli to 1.0.0 and caff to 0.4.1
- Using version 2.0.0 due to incompatibilities in history format",org.apache.commons:commons-lang3 commons-logging:commons-logging,"
- Updated to commons dependencies
- Replaced commons-logging with slf4j
- Updated parent to 0.7.0, jcli to 1.0.0 and caff to 0.4.1
- Using JLine 3
- Updated to commons dependencies
- Replaced commons-logging with slf4j",7,Logging,,1,1.0,
jiaqi/jmxterm,eb38f4012dacafe4b4e876004ccf09080bde4e8a,2018-01-12 23:58:01,org.apache.commons:commons-collections4,commons-logging:commons-logging,"- Replaced unmaintained classworlds with Maven assembly
- Using JLine 3
- Updated to commons dependencies
- Replaced commons-logging with slf4j
- Updated parent to 0.7.0, jcli to 1.0.0 and caff to 0.4.1
- Using version 2.0.0 due to incompatibilities in history format",org.apache.commons:commons-collections4 commons-logging:commons-logging,"
- Updated to commons dependencies
- Replaced commons-logging with slf4j
- Updated parent to 0.7.0, jcli to 1.0.0 and caff to 0.4.1
- Using JLine 3
- Updated to commons dependencies
- Replaced commons-logging with slf4j",5,Logging,,1,1.0,
jiaqi/jmxterm,eb38f4012dacafe4b4e876004ccf09080bde4e8a,2018-01-12 23:58:01,org.apache.commons:commons-configuration2,commons-logging:commons-logging,"- Replaced unmaintained classworlds with Maven assembly
- Using JLine 3
- Updated to commons dependencies
- Replaced commons-logging with slf4j
- Updated parent to 0.7.0, jcli to 1.0.0 and caff to 0.4.1
- Using version 2.0.0 due to incompatibilities in history format",org.apache.commons:commons-configuration2 commons-logging:commons-logging,"
- Updated to commons dependencies
- Replaced commons-logging with slf4j
- Updated parent to 0.7.0, jcli to 1.0.0 and caff to 0.4.1
- Using JLine 3
- Updated to commons dependencies
- Replaced commons-logging with slf4j",3,Logging,,1,1.0,
jiaqi/jmxterm,eb38f4012dacafe4b4e876004ccf09080bde4e8a,2018-01-12 23:58:01,org.apache.commons:commons-lang3,commons-collections:commons-collections,"- Replaced unmaintained classworlds with Maven assembly
- Using JLine 3
- Updated to commons dependencies
- Replaced commons-logging with slf4j
- Updated parent to 0.7.0, jcli to 1.0.0 and caff to 0.4.1
- Using version 2.0.0 due to incompatibilities in history format",org.apache.commons:commons-lang3 commons-collections:commons-collections,"
- Using JLine 3
- Updated to commons dependencies
- Replaced commons-logging with slf4j",8,Utility,,1,1.0,
jiaqi/jmxterm,eb38f4012dacafe4b4e876004ccf09080bde4e8a,2018-01-12 23:58:01,org.apache.commons:commons-collections4,commons-lang:commons-lang,"- Replaced unmaintained classworlds with Maven assembly
- Using JLine 3
- Updated to commons dependencies
- Replaced commons-logging with slf4j
- Updated parent to 0.7.0, jcli to 1.0.0 and caff to 0.4.1
- Using version 2.0.0 due to incompatibilities in history format",org.apache.commons:commons-collections4 commons-lang:commons-lang,"
- Using JLine 3
- Updated to commons dependencies
- Replaced commons-logging with slf4j",7,Utility,,1,1.0,
jiaqi/jmxterm,eb38f4012dacafe4b4e876004ccf09080bde4e8a,2018-01-12 23:58:01,org.apache.commons:commons-text,commons-lang:commons-lang,"- Replaced unmaintained classworlds with Maven assembly
- Using JLine 3
- Updated to commons dependencies
- Replaced commons-logging with slf4j
- Updated parent to 0.7.0, jcli to 1.0.0 and caff to 0.4.1
- Using version 2.0.0 due to incompatibilities in history format",org.apache.commons:commons-text commons-lang:commons-lang,"
- Using JLine 3
- Updated to commons dependencies
- Replaced commons-logging with slf4j",14,Utility,,1,1.0,
jiaqi/jmxterm,eb38f4012dacafe4b4e876004ccf09080bde4e8a,2018-01-12 23:58:01,org.apache.commons:commons-configuration2,commons-lang:commons-lang,"- Replaced unmaintained classworlds with Maven assembly
- Using JLine 3
- Updated to commons dependencies
- Replaced commons-logging with slf4j
- Updated parent to 0.7.0, jcli to 1.0.0 and caff to 0.4.1
- Using version 2.0.0 due to incompatibilities in history format",org.apache.commons:commons-configuration2 commons-lang:commons-lang,"
- Using JLine 3
- Updated to commons dependencies
- Replaced commons-logging with slf4j",3,Utility,,1,1.0,
jirkapinkas/java-blog-aggregator-boot,667e8c13623276aa5ee1095d6c53c62a00f3e8be,2019-10-18 16:00:10,org.mapstruct:mapstruct,ma.glasnost.orika:orika-core,replaced Orika with MapStruct,org.mapstruct:mapstruct ma.glasnost.orika:orika-core,"
replaced Orika with MapStruct",4,Utility,,1,1.0,
jirkapinkas/jsitemapgenerator,88f78e41a2423923dfce9da6003e2fca120bba54,2018-12-23 14:28:03,com.squareup.okhttp3,org.apache.httpcomponents,removed httpclient in favour of okhttp,com.squareup.okhttp3 org.apache.httpcomponents,removed httpclient in favour of okhttpremoved httpclient in favour of okhttpremoved httpclient in favour of okhttpremoved httpclient in favour of okhttp,6,HTTP Clients&Web Framework,,1,1.0,
jitlogic/zorka,7634ed8f964d068da43d6b8a85090baf50907fd7,2013-09-11 16:47:07,org.jboss.resteasy:resteasy,com.sun.jersey:jersey,Switch from Jersey to RESTEasy. Server-side Guice injection.,org.jboss.resteasy:resteasy com.sun.jersey:jersey,"
Switch from Jersey to RESTEasy.
Server-side Guice injection.",3,Web Framework,,1,1.0,
jmeter-maven-plugin/jmeter-maven-plugin,4c3031150283c1e0c6dbae07fa34eb43feb25b36,2019-01-29 21:41:22,org.assertj:assertj-core,org.hamcrest:java-hamcrest,Replace Hamcrest with AssertJ,org.assertj:assertj-core org.hamcrest:java-hamcrest,"
Replace Hamcrest with AssertJ",5,Testing,,1,1.0,
jmock-developers/jmock-library,bdb8eaab15eb74ef45bfcdf787fe8ac4630d43ce,2018-10-16 21:09:15,net.bytebuddy:byte-buddy,cglib:cglib,First attempt at migrating from cglib to bytebuddy,net.bytebuddy:byte-buddy cglib:cglib,"
First attempt at migrating from cglib to bytebuddy",3,Building,,1,1.0,
jmxtrans/jmxtrans,d89100964e90678ca93c3e2f2154468100261dd1,2018-02-23 22:34:04,org.slf4j:log4j-over-slf4j,log4j:log4j,Finish removing Log4J1 dependency,org.slf4j:log4j-over-slf4j log4j:log4j,Finish removing Log4J1 dependency,27,Logging,,1,1.0,
jmxtrans/jmxtrans,d89100964e90678ca93c3e2f2154468100261dd1,2018-02-23 22:34:04,org.slf4j:log4j-over-slf4j,org.slf4j:slf4j,Finish removing Log4J1 dependency,org.slf4j:log4j-over-slf4j org.slf4j:slf4j,Finish removing Log4J1 dependency,26,Logging,,1,1.0,Simplification
jmxtrans/jmxtrans,7472bd85b7172235ba641d98a15ed46f3b756db0,2018-03-05 10:28:26,com.github.spotbugs:spotbugs,com.google.code.findbugs,"replace findbugs with spotbugs (#651)

spotbugs is the successor of findbugs",com.github.spotbugs:spotbugs com.google.code.findbugs,"
replace findbugs with spotbugs (#651)",21,Utility,,1,1.0,Deprecation
joachimvda/jtransfo,93a212a39e7f5869c6eb06dda49eab30c237ca4a,2014-08-04 20:50:16,org.assertj:assertj-core,org.easytesting:fest-assert,#46 replace fest-assert by assertj,org.assertj:assertj-core org.easytesting:fest-assert,"
#46 replace fest-assert by assertj",49,Testing,,1,1.0,
JodaOrg/joda-beans,bd90444f589284a387c9bbfd48af0bae266fb0d4,2018-03-13 14:30:46,junit:junit,org.testng:testng,Switch from TestNG to JUnit 4,junit:junit org.testng:testng,"
Switch from TestNG to JUnit 4",47,Testing,,1,1.0,
JodaOrg/joda-beans,bd90444f589284a387c9bbfd48af0bae266fb0d4,2018-03-13 14:30:46,com.tngtech.java:junit-dataprovider,org.testng:testng,Switch from TestNG to JUnit 4,com.tngtech.java:junit-dataprovider org.testng:testng,"
Switch from TestNG to JUnit 4",6,Testing,,1,1.0,
JodaOrg/joda-collect,17376429aa0cd6793ec3e4e290ac1550819ff53e,2017-10-30 18:30:27,junit:junit,org.testng:testng,Change from TestNG to JUnit4,junit:junit org.testng:testng,"
Change from TestNG to JUnit4",47,Testing,,1,1.0,
jodastephen/property-alliance,192df95210e9f8e6e3df90e58bdc36a6637cf788,2014-12-18 06:40:51,org.testng:testng,junit:junit,Switch from JUnit to TestNG,org.testng:testng junit:junit,"
Switch from JUnit to TestNG",23,Testing,,1,1.0,
joelittlejohn/jsonschema2pojo,74db6fa001d1c519ddc9d9264221be4269953692,2011-09-25 21:31:38,com.beust:jcommander,commons-cli:commons-cli,[issue 31] move from commons-cli to JCommander in readiness for adding new behavioural property (for generating primitives vs wrapper types),com.beust:jcommander commons-cli:commons-cli,"
[issue 31] move from commons-cli to JCommander in readiness for adding new behavioural property (for generating primitives vs wrapper types)",8,Utility,,1,1.0,Functionality
joelittlejohn/jsonschema2pojo,104770c50ca37c9a0f4824556f6d9329f4ca95eb,2012-05-12 21:16:04,org.mockito:mockito,org.easymock:easymock,"[issue 49] EasyMock -> Mockito

Upgrade to Mockito for a nicer mock API.",org.mockito:mockito org.easymock:easymock,"
[issue 49] EasyMock  laifuhewb  Mockito",8,Testing,,1,1.0,Usability
JoeShimell/DiscordWhitelisterSpigot,dabffb1a1f771dcad1e35c6882c7d7add6fd8192,2020-11-18 00:57:09,ch.qos.logback:logback,org.apache.logging.log4j:log4j,"Added !whitelist clear command for limited whitelisters, changed logging solution to logback, re-shaded deps",ch.qos.logback:logback org.apache.logging.log4j:log4j,"
Added !whitelist clear command for limited whitelisters, changed logging solution to logback, re-shaded deps",11,Logging,,1,1.0,
jogetworkflow/jw-community,2f12229265c109ffd3c2022f45db0675ba05e5fc,2017-11-08 05:13:59,org.mariadb.jdbc:mariadb-java-client,mysql:mysql-connector-java,"Modified: wflow-jdbc, wflow-commons - MariaDB - Replaced MySQL Connector with MariaDB JDBC Driver 1.6.5 @6.0-SNAPSHOT",org.mariadb.jdbc:mariadb-java-client mysql:mysql-connector-java,"
Modified: wflow-jdbc, wflow-commons - MariaDB - Replaced MySQL Connector with MariaDB JDBC Driver 1.6.5 @6.0-SNAPSHOT",16,Database,,1,1.0,
johncarl81/transfuse,0583be33a5096ca9362b048cad416e4977b4b4d5,2012-06-18 02:37:19,org.mockito:mockito,org.easymock:easymock,Switched from easymock to mockito,org.mockito:mockito org.easymock:easymock,"
Switched from easymock to mockito",8,Testing,,1,1.0,
johncarl81/transfuse,0583be33a5096ca9362b048cad416e4977b4b4d5,2012-06-18 02:37:19,org.powermock:powermock,org.easymock:easymock,Switched from easymock to mockito,org.powermock:powermock org.easymock:easymock,"
Switched from easymock to mockito",3,Testing,,1,1.0,
joinfaces/joinfaces,8469ca8b7e464c4b6d7de21a27564533bdcd511f,2018-10-14 15:58:20,com.github.spotbugs:spotbugs,com.google.code.findbugs,Replace Findbugs with Spotbugs,com.github.spotbugs:spotbugs com.google.code.findbugs,"
Replace Findbugs with Spotbugs",21,Utility,,1,1.0,
joinfaces/joinfaces,1abf3a37c91718af15ec1c7a892e9c23de098fe0,2018-10-21 20:34:38,io.github.classgraph:classgraph,org.reflections:reflections,"replace reflections with classgraph

Add dependencyManagement for classgraph",io.github.classgraph:classgraph org.reflections:reflections,"
replace reflections with classgraph",5,Utility,,1,1.0,
joliciel-informatique/talismane,1ed8b995e9d677dff7eee752a36c7b43923360c1,2016-05-19 15:17:12,ch.qos.logback:logback,log4j:log4j,Changed logging from log4j to slf4j/logback,ch.qos.logback:logback log4j:log4j,"
Changed logging from log4j to slf4j/logback",58,Logging,,1,1.0,
jonathanswenson/starschema-bigquery-jdbc,d68e02cfed65916022595d13ff61da243cf01486,2020-10-23 05:29:12,org.slf4j:slf4j,log4j:log4j,Changed logging to SLF4J,org.slf4j:slf4j log4j:log4j,"
Changed logging to SLF4J",73,Logging,,1,1.0,
jorabin/KeePassJava2,b77226219d8035ab1a5fb0d537e8fec5538f26d3,2016-08-28 12:20:15,com.madgag.spongycastle:core,org.bouncycastle,Switch to spongy castle packaging of bouncy castle to facilitate Android use,com.madgag.spongycastle:core org.bouncycastle,"
Switch to spongy castle packaging of bouncy castle to facilitate Android use",5,Web Framework,,1,1.0,Integration
joshsh/sesametools,9987a00dd864187164947868030db99ab6c24667,2011-07-31 23:55:47,org.json:json,net.sf.json-lib:json-lib,"convert back to org.json, the performance difference doesn't seem to be
statistically meaningful, but the test results seem to be quite random,
within a range of 1-2 seconds each time.",org.json:json net.sf.json-lib:json-lib,"convert back to org.json, the performance difference doesn't seem to be
statistically meaningful, but the test results seem to be quite random,convert back to org.json, the performance difference doesn't seem to be
statistically meaningful, but the test results seem to be quite random,convert back to org.json, the performance difference doesn't seem to be
statistically meaningful, but the test results seem to be quite random,convert back to org.json, the performance difference doesn't seem to be
statistically meaningful, but the test results seem to be quite random,",4,Serialization,,1,1.0,
joshsh/sesametools,242bd336e2f3a62e479d4e734640f6a767c59b4e,2016-08-03 00:31:54,org.eclipse.rdf4j:rdf4j,org.openrdf.sesame:sesame,issue#56 : Initial conversion to RDF4J,org.eclipse.rdf4j:rdf4j org.openrdf.sesame:sesame,"
issue#56 : Initial conversion to RDF4J",3,Utility,,1,1.0,
jpaulm/javafbp-websockets,0d5b922adc4e0b0ccc486748df1a9936810dc830,2020-11-29 16:41:59,ch.qos.logback:logback,log4j:log4j,Switched to ch.qos.logback as log4j had vuln,ch.qos.logback:logback log4j:log4j,"
Switched to ch.qos.logback as log4j had vuln",58,Logging,,1,1.0,Security
jpmorganchase/tessera,a416ea8a53e8b6fcd7ac89ca905bd6823ed83569,2019-02-26 12:35:59,com.zaxxer:HikariCP,commons-dbcp:commons-dbcp,Change connection pooling datasource from commons-dbcp to hikari,com.zaxxer:HikariCP commons-dbcp:commons-dbcp,"
Change connection pooling datasource from commons-dbcp to hikari",5,Database,,1,1.0,
jqno/equalsverifier,6fedf6c696962b634ebc7bb6161b10226687f3d9,2015-08-31 18:02:01,net.bytebuddy:byte-buddy,cglib:cglib,Issue 115: replace CGLib with ByteBuddy,net.bytebuddy:byte-buddy cglib:cglib,"Issue 115: replace CGLib with ByteBuddy
",3,Building,,1,1.0,
jqno/equalsverifier,35702e5a8d94d3a07e8ef8741ce041f17b24e6d4,2018-02-08 16:09:38,com.github.spotbugs:spotbugs,com.google.code.findbugs,Replaces FindBugs with SpotBugs,com.github.spotbugs:spotbugs com.google.code.findbugs,"
Replaces FindBugs with SpotBugs",21,Utility,,1,1.0,
JRakNet/JRakNet,75cc45a71d07842d6eaad9cf93168b708012623d,2019-02-05 23:29:23,org.apache.logging.log4j:log4j,org.slf4j:slf4j,Switched from SLF4J to Log4J2,org.apache.logging.log4j:log4j org.slf4j:slf4j,"
Switched from SLF4J to Log4J2",8,Logging,,1,0.98,
jrtom/jung,09cac49d5ff02ec79cb3193c96ce596f24f84140,2017-11-21 16:27:19,ch.qos.logback:logback,org.apache.logging.log4j:log4j,"changed from log4j to logback. improved thread safety
 Changes to be committed:
	modified:   jung-algorithms/pom.xml
	modified:   jung-samples/pom.xml
	modified:   jung-samples/src/main/java/edu/uci/ics/jung/samples/SimpleGraphSpatialSearchTest.java
	modified:   jung-samples/src/main/java/edu/uci/ics/jung/samples/SimpleGraphSpatialTest.java
	modified:   jung-samples/src/main/java/edu/uci/ics/jung/samples/TreeCollapseDemo.java
	deleted:    jung-samples/src/main/resources/log4j2.xml
	new file:   jung-samples/src/main/resources/logback.xml
	modified:   jung-visualization/pom.xml
	deleted:    jung-visualization/src/test/resources/log4j2.xml
	new file:   jung-visualization/src/test/resources/logback.xml
	modified:   jung-visualization/src/main/java/edu/uci/ics/jung/visualization/spatial/SpatialQuadTree.java",ch.qos.logback:logback org.apache.logging.log4j:log4j,"
changed from log4j to logback.
improved thread safety",11,Logging,,1,0.98,Security
jscep/jscep,e35c2f592b6347c1cd8c0350b7b3bdb5cc184a6c,2020-01-07 12:43:26,org.apache.logging.log4j:log4j,org.slf4j:slf4j,Updated to Log4J 2,org.apache.logging.log4j:log4j org.slf4j:slf4j,"
Updated to Log4J 2",69,Logging,,1,0.8,
json-snapshot/json-snapshot.github.io,4b99159a1ee3b3eb200e5904a2068f448c412b95,2019-01-26 01:13:45,com.fasterxml.jackson,com.google.code.gson:gson,Change default JSON serializer to use jackson instead of GSON. It allows ordered JSON serialization of maps,com.fasterxml.jackson com.google.code.gson:gson,"
Change default JSON serializer to use jackson instead of GSON.
It allows ordered JSON serialization of maps",13,Serialization,,1,0.99,Functionality
jspresso/jspresso-ce,41787420a4dce9ae7707f56bcf7a378537138739,2011-06-09 08:57:19,org.slf4j:slf4j,commons-logging:commons-logging,"- Framework logging changed from commons-logging to SLF4J

- Libraries versions updated :
    blazeds =>4.0.0.14931
    spring => 3.0.5.RELEASE
    spring-ldap => 1.3.1.RELEASE
    hibernate => 3.6.4.Final
    qooxdoo => 1.4.1
    commons-logging => 1.1.1
    commons-lang => 2.6
    commons-beanutils => 1.8.3
    commons-io => 2.0.1
    commons-fileupload => 1.2.2
    commons-pool => 1.5.6
    commons-dbcp => 1.4
    commons-digester => 2.1
    log4j => 1.2.16
    javassist => 3.12.1.GA
    slf4j => 1.6.1
    joda-time => 1.6.2
    bsf => 2.4.0
    stax-api => 1.0.1

- Due to the migration to BlazeDS 4, you must comment the following section 
in startup/flex/config/src/main/resources/services-config.xml :

        <login-command class=""flex.messaging.security.TomcatLoginCommand"" server=""Tomcat""/>

- Due to the migration to BlazeDS 4, you must delete the following section 
in webapp/pom.xml :
    <dependency>
      <groupId>com.adobe.blazeds</groupId>
      <artifactId>blazeds-opt</artifactId>
    </dependency>

- servlet-api dependency was transitively added to tha webapp due to a bad dependency declaration in one
of the used libraries. This is in violation of the servlet specification and resulted in a warning during the
application startup. We have now excluded this bad servlet-api dependency, but it has to be declared now in the
webapp pom.xml as ""provided"". So add the following dependency section in webapp/pom.xml :
    <dependency>
      <groupId>javax.servlet</groupId>
      <artifactId>servlet-api</artifactId>
      <scope>provided</scope>
    </dependency>",org.slf4j:slf4j commons-logging:commons-logging,"
- Framework logging changed from commons-logging to SLF4J",39,Logging,,1,0.99,
JSQLParser/JSqlParser,9707e4f0aacff16cdb40462f0685d194acbd8784,2019-11-23 23:18:56,org.assertj:assertj-core,org.hamcrest:hamcrest,"fixes #899 
switched to assertj from hamcrest",org.assertj:assertj-core org.hamcrest:hamcrest,"
fixes #899
switched to assertj from hamcrest",7,Testing,,1,0.98,
jtablesaw/tablesaw,2ec7c1efab1c04eb41464fafae4f29fb5561fb40,2019-03-31 17:06:58,io.github.classgraph:classgraph,org.reflections:reflections,Switch from reflections to classgraph (#505),io.github.classgraph:classgraph org.reflections:reflections,"
Switch from reflections to classgraph (#505)",5,Utility,,1,0.98,
junichi11/netbeans-github-issues-plugin,c9d1e31d93fada9b3995a7bff5a739771311af83,2017-08-13 23:43:19,com.vladsch.flexmark:flexmark-all,org.pegdown:pegdown,Use flexmark-java instead of pegdown,com.vladsch.flexmark:flexmark-all org.pegdown:pegdown,"
Use flexmark-java instead of pegdown",4,Building,,1,0.99,
juzu/juzu,8acbb9fe3294a45b1aee151c754c20a8cf26c302,2012-07-16 16:24:28,org.seleniumhq,net.sourceforge.htmlunit:htmlunit,use selenium webdriver instead of HTMLUnit,org.seleniumhq net.sourceforge.htmlunit:htmlunit,"use selenium webdriver instead of HTMLUnit
",3,Testing,,1,0.95,
JWebUnit/jwebunit,f07c16c99003916b3915510556c6ba5ef0895669,2007-04-01 16:30:24,org.slf4j:slf4j,commons-logging:commons-logging,Replace commons-logging by slf4j.,org.slf4j:slf4j commons-logging:commons-logging,"
Replace commons-logging by slf4j.",39,Logging,,1,1.0,
jwplayer/southpaw,2229518d76a05d23200a0ae3644dd5e24bad59f3,2020-09-14 14:17:51,ch.qos.logback:logback,org.apache.logging.log4j:log4j,"changes logging implementation to slf4j and logback (#64)

* use slf4j log4j impl
* use logback
* 0.5.3 version bump
* fix BOM",ch.qos.logback:logback org.apache.logging.log4j:log4j,"
changes logging implementation to slf4j and logback (#64)",11,Logging,,1,0.8,
kaaproject/kaa,ce26a3921c39142df3a8f28a1e98e678467de700,2014-11-04 12:24:37,ch.qos.logback:logback,log4j:log4j,KAA-114: Migration from Log4j to Logback + FileSystemAppender improvements,ch.qos.logback:logback log4j:log4j,"
KAA-114: Migration from Log4j to Logback + FileSystemAppender improvements",58,Logging,,1,0.99,
kaaproject/kaa,ce26a3921c39142df3a8f28a1e98e678467de700,2014-11-04 12:24:37,ch.qos.logback:logback,org.slf4j:slf4j,KAA-114: Migration from Log4j to Logback + FileSystemAppender improvements,ch.qos.logback:logback org.slf4j:slf4j,"
KAA-114: Migration from Log4j to Logback + FileSystemAppender improvements",67,Logging,,1,0.99,
kaaproject/kaa,ce26a3921c39142df3a8f28a1e98e678467de700,2014-11-04 12:24:37,org.slf4j:jul-to-slf4j,org.slf4j:slf4j,KAA-114: Migration from Log4j to Logback + FileSystemAppender improvements,org.slf4j:jul-to-slf4j org.slf4j:slf4j,"
KAA-114: Migration from Log4j to Logback + FileSystemAppender improvements",9,Logging,,1,0.99,
kaaproject/kaa,ce26a3921c39142df3a8f28a1e98e678467de700,2014-11-04 12:24:37,org.slf4j:jul-to-slf4j,log4j:log4j,KAA-114: Migration from Log4j to Logback + FileSystemAppender improvements,org.slf4j:jul-to-slf4j log4j:log4j,"
KAA-114: Migration from Log4j to Logback + FileSystemAppender improvements",11,Logging,,1,0.99,
karutaproject/karuta-backend,b1ff946b2937273849b5277fb62d7e1b98103319,2020-04-29 08:06:45,org.springframework.boot:spring-boot,org.glassfish.jersey,"Totally get rid of Jersey and the JAX-RS API

Now we solely rely on Spring to provide the web application part
of the project.

This avoids the mix between Spring controllers and JAX-RS classes
which makes understanding the project a bit more complex.

This commit also introduces the following changes:

* Remove dependencies related to MongoDB ; Spring can't properly handle
  a JDBC connection with the noise that the Mongo related dependencies
  produce.

  The MongoDB stuff is broken at the moment anyway.

* Remove all the XML related configuration. There are more or less
  cryptic and detached from the code which lessen the change to
  understand what's going on behind the scene when there's an issue.

  Let's rely on annotations instead.

* Avoid having dozen different files to configure properties and
  specifically the connection to the database.

  Everything is now stored in `application.properties`.

* Properly package the logging stuff with the application. Otherwise,
  debugging is painful and we need to download external JARs and put
  them in a folder in the classpath.",org.springframework.boot:spring-boot org.glassfish.jersey,"of the project.

of the project.

",3,Web Framework,,1,0.95,Simplification
keeps/roda,dcdb57be38a932c5dd87d46f00bab27c96302888,2015-11-20 16:31:07,ch.qos.logback:logback,log4j:log4j,misc: changed logging framework from log4j to logback,ch.qos.logback:logback log4j:log4j,"
misc: changed logging framework from log4j to logback",58,Logging,,1,0.98,
keeps/roda,dcdb57be38a932c5dd87d46f00bab27c96302888,2015-11-20 16:31:07,ch.qos.logback:logback,org.slf4j:slf4j,misc: changed logging framework from log4j to logback,ch.qos.logback:logback org.slf4j:slf4j,"
misc: changed logging framework from log4j to logback",67,Logging,,1,0.98,
keeps/roda-in,ee4439cc8dbba1b3224562f0056bcb28e0a764f2,2015-09-29 14:27:25,ch.qos.logback:logback,org.apache.logging.log4j:log4j,Changed logging class,ch.qos.logback:logback org.apache.logging.log4j:log4j,"
Changed logging class",17,Logging,,1,1.0,
KengoTODA/guava-helper-for-java-8,975944a4132afce9101c5fecbb3f965d6cf3d448,2018-06-24 12:54:46,com.github.spotbugs:spotbugs,com.google.code.findbugs,replace findbugs with spotbugs,com.github.spotbugs:spotbugs com.google.code.findbugs,"
replace findbugs with spotbugs",3,Utility,,1,0.95,
kennycason/kumo,23943c8bcc23ec0f1f0edeba931a9a4d7b7a41bb,2017-12-01 05:14:24,org.slf4j:slf4j,log4j:log4j,#54 convert log4j -> sl4fj,org.slf4j:slf4j log4j:log4j,"
#54 convert log4j  laifuhewb  sl4fj",73,Logging,,1,0.95,
keycloak/keycloak,38c460de826a3be361518efc78aa4dc96b564963,2015-11-18 17:21:46,org.wildfly:wildfly,org.jboss.as:jboss-as-arquillian,KEYCLOAK-1646 Added module for adapter tests on EAP6. Using 'wildfly-arquillian-container-managed' instead of 'jboss-as-arquillian-container-managed' for both EAP6 and AS7 adapter tests.,org.wildfly:wildfly org.jboss.as:jboss-as-arquillian,"
KEYCLOAK-1646 Added module for adapter tests on EAP6.
Using 'wildfly-arquillian-container-managed' instead of 'jboss-as-arquillian-container-managed' for both EAP6 and AS7 adapter tests.",8,Testing&Web Framework,,1,0.8,
kiegroup/appformer,a8dad9b9a71f33813344129dd13f5d0cc23405d6,2018-03-01 07:32:28,org.assertj:assertj-core,org.easytesting:fest-assert,Replace Fest with assertJ in dashbuilder tests (#214),org.assertj:assertj-core org.easytesting:fest-assert,"
Replace Fest with assertJ in dashbuilder tests (#214)",34,Testing,,1,0.98,
kiegroup/kie-wb-common,72d5e67786a59d7e7175d5c4b587903ea593988a,2014-04-29 09:42:27,org.jboss.spec.javax,javax.servlet:javax.servlet-api,replaced javax.servlet by org.jboss.spec.javax.servlet,org.jboss.spec.javax javax.servlet:javax.servlet-api,"
replaced javax.servlet by org.jboss.spec.javax.servlet",4,HTTP Clients&Web Framework,,1,1.0,
kiegroup/kie-wb-common,36e0398a366122d9cffa653917766f737611a1fb,2019-01-29 13:03:12,javax.persistence:javax.persistence-api,org.hibernate.javax.persistence:hibernate-jpa-2.1-api,replaced hibernate-jpa-2.1-api by javax.persistence-api (#2423),javax.persistence:javax.persistence-api org.hibernate.javax.persistence:hibernate-jpa-2.1-api,"
replaced hibernate-jpa-2.1-api by javax.persistence-api (#2423)",13,Database,,1,0.95,
kiegroup/kogito-runtimes,b7b95853e042274ce0efa2d85ab06b7c38606fed,2011-11-16 08:19:50,com.google.guava:guava,com.google.collections:google-collections,Moving from google-collections to guava,com.google.guava:guava com.google.collections:google-collections,"Moving from google-collections to guava
",28,Utility,,1,0.8,
kiegroup/kogito-runtimes,2479c6acbb6fd17bddb8c959c85254ba4ddac959,2013-03-06 12:04:04,org.apache.poi:poi,net.sourceforge.jexcelapi:jxl,[JBRULES-2936] replace jexcelapi with apache poi,org.apache.poi:poi net.sourceforge.jexcelapi:jxl,"
[JBRULES-2936] replace jexcelapi with apache poi",6,Utility,,1,1.0,
kiegroup/kogito-runtimes,eace3e6dba3b0e4dd64d04ecbafd7a25f76defef,2013-03-19 16:59:24,org.osgi:org.osgi,org.apache.felix:org.osgi,Replace org.apache.felix OSGi dependencies with org.osgi dependencies + Upgrade OSGi from 4.1.0 (hidden in felix's 1.4.0 jars) to 4.3.1,org.osgi:org.osgi org.apache.felix:org.osgi,"
Replace org.apache.felix OSGi dependencies with org.osgi dependencies + Upgrade OSGi from 4.1.0 (hidden in felix's 1.4.0 jars) to 4.3.1",17,Building,,1,0.9,
kiegroup/kogito-runtimes,eaa9b44d4ab06d5ca30dfc8900944fae03c407be,2013-08-23 13:49:08,org.jboss.spec.javax,javax.ejb:ejb-api,BZ-999072 Replace javax.ejb/el/servlet/jsp by org.jboss.spec.ejb/el/servlet/servlet.jsp - Upgrades el-api from 1.2 to 2.2,org.jboss.spec.javax javax.ejb:ejb-api,"
BZ-999072 Replace javax.ejb/el/servlet/jsp by org.jboss.spec.ejb/el/servlet/servlet.jsp - Upgrades el-api from 1.2 to 2.2",5,Web Framework,,1,1.0,Integration
kiegroup/kogito-runtimes,c63bef340f21ad6bd80dda3a8d81e8bc3e11649d,2014-10-23 15:16:12,org.jboss.spec.javax,javax.xml.bind:jaxb-api,migration from jaxb-api to jboss-jaxb-api_2.2_spec,org.jboss.spec.javax javax.xml.bind:jaxb-api,migration from jaxb-api to jboss-jaxb-api_2.2_spec,6,Serialization&Web Framework,,1,1.0,
kiegroup/kogito-runtimes,03c1cb15112c4425abe934d9797aa1cccc92d097,2015-07-15 10:51:09,org.reflections:reflections,org.scannotation:scannotation,"JBPM-4700 - Only use org.reflections, replace scannotations usage in jbpm-kie-services with org.reflections",org.reflections:reflections org.scannotation:scannotation,"
JBPM-4700 - Only use org.reflections, replace scannotations usage in jbpm-kie-services with org.reflections",3,Utility,,1,1.0,
kiegroup/kogito-runtimes,337b8963b1a56339b240e0dd3c0fdf00b31ce1bc,2019-01-29 13:02:58,javax.persistence:javax.persistence-api,org.hibernate.javax.persistence:hibernate-jpa-2.1-api,"JBPM-7923 - Upgrade of hibernate to align with WildFly 14 (#1425)

(cherry picked from commit 38b75153305a5563c799723431b298b0a2783239)

replaced hibernate-jpa-2.1-api by javax.persistence-api

removed dependency since duplicated classes were found",javax.persistence:javax.persistence-api org.hibernate.javax.persistence:hibernate-jpa-2.1-api,"
replaced hibernate-jpa-2.1-api by javax.persistence-api",13,Database,,1,1.0,Integration
kiegroup/kogito-runtimes,3df3ec332029554f2c5b22a49fa45e121101036a,2019-01-29 13:11:50,org.jboss.spec.javax,javax.xml.bind:jaxb-api,Align JAXB and JAXWS APIs with Wildfly (#352),org.jboss.spec.javax javax.xml.bind:jaxb-api,Align JAXB and JAXWS APIs with Wildfly (#352)Align JAXB and JAXWS APIs with Wildfly (#352)Align JAXB and JAXWS APIs with Wildfly (#352)Align JAXB and JAXWS APIs with Wildfly (#352),6,Serialization&Web Framework,,1,0.75,Integration
kiegroup/kogito-runtimes,7c7dde6321122492cd8c59df7f845023c3e55992,2019-10-22 06:53:24,javax.annotation:javax.annotation-api,javax.annotation:jsr250-api,KOGITO-463 - Move to javax.annotation-api instead of jsr250-api (#203),javax.annotation:javax.annotation-api javax.annotation:jsr250-api,"
KOGITO-463 - Move to javax.annotation-api instead of jsr250-api (#203)",5,Graphic,,1,0.95,
kiegroup/optashift-employee-rostering,bb81aa1111c84aa8888dc49af3f47dd127a23fc6,2019-01-29 13:11:20,javax.persistence:javax.persistence-api,org.hibernate.javax.persistence:hibernate-jpa-2.1-api,replaced hibernate-jpa-2.1-api by javax.persistence-api (#222),javax.persistence:javax.persistence-api org.hibernate.javax.persistence:hibernate-jpa-2.1-api,"
replaced hibernate-jpa-2.1-api by javax.persistence-api (#222)",13,Database,,1,0.95,
killbill/killbill,6c757156e5518dc92c39e338bc3bbb5ea55154bd,2014-03-29 01:31:00,org.apache.felix:org.apache.felix,org.osgi:org.osgi,"osgi: fix dependencies

We were importing both OSGI interfaces relocated by Felix and the ones
provided by the org.osgi groupId.

This was causing conflicts at runtime on certain deployments. We now only
use the Felix ones.

Signed-off-by: Pierre-Alexandre Meyer <pierre@mouraf.org>",org.apache.felix:org.apache.felix org.osgi:org.osgi,"osgi: fix dependencies
",4,Building,,1,0.5,Integration
killbill/killbill,0555ce94248fad4aa66f189eaa61012681303681,2017-03-22 07:23:02,javax.cache:cache-api,net.sf.ehcache:ehcache,"util: switch to Ehcache 3 jars

The integration mostly relies on the JCache (aka JSR-107) specification,
except for Shiro which is Ehcache specific.

Main user-facing changes:

* cache metrics are now prefixed with jcache.statistics
  instead of net.sf.ehcache.Cache
* new ehcache.xml syntax (see http://www.ehcache.org/documentation/3.3/xml.html)

See https://github.com/killbill/killbill/issues/587.

Signed-off-by: Pierre-Alexandre Meyer <pierre@mouraf.org>",javax.cache:cache-api net.sf.ehcache:ehcache,"
util: switch to Ehcache 3 jars",5,Database&Building,,1,0.5,Integration
killbill/killbill,a3c7f4f71db9d34da1e9e1a9dafbdc3884bead41,2020-04-09 13:01:13,io.airlift:testing-mysql-server,mysql:mysql-connector-mxj,"pom.xml: update to new MySQL embeddeddb

Signed-off-by: Pierre-Alexandre Meyer <pierre@mouraf.org>",io.airlift:testing-mysql-server mysql:mysql-connector-mxj,"
pom.xml: update to new MySQL embeddeddb",3,Database&Testing,,1,0.9,
killbill/killbill-commons,e8f9994a7d37707a361e9eae13537bc89aac37d2,2020-04-08 15:59:47,io.airlift:testing-mysql-server,mysql:mysql-connector-mxj,"embeddeddb: switch to testing-mysql-server for Embedded MySQL

Tests had to be updated because of ms truncation causing (now?)
race conditions in tests.

Switch from storage_engine to default_storage_engine as the former
is now deprecated. This should still be supported on 5.6:

  https://dev.mysql.com/doc/refman/5.6/en/server-system-variables.html#sysvar_default_storage_engine

Signed-off-by: Pierre-Alexandre Meyer <pierre@mouraf.org>",io.airlift:testing-mysql-server mysql:mysql-connector-mxj,"
embeddeddb: switch to testing-mysql-server for Embedded MySQL",3,Database&Testing,,1,0.9,
killbill/killbill-platform,94dd0018f09e908dacb3b8a6607a64a69e159d80,2020-04-09 11:58:59,io.airlift:testing-mysql-server,mysql:mysql-connector-mxj,"pom.xml: update to new MySQL embeddedDB

Signed-off-by: Pierre-Alexandre Meyer <pierre@mouraf.org>",io.airlift:testing-mysql-server mysql:mysql-connector-mxj,"
pom.xml: update to new MySQL embeddedDB",3,Database&Testing,,1,0.9,
killme2008/xmemcached,4521d4c6db14ef43cf41e29b5f385bbf6bdf57be,2009-09-05 15:01:00,org.slf4j:slf4j,commons-logging:commons-logging,Move from common-logging to slf4j.Yanf4j upgrade to 1.0.,org.slf4j:slf4j commons-logging:commons-logging,"
Move from common-logging to slf4j.
Yanf4j upgrade to 1.0.",39,Logging,,1,0.9,
Kinetic/kinetic-java,9c1c6032bb124558e522b15a077dffbd3e626c28,2014-09-29 22:28:10,org.testng:testng,junit:junit,"Kinetic Test:
Update java test library from Junit to TestNG. The usage for maven
command line is the same as before.

For eclipse user, please install testng plugin, the instruction url:
http://testng.org/doc/download.html",org.testng:testng junit:junit,"
Kinetic Test:
Update java test library from Junit to TestNG.
The usage for maven",23,Testing,,1,0.95,
kinow/testlink-java-api,1649c0f812b9fe3900d4f6b89fd5ccd8fa9c22a1,2017-03-19 08:43:26,org.apache.logging.log4j:log4j,org.slf4j:slf4j,Issue #75 replace slf4j by log4j2,org.apache.logging.log4j:log4j org.slf4j:slf4j,"
Issue #75 replace slf4j by log4j2",4,Logging,,1,0.9,
kissaten/jhipster-example,99ee697295903cb7812ff556dd12173e6974a752,2015-05-09 00:18:09,org.postgresql:postgresql,mysql:mysql-connector-java,replaced mysql with postgresql,org.postgresql:postgresql mysql:mysql-connector-java,"
replaced mysql with postgresql",5,Database,,1,0.95,
kite-sdk/kite,db6bdae3ede84d962d31010200adcc59af0b8ce6,2013-10-17 08:47:22,org.slf4j:slf4j,log4j:log4j,"Changed Apache Commons Logging to SLF4J to be consistent with the
rest of the CDK.",org.slf4j:slf4j log4j:log4j,"
Changed Apache Commons Logging to SLF4J to be consistent with the
rest of the CDK.",73,Logging,,1,0.5,Organization
kitodo/kitodo-production,96cb64d1f7c7f23606a57bd7cab4a7d32a2bea2d,2017-05-10 10:30:58,org.apache.logging.log4j:log4j,org.slf4j:slf4j,"Fix dependancies and properties - remove log4j and slf4j, add log4j2",org.apache.logging.log4j:log4j org.slf4j:slf4j,"
Fix dependancies and properties - remove log4j and slf4j, add log4j2",8,Logging,,1,0.8,
kitodo/kitodo-production,d4f448941c0d5e03ab93f4a6bfde843f8532429a,2017-10-10 14:07:00,org.apache.logging.log4j:log4j,org.slf4j:slf4j,Replace slf4j with log4j,org.apache.logging.log4j:log4j org.slf4j:slf4j,"
Replace slf4j with log4j",9,Logging,,1,0.9,
kit-sdq/TimeSheetGenerator,a614218fe4359d9e6b7e1d99e6ad86dc5ef446b0,2019-12-11 13:24:12,com.fasterxml.jackson,org.json:json,"Change JSON parsers to use jackson-databind

- add package parser.json
- introduce classes that represent our JSON files
- change global, month and holiday parsers accordingly
- remove org.json (mainly JSONObject)
- pass strings before parsing (f.e. in Main)

benefits:
- reliable library for json parsing (jackson is widely used)
- validation and helpful error messages
- explicit definition of json structures
- parsers act as interface between json classes and our data classes
- no changes to our data model",com.fasterxml.jackson org.json:json,"
Change JSON parsers to use jackson-databind",10,Serialization,,1,0.95,Popularity
KittehOrg/KittehIRCClientLib,e21a4b5b12785c820bcb7aaaa85589117be18dc3,2018-11-21 01:32:52,org.checkerframework:checker-qual,com.google.code.findbugs,jsr305 -> checker-qual,org.checkerframework:checker-qual com.google.code.findbugs,"jsr305  laifuhewb  checker-qual
",6,Utility,,1,0.85,
knightliao/CanalX,3a0a4d250b3c1e655b573f45a41ed8dc06c1682b,2016-12-14 10:54:15,com.fasterxml.jackson,com.google.code.gson:gson,using jackson instead of gson,com.fasterxml.jackson com.google.code.gson:gson,"
using jackson instead of gson",34,Serialization,,1,0.9,
knowm/XChange,1262d07c3148d9f47318e9d5d040be58e3a4c8f8,2017-10-04 10:44:08,org.assertj:assertj-core,org.easytesting:fest-assert,fest-assertions ==> assertj dependency change,org.assertj:assertj-core org.easytesting:fest-assert,fest-assertions ==> assertj dependency change,34,Testing,,1,0.9,
knowm/Yank,94b2bb3d4ea5f7f08f4e67cfb2b569be24e71249,2015-02-13 17:26:55,org.slf4j:slf4j,ch.qos.logback:logback,"update depencency versions, switch from logback to slf4j-simple for tests",org.slf4j:slf4j ch.qos.logback:logback,"
update depencency versions, switch from logback to slf4j-simple for tests",8,Logging,,1,0.5,
kodapan/osm-common,74debd196a0b81eabc7b7ec853c4ed7fae205e89,2013-09-18 09:02:52,ch.qos.logback:logback,log4j:log4j,"switched from log4j to logback to supprt slf4j 1.7.5
removed a bunch of old artifacts
cleaned up the pom",ch.qos.logback:logback log4j:log4j,"
switched from log4j to logback to supprt slf4j 1.7.5
removed a bunch of old artifacts",58,Logging,,1,0.9,Integration
kodapan/osm-common,74debd196a0b81eabc7b7ec853c4ed7fae205e89,2013-09-18 09:02:52,ch.qos.logback:logback,org.slf4j:slf4j,"switched from log4j to logback to supprt slf4j 1.7.5
removed a bunch of old artifacts
cleaned up the pom",ch.qos.logback:logback org.slf4j:slf4j,"
switched from log4j to logback to supprt slf4j 1.7.5
removed a bunch of old artifacts",67,Logging,,1,0.9,Integration
kohsuke/hudson,41ca5b8a36391a95701b794d41faaecb50abef40,2015-07-13 08:30:34,org.slf4j:log4j-over-slf4j,log4j:log4j,"Use log4j-bridge of slf4j, exclude log4j.",org.slf4j:log4j-over-slf4j log4j:log4j,"
Use log4j-bridge of slf4j, exclude log4j.",27,Logging,,1,0.85,
kohsuke/hudson,b61a4095904f3d1b148a3546c573f04c53c1019e,2015-09-01 20:47:13,org.slf4j:slf4j,commons-logging:commons-logging,"Use slf4j adapters for logging.

- By introducing adapters for log4j and commons-logging and
- including the original log4j and commons-logging dependencies as provided
all logging should be redirected to slf4j and finally java.util.logging.",org.slf4j:slf4j commons-logging:commons-logging,"Use slf4j adapters for logging.

",39,Logging,,1,0.85,
kohsuke/hudson,b61a4095904f3d1b148a3546c573f04c53c1019e,2015-09-01 20:47:13,org.slf4j:jcl-over-slf4j,commons-logging:commons-logging,"Use slf4j adapters for logging.

- By introducing adapters for log4j and commons-logging and
- including the original log4j and commons-logging dependencies as provided
all logging should be redirected to slf4j and finally java.util.logging.",org.slf4j:jcl-over-slf4j commons-logging:commons-logging,"Use slf4j adapters for logging.

",22,Logging,,1,0.85,Simplification
kohsuke/hudson,b61a4095904f3d1b148a3546c573f04c53c1019e,2015-09-01 20:47:13,org.slf4j:log4j-over-slf4j,commons-logging:commons-logging,"Use slf4j adapters for logging.

- By introducing adapters for log4j and commons-logging and
- including the original log4j and commons-logging dependencies as provided
all logging should be redirected to slf4j and finally java.util.logging.",org.slf4j:log4j-over-slf4j commons-logging:commons-logging,"Use slf4j adapters for logging.

",4,Logging,,1,0.85,Simplification
kolorobot/spring-mvc-quickstart-archetype,c2db7c32cb3547db9edd77fc26f315d0fc59ddb7,2012-10-23 01:10:44,ch.qos.logback:logback,log4j:log4j,Fixes #9 to use logback instead of log4j and update various lib versions,ch.qos.logback:logback log4j:log4j,"
Fixes #9 to use logback instead of log4j and update various lib versions",58,Logging,,1,0.99,
kolorobot/spring-mvc-quickstart-archetype,c2db7c32cb3547db9edd77fc26f315d0fc59ddb7,2012-10-23 01:10:44,ch.qos.logback:logback,org.slf4j:slf4j,Fixes #9 to use logback instead of log4j and update various lib versions,ch.qos.logback:logback org.slf4j:slf4j,"
Fixes #9 to use logback instead of log4j and update various lib versions",67,Logging,,1,0.99,
kolorobot/spring-mvc-quickstart-archetype,cb54cbed57a628af2ae3bfa6e1afdc8cf9cdc63c,2014-03-05 19:06:35,org.assertj:assertj-core,org.easytesting:fest-assert,"assertj instead of FEST, updated Spring librarires to newest versions",org.assertj:assertj-core org.easytesting:fest-assert,"
assertj instead of FEST, updated Spring librarires to newest versions",49,Testing,,1,0.99,
kolorobot/unit-testing-demo,58eaf70d2e244c68dabae90466090d41269a5b49,2014-03-01 14:44:39,org.assertj:assertj-core,org.easytesting:fest-assert,assertj instead of fest + expected exception usage examples,org.assertj:assertj-core org.easytesting:fest-assert,"
assertj instead of fest + expected exception usage examples",49,Testing,,1,0.99,
KongzhongFinance/mrpc,a93e9caef7989c7fef0af3017c5f5fdd94c75eea,2017-05-15 03:38:36,com.fasterxml.jackson,com.alibaba:fastjson,🐿 replace fastjson for jackson and add spring boot sample project,com.fasterxml.jackson com.alibaba:fastjson,"
🐿 replace fastjson for jackson and add spring boot sample project",3,Serialization,,1,0.98,
korpling/ANNIS,a7056f978e17916ec0b47020ef48b70588783cc8,2012-08-16 17:55:01,ch.qos.logback:logback,log4j:log4j,- use logback in ANNIS service instead of log4j,ch.qos.logback:logback log4j:log4j,"
- use logback in ANNIS service instead of log4j",58,Logging,,1,0.99,
korpling/ANNIS,a7056f978e17916ec0b47020ef48b70588783cc8,2012-08-16 17:55:01,ch.qos.logback:logback,org.slf4j:slf4j,- use logback in ANNIS service instead of log4j,ch.qos.logback:logback org.slf4j:slf4j,"
- use logback in ANNIS service instead of log4j",67,Logging,,1,0.99,
krasserm/ipf,c9387f2da959e4535fd8b17cae40f52b0c32a60d,2012-10-25 07:35:30,org.slf4j:jcl-over-slf4j,commons-logging:commons-logging,"#4: replace jcl with slf4j, adapt logger calls",org.slf4j:jcl-over-slf4j commons-logging:commons-logging,"
#4: replace jcl with slf4j, adapt logger calls",22,Logging,,1,0.98,
kstateome/canvas-api,d89a5d23594086791a28c9ddfde5032719512edc,2019-10-31 08:50:01,org.slf4j:slf4j,log4j:log4j,"Switch to SLF4J instead of log4j

As this project is mainly a library using a logging facade instead of an implementation directly allows projects that use this library to choose which actual implementation they wish to use.",org.slf4j:slf4j log4j:log4j,"
Switch to SLF4J instead of log4j",73,Logging,,1,0.99,Functionality
KyloIO/kylo,8096dfca9b48d797353b44b32d2d0f0f78c92339,2017-02-10 22:56:06,org.mariadb.jdbc:mariadb-java-client,mysql:mysql-connector-java,"PC-869, PC-1195 mysql driver replaced with mariadb driver, think big controller services rename to kylo",org.mariadb.jdbc:mariadb-java-client mysql:mysql-connector-java,"
PC-869, PC-1195 mysql driver replaced with mariadb driver, think big controller services rename to kylo",16,Database,,1,0.99,
lanthale/PhotoSlide,b381741cfee1def08767d6ce27443f6352814cba,2020-10-10 08:19:15,org.kordamp.ikonli:ikonli-javafx,de.jensd:fontawesomefx,Changed from FontAwesomeFX to iKonli,org.kordamp.ikonli:ikonli-javafx de.jensd:fontawesomefx,"
Changed from FontAwesomeFX to iKonli",3,Graphic,,1,0.99,
LearnLib/learnlib,7c354d73b96445f82d59380e82278a3ca399b522,2013-03-22 14:24:02,org.testng:testng,junit:junit,"add testNG to dependency management, remove jUnit dependency from learnlib-os-impl",org.testng:testng junit:junit,"
add testNG to dependency management, remove jUnit dependency from learnlib-os-impl",23,Testing,,1,0.98,
LearnLib/learnlib,ef4dc4d88605a3156fb82e58a2beb2fb7196a628,2019-08-10 14:03:42,org.checkerframework:checker-qual,com.google.code.findbugs,"replace JSR305 annotations with Checkerframework annotations

* replace old annotations 1:1 where possible
* remove annotations which have no counterpart (regarding ParametersAreNonnullByDefault we follow Checkerframeworks convention, that (unannotated) parameters are NonNull by default)
* exclude jsr305 dependency from guava dependency
* bump spotbugs plugin to 3.1.12.2 to correctly read type annotations

Closes #63",org.checkerframework:checker-qual com.google.code.findbugs,"
replace JSR305 annotations with Checkerframework annotations",6,Utility,,1,0.95,
LearnPAd/learnpad,5274b6e54aa3716da71f3f6f2999ec11f4e923db,2016-06-23 15:44:29,org.slf4j:jcl-over-slf4j,commons-logging:commons-logging,"Changed the dependecy on ""commons-logging"" with the binding from ""org.slf4j""",org.slf4j:jcl-over-slf4j commons-logging:commons-logging,"
Changed the dependecy on ""commons-logging"" with the binding from ""org.slf4j""",22,Logging,,1,0.98,
liefke/org.fastnate,5204c01172e8ced3dc8d44814caa63b8699a0b3c,2015-01-04 21:12:03,org.assertj:assertj-core,org.easytesting:fest-assert,Swtiched to AssertJ for fluent assertions,org.assertj:assertj-core org.easytesting:fest-assert,"
Swtiched to AssertJ for fluent assertions",49,Testing,,1,0.99,Functionality
linagora/linshare-core,7a2e0058797204814584e24db83156330fbe7cbc,2020-04-15 08:50:40,de.bwaldvogel:mongo-java-server,com.github.fakemongo:fongo,Using mongo-java-server as workaround for Fongo.,de.bwaldvogel:mongo-java-server com.github.fakemongo:fongo,"
Using mongo-java-server as workaround for Fongo.",3,Database,,1,0.95,
linagora/opush,59a842aca61339b5a7771dd2c75750e1dd6d17dd,2011-09-21 10:37:31,ch.qos.logback:logback,org.slf4j:slf4j,- Remove log4j and add logback.xml at obm-sync,ch.qos.logback:logback org.slf4j:slf4j,"
- Remove log4j and add logback.xml at obm-sync",67,Logging,,1,0.5,
linagora/opush,e095ff99286beaccf592e5e7e060aeb5442334ef,2013-10-31 14:07:09,org.assertj:assertj-core,org.easytesting:fest-assert,OBMFULL-5178 Switch to AssertJ,org.assertj:assertj-core org.easytesting:fest-assert,"
OBMFULL-5178 Switch to AssertJ",34,Testing,,1,0.97,
linkedin/Cytodynamics,e1f2795ef9a284bdeae933349c1fc11addccd3a9,2020-02-11 22:11:16,junit:junit,org.testng:testng,migrate tests to junit (#16),junit:junit org.testng:testng,"
migrate tests to junit (#16)",47,Testing,,1,0.98,
lkiesow/opencast,cd3169a1898d858b700e1889a75a9aa6923d726b,2018-11-27 00:37:50,com.google.code.gson:gson,com.googlecode.json-simple:json-simple,"MH-13260, Simplify Runtime Info UI

This patch clean up the runtime info ui by removing the unused
ComponentsJsonParser, switching from json-simple to the simpler Gson and
doing some general cleanup.",com.google.code.gson:gson com.googlecode.json-simple:json-simple,"
This patch clean up the runtime info ui by removing the unused
ComponentsJsonParser, switching from json-simple to the simpler Gson and
doing some general cleanup.",11,Serialization,,1,0.96,SizeComplexity
lkiesow/opencast,113d10f7ab0ea0215db98334d1f3a77fa718a76e,2019-12-20 08:50:18,org.elasticsearch.client:elasticsearch-rest,org.elasticsearch.client:transport,"Externalize & update Elasticsearch

This patch upgrades to the Elasticsearch High Level REST Client 7.4
which needs an Elasticsearch 7 node to work with.
Since embedding Elasticsearch is no longer supported, the embedded node
is removed. Elasticsearch 7 does no longer allow to store different
document types in the same index. Instead, one index per document type
is required. So the code was changed to create four ""sub indices"", one
for each document type. This means, that for the admin UI index, there
are actually 4 Elasticsearch indices now. The same applies for the
external API index.

So from now on, running an external Elasticsearch node is mandatory in
order to be able to run Opencast.

One small test case was removed as it would now require a running
external Elasticsearch node during execution time.",org.elasticsearch.client:elasticsearch-rest org.elasticsearch.client:transport,"
This patch upgrades to the Elasticsearch High Level REST Client 7.4
which needs an Elasticsearch 7 node to work with.
Externalize & update Elasticsearch",10,Database,,1,0.95,Deprecation
lkiesow/opencast,bd374a7cb7a9b802120f95e8db6531f072fa1c8d,2020-01-28 00:07:56,org.mariadb.jdbc:mariadb-java-client,mysql:mysql-connector-java,"Update to MariaDB Client

This patch upgrades from the Oracle MySQL JDBC driver ro the MariaDB
JDBC driver to fix licensing issues with the former.

A better long-term solution might be to switch to `pax-jdbc` for
providing the drivers would be easier for additional drivers and even
better for licensing reasons since we are not including the drivers any
longer. But that would need larger changes.",org.mariadb.jdbc:mariadb-java-client mysql:mysql-connector-java,"
This patch upgrades from the Oracle MySQL JDBC driver ro the MariaDB
JDBC driver to fix licensing issues with the former.",16,Database,,1,0.98,License
locationtech/geogig,1a1a393d2b413babe6d69d00d12220bec73bc0c7,2019-06-26 19:27:54,info.picocli:picocli,com.beust:jcommander,"refactor: mirgate cli commands from jcommander to picocli

Signed-off-by: Gabriel Roldan <gabriel.roldan@gmail.com>",info.picocli:picocli com.beust:jcommander,"
refactor: mirgate cli commands from jcommander to picocli",3,Utility,,1,0.98,
logstash/logstash-logback-encoder,189aaac2eef1afeeddc2a99399bfa634ecdf4bd3,2015-02-08 00:01:49,org.assertj:assertj-core,org.hamcrest:hamcrest,Use assertj instead of hamcrest for assertions,org.assertj:assertj-core org.hamcrest:hamcrest,"
Use assertj instead of hamcrest for assertions",7,Testing,,1,0.97,
Loki-Afro/metalarchives,2429f39a24f4b213f009494121561b9b6d0a936e,2016-03-13 16:07:09,org.slf4j:slf4j,log4j:log4j,log4j -> slf4j api,org.slf4j:slf4j log4j:log4j,"
log4j  laifuhewb  slf4j api",73,Logging,,1,0.9,
lpandzic/junit-bdd,fbc05c735ba28b803b3dfa664c652c8e802ab1dd,2014-05-11 09:10:23,org.assertj:assertj-core,org.easytesting:fest-assert,"- replaced fest assert with AssertJ (README.md, tests, javadoc)
- minor pom properties cleanup",org.assertj:assertj-core org.easytesting:fest-assert,"
- replaced fest assert with AssertJ (README.md, tests, javadoc)
- minor pom properties cleanup",34,Testing,,1,0.97,
lsFusion/platform,42cb858b490e2201a0c310e808a9b14360efc134,2018-07-05 07:51:52,ch.qos.logback:logback,org.slf4j:slf4j,[server] logback-classic instead of slf4j-simple,ch.qos.logback:logback org.slf4j:slf4j,"
[server] logback-classic instead of slf4j-simple",13,Logging,,1,0.8,
lucmoreau/ProvToolbox,dea17d62e5f4176cd096bc2cd1bcca7bc5515ee3,2011-11-17 15:00:44,com.google.code.gson:gson,com.googlecode.json-simple:json-simple,Added JSON pretty-printing using gson. String values are now unwrapped.,com.google.code.gson:gson com.googlecode.json-simple:json-simple,"Added JSON pretty-printing using gson.
String values are now unwrapped.",11,Serialization,,1,0.5,Functionality
lukas-krecan/JsonUnit,4542c1a796ff6b3a4f34c956b897981777cf3648,2013-10-06 08:13:29,org.assertj:assertj-core,org.easytesting:fest-assert,Switch to AssertJ,org.assertj:assertj-core org.easytesting:fest-assert,"
Switch to AssertJ",34,Testing,,1,0.97,
lukas-krecan/ShedLock,dcc1a5ba34ca1d989c17fcc736f6739d684313bb,2020-04-11 07:01:30,org.testcontainers:mysql,com.wix:wix-embedded-mysql,Use testcontainers for MySql tests,org.testcontainers:mysql com.wix:wix-embedded-mysql,"
Use testcontainers for MySql tests",3,Testing,,1,0.96,
magefree/mage,d3046a9a0de2bbd4d0c0007234fa893ec7a84cdf,2014-05-22 14:53:13,com.h2database:h2,org.xerial:sqlite-jdbc,changed DB from SQLite to H2,com.h2database:h2 org.xerial:sqlite-jdbc,"
changed DB from SQLite to H2",4,Database,,1,0.98,
manami-project/manami,ba6a423fc8fe5c184401761a881d80151097bcc9,2016-08-13 22:47:54,org.testng:testng,junit:junit,Changed: Testing framework from JUnit to TestNG,org.testng:testng junit:junit,"
Changed: Testing framework from JUnit to TestNG",23,Testing,,1,0.98,
mapstruct/mapstruct,a41cad17bd90c29c9af94a2436002f041ccf7f47,2014-04-06 16:50:37,junit:junit,org.testng:testng,"#140, #132 - create a JUnit based test runner that is able to replace the test classloader correctly and is safe for parallel execution of test classes and methods
- migrate all tests to JUnit and remove testNG dependencies",junit:junit org.testng:testng,"
#140, #132 - create a JUnit based test runner that is able to replace the test classloader correctly and is safe for parallel execution of test classes and methods
- migrate all tests to JUnit and remove testNG dependencies",47,Testing,,1,0.98,BugIssue
mapstruct/mapstruct,a41cad17bd90c29c9af94a2436002f041ccf7f47,2014-04-06 16:50:37,org.jboss.arquillian,org.testng:testng,"#140, #132 - create a JUnit based test runner that is able to replace the test classloader correctly and is safe for parallel execution of test classes and methods
- migrate all tests to JUnit and remove testNG dependencies",org.jboss.arquillian org.testng:testng,"
#140, #132 - create a JUnit based test runner that is able to replace the test classloader correctly and is safe for parallel execution of test classes and methods
- migrate all tests to JUnit and remove testNG dependencies",7,Testing,,1,0.98,Functionality
mapstruct/mapstruct,a41cad17bd90c29c9af94a2436002f041ccf7f47,2014-04-06 16:50:37,junit:junit,org.jboss.arquillian,"#140, #132 - create a JUnit based test runner that is able to replace the test classloader correctly and is safe for parallel execution of test classes and methods
- migrate all tests to JUnit and remove testNG dependencies",junit:junit org.jboss.arquillian,"
#140, #132 - create a JUnit based test runner that is able to replace the test classloader correctly and is safe for parallel execution of test classes and methods
- migrate all tests to JUnit and remove testNG dependencies",3,Testing,,1,0.98,Functionality
mapstruct/mapstruct,cf88cf9e92a258ae9e95ec4c0c7426cca48a0a50,2016-08-27 11:10:42,org.assertj:assertj-core,org.easytesting:fest-assert,#860 switch to using assertj instead of FEST assertions,org.assertj:assertj-core org.easytesting:fest-assert,"
#860 switch to using assertj instead of FEST assertions",49,Testing,,1,0.98,
MarcinWieczorek/NovaGuilds,400f996826b56372a14503991c1202b46d30dca2,2016-03-12 16:50:22,org.json:json,com.google.code.gson:gson,Replace gson with lightweight org.json lib,org.json:json com.google.code.gson:gson,"
Replace gson with lightweight org.json lib",8,Serialization,,1,0.97,SizeComplexity
marcocor/bat-framework,d5473ceb7a6c5f2dc71127af6dd4b8768377666c,2016-02-15 23:01:26,org.codehaus.jettison:jettison,com.googlecode.json-simple:json-simple,"now using jettison as json parser instead of simple.json; junit tests
put in the right packages; removed NIF extractor until NIF library is
uploaded into Maven Central Repo",org.codehaus.jettison:jettison com.googlecode.json-simple:json-simple,"
now using jettison as json parser instead of simple.json; junit tests
put in the right packages; removed NIF extractor until NIF library is",3,Serialization,,1,0.98,
marschall/memoryfilesystem,df2f3d4cb0bac60cfca12f67adff668424a0debb,2016-11-11 19:40:13,org.mockito:mockito,org.easymock:easymock,"Switch from EasyMock to Mockito

Closes #74",org.mockito:mockito org.easymock:easymock,"
Switch from EasyMock to Mockito",15,Testing,,1,0.98,
marschall/memoryfilesystem,490aea8ac84362063fcaccc03bd9032200c68b9f,2017-10-05 23:21:57,org.apache.logging.log4j:log4j,ch.qos.logback:logback,"Update Dependencies

- update to Spring 5
- switch from Logback to Log4j2",org.apache.logging.log4j:log4j ch.qos.logback:logback,"
- update to Spring 5
- switch from Logback to Log4j2",12,Logging,,1,0.97,
marvin-we/steem-java-api-wrapper,5483de30336919f1cc1640ff20b1da41b73a8c91,2017-08-26 23:17:06,org.slf4j:slf4j,org.apache.logging.log4j:log4j,Change logging to slf4j to finaly fix #70,org.slf4j:slf4j org.apache.logging.log4j:log4j,"
Change logging to slf4j to finaly fix #70",13,Logging,,1,0.95,
mathisdt/sdb2,37103da78929760dfe76135c548e01e372ae672b,2015-12-31 21:19:23,org.apache.logging.log4j:log4j,org.slf4j:slf4j,"use LOG4J 2

git-svn-id: file:///home/svnroot-zephyrsoft/projects/sdb2/trunk@668 f37aa4ac-6963-46a2-a1ff-558a307fa857",org.apache.logging.log4j:log4j org.slf4j:slf4j,"
use LOG4J 2",111,Logging,,1,1.0,
mathisdt/sdb2,37103da78929760dfe76135c548e01e372ae672b,2015-12-31 21:19:23,org.apache.logging.log4j:log4j,log4j:apache-log4j-extras,"use LOG4J 2

git-svn-id: file:///home/svnroot-zephyrsoft/projects/sdb2/trunk@668 f37aa4ac-6963-46a2-a1ff-558a307fa857",org.apache.logging.log4j:log4j log4j:apache-log4j-extras,"
use LOG4J 2",10,Logging,,1,1.0,
mathisdt/sdb2,f3de60d2643d4ffdf69a7098525d8b0ade9f64f3,2019-05-11 16:36:09,com.google.code.gson:gson,com.fasterxml.jackson,"remove Kohsuke's Github API in favor of a simple GET request and some JSON parsing

-> this also removed the dependency to the insecure jackson-databind dependency",com.google.code.gson:gson com.fasterxml.jackson,"remove Kohsuke's Github API in favor of a simple GET request and some JSON parsing
",11,Serialization,,1,0.9,Security
mathisdt/sdb2,b182d74a33de80fd19f4e3959e8e87e1749e677d,2020-07-05 16:29:26,ch.qos.logback:logback,org.apache.logging.log4j:log4j,replace log4j with logback; update to latest slf4j (alpha) version and to latest mqtt client version; modify dependabot config,ch.qos.logback:logback org.apache.logging.log4j:log4j,"
replace log4j with logback; update to latest slf4j (alpha) version and to latest mqtt client version; modify dependabot config",11,Logging,,1,0.95,
mathisdt/sdb2,b182d74a33de80fd19f4e3959e8e87e1749e677d,2020-07-05 16:29:26,org.slf4j:slf4j,org.apache.logging.log4j:log4j,replace log4j with logback; update to latest slf4j (alpha) version and to latest mqtt client version; modify dependabot config,org.slf4j:slf4j org.apache.logging.log4j:log4j,"
replace log4j with logback; update to latest slf4j (alpha) version and to latest mqtt client version; modify dependabot config",6,Logging,,1,0.95,
matsev/spring-testing,5f1b0d34bbeb74cfe9d14111c5a161780d1243b7,2013-08-19 20:00:11,ch.qos.logback:logback,log4j:log4j,Switched from Log4J to Logback and updated some dependencies.,ch.qos.logback:logback log4j:log4j,"
Switched from Log4J to Logback and updated some dependencies.",58,Logging,,1,0.95,
matsev/spring-testing,5f1b0d34bbeb74cfe9d14111c5a161780d1243b7,2013-08-19 20:00:11,ch.qos.logback:logback,org.slf4j:slf4j,Switched from Log4J to Logback and updated some dependencies.,ch.qos.logback:logback org.slf4j:slf4j,"
Switched from Log4J to Logback and updated some dependencies.",67,Logging,,1,0.95,
matsev/spring-testing,4aa54e56a7783a68561fc19718cb1db3013e180d,2013-08-28 23:17:25,com.h2database:h2,org.hsqldb:hsqldb,Switched to use H2 instead of HSQL.,com.h2database:h2 org.hsqldb:hsqldb,"
Switched to use H2 instead of HSQL.",14,Database,,1,0.95,
mauricioaniche/metricminer2,5c72b1db7e250809e5c9c5208b68eb0abc6998df,2017-12-16 14:02:34,org.apache.logging.log4j:log4j,org.slf4j:slf4j,Update to Log4J 2 (#108),org.apache.logging.log4j:log4j org.slf4j:slf4j,"
Update to Log4J 2 (#108)",111,Logging,,1,1.0,
maxmind/GeoIP2-java,82c91c9d9ad483e4b0cebfcc2d2eca7c6adcc905,2016-06-15 15:05:56,org.apache.httpcomponents,com.google.http-client:google-http-client,Use Apache HttpClient instead of Google's cient,org.apache.httpcomponents com.google.http-client:google-http-client,"
Use Apache HttpClient instead of Google's cient",3,HTTP Clients,,1,0.95,
McPringle/sportchef,a9d169eb3ffa7ed038b08c4c40751dba8ccd0425,2016-03-06 19:04:10,org.mockito:mockito,org.easymock:easymock,#186 Switched dependencies from EasyMock to Mockito,org.mockito:mockito org.easymock:easymock,"
#186 Switched dependencies from EasyMock to Mockito",8,Testing,,1,0.95,
mdeinum/spring-utils,e33a299663c574d8da68aaa82f132904a670c0db,2011-07-15 07:51:45,org.mockito:mockito,org.easymock:easymock,"Moved to Spring 3.0.5.
Moved from EasyMock to Mockito.
Moved to JUnit 4.8.2.
Added ExcelItemReader for Spring Batch.
Added copyright notices to files.",org.mockito:mockito org.easymock:easymock,"
Moved from EasyMock to Mockito.",8,Testing,,1,0.95,
membrane/service-proxy,c4f34102852d8dfae9373bdbceee15dcdd9ec461,2016-07-18 12:50:45,org.slf4j:slf4j,log4j:log4j,migration from log4j and apache.commons.logging to slf4j,org.slf4j:slf4j log4j:log4j,"
migration from log4j and apache.commons.logging to slf4j",73,Logging,,1,0.95,
metaborg/spoofax,f90af04e3d84a702919e8b46f856a37e7b09f916,2015-02-03 15:07:47,org.slf4j:slf4j,org.apache.logging.log4j:log4j,Dump log4j2 in favor of slf4j and logback for logging.,org.slf4j:slf4j org.apache.logging.log4j:log4j,Dump log4j2 in favor of slf4j and logback for logging.,12,Logging,,1,0.9,
metamx/java-util,1af8511c1ebd1ba3bb4610a749ef5425ce66c3fb,2012-05-18 18:05:43,org.slf4j:slf4j,log4j:log4j,log4j -> slf4j,org.slf4j:slf4j log4j:log4j,"
log4j  laifuhewb  slf4j",73,Logging,,1,0.98,
metasfresh/metasfresh,4d709d1295f810bbaa0b38f1ab9407a6e1ae6ab6,2020-05-28 15:40:29,org.mockito:mockito,org.jmockit:jmockit,"Gh6709 (#6717)

* AD_Issue.AD_PInstance_ID, fill AD_Process_ID, AD_PInstance_ID, improve AD_Isue creation; remove unused code

* update eclipse launchers

* Update ErrorManager.java

* get rid of AdempiereException() constructor

* Update MHRProcess.java

* TranslatableStrings.parse

* fix tests

* HUTraceEventsServiceTests: convert to junit5 + mockito

* minor

* C_OrderLine_Handler_Test: use mockito instead of jmockit

* QtyDeliveredFromOrderToInvoiceTest: junit5+mockito

* RolloutMigrateTests: junit5 + mockito

* PurchaseCandidateRepositoryTest: junit5 + mockito

* C_PurchaseCandidate_PostEventsTest: junit5 + mockito

* WebuiPushTests: junit5 + mockito

* swat.base/pom.xml: spring-boot-starter-test exclude mockito

* purchasecandidate.base/pom.xml: remove duplicate assertJ dep

* metasfresh-pharma/pom.xml: remove duplicate dep

* #6709 Do not show Pick action if there are several products in a HU

#6709 Picking from Material Receipt Candidates Window HU Editor

* #6709 Refactor

#6709 Picking from Material Receipt Candidates Window HU Editor

* Update pom.xml

Co-authored-by: Cristina <cristinamghita@gmail.com>",org.mockito:mockito org.jmockit:jmockit,"
* HUTraceEventsServiceTests: convert to junit5 + mockito",4,Testing,,1,0.95,
mgormley/pacaya,b8155d42e9e2befb200371c4d09bc5d82144e4db,2014-11-21 20:37:32,org.slf4j:slf4j,log4j:log4j,Automatic migration from log4j to slf4j,org.slf4j:slf4j log4j:log4j,"
Automatic migration from log4j to slf4j",73,Logging,,1,0.95,
michaelyaakoby/testfun,40a7b9f8c6c30a6acf960cc981c0125192a3df89,2013-10-31 21:01:21,org.hsqldb:hsqldb,mysql:mysql-connector-java,Moved from MySQL data-source to HSQLDB,org.hsqldb:hsqldb mysql:mysql-connector-java,"
Moved from MySQL data-source to HSQLDB",3,Database,,1,0.95,
mindwind/craft-atom,06331d762a5bcef25230003a3e5f23b7afb12e9b,2013-12-21 09:13:38,org.slf4j:slf4j,commons-logging:commons-logging,improve - use slf4j replace commons-logging as default log api,org.slf4j:slf4j commons-logging:commons-logging,"
improve - use slf4j replace commons-logging as default log api",39,Logging,,1,0.95,
minnal/minnal,fad828ad29d7faa045315a581e71c612fda0b08b,2014-08-26 07:00:55,com.h2database:h2,org.hsqldb:hsqldb,Using h2 database instead of hsqldb,com.h2database:h2 org.hsqldb:hsqldb,"
Using h2 database instead of hsqldb",14,Database,,1,0.95,
mirabeau-nl/ceddl4j,380351217bd903e3fa117dd2d2c5a8296b297a29,2015-05-08 13:05:12,com.fasterxml.jackson,com.google.code.gson:gson,Replaced GSON with Jackson JSON library,com.fasterxml.jackson com.google.code.gson:gson,"
Replaced GSON with Jackson JSON library",34,Serialization,,1,0.95,
misberner/automatalib,e63fa2672840b22adde48033bbac064fd7717d16,2019-08-09 23:46:57,org.checkerframework:checker-qual,com.google.code.findbugs,"replace JSR305 annotations with Checkerframework annotations

* replace old annotations 1:1 where possible
* remove annotations which have no counterpart (regarding ParametersAreNonnullByDefault we follow Checkerframeworks convention, that (unannotated) parameters are NonNull by default)
* exclude jsr305 dependency from guava dependency
* bump spotbugs plugin to 3.1.12.2 to correctly read type annotations

This is the major chunk for #33, although we still require a new duzzt version to completely get rid of non-default javax annotations.",org.checkerframework:checker-qual com.google.code.findbugs,"
replace JSR305 annotations with Checkerframework annotations",6,Utility,,1,0.95,
mitallast/netty-queue,ca18b95626919cb586737d4bbe4bfda3c7dbe1d2,2017-03-29 15:12:00,org.apache.logging.log4j:log4j,ch.qos.logback:logback,refactor http; remove xstream; use log4j2; implement basic in-memory crdt,org.apache.logging.log4j:log4j ch.qos.logback:logback,"
refactor http; remove xstream; use log4j2; implement basic in-memory crdt",12,Logging,,1,1.0,
ModeShape/modeshape,e8c2b5280b33408f233f2823c1740ebc6959e6ac,2014-01-30 09:53:17,org.wildfly:wildfly,org.jboss.as:jboss-as-arquillian,"MODE-2065 Ported the EAP kit to Wildfly 8.0.0.CR1. This exposed a number of issues that had to be addressed:
- using Servlet 3.1 compliant containers meant upgrading Cargo & Jetty to 9.x
- WebDAV mock tests together with dependencies were removed because they added no value
- upgraded to the latest EE BOM which meant changing the Arquillian tests",org.wildfly:wildfly org.jboss.as:jboss-as-arquillian,"
This exposed a number of issues that had to be addressed:
- using Servlet 3.1 compliant containers meant upgrading Cargo & Jetty to 9.x
- WebDAV mock tests together with dependencies were removed because they added no value
- WebDAV mock tests together with dependencies were removed because they added no value
- upgraded to the latest EE BOM which meant changing the Arquillian tests",8,Testing&Web Framework,,1,0.75,
ModeShape/modeshape,580207f53bb3d22e3c15e15013c03b1ae8236dfc,2016-02-12 17:24:47,com.zaxxer:HikariCP,com.mchange:c3p0,"MODE-2528 Integrates the new relational provider with the modeshape codebase
This is a huge commit which makes the necessary changes to remove all Infinispan configuration and dependencies, replacing it with the new mechanism. It also contains several changes to the
relational provider design because of various failing tests. This includes among other thing the necessity for ModeShape to notify the provider once exclusive locks have been obtained as part of each
transaction.",com.zaxxer:HikariCP com.mchange:c3p0,"
MODE-2528 Integrates the new relational provider with the modeshape codebase
This is a huge commit which makes the necessary changes to remove all Infinispan configuration and dependencies, replacing it with the new mechanism.
It also contains several changes to the",7,Database,,1,0.5,
ModeShape/modeshape,3725d36313514dc9fc03bf0338abcb328cc9355f,2016-09-27 06:08:56,com.github.ben-manes.caffeine:caffeine,com.googlecode.concurrentlinkedhashmap:concurrentlinkedhashmap-lru,"MODE-2634 Replaces ConcurrentLinkedHashmap with Caffeine 2.3.3
The former is dormant and was designed for pre JDK 8 while the latter is the current active project which uses JDK 8",com.github.ben-manes.caffeine:caffeine com.googlecode.concurrentlinkedhashmap:concurrentlinkedhashmap-lru,"
MODE-2634 Replaces ConcurrentLinkedHashmap with Caffeine 2.3.3
The former is dormant and was designed for pre JDK 8 while the latter is the current active project which uses JDK 8",3,Utility,,1,0.98,Deprecation
molgenis/molgenis,1cf97395039d88cca464970c8a0490784e7ed617,2016-10-24 14:47:36,org.slf4j:log4j-over-slf4j,log4j:log4j,Use log4j-over-slf4j instead of log4j,org.slf4j:log4j-over-slf4j log4j:log4j,"
Use log4j-over-slf4j instead of log4j",27,Logging,,1,0.95,
molgenis/molgenis,81ea5185b2f14bd98383ecf9f770f0437ffd748a,2019-09-17 14:12:25,org.junit,org.testng:testng,M6291 Replace TestNG with JUnit 5 (#8627),org.junit org.testng:testng,"
M6291 Replace TestNG with JUnit 5 (#8627)",7,Testing,,1,0.98,
mongodb-developer/open-data-covid-19,5c84c1354c6fa5bf17f8c5cd002dbce553cf01ad,2020-12-08 01:46:22,ch.qos.logback:logback,org.apache.logging.log4j:log4j,"add calculated fields for confirmed, deaths and recovered (#9)

* add calculated fields for confirmed, deaths and recovered

* fix the population count in the countries_summary collection

* remove whitespace in logs

* Fix Repatriated Travellers Canada issue + improve imports

* fix log4j warning - moved to logback",ch.qos.logback:logback org.apache.logging.log4j:log4j,"
* fix log4j warning - moved to logback",11,Logging,,1,0.85,BugIssue
morimekta/providence,aef9edf8e7da8062bd70cbe2a4b076f1598c4068,2016-09-29 14:06:24,org.slf4j:slf4j,ch.qos.logback:logback,"Use slf4j-simple instead of logback.

It uses way less class and configuration-space, and we try to avoid
""logging"" output from the tools anyway.",org.slf4j:slf4j ch.qos.logback:logback,"
Use slf4j-simple instead of logback.",8,Logging,,1,0.8,SizeComplexity
motown-io/motown,ec620bf16d0b10dbb8003c6438862c5d4dbff093,2013-11-20 14:46:58,org.apache.cxf:cxf,org.springframework:spring,"Removed spring ws, added cxf dependencies
Created build plugin that generates the sources based on the OCPP 1.5 central system WSDL",org.apache.cxf:cxf org.springframework:spring,"
Removed spring ws, added cxf dependencies
Created build plugin that generates the sources based on the OCPP 1.5 central system WSDL",3,Web Framework,,1,0.9,Functionality
msiedlarek/winthing,8dc8ba53d153a7aa10ca1d619e68bc88be026050,2019-04-07 14:22:16,com.github.spotbugs:spotbugs,com.google.code.findbugs,Replace findbugs with spotbugs for static code check,com.github.spotbugs:spotbugs com.google.code.findbugs,"
Replace findbugs with spotbugs for static code check",5,Utility,,1,0.95,
mybatis/guice,52a77239a7c718a598615440e0682e2c2b8a285c,2014-07-13 19:06:47,org.slf4j:slf4j,log4j:log4j,"Updated POM

Use proper XSD for maven
Updated to mybatis-parent 22-SNAPSHOT
Changed <name> to match <artifactId>
Updated mybatis to 3.2.7
Removed findbugs dependency - wasn't part of project and was extremely
old
Updated hsqldb to 2.3.2
Replaced log4j test dependency with slf4j-simple which fixes warnings in
maven and still logs properly.",org.slf4j:slf4j log4j:log4j,"
Updated hsqldb to 2.3.2
Replaced log4j test dependency with slf4j-simple which fixes warnings in
maven and still logs properly.",15,Logging,,1,0.85,BugIssue
mybatis/ibatis-2,a60ea0c40b929f5da5c0a99092166cd72e70716a,2021-05-09 18:04:59,org.slf4j:slf4j,log4j:log4j,"[logging] Replace log4j with slf4j usage

commons logging to jcl-over-slf4j
slf4j-api to replace log4j
slf4j-simple for test logging
remove the log4j.properties

This resolves vulnerability issue with log4j",org.slf4j:slf4j log4j:log4j,"
[logging] Replace log4j with slf4j usage",73,Logging,,1,0.95,Security
mybatis/ibatis-2,a60ea0c40b929f5da5c0a99092166cd72e70716a,2021-05-09 18:04:59,org.slf4j:jcl-over-slf4j,log4j:log4j,"[logging] Replace log4j with slf4j usage

commons logging to jcl-over-slf4j
slf4j-api to replace log4j
slf4j-simple for test logging
remove the log4j.properties

This resolves vulnerability issue with log4j",org.slf4j:jcl-over-slf4j log4j:log4j,"
[logging] Replace log4j with slf4j usage",14,Logging,,1,0.95,Security
mybatis/ignite-cache,020014839d69693dac77b584e95c9048b8d81149,2021-05-05 03:54:26,org.slf4j:slf4j,log4j:log4j,[pom] Move from log4j to slf4j,org.slf4j:slf4j log4j:log4j,"
[pom] Move from log4j to slf4j",73,Logging,,1,0.95,
mybatis/jpetstore-6,b4e97f4816003181e327a4306fb5a8e2df42c39c,2021-05-15 20:17:15,org.slf4j:slf4j,log4j:log4j,"[pom] Replace log4j with slf4j-api/slf4j-simple

log4j is vulnerable and not supported.  Moving to supported framework.  Did not go to extent of making logs trace, defaults should be enough but can be adjusted later.",org.slf4j:slf4j log4j:log4j,"
[pom] Replace log4j with slf4j-api/slf4j-simple",73,Logging,,1,0.95,Security
mybatis/mybatis-3,bfe5aac8b4898f039b266d5a44eea5f4d3aac05e,2012-04-15 05:08:49,org.mockito:mockito,org.jmock:jmock,JMock -> Mockito,org.mockito:mockito org.jmock:jmock,"
JMock  laifuhewb  Mockito",4,Testing,,1,0.97,
mybatis/spring,cfc2d9e20396c54572411e03ee09d53c98f28922,2021-05-08 21:00:06,org.slf4j:slf4j,log4j:log4j,"[pom] Replace log4j1 with slf4j-simple ***

*** log4j xml file was for log4j2 not 1 as in the code base so it wasn't being used anyways.",org.slf4j:slf4j log4j:log4j,"
[pom] Replace log4j1 with slf4j-simple ***",15,Logging,,1,0.95,BugIssue
mycila/guice,94a5fd0ae29f29787a1ba8ebeb60fd7cc1cee96f,2016-07-05 23:19:27,com.google.inject:guice,org.sonatype.sisu:sisu-guice,Move from sisu-guice to guice 4.1 and fix related changes,com.google.inject:guice org.sonatype.sisu:sisu-guice,"
Move from sisu-guice to guice 4.1 and fix related changes",10,Dependency Injection,,1,1.0,
MyCollab/mycollab,098ebaa1f69ee2111e3e87566b7f72449741d1ff,2015-04-25 09:32:27,ch.qos.logback:logback,log4j:log4j,"Replace log4j by logback, other minor improvements",ch.qos.logback:logback log4j:log4j,"
Replace log4j by logback, other minor improvements",58,Logging,,1,1.0,
MyCollab/mycollab,098ebaa1f69ee2111e3e87566b7f72449741d1ff,2015-04-25 09:32:27,ch.qos.logback:logback,org.slf4j:slf4j,"Replace log4j by logback, other minor improvements",ch.qos.logback:logback org.slf4j:slf4j,"
Replace log4j by logback, other minor improvements",67,Logging,,1,1.0,
nano-projects/nano-framework,e9521dd9aaf613550121182bb5bc783cc242191a,2015-12-30 05:27:19,org.apache.logging.log4j:log4j,org.slf4j:slf4j,update Log4j2 implement,org.apache.logging.log4j:log4j org.slf4j:slf4j,"
update Log4j2 implement",111,Logging,,1,0.95,
Nanopublication/nanopub-java,cd430d1af107a6f0334e84899a8d9c479459e5a7,2019-02-08 12:12:32,org.eclipse.rdf4j:rdf4j,org.openrdf.sesame:sesame,Migrate from Sesame to RDF4J,org.eclipse.rdf4j:rdf4j org.openrdf.sesame:sesame,"
Migrate from Sesame to RDF4J",3,Utility,,1,1.0,
naturalprogrammer/spring-lemon,ee461b867b3c913809be7090a5f44d44f88e4c02,2018-08-31 06:27:27,org.postgresql:postgresql,mysql:mysql-connector-java,Lemon Demo JPA now uses PostgreSQL instead of MySQL,org.postgresql:postgresql mysql:mysql-connector-java,"
Lemon Demo JPA now uses PostgreSQL instead of MySQL",5,Database,,1,1.0,
neo4j/neo4j,1cc85c39e9d1a0c61f845dade72769d6f2697a1d,2011-03-23 10:05:19,org.slf4j:log4j-over-slf4j,log4j:log4j,moved from log4j to slf4j,org.slf4j:log4j-over-slf4j log4j:log4j,"
moved from log4j to slf4j",27,Logging,,1,1.0,
neo4j/neo4j,1cc85c39e9d1a0c61f845dade72769d6f2697a1d,2011-03-23 10:05:19,org.slf4j:slf4j,log4j:log4j,moved from log4j to slf4j,org.slf4j:slf4j log4j:log4j,"
moved from log4j to slf4j",73,Logging,,1,1.0,
neo4j/neo4j,1cc85c39e9d1a0c61f845dade72769d6f2697a1d,2011-03-23 10:05:19,org.slf4j:jcl-over-slf4j,log4j:log4j,moved from log4j to slf4j,org.slf4j:jcl-over-slf4j log4j:log4j,"
moved from log4j to slf4j",14,Logging,,1,1.0,
neo4j/neo4j,1cc85c39e9d1a0c61f845dade72769d6f2697a1d,2011-03-23 10:05:19,org.slf4j:jul-to-slf4j,log4j:log4j,moved from log4j to slf4j,org.slf4j:jul-to-slf4j log4j:log4j,"
moved from log4j to slf4j",11,Logging,,1,1.0,
neo4j/neo4j,250d4eef44096f628b219d428efa52ce2ed915bb,2019-11-26 23:26:43,org.assertj:assertj-core,org.hamcrest:hamcrest,"Move neo4j-common to asserj instead of hamcrest.

Adapt tests to use assertj api for assertThat checks.
Remove hamcrest from neo4j-common dependencies.",org.assertj:assertj-core org.hamcrest:hamcrest,"
Move neo4j-common to asserj instead of hamcrest.",3,Testing,,1,1.0,
netarchivesuite/solrwayback,6b7f545adc51dfbbdc08b0ddae0e45b8af883a7f,2020-06-29 12:04:12,org.slf4j:log4j-over-slf4j,log4j:log4j,upgraded from log4j to slf4j,org.slf4j:log4j-over-slf4j log4j:log4j,"
upgraded from log4j to slf4j",27,Logging,,1,1.0,
netarchivesuite/solrwayback,6b7f545adc51dfbbdc08b0ddae0e45b8af883a7f,2020-06-29 12:04:12,org.slf4j:log4j-over-slf4j,org.slf4j:slf4j,upgraded from log4j to slf4j,org.slf4j:log4j-over-slf4j org.slf4j:slf4j,"
upgraded from log4j to slf4j",26,Logging,,1,1.0,
netarchivesuite/solrwayback,6b7f545adc51dfbbdc08b0ddae0e45b8af883a7f,2020-06-29 12:04:12,org.slf4j:jcl-over-slf4j,org.slf4j:slf4j,upgraded from log4j to slf4j,org.slf4j:jcl-over-slf4j org.slf4j:slf4j,"
upgraded from log4j to slf4j",14,Logging,,1,1.0,
netarchivesuite/solrwayback,6b7f545adc51dfbbdc08b0ddae0e45b8af883a7f,2020-06-29 12:04:12,org.slf4j:jul-to-slf4j,org.slf4j:slf4j,upgraded from log4j to slf4j,org.slf4j:jul-to-slf4j org.slf4j:slf4j,"
upgraded from log4j to slf4j",9,Logging,,1,1.0,
netarchivesuite/solrwayback,6b7f545adc51dfbbdc08b0ddae0e45b8af883a7f,2020-06-29 12:04:12,org.slf4j:jcl-over-slf4j,log4j:log4j,upgraded from log4j to slf4j,org.slf4j:jcl-over-slf4j log4j:log4j,"
upgraded from log4j to slf4j",14,Logging,,1,1.0,
netarchivesuite/solrwayback,6b7f545adc51dfbbdc08b0ddae0e45b8af883a7f,2020-06-29 12:04:12,org.slf4j:jul-to-slf4j,log4j:log4j,upgraded from log4j to slf4j,org.slf4j:jul-to-slf4j log4j:log4j,"
upgraded from log4j to slf4j",11,Logging,,1,1.0,
Netcentric/accesscontroltool,d1f7fa7f8b3d3d32ec10cb50884af41c2c4a1df0,2018-10-22 12:26:41,org.osgi:org.osgi,org.apache.felix:org.apache.felix,"Switch to official OSGi annotations

get rid of maven-scr-plugin, migrate from maven-bundle-plugin to
bnd-maven-plugin, migrate to filevault-package-maven-plugin

Update all Maven plugins to most recent versions.

This closes #318, closes #314",org.osgi:org.osgi org.apache.felix:org.apache.felix,"
Switch to official OSGi annotations",6,Building,,1,0.9,Popularity
Netcentric/accesscontroltool,d1f7fa7f8b3d3d32ec10cb50884af41c2c4a1df0,2018-10-22 12:26:41,org.osgi:org.osgi,org.osgi:osgi,"Switch to official OSGi annotations

get rid of maven-scr-plugin, migrate from maven-bundle-plugin to
bnd-maven-plugin, migrate to filevault-package-maven-plugin

Update all Maven plugins to most recent versions.

This closes #318, closes #314",org.osgi:org.osgi org.osgi:osgi,"
Switch to official OSGi annotations",5,Building,,1,0.9,Functionality
netty/netty,03b0099b6305a3c9d7fe9df70b9d47d0ebfdf9c0,2014-01-14 05:56:20,org.openjdk.jmh:jmh,com.google.caliper:caliper,microbench: move from Caliper to JMH,org.openjdk.jmh:jmh com.google.caliper:caliper,"
microbench: move from Caliper to JMH",4,Testing,,1,1.0,
netty/netty,a7c0ff665cf47dd4ce98e268fda5fcee335cbbb8,2017-02-07 07:47:22,org.mockito:mockito,org.jmock:jmock,"Only use Mockito for mocking.

Motivation:

We used various mocking frameworks. We should only use one...

Modifications:

Make usage of mocking framework consistent by only using Mockito.

Result:

Less dependencies and more consistent mocking usage.",org.mockito:mockito org.jmock:jmock,"
Only use Mockito for mocking.",4,Testing,,1,1.0,Simplification
netty/netty,a7c0ff665cf47dd4ce98e268fda5fcee335cbbb8,2017-02-07 07:47:22,org.mockito:mockito,org.easymock:easymock,"Only use Mockito for mocking.

Motivation:

We used various mocking frameworks. We should only use one...

Modifications:

Make usage of mocking framework consistent by only using Mockito.

Result:

Less dependencies and more consistent mocking usage.",org.mockito:mockito org.easymock:easymock,"
Only use Mockito for mocking.",15,Testing,,1,1.0,Simplification
networknt/light-4j,d07b30a421d75ad1d00a78d087e40907e9e894ac,2017-08-20 20:31:47,com.networknt:client,org.apache.httpcomponents,fixes #90 replace Client with Http2Client,com.networknt:client org.apache.httpcomponents,"
fixes #90 replace Client with Http2Client",4,HTTP Clients,,1,0.9,
networknt/light-graphql-4j,24b7609c49513612d3f0119134f859ae487273a2,2017-08-20 21:51:08,com.networknt:client,org.apache.httpcomponents,fixes #18 replace Client with Http2Client,com.networknt:client org.apache.httpcomponents,"
fixes #18 replace Client with Http2Client",4,HTTP Clients,,1,0.9,
networknt/light-hybrid-4j,3dc0f738110514acce1c71730b9aab2cf036502a,2017-08-20 22:00:19,com.networknt:client,org.apache.httpcomponents,fixes #13 replace Client with Http2Client and remove apache httpclient,com.networknt:client org.apache.httpcomponents,"
fixes #13 replace Client with Http2Client and remove apache httpclient",4,HTTP Clients,,1,0.9,
networknt/light-rest-4j,adaca370cbc490239cce93fd13c4dd7426e77369,2017-08-20 21:30:45,com.networknt:client,org.apache.httpcomponents,fixes #16 Switch from Client to Http2Client in test cases,com.networknt:client org.apache.httpcomponents,"
fixes #16 Switch from Client to Http2Client in test cases",4,HTTP Clients,,1,0.9,
neuland/jade4j,b466c3cb65cd74af56a8d899302833d192fc1e37,2017-11-08 14:13:58,com.vladsch.flexmark:flexmark-all,org.pegdown:pegdown,Switch deprecated pegdown markup parser to suggested flexmark parser,com.vladsch.flexmark:flexmark-all org.pegdown:pegdown,"
Switch deprecated pegdown markup parser to suggested flexmark parser",4,Building,,1,1.0,Deprecation
Neuronix2/IRISv2,54cc2f6fc7df789f3afae610f85da8313ecf94b7,2014-01-04 09:56:25,org.apache.logging.log4j:log4j,org.slf4j:slf4j,"Switch to log4j2 logger, removed VoiceRSS speak service because its not free now",org.apache.logging.log4j:log4j org.slf4j:slf4j,"
Switch to log4j2 logger, removed VoiceRSS speak service because its not free now",69,Logging,,1,1.0,
Neuronix2/IRISv2,54cc2f6fc7df789f3afae610f85da8313ecf94b7,2014-01-04 09:56:25,org.apache.logging.log4j:log4j,commons-logging:commons-logging,"Switch to log4j2 logger, removed VoiceRSS speak service because its not free now",org.apache.logging.log4j:log4j commons-logging:commons-logging,"
Switch to log4j2 logger, removed VoiceRSS speak service because its not free now",6,Logging,,1,1.0,
nicoulaj/compile-command-annotations,fdbd3014c24661f8fee5e3ba4682d7f236dcef29,2016-06-08 10:12:26,org.assertj:assertj-core,org.easytesting:fest-assert,Replace fest-assert-core with assertj-core 2.2.0,org.assertj:assertj-core org.easytesting:fest-assert,"
Replace fest-assert-core with assertj-core 2.2.0",34,Testing,,1,1.0,
nielsbasjes/yauaa,1382ed51acbbc5ab4a029e2cd54547f5b3142756,2021-04-29 19:13:13,org.apache.logging.log4j:log4j,org.slf4j:slf4j,Switch from SLF4J to Log4j2,org.apache.logging.log4j:log4j org.slf4j:slf4j,"
Switch from SLF4J to Log4j2",111,Logging,,1,1.0,
ninjaframework/ninja,821ef6f7652f0781586292a7e4ec88f18a740838,2013-08-15 20:20:46,com.fasterxml.jackson,com.google.code.gson:gson,"Moved to Jackson for streaming json / xml
parsing. Removed some unnecessary glitches.",com.fasterxml.jackson com.google.code.gson:gson,"Moved to Jackson for streaming json / xml
parsing.",13,Serialization,,1,1.0,Functionality
NitorCreations/nflow,3f04b7a5106dec4dd774353aa15d5ba16ce5064e,2014-02-02 14:22:44,ch.qos.logback:logback,org.slf4j:slf4j,Replace log4j with logback.,ch.qos.logback:logback org.slf4j:slf4j,"
Replace log4j with logback.",67,Logging,,1,0.5,
NitorCreations/nflow,3f04b7a5106dec4dd774353aa15d5ba16ce5064e,2014-02-02 14:22:44,org.slf4j:log4j-over-slf4j,org.slf4j:slf4j,Replace log4j with logback.,org.slf4j:log4j-over-slf4j org.slf4j:slf4j,"
Replace log4j with logback.",26,Logging,,1,0.5,
NitorCreations/nflow,90738add18c7260328d1ed942b0fd19870a51b25,2014-03-12 19:45:50,com.zaxxer:HikariCP,com.jolbox:bonecp,Replace BoneCP with HikariCP because new&shiny and funny name.,com.zaxxer:HikariCP com.jolbox:bonecp,"
Replace BoneCP with HikariCP because new&shiny and funny name.",6,HTTP Clients&Database,,1,1.0,
NitorCreations/nflow,90c85b1a4065797be4f975c9bee911e887e90d1f,2014-08-29 21:35:37,org.slf4j:jcl-over-slf4j,commons-logging:commons-logging,"update swagger, replace commons-logging by jcl-over-slf4j",org.slf4j:jcl-over-slf4j commons-logging:commons-logging,"
update swagger, replace commons-logging by jcl-over-slf4j",22,Logging,,1,1.0,
NitorCreations/nflow,7484cb327b21ff5f233cd5a8a3e615dc25741784,2019-11-14 10:28:28,com.github.spotbugs:spotbugs,com.google.code.findbugs,replace findbugs with spotbugs,com.github.spotbugs:spotbugs com.google.code.findbugs,"
replace findbugs with spotbugs",21,Utility,,1,0.95,
NLPIE/biomedicus,966586f05bf4e15eb1c49613d5c9eb125f5df999,2018-04-05 15:32:08,org.junit,org.testng:testng,"Updated dependencies, switched from testng to junit",org.junit org.testng:testng,"
Updated dependencies, switched from testng to junit",7,Testing,,1,1.0,
nosqlbench/nosqlbench,3036f971a6c589690e62fabef78e6c610511b2c1,2020-04-01 20:24:29,junit:junit,org.testng:testng,"refactor to junit 5 latest and repoint dependencies
remove all testng references
update annotations",junit:junit org.testng:testng,"refactor to junit 5 latest and repoint dependencies
remove all testng referencesrefactor to junit 5 latest and repoint dependencies
remove all testng references",47,Testing,,1,1.0,
notnoop/java-apns,e611aff45dce33350483a805478db1aa4fb808dd,2009-12-29 16:30:37,org.codehaus.jackson:jackson,net.sf.json-lib:json-lib,use jackson json library (reduce dependencies),org.codehaus.jackson:jackson net.sf.json-lib:json-lib,"
use jackson json library (reduce dependencies)",3,Serialization,,1,0.95,Simplification
nuodb/migration-tools,d5e267365c552a641897e26347dc2df7b41bd52e,2012-11-25 13:59:16,org.slf4j:slf4j,commons-logging:commons-logging,"Generate schema plugin updated, sl4j instead of commons-logging placed",org.slf4j:slf4j commons-logging:commons-logging,"
Generate schema plugin updated, sl4j instead of commons-logging placed",39,Logging,,1,0.95,
nurkiewicz/async-retry,45e85f6625c2ffcbf9d1762586a49a30066a6abd,2014-06-16 21:47:19,org.assertj:assertj-core,org.easytesting:fest-assert,Migrating from FEST assertions to AssertJ,org.assertj:assertj-core org.easytesting:fest-assert,"
Migrating from FEST assertions to AssertJ",34,Testing,,1,1.0,
nurkiewicz/LazySeq,91fa0e190f6f7c6e5964f7f39001e47fcc6ac588,2014-06-17 17:40:33,org.assertj:assertj-core,org.easytesting:fest-assert,Migrating from FEST assertions to AssertJ,org.assertj:assertj-core org.easytesting:fest-assert,"
Migrating from FEST assertions to AssertJ",34,Testing,,1,1.0,
nuxeo/nuxeo,8c892b60774eb7b11c509467c79e9685d12d4eff,2009-10-28 11:33:37,junit:junit,org.testng:testng,DAM-242: migrate unit tests to JUnit4,junit:junit org.testng:testng,"
DAM-242: migrate unit tests to JUnit4",47,Testing,,1,1.0,
nuxeo/nuxeo,6488a3665611461292a1608bdb9fbb0d8b111642,2011-06-10 15:23:53,org.codehaus.jackson:jackson,net.sf.json-lib:json-lib,NXP-7102 - refactored automation client to use jackson json parser,org.codehaus.jackson:jackson net.sf.json-lib:json-lib,"
NXP-7102 - refactored automation client to use jackson json parser",3,Serialization,,1,0.9,
nuxeo/nuxeo,4a0c55965b55118f2c9eba3594bea7992503dfce,2014-09-23 15:34:09,org.apache.commons:commons-csv,net.sf.opencsv:opencsv,NXP-15252: Switch from net.sf.opencsv:opencsv to org.apache.commons:commons-csv,org.apache.commons:commons-csv net.sf.opencsv:opencsv,"
NXP-15252: Switch from net.sf.opencsv:opencsv to org.apache.commons:commons-csv",3,Utility,,1,1.0,
nuxeo/nuxeo-signature,20df9df47f47b31c1de12eaebbb9f27aef25e818,2014-09-23 15:35:54,org.apache.commons:commons-csv,net.sf.opencsv:opencsv,NXP-15252: Switch from net.sf.opencsv:opencsv to org.apache.commons:commons-csv,org.apache.commons:commons-csv net.sf.opencsv:opencsv,"
NXP-15252: Switch from net.sf.opencsv:opencsv to org.apache.commons:commons-csv",3,Utility,,1,1.0,
nysenate/OpenLegislation,c6972d2072818e3bb125e3bcc9411467a68368c2,2018-07-19 18:18:49,org.elasticsearch.client:elasticsearch-rest,org.elasticsearch.client:transport,Removed TransportClient (which will be removed in ElasticSearch 7.0.0) and its dependencies in favor of RestHighLevelClient.,org.elasticsearch.client:elasticsearch-rest org.elasticsearch.client:transport,"
Removed TransportClient (which will be removed in ElasticSearch 7.0.0) and its dependencies in favor of RestHighLevelClient.",10,Database,,1,1.0,Deprecation
O2-Czech-Republic/proxima-platform,2f48197ec33ad090148727fc15f3a2503b9a5b82,2018-11-06 15:12:02,com.github.spotbugs:spotbugs,com.google.code.findbugs,[proxima] #107 replace FindBugs with SpotBugs,com.github.spotbugs:spotbugs com.google.code.findbugs,"
[proxima] #107 replace FindBugs with SpotBugs",6,Utility,,1,0.9,
ocpsoft/rewrite,107ab000df1e9c51b7992bfb28e0db3b1afb0a55,2015-05-28 15:37:07,org.assertj:assertj-core,org.easytesting:fest-assert,Migrated FEST Asserts -> AssertJ,org.assertj:assertj-core org.easytesting:fest-assert,"
Migrated FEST Asserts  laifuhewb  AssertJ",34,Testing,,1,1.0,
ohioit/rundeck-http-plugin,0b4622f67a0f4d4aa2e0aded83987d1d1817b27b,2016-06-14 20:02:40,org.apache.httpcomponents,com.mashape.unirest:unirest-java,"Switch from Unirest to Apache HTTP Client and add Timeout option.

In the previous version, requests longer than 1 minute
would simply die, ignoring Rundeck's job timeout. Additionally, since
Rundeck only applies it's own timeout after a step has finished
executing, added a timeout option to this plugin so timeouts
can better be controlled.",org.apache.httpcomponents com.mashape.unirest:unirest-java,"
Switch from Unirest to Apache HTTP Client and add Timeout option.",3,HTTP Clients,,1,1.0,BugIssue
OKaluzny/springboot-rest-api-angularjs-https,4b19138b17af8f1a275ad4049dfaf619dcc2dab6,2017-09-22 20:26:59,org.postgresql:postgresql,mysql:mysql-connector-java,#88 Chenged DB with MySQL to Postgres for heroku.,org.postgresql:postgresql mysql:mysql-connector-java,"
#88 Chenged DB with MySQL to Postgres for heroku.",5,Database,,1,0.95,Integration
okleine/nCoAP,a96e8869de0b79b80f713fd7bf4f73672c4ac05b,2012-08-22 21:40:47,org.slf4j:slf4j,log4j:log4j,"Logging changed from log4j to slf4j, Compatibility to Android API 8",org.slf4j:slf4j log4j:log4j,"Logging changed from log4j to slf4j, Compatibility to Android API 8
",73,Logging,,1,1.0,Integration
okta/okta-sdk-java,4b3e0b22e68f16f55ab81ab028e62a6dc35649a4,2017-06-01 18:03:23,org.mockito:mockito,org.easymock:easymock,Replaced EasyMock and PowerMock with Mockito and a couple TestNG listeners,org.mockito:mockito org.easymock:easymock,"
Replaced EasyMock and PowerMock with Mockito and a couple TestNG listeners",15,Testing,,1,1.0,
okta/okta-sdk-java,01d47162a8c9b24ea0074ab6ef2f1426bc187337,2019-01-14 21:08:06,ch.qos.logback:logback,org.slf4j:slf4j,Replace slf4j-simple with logback for test logging,ch.qos.logback:logback org.slf4j:slf4j,"
Replace slf4j-simple with logback for test logging",13,Logging,,1,0.85,
ome/bioformats,cd9495dd7695fd1918bcc1449bcedfdf07b94445,2014-02-12 08:02:24,ch.qos.logback:logback,log4j:log4j,Update build systems to use logback instead of log4j,ch.qos.logback:logback log4j:log4j,"
Update build systems to use logback instead of log4j",58,Logging,,1,1.0,
ome/bioformats,cd9495dd7695fd1918bcc1449bcedfdf07b94445,2014-02-12 08:02:24,ch.qos.logback:logback,org.slf4j:slf4j,Update build systems to use logback instead of log4j,ch.qos.logback:logback org.slf4j:slf4j,"
Update build systems to use logback instead of log4j",67,Logging,,1,1.0,
Omertron/api-themoviedb,1b62ae2ff88fe990bc4b653b25a3a77d1e18d895,2013-02-24 18:58:27,org.slf4j:slf4j,log4j:log4j,Removed Log4J dependency and switched to SLF4J,org.slf4j:slf4j log4j:log4j,"Removed Log4J dependency and switched to SLF4J
",73,Logging,,1,1.0,
Omertron/api-thetvdb,066272114c3a1d358e8c6ef49660b4e29c8c1a0d,2013-02-24 19:31:56,org.slf4j:slf4j,log4j:log4j,Removed Log4J dependency and switched to SLF4J,org.slf4j:slf4j log4j:log4j,"Removed Log4J dependency and switched to SLF4J
",73,Logging,,1,1.0,
onap/so,6fa3d2b80d2384b830e3231fe69a8daf7884a35e,2018-11-05 15:22:41,org.mockito:mockito,org.powermock:powermock,"Springboot 2.0 upgrade

corrected typo in CloudConfiguration class
removed files which should not have been merged
updated gr api test cases with dynamic cloud owner
updated groovy files to allow for dynamic cloud owner values
moved VFModularity folder to mso-infrastructure bpmn
updated GR API layer to include cloud owner
added enum for default cloud owner
- fixing junit test cases for using catalogDb client r2
- fixing junit test cases for using catalogDb client
- Internal review comments incorporated for merging mocking into
BaseTest
- Internal review comments incorporated for removing direct repo calls
- CLONE - Key Management Hardcoded encryption key | fixing junits
- CLONE - Key Management Hardcoded encryption key
Updated builder to use String.format
Added exception specifically for issues interacting with
requestdbadapter
Updated exception message and added junit test case
removed useless error handling test case from workflow
changed method name and added junit coverage to errors
added max retry and success status after completed bb
Added case to handle when homing is not called during assign vnf.
Fixing fortify issues | Implementing review comments
- Key Management Hardcoded encryption key - fixing prop files
- Key Management Hardcoded encryption key
include network ID for completion handler
Added exception handling for saving to requestdb
- Adding a check on the predicate availability on the repository before
firing the query with default conditions. This ensures that the api
returns data only when there is an input against which it was able to
form some conditions
Modify UT to show that the API does not behave
- adding negative test case for checkInstanceNameDuplicate
added assertion that global count var was reset to 0
updated rollback to reset current sequence count var
workflowaction calls rollback is complete before error
workflowaction will set failure on successful rollback
added check for isrollback to know which complete to call
removed file which should not have been added
add fabric check before running vf module a la carte
Enhance UCPEMigrateService junits and add them to Jenkins build..
Added back removed test case for ManualTasks
Added test case for response error
Added rainy day test cases for ManualTasks
revert the other change and fix the rollback logic instead
fixed current sequence and updated rollback code
added network cloud heat template parameters to mapper
Generate a unique subRequestId for each request to APP-C.
reverted conditional logic for determining fabric
Fix Bean scanning so it picks up the resttemplate
removed unnecessary RestTemplate Bean configurations
removed file which should not have been added
workflowaction calls rollback is complete before error
workflowaction will set failure on successful rollback
added check for isrollback to know which complete to call
add fabric check before running vf module a la carte
added assertion that global count var was reset to 0
updated rollback to reset current sequence count var
include network ID for completion handler
Revert Application.yaml change accidentally checked in
Added exception handling for saving to requestdb
Added case to handle when homing is not called during assign vnf.
removed useless error handling test case from workflow
changed method name and added junit coverage to errors
...
add cloud owner variable to camunda in mapping
Revert ""Pass cloudOwner to subflow DoCreateVfModuleVolumeV2. Added
juint test to verify variables are set in the execution. Set default
cloudOwner in main module CreateVfModuleVolumeInfraV2""
updated cloud configuration pojo to inlcude defaults
Revert ""Test to verify ServiceInstance object mapping""
Test to verify ServiceInstance object mapping
Pass cloudOwner to subflow DoCreateVfModuleVolumeV2. Added juint test
to verify variables are set in the execution. Set default cloudOwner in
main module CreateVfModuleVolumeInfraV2
Pass cloudOwner to subflow DoCreateVfModuleVolumeV2. Set default
cloudOwner 'att-aic' if null per old requirements.
removed references to att-aic from BBInputSetup
Changes done in encryption decryption logic | used
DelegateExecutionFake in Tests
Changes done in encryption decryption logic | used
DelegateExecutionFake in Tests
Changes done in encryption decryption logic
Changes done in encryption decryption logic | removed Default Auth
Constant as per the comments
Changes done in encryption decryption logic | Fixed UT
Changes done in encryption decryption logic | Added XmlComparator
assertion for verifying XML
Changes done in encryption decryption logic | Reverted as per the
review comment
Changes done in encryption decryption logic | Fixed UTs
Changes done in encryption decryption logic | Fixed UTs
Changes done in encryption decryption logic | modified related
encrypted properties in test yaml files
Changes done in encryption decryption logic for fortify issue
resolution | Fixed UTs
Changes done in encryption decryption logic | modified related
encrypted properties in yaml files
Changes done in encryption decryption logic for fortify issue
resolution.
Fixed Property fetching issue in required file
Added TasksBeansTest using openpojo
Removed renamed test file from tasksbeans
Updated imports on TasksBeansTest
Added openpojo test to replace the individual tests
Removed tests that provided no coverage
script clean up -Update reference data to support distinct recreate and
replace requests with their own sequences
Update reference data to support distinct recreate and replace requests
with their own sequences- Fix  seq number
Update reference data to support distinct recreate and replace requests
with their own sequences
added null check to mdc and interceptors to sdnc cxf
validations can now match against multiple BBs
reverted changes to BBInputSetup class
added support for pre and post validation for BBs
initial commit of generic building block validator
converted test to no longer be a springboot test
Remove cosmetic changes from BPMN files to be consistent.
Remove minor changes that are not related to functionality.
Rework to implement the functionality as part of Validator
Combine the verification methods into one based on the flow's name;
change the logging.
Add verification of status of other VF Modules in the VNF for the
delete/deactivate/unassign.
added network-technology validation for CreateNetworkBB
Sonar Issue Fix | Changes done in encryption decryption logic |
Refactoring
Changes done in encryption decryption logic| Used AES/GCM/NoPadding
algorithm | fixed sonar issues
added network-type and network-technology to mapper
Continue the fight to make JUNITS work properly
Update ASDC ATT to be springboot 2.0 compliant
Continue to fix Unit tests for springboot 2.0 port
removed autowired from workflowactionbbtaskstest
fixed workflowactiontest and reduced size by 500 lines
Update last of UT for mockito upgrade to 2.0
Fix more JUNITS due to mockito 2.0 upgrade
Unit Test fixes to use proper mockito not spring
Update Base Test to import proper packages for compile
Additional Springboot 2.0 changes, for tests
Additional springboot 2.0 fixes and upgrades
Update Migration to be Flyway 5 Compliant
Fix MSOBPMN Infrastructure common tests
Fix Groovy Unit Tests in CommonBPMN Project
Update MSO common BPMN to Springboot 2.0
Upgrade ASDC controller to SpringBoot 2.0
Port Openstack adapters to springboot 2.0
Fix VFC Adapter to be springboot 2 compatible
Port CatalogDB adapter code to springboot 2
Port SDNC Adapter to Springboot 2.0
...
added update scripts to macro data instead of v12 sql
added secondarypolicy to rainy day handling table
confirm subnet map is not null in adapter response
shallow copy subnet before AAI udpate
update AAIObjectType to use uriTemplate
extract subnet data from adapter response
update correct AAIObjectType for subnet query
update subnet(s) in AAI on network create completion
confirm subnet map is not null in adapter response
shallow copy subnet before AAI udpate
update AAIObjectType to use uriTemplate
extract subnet data from adapter response
update correct AAIObjectType for subnet query
update subnet(s) in AAI on network create completion
fixed test http entity unit test to remove testing appid and
transaction id
added unit test for querySubsystemHealth method.  also added
resttemplate mock to implement healthcheck endpoint
fixed unit test to use mock instead of actually goes out to health
check endpoint
added code to extend globalhealthcheck to include pinging other
components and consolidate the responses
converted test to no longer be a springboot test
Remove cosmetic changes from BPMN files to be consistent.
Remove minor changes that are not related to functionality.
added update scripts to macro data instead of v12 sql
Rework to implement the functionality as part of Validator
added secondarypolicy to rainy day handling table
added network-type and network-technology to mapper
Combine the verification methods into one based on the flow's name;
change the logging.
Add verification of status of other VF Modules in the VNF for the
delete/deactivate/unassign.
updated how request db is set to failure in workflowA
corrected code to match existing unit tests
corrected tests after springboot 2 upgrade
Added Required UTs in UpdateConfigurationStateTest and also fixed some
UTs.
added in missing parenthesis on method call
added back execution variable for allotted uri
addressed comments on pull request
refactor AAI Rest calls from groovy files - Changes as per review
comments
checkin to refactor AAI rest | Fixing AAIResourceClient.update call
refactor AAI Rest calls from groovy files - UpdateConfiguration
refactor AAI Rest calls from groovy file - DeleteConfiguration
refactor AAI Rest calls from groovy file - UpdateConfiguration
refactor AAI Rest calls from groovy file - CreateConfiguration &
ConfigurationUtils
refactor AAI Rest calls from groovy files - Fix getARByID issue
checkin to refactor AAI rest | Adding Junits
checkin to refactor AAI rest | Adding few more classes
checkin to refactor AAI rest of DoCreateVfModuleVolumeV2
checkin to refactor AAI rest | Update junit
checkin to refactor AAI rest of DoCreateVfModuleVolumeV2 | Adding junits
checkin to refactor AAI rest of DoCreateVfModuleVolumeV2 | Adding junits
checkin to refactor AAI rest of DoCreateVfModuleVolumeV2.groovy
...
updated in and out mapping to be generalBuildingBlock
change source out mapping to generalBuildingBlock

Change-Id: I122f1ebe3e15b77da0a55af201d89d47e326bf83
Issue-ID: SO-1098
Signed-off-by: Benjamin, Max (mb388a) <mb388a@us.att.com>",org.mockito:mockito org.powermock:powermock,"
- fixing junit test cases for using catalogDb client
- Internal review comments incorporated for merging mocking into
BaseTest",29,Testing,,1,0.5,Integration
onap/so,6fa3d2b80d2384b830e3231fe69a8daf7884a35e,2018-11-05 15:22:41,org.springframework.boot:spring-boot,org.mockito:mockito,"Springboot 2.0 upgrade

corrected typo in CloudConfiguration class
removed files which should not have been merged
updated gr api test cases with dynamic cloud owner
updated groovy files to allow for dynamic cloud owner values
moved VFModularity folder to mso-infrastructure bpmn
updated GR API layer to include cloud owner
added enum for default cloud owner
- fixing junit test cases for using catalogDb client r2
- fixing junit test cases for using catalogDb client
- Internal review comments incorporated for merging mocking into
BaseTest
- Internal review comments incorporated for removing direct repo calls
- CLONE - Key Management Hardcoded encryption key | fixing junits
- CLONE - Key Management Hardcoded encryption key
Updated builder to use String.format
Added exception specifically for issues interacting with
requestdbadapter
Updated exception message and added junit test case
removed useless error handling test case from workflow
changed method name and added junit coverage to errors
added max retry and success status after completed bb
Added case to handle when homing is not called during assign vnf.
Fixing fortify issues | Implementing review comments
- Key Management Hardcoded encryption key - fixing prop files
- Key Management Hardcoded encryption key
include network ID for completion handler
Added exception handling for saving to requestdb
- Adding a check on the predicate availability on the repository before
firing the query with default conditions. This ensures that the api
returns data only when there is an input against which it was able to
form some conditions
Modify UT to show that the API does not behave
- adding negative test case for checkInstanceNameDuplicate
added assertion that global count var was reset to 0
updated rollback to reset current sequence count var
workflowaction calls rollback is complete before error
workflowaction will set failure on successful rollback
added check for isrollback to know which complete to call
removed file which should not have been added
add fabric check before running vf module a la carte
Enhance UCPEMigrateService junits and add them to Jenkins build..
Added back removed test case for ManualTasks
Added test case for response error
Added rainy day test cases for ManualTasks
revert the other change and fix the rollback logic instead
fixed current sequence and updated rollback code
added network cloud heat template parameters to mapper
Generate a unique subRequestId for each request to APP-C.
reverted conditional logic for determining fabric
Fix Bean scanning so it picks up the resttemplate
removed unnecessary RestTemplate Bean configurations
removed file which should not have been added
workflowaction calls rollback is complete before error
workflowaction will set failure on successful rollback
added check for isrollback to know which complete to call
add fabric check before running vf module a la carte
added assertion that global count var was reset to 0
updated rollback to reset current sequence count var
include network ID for completion handler
Revert Application.yaml change accidentally checked in
Added exception handling for saving to requestdb
Added case to handle when homing is not called during assign vnf.
removed useless error handling test case from workflow
changed method name and added junit coverage to errors
...
add cloud owner variable to camunda in mapping
Revert ""Pass cloudOwner to subflow DoCreateVfModuleVolumeV2. Added
juint test to verify variables are set in the execution. Set default
cloudOwner in main module CreateVfModuleVolumeInfraV2""
updated cloud configuration pojo to inlcude defaults
Revert ""Test to verify ServiceInstance object mapping""
Test to verify ServiceInstance object mapping
Pass cloudOwner to subflow DoCreateVfModuleVolumeV2. Added juint test
to verify variables are set in the execution. Set default cloudOwner in
main module CreateVfModuleVolumeInfraV2
Pass cloudOwner to subflow DoCreateVfModuleVolumeV2. Set default
cloudOwner 'att-aic' if null per old requirements.
removed references to att-aic from BBInputSetup
Changes done in encryption decryption logic | used
DelegateExecutionFake in Tests
Changes done in encryption decryption logic | used
DelegateExecutionFake in Tests
Changes done in encryption decryption logic
Changes done in encryption decryption logic | removed Default Auth
Constant as per the comments
Changes done in encryption decryption logic | Fixed UT
Changes done in encryption decryption logic | Added XmlComparator
assertion for verifying XML
Changes done in encryption decryption logic | Reverted as per the
review comment
Changes done in encryption decryption logic | Fixed UTs
Changes done in encryption decryption logic | Fixed UTs
Changes done in encryption decryption logic | modified related
encrypted properties in test yaml files
Changes done in encryption decryption logic for fortify issue
resolution | Fixed UTs
Changes done in encryption decryption logic | modified related
encrypted properties in yaml files
Changes done in encryption decryption logic for fortify issue
resolution.
Fixed Property fetching issue in required file
Added TasksBeansTest using openpojo
Removed renamed test file from tasksbeans
Updated imports on TasksBeansTest
Added openpojo test to replace the individual tests
Removed tests that provided no coverage
script clean up -Update reference data to support distinct recreate and
replace requests with their own sequences
Update reference data to support distinct recreate and replace requests
with their own sequences- Fix  seq number
Update reference data to support distinct recreate and replace requests
with their own sequences
added null check to mdc and interceptors to sdnc cxf
validations can now match against multiple BBs
reverted changes to BBInputSetup class
added support for pre and post validation for BBs
initial commit of generic building block validator
converted test to no longer be a springboot test
Remove cosmetic changes from BPMN files to be consistent.
Remove minor changes that are not related to functionality.
Rework to implement the functionality as part of Validator
Combine the verification methods into one based on the flow's name;
change the logging.
Add verification of status of other VF Modules in the VNF for the
delete/deactivate/unassign.
added network-technology validation for CreateNetworkBB
Sonar Issue Fix | Changes done in encryption decryption logic |
Refactoring
Changes done in encryption decryption logic| Used AES/GCM/NoPadding
algorithm | fixed sonar issues
added network-type and network-technology to mapper
Continue the fight to make JUNITS work properly
Update ASDC ATT to be springboot 2.0 compliant
Continue to fix Unit tests for springboot 2.0 port
removed autowired from workflowactionbbtaskstest
fixed workflowactiontest and reduced size by 500 lines
Update last of UT for mockito upgrade to 2.0
Fix more JUNITS due to mockito 2.0 upgrade
Unit Test fixes to use proper mockito not spring
Update Base Test to import proper packages for compile
Additional Springboot 2.0 changes, for tests
Additional springboot 2.0 fixes and upgrades
Update Migration to be Flyway 5 Compliant
Fix MSOBPMN Infrastructure common tests
Fix Groovy Unit Tests in CommonBPMN Project
Update MSO common BPMN to Springboot 2.0
Upgrade ASDC controller to SpringBoot 2.0
Port Openstack adapters to springboot 2.0
Fix VFC Adapter to be springboot 2 compatible
Port CatalogDB adapter code to springboot 2
Port SDNC Adapter to Springboot 2.0
...
added update scripts to macro data instead of v12 sql
added secondarypolicy to rainy day handling table
confirm subnet map is not null in adapter response
shallow copy subnet before AAI udpate
update AAIObjectType to use uriTemplate
extract subnet data from adapter response
update correct AAIObjectType for subnet query
update subnet(s) in AAI on network create completion
confirm subnet map is not null in adapter response
shallow copy subnet before AAI udpate
update AAIObjectType to use uriTemplate
extract subnet data from adapter response
update correct AAIObjectType for subnet query
update subnet(s) in AAI on network create completion
fixed test http entity unit test to remove testing appid and
transaction id
added unit test for querySubsystemHealth method.  also added
resttemplate mock to implement healthcheck endpoint
fixed unit test to use mock instead of actually goes out to health
check endpoint
added code to extend globalhealthcheck to include pinging other
components and consolidate the responses
converted test to no longer be a springboot test
Remove cosmetic changes from BPMN files to be consistent.
Remove minor changes that are not related to functionality.
added update scripts to macro data instead of v12 sql
Rework to implement the functionality as part of Validator
added secondarypolicy to rainy day handling table
added network-type and network-technology to mapper
Combine the verification methods into one based on the flow's name;
change the logging.
Add verification of status of other VF Modules in the VNF for the
delete/deactivate/unassign.
updated how request db is set to failure in workflowA
corrected code to match existing unit tests
corrected tests after springboot 2 upgrade
Added Required UTs in UpdateConfigurationStateTest and also fixed some
UTs.
added in missing parenthesis on method call
added back execution variable for allotted uri
addressed comments on pull request
refactor AAI Rest calls from groovy files - Changes as per review
comments
checkin to refactor AAI rest | Fixing AAIResourceClient.update call
refactor AAI Rest calls from groovy files - UpdateConfiguration
refactor AAI Rest calls from groovy file - DeleteConfiguration
refactor AAI Rest calls from groovy file - UpdateConfiguration
refactor AAI Rest calls from groovy file - CreateConfiguration &
ConfigurationUtils
refactor AAI Rest calls from groovy files - Fix getARByID issue
checkin to refactor AAI rest | Adding Junits
checkin to refactor AAI rest | Adding few more classes
checkin to refactor AAI rest of DoCreateVfModuleVolumeV2
checkin to refactor AAI rest | Update junit
checkin to refactor AAI rest of DoCreateVfModuleVolumeV2 | Adding junits
checkin to refactor AAI rest of DoCreateVfModuleVolumeV2 | Adding junits
checkin to refactor AAI rest of DoCreateVfModuleVolumeV2.groovy
...
updated in and out mapping to be generalBuildingBlock
change source out mapping to generalBuildingBlock

Change-Id: I122f1ebe3e15b77da0a55af201d89d47e326bf83
Issue-ID: SO-1098
Signed-off-by: Benjamin, Max (mb388a) <mb388a@us.att.com>",org.springframework.boot:spring-boot org.mockito:mockito,"
added max retry and success status after completed bb
Added case to handle when homing is not called during assign vnf.
resttemplate mock to implement healthcheck endpoint
fixed unit test to use mock instead of actually goes out to health
check endpoint
Fix more JUNITS due to mockito 2.0 upgrade
Unit Test fixes to use proper mockito not spring
Update Base Test to import proper packages for compile",3,Testing&Web Framework,,1,0.5,Integration
oncokb/oncokb,0e4904d02c3fd07da893df36bfeec95fed8922e5,2016-12-27 16:24:08,junit:junit,org.testng:testng,Add tests for annotateAlteration; Switch testng to junit,junit:junit org.testng:testng,"
Add tests for annotateAlteration; Switch testng to junit",47,Testing,,1,1.0,
openanalytics/RSB,a1539f6a5629a9563d83301478d728c2e3e6fcef,2021-05-28 08:38:59,org.apache.geronimo.specs:geronimo,javax.jms:jms,"Change to jms spec artifact to newer geronimo-jms spec release to be in
line with ActiveMQ",org.apache.geronimo.specs:geronimo javax.jms:jms,"
Change to jms spec artifact to newer geronimo-jms spec release to be in
line with ActiveMQ",4,Database&Web Framework,,1,0.8,Integration
opencb/opencga,7d9d576eda1f65b9e3a449e51867ba8144397779,2014-05-22 14:16:32,com.beust:jcommander,commons-cli:commons-cli,Mongo 'files' collection stores new VariantSource class structure. Command line implemented using JCommand library instead of Apache Commons CLI,com.beust:jcommander commons-cli:commons-cli,"
Mongo 'files' collection stores new VariantSource class structure.
Command line implemented using JCommand library instead of Apache Commons CLI",8,Utility,,1,1.0,
opencb/opencga,0aeb8c3a2ccf9faa726e21c11d46e62e2a9be087,2020-09-23 14:43:13,org.apache.logging.log4j:log4j,org.slf4j:slf4j,"catalog: use log4j2 implementation over slf4j, #1597",org.apache.logging.log4j:log4j org.slf4j:slf4j,"catalog: use log4j2 implementation over slf4j, #1597
",111,Logging,,1,0.95,
opencit/opencit,cb554a04afc3ece13e040eefda643141e450aaed,2014-01-24 05:35:55,javax.ws.rs:javax.ws.rs-api,com.sun.jersey:jersey,"dev-2.0-sprint-1: replacing references to com.sun.jersey implementation with javax.ws api classes, temporarily disabled RolesAllowedResourceFilterFactory and will replace it later with Apache Shiro",javax.ws.rs:javax.ws.rs-api com.sun.jersey:jersey,"
dev-2.0-sprint-1: replacing references to com.sun.jersey implementation with javax.ws api classes, temporarily disabled RolesAllowedResourceFilterFactory and will replace it later with Apache Shiro",4,Web Framework,,1,0.9,
opencit/opencit,83cdbe6b2df63823564d01aeb4703fad76b5b9df,2014-02-09 09:31:39,javax.ws.rs:javax.ws.rs-api,com.sun.jersey:jersey,"dev-2.0-sprint-1-InstallDebug: pom.xml: added javax.ws.rs-api dependency removed com.sun.jersey
MultivaluedMapImpl.java: implemented all abstract methods as ""unsupported""",javax.ws.rs:javax.ws.rs-api com.sun.jersey:jersey,"
dev-2.0-sprint-1-InstallDebug: pom.xml: added javax.ws.rs-api dependency removed com.sun.jersey
MultivaluedMapImpl.java: implemented all abstract methods as ""unsupported""",3,Web Framework,,1,0.9,
opendatakit/aggregate,e82b61636882e6b72ffa111a1c8cdc53b5cd18a5,2012-05-05 01:40:08,org.jboss.resteasy:resteasy,com.sun.jersey:jersey,Removed jersey dependency and added resteasy.,org.jboss.resteasy:resteasy com.sun.jersey:jersey,"
Removed jersey dependency and added resteasy.",4,Web Framework,,1,1.0,
opendaylight/aaa,f52f457b444bb9248309027b363912cf1a511f7c,2015-04-16 20:01:27,com.h2database:h2,org.xerial:sqlite-jdbc,"Replacement from SQLite to H2 as JDBC provider
Updated to fix issues with H2 persistence replacement code.

Change-Id: I2c589e8f48576bdf02ac923c7f8d838d4185fb89
Signed-off-by: EduardoPerez <eduardo.perez2@hp.com>",com.h2database:h2 org.xerial:sqlite-jdbc,"
Replacement from SQLite to H2 as JDBC provider
Updated to fix issues with H2 persistence replacement code.",4,Database,,1,1.0,
opendaylight/aaa,679bb6dbccd9b0750182b1a768a919dd81006996,2018-01-25 15:09:20,org.json:json,com.fasterxml.jackson,"Switch to using gson for JSON serialization

This patch changes JSON provider to GSON, skipping jackson
packaging completely.  GSON is used by many upstream ODL
projects and is the desired single JSON library for the
future.

Some unit tests surrounding Handlers needed to be ignored
temporarily due to classpath issues;  some of the overlapping
technology is tested in integration-test so the AAA team
feels it is okay to temporarily disable for now.

For now, this change exposes a provider package for the
GsonProvider so that other projects running into the same
issue can utilize it without copying and pasting code.
Later, it will be moved somewhere more intelligent.

Change-Id: I6033980d0fdaa31be32e2e77a0b9f869a755246b
Signed-off-by: Robert Varga <robert.varga@pantheon.tech>
Signed-off-by: Ryan Goulding <ryandgoulding@gmail.com>",org.json:json com.fasterxml.jackson,"
Switch to using gson for JSON serialization",3,Serialization,,1,0.85,Organization
opendaylight/aaa,90f313cc5963dbf6d025e9bbfbe34e62a1185870,2018-02-13 18:51:00,org.apache.commons:commons-text,org.apache.commons:commons-lang3,"AAA-165: Add explicit import apache.commons.text

- added a simple UT for domain delete, but even that UT
  would not fail for AAA-165

- moved from commons-lang3 to commons-text as I noticed
  StringEscapeUtils is deprecated in lang3 and text was
  what should be used

Change-Id: I0e8a5067666d062e2f119ddaa7511f0cc3a2dda1
Signed-off-by: Jamo Luhrsen <jluhrsen@redhat.com>",org.apache.commons:commons-text org.apache.commons:commons-lang3,"
AAA-165: Add explicit import apache.commons.text",12,Utility,,1,1.0,Deprecation
opendaylight/mdsal,af73141a0a6c9e3a5834b425f370f0cfb04e7892,2018-02-28 22:38:07,org.apache.commons:commons-text,org.apache.commons:commons-lang3,"Use org.apache.commons.text.StringEscapeUtils

StringEscapeUtils have moved from commons-lang to commons-text,
use them from their new location.

Change-Id: I256e64de78de253592e2cd22cc17b2f66d2d95e5
Signed-off-by: Robert Varga <robert.varga@pantheon.tech>",org.apache.commons:commons-text org.apache.commons:commons-lang3,"
Use org.apache.commons.text.
StringEscapeUtils",12,Utility,,1,1.0,Deprecation
opendaylight/odlparent,299718990bcdb3dc4e8726999d9324a81caa3d56,2019-03-13 16:45:39,com.github.spotbugs:spotbugs,com.google.code.findbugs,"Do not pull in JSR305 by default

The migration to findbugs:annotations is actively hurtful to us,
as JSR305 is clashing on javax.annotation package with JEE
annotations.

This patch removes findbugs:annotations, making them a banned
dependency, and instead defines spotbugs:annotations and
findbugs:jsr305.

spotbugs:annotations replaces findbugs:annotations as the default
dependency.

JIRA: ODLPARENT-198
Change-Id: I3e113fb3af3f2cdd6e4cd6b22ffc0dcac5efbcf9
Signed-off-by: Robert Varga <robert.varga@pantheon.tech>",com.github.spotbugs:spotbugs com.google.code.findbugs,"
The migration to findbugs:annotations is actively hurtful to us,
as JSR305 is clashing on javax.annotation package with JEE",21,Utility,,1,0.95,Integration
openforis/collect-earth,7f75c49e0f8f93929d6abb5a9a2a116eb17735f6,2017-05-08 13:25:56,org.apache.logging.log4j:log4j,org.slf4j:slf4j,Move to log4j2 - slf4j integration,org.apache.logging.log4j:log4j org.slf4j:slf4j,"Move to log4j2 - slf4j integration
",111,Logging,,1,1.0,
openforis/collect-earth-online,bdd86163d0ae0394767028c868a38f2f71ec5b05,2017-04-13 21:00:32,com.google.code.gson:gson,com.googlecode.json-simple:json-simple,Replaced JSON-Simple with GSON in order to overcome unchecked type warnings due to JSON-Simple not implementing Java generics.,com.google.code.gson:gson com.googlecode.json-simple:json-simple,"
Replaced JSON-Simple with GSON in order to overcome unchecked type warnings due to JSON-Simple not implementing Java generics.",11,Serialization,,1,1.0,BugIssue
OpenGamma/Strata,b2b9b629685ebc7e89e9a1667de88f2e878d5fc4,2019-08-13 16:30:18,org.junit,org.testng:testng,Move from TestNG to JUnit 5 (#2059),org.junit org.testng:testng,"
Move from TestNG to JUnit 5 (#2059)",7,Testing,,1,1.0,
OpenGrok/OpenGrok,073595b072bd87f65233e01c5e61d96a9bc249a2,2020-09-14 08:09:12,io.micrometer:micrometer-core,io.dropwizard.metrics:metrics,Use micrometer and expose metrics in prometheus format,io.micrometer:micrometer-core io.dropwizard.metrics:metrics,"
Use micrometer and expose metrics in prometheus format",3,Database,,1,1.0,Functionality
openl-tablets/openl-tablets,c4a47e5de03740c8c30136e0ea044663a653a16b,2009-06-09 12:04:02,commons-logging:commons-logging,log4j:log4j,EPBDS use commons logging instead of log4j,commons-logging:commons-logging log4j:log4j,"
EPBDS use commons logging instead of log4j",3,Logging,,1,1.0,
openl-tablets/openl-tablets,1700ee7a6e713ae102819ba93f6a0fec347e9380,2016-07-29 08:48:39,com.datastax.cassandra:cassandra-driver-core,org.springframework:spring,EPBDS-6279 Migrate WS logging from spring cassandra to cassandra driver,com.datastax.cassandra:cassandra-driver-core org.springframework:spring,"
EPBDS-6279 Migrate WS logging from spring cassandra to cassandra driver",3,Web Framework&Database,,1,1.0,
openl-tablets/openl-tablets,d5eb3fb69e04175c8883281f530ef4edec33fb51,2016-10-19 00:59:35,com.h2database:h2,org.hsqldb:hsqldb,EPBDS-6331 Migrate DEMO security from HSQL to H2,com.h2database:h2 org.hsqldb:hsqldb,"
EPBDS-6331 Migrate DEMO security from HSQL to H2",14,Database,,1,1.0,
openl-tablets/openl-tablets,c31be1576bc337ef06fd4ecf3b47864888bdfd19,2016-10-21 07:34:09,ch.qos.logback:logback,log4j:log4j,EPBDS-6323 Use slf4j/logback logging instead of log4j,ch.qos.logback:logback log4j:log4j,"
EPBDS-6323 Use slf4j/logback logging instead of log4j",58,Logging,,1,1.0,
openl-tablets/openl-tablets,c31be1576bc337ef06fd4ecf3b47864888bdfd19,2016-10-21 07:34:09,ch.qos.logback:logback,org.slf4j:slf4j,EPBDS-6323 Use slf4j/logback logging instead of log4j,ch.qos.logback:logback org.slf4j:slf4j,"
EPBDS-6323 Use slf4j/logback logging instead of log4j",67,Logging,,1,1.0,
openmrs/openmrs-core,a78c140b05b8bc5ef0890982918b44982a1d8589,2020-02-25 08:51:49,org.apache.logging.log4j:log4j,org.slf4j:slf4j,TRUNK-5113: Migrate from log4j -> log4j2 (#3065),org.apache.logging.log4j:log4j org.slf4j:slf4j,"
TRUNK-5113: Migrate from log4j  laifuhewb  log4j2 (#3065)",111,Logging,,1,0.95,
openmrs/openmrs-core,a78c140b05b8bc5ef0890982918b44982a1d8589,2020-02-25 08:51:49,org.slf4j:log4j-over-slf4j,log4j:log4j,TRUNK-5113: Migrate from log4j -> log4j2 (#3065),org.slf4j:log4j-over-slf4j log4j:log4j,"
TRUNK-5113: Migrate from log4j  laifuhewb  log4j2 (#3065)",27,Logging,,1,0.95,
openmrs/openmrs-core,a78c140b05b8bc5ef0890982918b44982a1d8589,2020-02-25 08:51:49,org.slf4j:log4j-over-slf4j,org.slf4j:slf4j,TRUNK-5113: Migrate from log4j -> log4j2 (#3065),org.slf4j:log4j-over-slf4j org.slf4j:slf4j,"
TRUNK-5113: Migrate from log4j  laifuhewb  log4j2 (#3065)",26,Logging,,1,0.95,
OpenNMS/opennms,15775b2817cf7646b7cff226b277a2f20995bfb8,2013-06-28 20:17:10,org.apache.logging.log4j:log4j,org.slf4j:slf4j,replace log4j dependencies w/ log4j2,org.apache.logging.log4j:log4j org.slf4j:slf4j,"
replace log4j dependencies w/ log4j2",111,Logging,,1,0.5,
OpenNMS/opennms,a5600c8dc85da65cd12aa3ec3198f29e03f9ba1e,2016-02-19 06:06:04,org.apache.cxf:cxf,com.sun.jersey:jersey,"NMS-8151: Remove all Jersey artifacts from the system class-path.

Converted the remaining client code to use CXF via JAX-RS.",org.apache.cxf:cxf com.sun.jersey:jersey,"
Converted the remaining client code to use CXF via JAX-RS.",3,Web Framework,,1,0.95,
OpenRock/OpenIDM,088fa5d9eaa83bf4b3d59a64c0519f42a143aaa9,2015-08-25 23:35:02,org.assertj:assertj-core,org.easytesting:fest-assert,"OPENIDM-3768 Migrate openidm-provisioner-openicf to CREST3

PR comments; using assertJ and fixing typos

using overridingErrorMessage from assertJ",org.assertj:assertj-core org.easytesting:fest-assert,"
PR comments; using assertJ and fixing typos",34,Testing,,1,0.85,
opensecuritycontroller/osc-core,448bc3a72cb5ecdf80a458ffe191972a7b18b941,2017-10-07 03:20:34,ch.qos.logback:logback,log4j:log4j,"Replace log4j with slf4j (with logback framework) (#516)

* Replace log4j with slf4j (with logback implementation)

* Replace log4j.Logger import with slf4j one

* Remove all mention of log4j

* Set slf4j verison to 1.7.25

* Add logback dependency to bundles.

* Fix the rolover file location

* Make the logging dependencies provided.

* Fix the logback file location property",ch.qos.logback:logback log4j:log4j,"
Replace log4j with slf4j (with logback framework) (#516)",58,Logging,,1,0.95,
opensecuritycontroller/osc-core,448bc3a72cb5ecdf80a458ffe191972a7b18b941,2017-10-07 03:20:34,org.slf4j:slf4j,log4j:log4j,"Replace log4j with slf4j (with logback framework) (#516)

* Replace log4j with slf4j (with logback implementation)

* Replace log4j.Logger import with slf4j one

* Remove all mention of log4j

* Set slf4j verison to 1.7.25

* Add logback dependency to bundles.

* Fix the rolover file location

* Make the logging dependencies provided.

* Fix the logback file location property",org.slf4j:slf4j log4j:log4j,"
Replace log4j with slf4j (with logback framework) (#516)",73,Logging,,1,0.95,
opensecuritycontroller/osc-core,448bc3a72cb5ecdf80a458ffe191972a7b18b941,2017-10-07 03:20:34,ch.qos.logback:logback,org.slf4j:slf4j,"Replace log4j with slf4j (with logback framework) (#516)

* Replace log4j with slf4j (with logback implementation)

* Replace log4j.Logger import with slf4j one

* Remove all mention of log4j

* Set slf4j verison to 1.7.25

* Add logback dependency to bundles.

* Fix the rolover file location

* Make the logging dependencies provided.

* Fix the logback file location property",ch.qos.logback:logback org.slf4j:slf4j,"
Replace log4j with slf4j (with logback framework) (#516)",13,Logging,,1,0.95,
openskynetwork/opensky-api,bde93e0cb17a1f5239d18803c6898a9f984d4025,2017-03-14 20:55:50,com.squareup.okhttp3,org.apache.httpcomponents,Use OkHttp instead of httpclient library,com.squareup.okhttp3 org.apache.httpcomponents,"
Use OkHttp instead of httpclient library",4,HTTP Clients&Web Framework,,1,0.95,
openstack-infra/zmq-event-publisher,8d334cd9a938ed25e1bb58cf1e7427f8b166ceb5,2013-01-25 21:42:38,org.jeromq:jeromq,org.zeromq:jzmq,Use jeromq instead of jzmq.,org.jeromq:jeromq org.zeromq:jzmq,"
Use jeromq instead of jzmq.",3,Database&Web Framework,,1,0.95,
opentripplanner/OpenTripPlanner,8ecc4186df1cdcd733dd6a0dc549eb22bfb6b2fe,2011-12-05 22:03:03,org.codehaus.jackson:jackson,org.json:json,"Replace org.json, which has a crappy license",org.codehaus.jackson:jackson org.json:json,"
Replace org.json, which has a crappy license",4,Serialization,,1,0.95,License
opentripplanner/OpenTripPlanner,c84fe696f4ec92009185b1fd2cc33b910b6ed987,2013-02-19 15:53:59,org.jeromq:jeromq,org.zeromq:jzmq,KV8updater: Switch from zeromq JNI to jeromq,org.jeromq:jeromq org.zeromq:jzmq,"
KV8updater: Switch from zeromq JNI to jeromq",3,Database&Web Framework,,1,0.95,
opentripplanner/OpenTripPlanner,ff08dc4de1c0c1ff905be5bb478e602011af30c9,2013-05-22 13:54:05,ch.qos.logback:logback,org.slf4j:slf4j,begin switching everything from slf4j/log4j/jcl/jul to logback,ch.qos.logback:logback org.slf4j:slf4j,"
begin switching everything from slf4j/log4j/jcl/jul to logback",67,Logging,,1,0.9,
ops4j/org.ops4j.pax.shiro,1a29fe1080601f8d8294a8a3d3645116753e0cce,2013-08-03 17:48:05,org.seleniumhq,net.sourceforge.htmlunit:htmlunit,upgraded to Selenium HtmlUnitDriver and added more tests,org.seleniumhq net.sourceforge.htmlunit:htmlunit,"
upgraded to Selenium HtmlUnitDriver and added more tests",3,Testing,,1,0.8,
ops4j/org.ops4j.pax.web,27ccddac552c64f85de24de7479ac137193f6698,2011-02-20 19:52:28,org.slf4j:slf4j,commons-logging:commons-logging,[PAXWEB-252] - Use slf4j for easier logging.,org.slf4j:slf4j commons-logging:commons-logging,"
[PAXWEB-252] - Use slf4j for easier logging.",39,Logging,,1,0.95,Usability
orbisgis/cts,5dcbdc9ee774793b5602f8ef9b2f37194ede1b19,2013-09-03 13:33:37,org.slf4j:slf4j,log4j:log4j,Replace LOG4J by SL4J,org.slf4j:slf4j log4j:log4j,"
Replace LOG4J by SL4J",73,Logging,,1,0.95,
orbisgis/orbisgis,1f4f784f978a8c98c78363767b52884e576b41c6,2014-12-17 14:06:15,org.slf4j:slf4j,log4j:log4j,Replace log4j by slf4j,org.slf4j:slf4j log4j:log4j,"
Replace log4j by slf4j",73,Logging,,1,0.95,
orctom/laputa,d14bf91f05c84b36b93dda7fc7fcee4533799c26,2016-09-26 13:28:07,com.google.code.gson:gson,com.fasterxml.jackson,replaced jackson with gson and xstream,com.google.code.gson:gson com.fasterxml.jackson,"
replaced jackson with gson and xstream",4,Serialization,,1,0.95,
ow2-chameleon/fuchsia,580b1341fc4c68c426f71b8a1f626c1e2f77d0ae,2013-08-07 08:33:19,org.assertj:assertj-core,org.easytesting:fest-assert,"Replace test dependency ""FEST Assert"" by ""AssertJ""",org.assertj:assertj-core org.easytesting:fest-assert,"
Replace test dependency ""FEST Assert"" by ""AssertJ""",49,Testing,,1,0.98,
ozlerhakan/mongolastic,a6a3919f3b7b100ac87dc709012ee62ee9d8d143,2016-12-22 17:28:24,org.apache.logging.log4j:log4j,org.slf4j:slf4j,update deps versions log4j2 support,org.apache.logging.log4j:log4j org.slf4j:slf4j,"
update deps versions log4j2 support",111,Logging,,1,0.5,
pac4j/buji-pac4j-demo,7fb2f64647f97735afafcfea3ddedffb82571f7b,2012-04-26 07:54:23,org.slf4j:jcl-over-slf4j,commons-logging:commons-logging,replace commons-logging by jcl-over-slf4j,org.slf4j:jcl-over-slf4j commons-logging:commons-logging,"
replace commons-logging by jcl-over-slf4j",22,Logging,,1,0.98,
pac4j/pac4j,e6ed5d802879c4334f1ded91e409bdb2e3ba950e,2012-09-09 09:37:55,ch.qos.logback:logback,org.slf4j:slf4j,use logback instead of log4j in tests,ch.qos.logback:logback org.slf4j:slf4j,"
use logback instead of log4j in tests",67,Logging,,1,0.5,
Pante/Chimera,c07439b29578aac6944d7cfda20707a0e78b7fb0,2018-08-13 15:52:36,org.checkerframework:checker-qual,com.google.code.findbugs,"Modularized project

Modularised the project.
- Replaced jsr305 annotations with checker framework's
- Builds are hosted under new chimera maven repository
- Finished UTs for all current classes",org.checkerframework:checker-qual com.google.code.findbugs,"
- Replaced jsr305 annotations with checker framework's
- Builds are hosted under new chimera maven repository",6,Utility,,1,0.95,
Patreon/euphrates,9649910ac0c26bd92e32c503648f3394860cf936,2018-10-24 20:21:38,org.apache.logging.log4j:log4j,org.slf4j:slf4j,"INFRA-95 Build an uberjar, use log4j2

- Use Log4j2 as this allows for easier configuration of logging later
- Build an uberjar with the mvn shade plugin which will unlock INFRA-128",org.apache.logging.log4j:log4j org.slf4j:slf4j,"
- Use Log4j2 as this allows for easier configuration of logging later
- Build an uberjar with the mvn shade plugin which will unlock INFRA-128
INFRA-95 Build an uberjar, use log4j2",69,Logging,,1,0.5,Usability
patrickfav/density-converter,4f142bb04b7cfa820bfc3633f72fbf25c143fb05,2016-03-29 20:47:12,net.coobird:thumbnailator,org.imgscalr:imgscalr-lib,"changes scaler lib imgscalr with thumbnailator resulting in better images
updates to v0.9.2
update readme",net.coobird:thumbnailator org.imgscalr:imgscalr-lib,"changes scaler lib imgscalr with thumbnailator resulting in better images
updates to v0.9.2
",3,Utility,,1,0.98,Functionality
pdaian/MCBouncer,dc4c750ab80dd85d3660626797167719747e778f,2011-07-31 19:01:18,com.googlecode.json-simple:json-simple,org.json:json,"Fix JSON depend, cache the IP address to resolve time wasted with DNS reslution",com.googlecode.json-simple:json-simple org.json:json,"
Fix JSON depend, cache the IP address to resolve time wasted with DNS reslution",4,Serialization,,1,0.9,
PebbleTemplates/pebble,390bdcbd83e8363f1771a19f600f43faeb5c4be9,2016-11-14 09:09:51,com.github.ben-manes.caffeine:caffeine,com.google.guava:guava,Replaced Guava cache with Caffeine + Fixed involved Unit Tests,com.github.ben-manes.caffeine:caffeine com.google.guava:guava,"
Replaced Guava cache with Caffeine + Fixed involved Unit Tests",4,Utility,,1,0.95,
PebbleTemplates/pebble,aed551c7a9e71b0ecb19fce1959b07cb037a6f88,2018-05-05 02:27:58,ch.qos.logback:logback,log4j:log4j,Update dependencies and use logback instead of log4j,ch.qos.logback:logback log4j:log4j,"
Update dependencies and use logback instead of log4j",58,Logging,,1,0.98,
PebbleTemplates/pebble,aed551c7a9e71b0ecb19fce1959b07cb037a6f88,2018-05-05 02:27:58,ch.qos.logback:logback,org.slf4j:slf4j,Update dependencies and use logback instead of log4j,ch.qos.logback:logback org.slf4j:slf4j,"
Update dependencies and use logback instead of log4j",67,Logging,,1,0.98,
peholmst/SpringSecurityDemo,c36e94e72d770209345edfe900eb9a64578d79a9,2010-04-08 07:49:56,org.hibernate:hibernate,org.eclipse.persistence:eclipselink,"Replaced EclipseLink with Hibernate. Apparently, compile time weaving does not work with EclipseLink.",org.hibernate:hibernate org.eclipse.persistence:eclipselink,"
Replaced EclipseLink with Hibernate.
Apparently, compile time weaving does not work with EclipseLink.",5,Building&Database,,1,0.98,BugIssue
peholmst/SpringSecurityDemo,c36e94e72d770209345edfe900eb9a64578d79a9,2010-04-08 07:49:56,org.hibernate:hibernate,org.eclipse.persistence:javax.persistence,"Replaced EclipseLink with Hibernate. Apparently, compile time weaving does not work with EclipseLink.",org.hibernate:hibernate org.eclipse.persistence:javax.persistence,"
Replaced EclipseLink with Hibernate.
Apparently, compile time weaving does not work with EclipseLink.",4,Building&Database,,1,0.98,BugIssue
penguin-statistics/backend,86a18da08f7cb7ea00653440ce02df4401d4f978,2019-07-23 11:49:13,org.springframework.boot:spring-boot,org.glassfish.jersey,change jersey to spring boot,org.springframework.boot:spring-boot org.glassfish.jersey,"
change jersey to spring boot",3,Web Framework,,1,0.9,
pentaho/pentaho-reporting,67fd677325b5abad2ef540056021d3f0cfd6276e,2019-02-19 19:30:15,org.osgi:org.osgi,org.apache.felix:org.apache.felix,[BACKLOG-27573] - Replaced Felix framework 4.4.1 with OSGi core 5.0.0.,org.osgi:org.osgi org.apache.felix:org.apache.felix,"
[BACKLOG-27573] - Replaced Felix framework 4.4.1 with OSGi core 5.0.0.",3,Building,,1,0.95,
perfectsense/dari,6e0db3aeedd56731995e2174b7ad148aa35afa77,2015-06-26 21:14:56,com.zaxxer:HikariCP,com.jolbox:bonecp,Switches from BoneCP to HikariCP as the embedded CP lib.,com.zaxxer:HikariCP com.jolbox:bonecp,"
Switches from BoneCP to HikariCP as the embedded CP lib.",6,HTTP Clients&Database,,1,0.98,
performancecopilot/parfait,4f426744d3fad9de38e9c56cf3ae3ae63e1c9113,2010-04-30 06:14:12,com.google.guava:guava,com.google.collections:google-collections,Switched from google-collections to guava. This may as well be the first place!,com.google.guava:guava com.google.collections:google-collections,"Switched from google-collections to guava.
This may as well be the first place!
",28,Utility,,1,0.97,
peshkira/c3po,2cfef95a3086a0d76ccd7d97a25da8eefa641cf4,2011-05-06 10:26:55,org.hibernate:hibernate,org.eclipse.persistence:eclipselink,switching back to hibernate but using jpa persistence.xml,org.hibernate:hibernate org.eclipse.persistence:eclipselink,"
switching back to hibernate but using jpa persistence.xml",5,Building&Database,,1,0.95,
peshkira/c3po,2cfef95a3086a0d76ccd7d97a25da8eefa641cf4,2011-05-06 10:26:55,org.hibernate:hibernate,org.eclipse.persistence:javax.persistence,switching back to hibernate but using jpa persistence.xml,org.hibernate:hibernate org.eclipse.persistence:javax.persistence,"
switching back to hibernate but using jpa persistence.xml",4,Building&Database,,1,0.95,
peshkira/c3po,8f34ef62b5730a9a45d4f7b052db41146de5ff0a,2013-05-10 13:56:50,com.beust:jcommander,commons-cli:commons-cli,"refactoring the CLI

refactoring the whole CLI.
getting rid of apache commons CLI and substituting it with
JCommander. Pretty awesome.

Changing the CLICommands so that they do everything via the controller.

Removing unnecessary commands.
Removing unnecessary legacy resource files",com.beust:jcommander commons-cli:commons-cli,"
Changing the CLICommands so that they do everything via the controller.",8,Utility,,1,0.98,
PeterKnego/LeanEngine-Server,7c0c09378db1ab5aee235dba58d7154abe4f59e6,2011-10-28 08:25:32,com.google.code.gson:gson,org.json:json,Replaced json.org with jackson.,com.google.code.gson:gson org.json:json,Replaced json.org with jackson.,20,Serialization,,1,0.75,
pf4j/pf4j,fd72b5389257ef2a38b71e5f0f45e09e26b3501a,2020-04-22 06:58:24,org.apache.logging.log4j:log4j,org.slf4j:slf4j,Switch to Log4j2,org.apache.logging.log4j:log4j org.slf4j:slf4j,"
Switch to Log4j2",111,Logging,,1,0.95,
phac-nml/irida,49337245e3212afdf33f78215e11b43edd02ae84,2014-05-23 18:18:38,org.glassfish:javax.servlet,javax.servlet:servlet-api,Changed to using glassfish servlet impl.  also fixed the groupid,org.glassfish:javax.servlet javax.servlet:servlet-api,"
Changed to using glassfish servlet impl.
also fixed the groupid",4,Web Framework,,1,0.9,
phax/as2-server,0b7b0f4982198579bb6cce9aab3587b08e46d6f5,2015-04-29 07:37:01,org.apache.logging.log4j:log4j,org.slf4j:slf4j,Switched to Log4J 2 and did version update,org.apache.logging.log4j:log4j org.slf4j:slf4j,"
Switched to Log4J 2 and did version update",111,Logging,,1,0.96,
phax/as2-server,0b7b0f4982198579bb6cce9aab3587b08e46d6f5,2015-04-29 07:37:01,org.slf4j:jul-to-slf4j,org.slf4j:slf4j,Switched to Log4J 2 and did version update,org.slf4j:jul-to-slf4j org.slf4j:slf4j,"
Switched to Log4J 2 and did version update",9,Logging,,1,0.96,
phax/as2-server,0b7b0f4982198579bb6cce9aab3587b08e46d6f5,2015-04-29 07:37:01,org.slf4j:jul-to-slf4j,log4j:log4j,Switched to Log4J 2 and did version update,org.slf4j:jul-to-slf4j log4j:log4j,"
Switched to Log4J 2 and did version update",11,Logging,,1,0.96,
phenotips/phenotips,262023c2421b5cd41f4d4be1a3d945573f3f440e,2014-08-16 02:13:37,commons-io:commons-io,commons-httpclient:commons-httpclient,[misc] Updated code using the old commons-httpclient with the new httpcomponents,commons-io:commons-io commons-httpclient:commons-httpclient,"
[misc] Updated code using the old commons-httpclient with the new httpcomponents",3,HTTP Clients,,1,0.8,
phenotips/phenotips,1d8062986c9ea28fa1452a29dd862cde5e33b651,2016-01-06 10:02:26,org.json:json,net.sf.json-lib:json-lib,"PT-2320: Switch to org.json for JSON processing instead of the unmaintained net.sf.json library
Done the bulk of the code",org.json:json net.sf.json-lib:json-lib,"
PT-2320: Switch to org.json for JSON processing instead of the unmaintained net.sf.json library
Done the bulk of the code",4,Serialization,,1,0.97,Deprecation
PhoenicisOrg/POL-POM-5,1f65837fe194b253306911267dd395f169191b28,2016-02-24 10:59:34,org.slf4j:slf4j,log4j:log4j,replacing log4j by slf4j,org.slf4j:slf4j log4j:log4j,"replacing log4j by slf4j
",73,Logging,,1,0.97,
PhoenicisOrg/POL-POM-5,2b64169f60b59af881c1db9a6404d8548cb9634a,2017-05-25 16:26:24,com.fasterxml.jackson,org.json:json,"Removed unnecessary dependency to json (#829)

* Fixed phoenicis CLI
* Used jackson to read json files to be more consistent regarding dependency management
* Code cleaning",com.fasterxml.jackson org.json:json,"
* Fixed phoenicis CLI
* Used jackson to read json files to be more consistent regarding dependency management
* Code cleaning",10,Serialization,,1,0.9,Simplification
phoenixctms/ctsms,ec8d1190751778420b361ccbb7f6c6529991f6e1,2021-06-28 15:45:25,com.sun.mail:javax.mail,javax.mail:mailapi,properly switch to java mail 1.6.2,com.sun.mail:javax.mail javax.mail:mailapi,"
properly switch to java mail 1.6.2",3,HTTP Clients,,1,0.9,
php-coder/mystamps,0c10cc65746820c937094fc3fc8fdb26ac4285d7,2012-03-09 22:16:52,org.testng:testng,junit:junit,"Initial porting tests to TestNG.

- due to SUREFIRE-377 bug we can't run only functional tests by TestNG
  and this fact forces us to also porting unit tests

- we now calling MockitoAnnotations.initMocks(this) in @BeforeMethod
  annotated method instead of using MockitoJUnitRunner

- WhenUserAtAnyPage now extends Spring's
  AbstractTestNGSpringContextTests for using DI in test cases (due to
  lack of SpringJUnit4ClassRunner)

Addressed to #92

No functional changes.",org.testng:testng junit:junit,"
- due to SUREFIRE-377 bug we can't run only functional tests by TestNG
and this fact forces us to also porting unit tests",23,Testing,,1,0.96,
php-coder/mystamps,21f5aebf0b83a438f4bad265fd1679e999f2f779,2012-03-29 17:54:34,com.h2database:h2,org.hsqldb:hsqldb,"Migrated from HSQL to H2.

As a benefit we now have web access to embedded database.

You may access it via http://127.0.0.1:8081/console and use ""org.h2.Driver"" as
the driver, ""jdbc:h2:mem:mystamps"" as the URL, ""sa"" as the username and a blank
password.

Inspired by Greenhouse: https://jira.springsource.org/browse/GREENHOUSE-179

NOTE:
To run web console only in testing environment I use different web.xml in each
profile as (used approach from
http://stackoverflow.com/questions/3298763/maven-customize-web-xml-of-web-app-project).",com.h2database:h2 org.hsqldb:hsqldb,"
Migrated from HSQL to H2.",14,Database,,1,0.98,Functionality
php-coder/mystamps,962cf025408103b1a50a9fdb1f9a900379127663,2019-12-21 17:13:02,com.zaxxer:HikariCP,commons-dbcp:commons-dbcp,"chore: migrate away from commons-dbcp to HikariCP.

Prerequisite for #869

Fix #19",com.zaxxer:HikariCP commons-dbcp:commons-dbcp,"
chore: migrate away from commons-dbcp to HikariCP.",5,Database,,1,0.98,
PicnicSupermarket/reactive-support,44239a9f68c3791f1ff4126c71eab8c7fd685c8d,2018-11-20 10:59:15,org.junit,org.testng:testng,Migrate from TestNG to Junit 5 (#27),org.junit org.testng:testng,"
Migrate from TestNG to Junit 5 (#27)",7,Testing,,1,0.98,
pilosa/java-pilosa,bb2cccd4c68385e88d7e9a5a04525685b2373b2a,2017-06-30 10:01:08,org.slf4j:slf4j,org.apache.logging.log4j:log4j,http request refactoring; changed the logger to slf4j; Cluster blacklists hosts instead of removing them.,org.slf4j:slf4j org.apache.logging.log4j:log4j,"
http request refactoring; changed the logger to slf4j; Cluster blacklists hosts instead of removing them.",13,Logging,,1,0.92,
pjklauser/protobuf-rpc-pro,540a183ac42b72df7f0db378da108ea4b47cec66,2013-01-02 14:20:19,org.slf4j:slf4j,commons-logging:commons-logging,Issue 10: migrate commons logging to slf4j.,org.slf4j:slf4j commons-logging:commons-logging,"
Issue 10: migrate commons logging to slf4j.",39,Logging,,1,0.98,
pjklauser/protobuf-rpc-pro,540a183ac42b72df7f0db378da108ea4b47cec66,2013-01-02 14:20:19,org.slf4j:slf4j,log4j:log4j,Issue 10: migrate commons logging to slf4j.,org.slf4j:slf4j log4j:log4j,"
Issue 10: migrate commons logging to slf4j.",73,Logging,,1,0.98,
pkainulainen/spring-social-examples,488a3082ca8d12f3aef909d9a25e8f8e4aaca658,2014-05-31 17:24:34,org.assertj:assertj-core,org.easytesting:fest-assert,Replace FEST-Assert with AssertJ and update spring-test-dbunit to 1.1.0,org.assertj:assertj-core org.easytesting:fest-assert,"
Replace FEST-Assert with AssertJ and update spring-test-dbunit to 1.1.0",49,Testing,,1,0.98,
platformlayer/openstack-jenkins,6975a52db61ff18dc25a4df6c6e1bbf9798c2be6,2011-09-19 22:36:29,com.amazonaws:aws-java-sdk,net.java.dev.jets3t:jets3t,"switched to amazonaws API instead of jets3, initialize client when profile is created instead of login/logout due to thread-safe issue",com.amazonaws:aws-java-sdk net.java.dev.jets3t:jets3t,"
switched to amazonaws API instead of jets3, initialize client when profile is created instead of login/logout due to thread-safe issue",3,HTTP Clients,,1,0.97,Security
platformlayer/platformlayer,f4fe510b409ca78f62e4da0ba22d7ea2df480739,2012-11-08 01:48:34,ch.qos.logback:logback,log4j:log4j,Replacing log4j with logback,ch.qos.logback:logback log4j:log4j,"
Replacing log4j with logback",58,Logging,,1,0.98,
platformlayer/platformlayer,f4fe510b409ca78f62e4da0ba22d7ea2df480739,2012-11-08 01:48:34,ch.qos.logback:logback,org.slf4j:slf4j,Replacing log4j with logback,ch.qos.logback:logback org.slf4j:slf4j,"
Replacing log4j with logback",67,Logging,,1,0.98,
platformlayer/platformlayer,f4fe510b409ca78f62e4da0ba22d7ea2df480739,2012-11-08 01:48:34,org.slf4j:log4j-over-slf4j,org.slf4j:slf4j,Replacing log4j with logback,org.slf4j:log4j-over-slf4j org.slf4j:slf4j,"
Replacing log4j with logback",26,Logging,,1,0.98,
platformlayer/platformlayer,f4fe510b409ca78f62e4da0ba22d7ea2df480739,2012-11-08 01:48:34,org.slf4j:log4j-over-slf4j,log4j:log4j,Replacing log4j with logback,org.slf4j:log4j-over-slf4j log4j:log4j,"Replacing log4j with logback
",27,Logging,,1,0.98,
platonai/pulsar,4295b60af88dbbde8a9831eeb2266136b6714f1d,2019-07-08 09:54:34,ch.qos.logback:logback,log4j:log4j,Use logback for logging; use spring boot.,ch.qos.logback:logback log4j:log4j,"
Use logback for logging; use spring boot.",58,Logging,,1,0.95,Integration
platonai/pulsar,4295b60af88dbbde8a9831eeb2266136b6714f1d,2019-07-08 09:54:34,ch.qos.logback:logback,org.slf4j:log4j-over-slf4j,Use logback for logging; use spring boot.,ch.qos.logback:logback org.slf4j:log4j-over-slf4j,"
Use logback for logging; use spring boot.",3,Logging,,1,0.95,Integration
plutext/docx4j,4e7826cbf8c167df991c664625fc52b49491e096,2013-07-07 03:07:24,org.slf4j:slf4j,log4j:log4j,Use slf4j instead of log4j,org.slf4j:slf4j log4j:log4j,"Use slf4j instead of log4j
",73,Logging,,1,0.95,
plutext/docx4j,19547c19d2fff5b8fe925b3794d7f03897495f9f,2014-09-25 05:57:33,org.slf4j:jcl-over-slf4j,commons-logging:commons-logging,Use jcl-over-slf4j instead of FOP's commons-logging,org.slf4j:jcl-over-slf4j commons-logging:commons-logging,"
Use jcl-over-slf4j instead of FOP's commons-logging",22,Logging,,1,0.9,
pnowy/NativeCriteria,5ab680b3d254b4c07419a73bbd3cb874a3f6efe2,2014-02-10 20:38:30,ch.qos.logback:logback,log4j:log4j,Migration to logback instead of log4j logging implementation,ch.qos.logback:logback log4j:log4j,"
Migration to logback instead of log4j logging implementation",58,Logging,,1,0.95,
pnowy/NativeCriteria,5ab680b3d254b4c07419a73bbd3cb874a3f6efe2,2014-02-10 20:38:30,ch.qos.logback:logback,org.slf4j:slf4j,Migration to logback instead of log4j logging implementation,ch.qos.logback:logback org.slf4j:slf4j,"
Migration to logback instead of log4j logging implementation",67,Logging,,1,0.95,
pnowy/NativeCriteria,44e08d54d7c0ddb91d7f0ce85e1a5c44689878a0,2015-07-31 07:55:57,org.assertj:assertj-core,org.easytesting:fest-assert,"#8 Move around the tests to separate module, add the AssertJ library (instead of fest assert)",org.assertj:assertj-core org.easytesting:fest-assert,"
#8 Move around the tests to separate module, add the AssertJ library (instead of fest assert)",49,Testing,,1,0.95,
pocrd/net.pocrd.core,f8691d8409c67eeacf8dfc3228871bd4f8b11277,2016-07-31 09:35:40,com.squareup.okhttp3,org.apache.httpcomponents,[dev] replace httpclient with okhttp3,com.squareup.okhttp3 org.apache.httpcomponents,"
[dev] replace httpclient with okhttp3",6,HTTP Clients&Web Framework,,1,0.95,
point85/caliper,cdf438152d79910e19cd07878203428b42d09a4e,2017-10-31 20:30:30,org.hibernate:hibernate,org.eclipse.persistence:eclipselink,"Changed from Eclipselink to Hibernate for persistency
Changed UOM exponents from int to Integer",org.hibernate:hibernate org.eclipse.persistence:eclipselink,"
Changed from Eclipselink to Hibernate for persistency
Changed UOM exponents from int to Integer",3,Building&Database,,1,0.95,
polyjdbc/polyjdbc,470fc0a864e1b0b2cbd1f7ff6af217d9a06783b7,2014-07-15 18:02:04,org.assertj:assertj-core,org.easytesting:fest-assert,switching to assertj assertions,org.assertj:assertj-core org.easytesting:fest-assert,"
switching to assertj assertions",34,Testing,,1,0.95,
poynt/postman-runner,2fdca3382b1bc95b23ebcaba51f0b61036c32480,2020-08-13 01:05:48,info.picocli:picocli,commons-cli:commons-cli,3.0.0 - replace Apache Common CLI with Pico CLI. Updated build pattern.,info.picocli:picocli commons-cli:commons-cli,"
3.0.0 - replace Apache Common CLI with Pico CLI.
Updated build pattern.",4,Utility,,1,0.95,
Pragmatists/tdd-trainings,67db8753d131e4f9cc930675231b8dbdf1756e6f,2014-09-24 19:30:08,org.assertj:assertj-core,org.easytesting:fest-assert,switched from Fest to AssertJ,org.assertj:assertj-core org.easytesting:fest-assert,"
switched from Fest to AssertJ",34,Testing,,1,0.95,
premium-minds/billy,e1f84018c7ec30f9dd01ede30a4e3996f00b4e7d,2019-12-16 03:44:02,org.slf4j:slf4j,log4j:log4j,"Remove log4j dependency and use only slf4j-api, to allow each program to
choose its own logger implementation as is the intention of slf4j

http://www.slf4j.org/faq.html#maven2",org.slf4j:slf4j log4j:log4j,"
Remove log4j dependency and use only slf4j-api, to allow each program to
choose its own logger implementation as is the intention of slf4j",73,Logging,,1,1.0,Functionality
prismicio/java-kit,2d6d048c2595a4e69ca2b327ce1eeaf71748049c,2017-10-02 11:32:51,org.slf4j:slf4j,log4j:log4j,Fix: remove log4j and slf4j-log4j12 binding to use only pure slf4j-api.,org.slf4j:slf4j log4j:log4j,"
Fix: remove log4j and slf4j-log4j12 binding to use only pure slf4j-api.",73,Logging,,1,0.5,Simplification
Project-Books/book-project,4713385c54453e8fd4219d777729cdd7aaa2fdf7,2020-07-19 06:39:19,mysql:mysql-connector-java,com.h2database:h2,Switch from h2 to mysql as data source,mysql:mysql-connector-java com.h2database:h2,"
Switch from h2 to mysql as data source",5,Database,,1,0.95,
Project-Books/book-project,d90da528356b0e83ba7f0b39e536d66906e9755d,2020-08-12 07:41:08,org.mockito:mockito,org.powermock:powermock,swap PowerMockito for Mockito,org.mockito:mockito org.powermock:powermock,"
swap PowerMockito for Mockito",9,Testing,,1,0.95,
projectnessie/nessie,338a619144594c3d638d21b170284b135fd97031,2021-05-21 15:58:16,org.assertj:assertj-core,org.hamcrest:hamcrest,"Introduce AssertJ for better test code readability (#1271)

* Introduce AssertJ for better test code readability

* Replace Hamcrest assertions with AssertJ assertions",org.assertj:assertj-core org.hamcrest:hamcrest,"
* Replace Hamcrest assertions with AssertJ assertions",3,Testing,,1,0.95,Usability
projectodd/wunderboss,40922dbcb6ab57706af1714cdb99ccc30260da70,2014-08-21 17:29:32,ch.qos.logback:logback,log4j:log4j,"Use slf4j and logback for logging.

Since quartz requires slf4j, we'll use it as our logging abstraction
everywhere instead of jboss-logging. And, since we want logging to work
out-of-the-box, we need a logging implementation. We were bringing in
log4j, but have switched to logback since it requires less dependencies
to work as an slf4j implementation, and it is the successor to log4j.

Known issues:

* If a user wants to use a different logging provider, they'll need to
  exclude logback and bring in their own. If they don't exclude, it may
  still work, but they'll get a stern message from slf4j about multiple
  implementations.

* The messaging tests now throw ""java.lang.ClassNotFoundException:
  org.jboss.logmanager.LogManager"", but this doesn't affect the tests,
  nor does it show up for consumers of wunderboss-messaging. I don't
  currently know the cause of this message.",ch.qos.logback:logback log4j:log4j,"
Use slf4j and logback for logging.",58,Logging,,1,0.95,Deprecation
projectodd/wunderboss,40922dbcb6ab57706af1714cdb99ccc30260da70,2014-08-21 17:29:32,org.slf4j:slf4j,log4j:log4j,"Use slf4j and logback for logging.

Since quartz requires slf4j, we'll use it as our logging abstraction
everywhere instead of jboss-logging. And, since we want logging to work
out-of-the-box, we need a logging implementation. We were bringing in
log4j, but have switched to logback since it requires less dependencies
to work as an slf4j implementation, and it is the successor to log4j.

Known issues:

* If a user wants to use a different logging provider, they'll need to
  exclude logback and bring in their own. If they don't exclude, it may
  still work, but they'll get a stern message from slf4j about multiple
  implementations.

* The messaging tests now throw ""java.lang.ClassNotFoundException:
  org.jboss.logmanager.LogManager"", but this doesn't affect the tests,
  nor does it show up for consumers of wunderboss-messaging. I don't
  currently know the cause of this message.",org.slf4j:slf4j log4j:log4j,"
Use slf4j and logback for logging.",73,Logging,,1,0.95,Integration
protegeproject/mapping-master,98d8bd9e2843f0b685661c07bd43000718989050,2015-08-20 18:13:52,org.apache.poi:poi,net.sourceforge.jexcelapi:jxl,Replace JExcel API to Apache POI for managing Excel spreadsheets.,org.apache.poi:poi net.sourceforge.jexcelapi:jxl,"
Replace JExcel API to Apache POI for managing Excel spreadsheets.",6,Utility,,1,0.95,
protegeproject/protege,04cce4549f6340ab0afee0893d4c588f13f12d3e,2015-11-08 21:55:26,org.slf4j:log4j-over-slf4j,log4j:log4j,Change log4j to log4j-over-slf.  Use aopalliance and java-inject bundles.,org.slf4j:log4j-over-slf4j log4j:log4j,"
Change log4j to log4j-over-slf.
Use aopalliance and java-inject bundles.",27,Logging,,1,0.8,
protegeproject/protege,04cce4549f6340ab0afee0893d4c588f13f12d3e,2015-11-08 21:55:26,org.slf4j:jul-to-slf4j,log4j:log4j,Change log4j to log4j-over-slf.  Use aopalliance and java-inject bundles.,org.slf4j:jul-to-slf4j log4j:log4j,"
Change log4j to log4j-over-slf.
Use aopalliance and java-inject bundles.",11,Logging,,1,0.8,
psi-probe/psi-probe,1df26cb1f4c834055374ef50ad78f33a612b6347,2016-01-24 06:48:27,ch.qos.logback:logback,log4j:log4j,Convert to using logback natively instead of log4j,ch.qos.logback:logback log4j:log4j,"
Convert to using logback natively instead of log4j",58,Logging,,1,0.95,
psi-probe/psi-probe,1df26cb1f4c834055374ef50ad78f33a612b6347,2016-01-24 06:48:27,ch.qos.logback:logback,org.slf4j:slf4j,Convert to using logback natively instead of log4j,ch.qos.logback:logback org.slf4j:slf4j,"
Convert to using logback natively instead of log4j",67,Logging,,1,0.95,
psi-probe/psi-probe,4bc74bfa2bb6a3234fd347e7009991919e45c3d8,2016-01-24 06:48:40,org.slf4j:jcl-over-slf4j,commons-logging:commons-logging,[slf4j] Replace commons-logging with jcl-over-slf4j,org.slf4j:jcl-over-slf4j commons-logging:commons-logging,"
[slf4j] Replace commons-logging with jcl-over-slf4j",22,Logging,,1,0.95,
qaprosoft/carina,a2fd37266452bd2c4cdeca81fe3bd71f11a64b9f,2019-09-09 11:28:09,log4j:log4j,org.slf4j:slf4j,return back all carina loggers to log4j implementation and remove slf4j direct dependency,log4j:log4j org.slf4j:slf4j,"
return back all carina loggers to log4j implementation and remove slf4j direct dependency",4,Logging,,1,0.9,
qaprosoft/carina,a5beceae906969a0a18890939e9c8482cc8c68a8,2020-09-11 22:15:59,org.slf4j:slf4j,log4j:log4j,reused slf4j over log4j where possible,org.slf4j:slf4j log4j:log4j,"
reused slf4j over log4j where possible",73,Logging,,1,0.7,
qaprosoft/carina-demo,b9424ede32d6aa9939a68216e0779d85370079cf,2020-09-11 23:33:20,org.slf4j:slf4j,log4j:log4j,moved to slf4j over log4j2 as example,org.slf4j:slf4j log4j:log4j,"
moved to slf4j over log4j2 as example",73,Logging,,1,0.7,
qos-ch/logback,422d249e5568d227cf3ba913ebf1b3cd2fa180fd,2008-09-08 20:33:25,org.apache.geronimo.specs:geronimo,javax.jms:jms,"LBGENERAL-24

Not using Geronimo JMS instead of Sun JMS to avoid manual installation",org.apache.geronimo.specs:geronimo javax.jms:jms,"
Not using Geronimo JMS instead of Sun JMS to avoid manual installation",4,Database&Web Framework,,1,0.7,Usability
qos-ch/logback,7b021851a997088a5e7876f99aac4cb9883bdc05,2016-02-29 01:47:22,org.assertj:assertj-core,org.easytesting:fest-assert,"[LOGBACK-1114] Migrate from fest-assert to assertj

fest-assert is a defunct library which was replaced by assertj.

migration notes here.

http://joel-costigliola.github.io/assertj/assertj-core-migrating-from-fest.html#fest-1.4",org.assertj:assertj-core org.easytesting:fest-assert,"
[LOGBACK-1114] Migrate from fest-assert to assertj",49,Testing,,1,0.95,Deprecation
qos-ch/logback-extensions,cf44d61d5dbcfddf4dadd1599d56c9502fd42bb8,2014-02-27 06:09:36,org.mockito:mockito,org.easymock:easymock,"Replace jmockit and easymock with mockito

jmockit and easymock weren't actually used. And jmockit has an
unfriendly dependency on some JAR/DLL. I prefer Mockito anyway :)

Fixes #19",org.mockito:mockito org.easymock:easymock,"
Replace jmockit and easymock with mockito",15,Testing,,1,0.95,Simplification
querydsl/querydsl,86d23b5f8b11025e8ce4d56cf7ca120e5e93f1fb,2012-04-19 19:51:51,com.google.guava:guava,org.apache.commons:commons-lang3,#127 replaced commons deps with Guava deps,com.google.guava:guava org.apache.commons:commons-lang3,"
#127 replaced commons deps with Guava deps",4,Utility,,1,1.0,
querydsl/querydsl,86d23b5f8b11025e8ce4d56cf7ca120e5e93f1fb,2012-04-19 19:51:51,com.google.guava:guava,commons-io:commons-io,#127 replaced commons deps with Guava deps,com.google.guava:guava commons-io:commons-io,"
#127 replaced commons deps with Guava deps",4,Utility,,1,1.0,
querydsl/querydsl,9ce575d07e1d19bc8c0a66676988953f6873c546,2021-05-02 17:42:46,io.github.classgraph:classgraph,org.reflections:reflections,replace outdated reflections library with https://github.com/classgraph/classgraph,io.github.classgraph:classgraph org.reflections:reflections,"
replace outdated reflections library with https://github.com/classgraph/classgraph",5,Utility,,1,1.0,Deprecation
r2dbc/r2dbc-client,8390fd8a7a6b4fe4b8b36fa9135b35d55d1a49b5,2018-04-13 13:22:33,org.springframework.boot:spring-boot,io.spring.platform:platform-bom,"Update BOM Dependency

This change updates the BOM dependency from the now-deprecated Spring Platform
BOM to the Spring Boot Dependencies BOM.",org.springframework.boot:spring-boot io.spring.platform:platform-bom,"
Update BOM Dependency
This change updates the BOM dependency from the now-deprecated Spring Platform
BOM to the Spring Boot Dependencies BOM.",8,Web Framework,,1,0.8,Deprecation
rackerlabs/repose,717015837fa6f1adef912ba0f7d39b89cc3736ba,2011-11-21 18:33:47,org.codehaus.jackson:jackson,com.sun.jersey:jersey,Switched to jackson from jersey-json. was causing deployment failures. removed unnecessary imports from new mock service resource,org.codehaus.jackson:jackson com.sun.jersey:jersey,"
Switched to jackson from jersey-json.
was causing deployment failures.",3,Web Framework&Serialization,,1,0.8,BugIssue
rackerlabs/repose,de48616d4a4198d0b829e0595555af6d2fa5048a,2014-10-02 19:48:41,org.slf4j:slf4j,log4j:log4j,"Removed all of the log4j dependencies from the POM's and added the slf4j-log4j12 as part of the Valve POM and also Repose-Aggregator's Test scope.
After flattening the LoggingService architecture, the DefaultConfigurator was able to be removed also.
Valve's ProxyApp was updated to check for and load the log4j.properties in the configuration directory if present.",org.slf4j:slf4j log4j:log4j,"
Removed all of the log4j dependencies from the POM's and added the slf4j-log4j12 as part of the Valve POM and also Repose-Aggregator's Test scope.",26,Logging,,1,0.8,
rackerlabs/repose,eb2da50c492f39e2e9a6a6d518cc8edb89d6a8a0,2014-11-13 04:06:52,org.apache.logging.log4j:log4j,org.slf4j:slf4j,Updated the POM dependencies to the new Log4J 2.x.,org.apache.logging.log4j:log4j org.slf4j:slf4j,"
Updated the POM dependencies to the new Log4J 2.x.",111,Logging,,1,0.7,
rackerlabs/repose,080d08cda2c416b4d246878ccf608cbe7e96ff1f,2015-01-15 15:45:34,com.github.jknack:handlebars,com.github.spullara.mustache.java:compiler,Swapping out Mustache for Handlebars to fix the comma issue,com.github.jknack:handlebars com.github.spullara.mustache.java:compiler,"
Swapping out Mustache for Handlebars to fix the comma issue",3,Utility,,1,1.0,BugIssue
radargun/radargun,13faeb92a7d44e6d3d88f4c05d65dd7c3daa29f4,2014-01-17 19:03:39,org.apache.logging.log4j:log4j,commons-logging:commons-logging,"Refactoring of logging
* removed apache-commons logging (was only wrapping other implementation)
* all logging in RadarGun should go through org.radargun.logging.Log
* support for log4j (default) and log4j2 (when compiling with -Dlog4j2)
* added per node rolling appender and default configuration for log4j2
* jboss-logging is excluded from Infinispan dependencies, version 3.1.4.GA explicitely provided (prior versions don't support log4j2)",org.apache.logging.log4j:log4j commons-logging:commons-logging,"
* removed apache-commons logging (was only wrapping other implementation)
* all logging in RadarGun should go through org.radargun.logging.
Log",6,Logging,,1,0.7,Simplification
rajadilipkolli/POC,0bd38303b45e1083de35f5373b96adbc8f7ebeaf,2017-02-03 10:34:52,org.assertj:assertj-core,org.easytesting:fest-assert,Changes assertion library to springboots library,org.assertj:assertj-core org.easytesting:fest-assert,"
Changes assertion library to springboots library",49,Testing,,1,1.0,
ralscha/extdirectspring,618b5c7cbe7585f34258baf03772285dbe9d5e50,2015-09-01 03:55:55,org.assertj:assertj-core,org.easytesting:fest-assert,Replace fest-assert with assertj,org.assertj:assertj-core org.easytesting:fest-assert,"
Replace fest-assert with assertj",34,Testing,,1,1.0,
randomizedtesting/randomizedtesting,c5e4282a43f36e71eb4d6248bad626802083daf7,2015-10-27 14:25:25,org.assertj:assertj-core,org.easytesting:fest-assert,Upgraded fest to assertj.,org.assertj:assertj-core org.easytesting:fest-assert,"
Upgraded fest to assertj.",34,Testing,,1,0.8,
raphw/byte-buddy,7f0c750d950263cf4df5de88cb3f745fa7b9f8a4,2017-11-16 20:14:14,com.github.spotbugs:spotbugs,com.google.code.findbugs,Replace findbugs with spotbugs. Remove Java 9 build which seems to hang during git checkout.,com.github.spotbugs:spotbugs com.google.code.findbugs,"
Replace findbugs with spotbugs.
Remove Java 9 build which seems to hang during git checkout.",21,Utility,,1,1.0,
rapidoid/rapidoid,8596c1d82e9f0a36f40cd7ec393c6829e697836d,2015-07-05 14:37:03,junit:junit,org.testng:testng,Migrated from TestNG to JUnit.,junit:junit org.testng:testng,"
Migrated from TestNG to JUnit.",47,Testing,,1,1.0,
rapidoid/rapidoid,dc0b2b574f1bb36d14fd66cd1ce66b59c10a04e2,2017-05-18 10:36:42,com.zaxxer:HikariCP,com.mchange:c3p0,Replaced c3p0 with Hikari in the platform.,com.zaxxer:HikariCP com.mchange:c3p0,"
Replaced c3p0 with Hikari in the platform.",7,Database,,1,1.0,
raptorbox/raptor,66c654b6239a4c91b91e97d25fba42c923260855,2016-08-26 10:28:58,com.beust:jcommander,commons-cli:commons-cli,"using jcommander now, updated sub commnads",com.beust:jcommander commons-cli:commons-cli,"
using jcommander now, updated sub commnads",8,Utility,,1,0.9,
raptorbox/raptor,2a74be9600618e3f906343bcab731214b0dcebfa,2017-02-28 16:00:21,ch.qos.logback:logback,org.apache.logging.log4j:log4j,use logback and remove other logging dependencies,ch.qos.logback:logback org.apache.logging.log4j:log4j,"
use logback and remove other logging dependencies",11,Logging,,1,1.0,Simplification
raykrueger/hibernate-memcached,720dcf391b257b163247b0004660a89a366d2bad,2008-05-31 16:28:48,org.slf4j:slf4j,log4j:log4j,"Switched to slf4j for logging

git-svn-id: http://hibernate-memcached.googlecode.com/svn/trunk/hibernate-memcached@60 c703cd00-4848-0410-a446-1f3cffe0bef0",org.slf4j:slf4j log4j:log4j,"
Switched to slf4j for logging",73,Logging,,1,1.0,
raymanrt/aho-corasick,969223043cf77e1660757587488490f88f2d24d5,2014-02-15 07:13:46,org.testng:testng,junit:junit,"Update test suite

  * Use testng instead of junit
  * Convert two hang-ons to tests
  * Add annotations to individual test methods",org.testng:testng junit:junit,"
* Use testng instead of junit
* Convert two hang-ons to tests",23,Testing,,1,1.0,
RBGKew/powop,b80ba1b3ea6f7205d63cfbc37dd2f38bb20e7e31,2011-06-24 14:31:17,ch.qos.logback:logback,log4j:log4j,"Switched applications from log4j to logback, and tweaked checklist so that identifiers are displayed in responses properly",ch.qos.logback:logback log4j:log4j,"
Switched applications from log4j to logback, and tweaked checklist so that identifiers are displayed in responses properly",58,Logging,,1,1.0,
RBGKew/powop,b80ba1b3ea6f7205d63cfbc37dd2f38bb20e7e31,2011-06-24 14:31:17,ch.qos.logback:logback,org.slf4j:slf4j,"Switched applications from log4j to logback, and tweaked checklist so that identifiers are displayed in responses properly",ch.qos.logback:logback org.slf4j:slf4j,"
Switched applications from log4j to logback, and tweaked checklist so that identifiers are displayed in responses properly",67,Logging,,1,1.0,
RBGKew/powop,474f02857d3f5d2ed96b1c16fd3da51b4e2cb818,2014-04-09 17:10:24,org.slf4j:log4j-over-slf4j,log4j:log4j,"Updated version of SLF4J API and Logback.
Prefer Logback over Log4J in harvester and portal.",org.slf4j:log4j-over-slf4j log4j:log4j,"
Prefer Logback over Log4J in harvester and portal.",27,Logging,,1,0.8,
RBGKew/powop,474f02857d3f5d2ed96b1c16fd3da51b4e2cb818,2014-04-09 17:10:24,org.slf4j:log4j-over-slf4j,org.slf4j:slf4j,"Updated version of SLF4J API and Logback.
Prefer Logback over Log4J in harvester and portal.",org.slf4j:log4j-over-slf4j org.slf4j:slf4j,"
Prefer Logback over Log4J in harvester and portal.
Updated version of SLF4J API and Logback.",26,Logging,,1,0.8,
rbieniek/BGP4J,f8d3fc15c87d228132df0684b102aa594cb6c367,2011-12-11 13:46:05,org.slf4j:slf4j,commons-logging:commons-logging,"removed commons-logging and switch to slf4j

git-svn-id: http://www.urb.de/svn/quagga-java/trunk@190 89c0c959-9dd7-408c-8d32-d5a5e101d773",org.slf4j:slf4j commons-logging:commons-logging,"
removed commons-logging and switch to slf4j",39,Logging,,1,1.0,
Reading-eScience-Centre/edal-java,080392628831a814b748f54cec798d218aefb333,2016-12-16 16:30:10,org.json:json,net.sf.json-lib:json-lib,"Switched to a different JSON library, updated commons-collection version",org.json:json net.sf.json-lib:json-lib,"
Switched to a different JSON library, updated commons-collection version",4,Serialization,,1,1.0,
redfish4ktc/maven-soapui-extension-plugin,280f5aab8e7529ec1df6b646fc2448b7e9603466,2014-04-24 14:53:06,org.assertj:assertj-core,org.easytesting:fest-assert,"Use assertj in java tests #91

Remove use of fest-assert 2.x in favor of assertj (more active, community
driven, more assertions)",org.assertj:assertj-core org.easytesting:fest-assert,"
Use assertj in java tests #91",34,Testing,,1,1.0,Activity
redpen-cc/redpen,9d159d4d5fbf63a938171c72e1c6b1fe75cb5da7,2014-10-30 16:17:49,org.slf4j:slf4j,org.apache.logging.log4j:log4j,"remove log4j dependency, use slf4j instead",org.slf4j:slf4j org.apache.logging.log4j:log4j,"
remove log4j dependency, use slf4j instead",13,Logging,,1,1.0,
regunathb/Trooper,054943b2867ec442cbef602db92086fdb71e5096,2013-06-12 09:49:09,org.codehaus.jackson:jackson,net.sf.json-lib:json-lib,Changed JSON serializer to Jackson,org.codehaus.jackson:jackson net.sf.json-lib:json-lib,"
Changed JSON serializer to Jackson",3,Serialization,,1,1.0,
release-engineering/pom-manipulation-ext,d7d4a0305e6b681e97e79b0510ca0b7570f2ed00,2015-08-28 13:30:37,com.fasterxml.jackson,org.json:json,Replace org.json with jackson,com.fasterxml.jackson org.json:json,"
Replace org.json with jackson",6,Serialization,,1,1.0,
remibantos/jeeshop,74c4cd6662016f6fe512b74ed3aa25f2f263bd7c,2015-11-29 12:15:09,org.assertj:assertj-core,org.easytesting:fest-assert,"Update Java lib dependencies (QueryDsl, AssertJ,...)
Rename *IT tests to CT to comply with ""component tests"" pattern",org.assertj:assertj-core org.easytesting:fest-assert,"
Update Java lib dependencies (QueryDsl, AssertJ,...)
Rename *IT tests to CT to comply with ""component tests"" pattern",49,Testing,,1,0.8,
RestComm/jss7,99c57ff897e605d7427d5c892032fe28f409f2af,2012-02-12 23:07:39,org.testng:testng,junit:junit,"fix for http://code.google.com/p/mobicents/issues/detail?id=3098 Migrate M3UA from junit to testNG

git-svn-id: https://mobicents.googlecode.com/svn/trunk/protocols/ss7@21981 bf0df8d0-2c1f-0410-b170-bd30377b63dc",org.testng:testng junit:junit,"
fix for http://code.google.com/p/mobicents/issues/detail?id=3098 Migrate M3UA from junit to testNG",23,Testing,,1,1.0,
rest-driver/rest-driver,305cc4bf60adbe68814baeb79dba487c3c0aa0b2,2011-05-01 22:11:42,org.mockito:mockito,org.easymock:easymock,switched easymock -> mockito,org.mockito:mockito org.easymock:easymock,"
switched easymock  laifuhewb  mockito",15,Testing,,1,1.0,
resteasy/Resteasy,88896ab5d8f8a1868168e2f0bdce06890b4b90e5,2021-06-14 14:26:10,org.jboss.logging:jboss-logging,org.slf4j:slf4j,[RESTEASY-2889] replaced slf4j with jboss-logging,org.jboss.logging:jboss-logging org.slf4j:slf4j,"
[RESTEASY-2889] replaced slf4j with jboss-logging",4,Logging,,1,1.0,
restx/restx,5193920691156c1923bed451e622f2df7c5e5f0e,2013-05-05 19:23:57,org.assertj:assertj-core,org.easytesting:fest-assert,migrate from fest assert to assertj,org.assertj:assertj-core org.easytesting:fest-assert,"
migrate from fest assert to assertj",34,Testing,,1,1.0,
restx/restx,22c76dd7e81e28fad78f26288247dd8436562e38,2013-12-14 22:11:11,com.samskivert:jmustache,com.github.spullara.mustache.java:compiler,"templates: move from spullara.mustache to jmustache

which has more templating features, including a way to handle first and last elements of a list differently.
The jar is also half the size of the other one.",com.samskivert:jmustache com.github.spullara.mustache.java:compiler,"
templates: move from spullara.mustache to jmustache",4,Utility,,1,1.0,Functionality
revelc/formatter-maven-plugin,fef3c272d042d3b2f5e682f3473c069b75cc070c,2017-10-22 19:05:39,com.fasterxml.jackson,com.google.code.gson:gson,[json] Migrate from gson to jackson to support line endings and indention,com.fasterxml.jackson com.google.code.gson:gson,"
[json] Migrate from gson to jackson to support line endings and indention",34,Serialization,,1,1.0,Functionality
rh-jmc-team/container-jfr,7076887dd633585546a2141457afd805ea451560,2021-01-13 22:39:42,io.fabric8:kubernetes,io.kubernetes:client-java,"Replace io.kubernetes:client-java with io.fabric8:kubernetes-client (#391)

* Remove io.kubernetes dependency

Remove io.kubernetes dependency and instead use already-present (transitive) io.fabric8.kubernetes. This also simplifies the type hierarchy between KubeApi and OpenShift platform classes, allowing for the removal of the OpenShiftPlatformClient and the substitution of the KubeApiPlatformClient, which is now a generified version of the OpenShiftPlatformClient implementation but using a KubernetesClient instance.

* Ensure same version for fabric8 openshift/kubernetes clients

* Remove platform.openshift package

Move two classes into more fitting packages",io.fabric8:kubernetes io.kubernetes:client-java,"
Replace io.kubernetes:client-java with io.fabric8:kubernetes-client (#391)",3,Web Framework,,1,1.0,Simplification
rhuss/jolokia,12164cb2bd402a11ecd62185417e27689a4aef2e,2020-07-24 09:43:14,io.fabric8:kubernetes,io.kubernetes:client-java,Switch to fabric8 kubernetes client. shortening service URL. Support alternate authentication,io.fabric8:kubernetes io.kubernetes:client-java,"
Switch to fabric8 kubernetes client.
shortening service URL.",3,Web Framework,,1,1.0,Functionality
richardrodgers/mds,5447b8431a3f3d86e8c7f46b29aa92cf56d77333,2012-02-06 19:52:38,args4j:args4j,commons-cli:commons-cli,"Replaced commons-cli with args4j, moved launcher cmds to registry",args4j:args4j commons-cli:commons-cli,"
Replaced commons-cli with args4j, moved launcher cmds to registry",3,Utility,,1,1.0,
RIPE-NCC/whois,52ec9c665069e4a728806a6f44357cbf73397987,2020-05-01 09:24:10,org.apache.logging.log4j:log4j,org.slf4j:slf4j,"Update log4j slf4j (#630)

* Update log4j to version 2.
Update slf4j.

* Use predictable dir for Gitlab build.

* Use log4j2 config files.

* Don't need this.

* log4j-api is already present as a transitive dependency.",org.apache.logging.log4j:log4j org.slf4j:slf4j,"
Update log4j slf4j (#630)",111,Logging,,1,0.8,
RIPE-NCC/whois,52ec9c665069e4a728806a6f44357cbf73397987,2020-05-01 09:24:10,org.apache.logging.log4j:log4j,log4j:apache-log4j-extras,"Update log4j slf4j (#630)

* Update log4j to version 2.
Update slf4j.

* Use predictable dir for Gitlab build.

* Use log4j2 config files.

* Don't need this.

* log4j-api is already present as a transitive dependency.",org.apache.logging.log4j:log4j log4j:apache-log4j-extras,"
Update log4j slf4j (#630)",10,Logging,,1,0.8,
Riverside-Software/sonar-openedge,3cfe958d673a12df67762282301dd9b9738fe717,2016-07-21 09:22:27,org.testng:testng,junit:junit,Switch from JUnit to TestNG (#32),org.testng:testng junit:junit,"
Switch from JUnit to TestNG (#32)",23,Testing,,1,1.0,
rnewson/couchdb-lucene,f53e98ba8c95396560509167a1239cbf8145743c,2010-11-10 10:46:29,org.json:json,net.sf.json-lib:json-lib,switch to org.json,org.json:json net.sf.json-lib:json-lib,switch to org.jsonswitch to org.json,4,Serialization,,1,0.9,
RoboZonky/robozonky,e74252d4385ac6b9dd82997d3797fc519d7db8cf,2017-01-21 12:35:30,com.beust:jcommander,commons-cli:commons-cli,"Replace commons-cli with JCommander

This commit breaks backwards compatibility of the CLI by introducing commands instead of some options, and removing values for others.

The operating mode is now specified as a command (""single"", ""many""). Captcha delay is now configured through a property, and so is dry run balance.",com.beust:jcommander commons-cli:commons-cli,"
Replace commons-cli with JCommander",8,Utility,,1,1.0,
RoboZonky/robozonky,38463dcb4e063b3a96b90f353b2f93e89ef03d1e,2018-11-10 23:35:19,info.picocli:picocli,com.beust:jcommander,"Replace JCommander with Picocli (closes #296) (#339)

There are no known backwards incompatible changes to the CLI of either the daemon or the config tool. Exit codes have seen some minor changes.",info.picocli:picocli com.beust:jcommander,"
Replace JCommander with Picocli (closes #296) (#339)",3,Utility,,1,1.0,
RoboZonky/robozonky,9097514bbf2f92b8f280cc4df0854a70bbdf0207,2019-01-26 12:34:02,org.apache.logging.log4j:log4j,org.slf4j:slf4j,"Switch from logging through SLF4J to Log4J v2.x (#376)

The API is better, as it allows truly async calls. Also, SLF4J appears to be dead with months of no activity in the project.",org.apache.logging.log4j:log4j org.slf4j:slf4j,"
Switch from logging through SLF4J to Log4J v2.x (#376)",8,Logging,,1,1.0,Functionality
RoboZonky/robozonky,9097514bbf2f92b8f280cc4df0854a70bbdf0207,2019-01-26 12:34:02,org.apache.logging.log4j:log4j,org.slf4j:jcl-over-slf4j,"Switch from logging through SLF4J to Log4J v2.x (#376)

The API is better, as it allows truly async calls. Also, SLF4J appears to be dead with months of no activity in the project.",org.apache.logging.log4j:log4j org.slf4j:jcl-over-slf4j,"
Switch from logging through SLF4J to Log4J v2.x (#376)",5,Logging,,1,1.0,Functionality
RoboZonky/robozonky,9bf2f39aa5109ab5d0877b923e26a7412b26b8c0,2019-04-14 15:41:53,org.apache.logging.log4j:log4j,ch.qos.logback:logback,Replace Logback with Log4j 2,org.apache.logging.log4j:log4j ch.qos.logback:logback,"
Replace Logback with Log4j 2",12,Logging,,1,1.0,
rokstrnisa/unattach,4f1de3e28cf17ccd12fcd31c1ff205d4a266dd68,2021-04-02 11:18:36,org.apache.logging.log4j:log4j,org.slf4j:slf4j,Switch to log4j2.,org.apache.logging.log4j:log4j org.slf4j:slf4j,"
Switch to log4j2.",69,Logging,,1,1.0,
rolandkrueger/vaadin-by-example,c2b87c131806c54024c9b8baf20eb7bcc67b44c3,2018-05-10 15:49:26,com.h2database:h2,org.hsqldb:hsqldb,"Updated to:
 spring-boot-starter-parent 2.0.1.RELEASE
 vaadin.version 8.3.1
 guava 23.0

And changed hsqldb to h2, due to errors on hsqldb startup when query users_authorities.",com.h2database:h2 org.hsqldb:hsqldb,"
And changed hsqldb to h2, due to errors on hsqldb startup when query users_authorities.",14,Database,,1,1.0,BugIssue
roookeee/datus,b812abe018064da84c79d30edb64f30d13508786,2019-05-19 19:04:55,org.assertj:assertj-core,org.hamcrest:hamcrest,Change from hamcrest to assertj,org.assertj:assertj-core org.hamcrest:hamcrest,"
Change from hamcrest to assertj",7,Testing,,1,1.0,
RovoMe/JDiff,4ff6e153075016745ddec8afa9eb87cd21cb4724,2017-05-25 15:45:58,ch.qos.logback:logback,org.apache.logging.log4j:log4j,REPLACED log4j2 logger with slf4j/logback,ch.qos.logback:logback org.apache.logging.log4j:log4j,"
REPLACED log4j2 logger with slf4j/logback",11,Logging,,1,1.0,
rscarberry-wa/clodhopper,6995d37e7800723bab382962979c254bf201ecd6,2017-02-17 15:34:39,org.slf4j:slf4j,log4j:log4j,Updated versions of libraries and moved version numbers into properties. Replaced log4j wth slf4j,org.slf4j:slf4j log4j:log4j,"Updated versions of libraries and moved version numbers into properties.
Replaced log4j wth slf4j
",73,Logging,,1,1.0,
Rsl1122/Plan-PlayerAnalytics,f1024f67c04fb35d8af017b2b1007481b024e02b,2018-04-13 05:43:33,org.apache.commons:commons-text,org.apache.commons:commons-lang3,"Relocated apache packages, Replaced deprecated StrSubstitutor",org.apache.commons:commons-text org.apache.commons:commons-lang3,"
Relocated apache packages, Replaced deprecated StrSubstitutor",12,Utility,,1,0.8,Deprecation
Rsl1122/Plan-PlayerAnalytics,349c556db44a52953aedb83fe7093e4d7e79aab6,2018-07-27 06:08:02,com.zaxxer:HikariCP,org.apache.commons:commons-dbcp2,Replaced DHCP2 with HikariCP #660 (Possibly fixes #648),com.zaxxer:HikariCP org.apache.commons:commons-dbcp2,"
Replaced DHCP2 with HikariCP #660 (Possibly fixes #648)",7,Database,,1,1.0,BugIssue
rstoyanchev/spring-websocket-test,d3a651c681f1ea2584ad7954bd91146d178bf1f0,2020-05-04 09:02:24,org.apache.logging.log4j:log4j,org.slf4j:slf4j,Use Log4j2,org.apache.logging.log4j:log4j org.slf4j:slf4j,"
Use Log4j2",111,Logging,,1,1.0,
rvillars/bookapp-rest,a88ee3a0f7f30c54ff59c9cf533bcf9a76ab8a32,2013-05-29 12:23:59,com.h2database:h2,mysql:mysql-connector-java,H2 database instead of mysql,com.h2database:h2 mysql:mysql-connector-java,"
H2 database instead of mysql",7,Database,,1,1.0,
RWTH-i5-IDSG/steve,fc41fb9d8086c889e3da990c886ba3098ef6fa5f,2015-07-14 09:57:09,org.apache.logging.log4j:log4j,org.slf4j:slf4j,upgraded to Log4j 2,org.apache.logging.log4j:log4j org.slf4j:slf4j,"
upgraded to Log4j 2",111,Logging,,1,0.8,
Rxsto/groovy-bot-v2,34697cd9a4562f79acabcd0ec3a096c03983e516,2018-10-09 17:02:05,org.apache.logging.log4j:log4j,org.slf4j:slf4j,Ported to log4j2,org.apache.logging.log4j:log4j org.slf4j:slf4j,"
Ported to log4j2",111,Logging,,1,1.0,
saalfeldlab/render,e20ad52aa9699b6872038ebfe6598255d087aef4,2015-08-21 20:00:23,com.fasterxml.jackson,com.google.code.gson:gson,replace GSON JSON serialization library with Jackson so that we can use Swagger (and possibly improve performance of JSON based services),com.fasterxml.jackson com.google.code.gson:gson,"
replace GSON JSON serialization library with Jackson so that we can use Swagger (and possibly improve performance of JSON based services)",34,Serialization,,1,1.0,Integration
sadcenter/server-communication,769e856df4affd7c3c92d434914460143eefd145,2021-04-13 09:40:39,com.github.ben-manes.caffeine:caffeine,com.google.guava:guava,"Watermark, google cache -> caffeine, deleted useless dependency",com.github.ben-manes.caffeine:caffeine com.google.guava:guava,"
Watermark, google cache  laifuhewb  caffeine, deleted useless dependency",4,Utility,,1,1.0,Simplification
sakaiproject/sakai,8f39bf14d4c0d321f2a7d283fec6f8a364ae3000,2016-04-23 03:29:54,org.slf4j:jcl-over-slf4j,commons-logging:commons-logging,"SAK-30828 Normalize sakai logging

- remove commons-logging (jcl)
- add logging to those projects where it was removed
- convert System.out to log messages in many projects
- add jcl-over-slf4j lib
- update many dependencies to inherit from master
- update logging for tests
- add lombok to global dependency (@Slf4j)",org.slf4j:jcl-over-slf4j commons-logging:commons-logging,"SAK-30828 Normalize sakai logging
SAK-30828 Normalize sakai logging
SAK-30828 Normalize sakai logging
",22,Logging,,1,0.9,Simplification
sakaiproject/sakai,49cba0b11b2dc457e9ba90edf76b06c229427287,2018-10-16 09:26:01,org.apache.commons:commons-text,commons-lang:commons-lang,"SAK-40784 commons-lang => commons-lang3

org.apache.commons.lang.StringUtils => org.apache.commons.lang3.StringUtils;

org.apache.commons.lang.StringEscapeUtils = org.apache.commons.text.StringEscapeUtils
StringEscapeUtils.escapeXml10(String)

org.apache.commons.lang.BooleanUtils => org.apache.commons.lang3.BooleanUtils;",org.apache.commons:commons-text commons-lang:commons-lang,"
org.apache.commons.lang.
StringUtils => org.apache.commons.lang3.",14,Utility,,1,0.7,
Salaboy/emergency-service-drools-app,25e13d71854df8e32b9a8beea8a014e81ad5b59c,2011-02-10 17:22:10,com.h2database:h2,mysql:mysql-connector-java,replacing mysql for h2,com.h2database:h2 mysql:mysql-connector-java,"
replacing mysql for h2",7,Database,,1,1.0,
salahsheikh/jpushbullet,364b76944ed871e9e8695b3238c52e65850860bd,2017-01-02 19:07:27,org.slf4j:slf4j,org.apache.logging.log4j:log4j,"Use slf4j for logging to make life easier for clients

Signed-off-by: Hakan Tandogan <hakan@tandogan.com>",org.slf4j:slf4j org.apache.logging.log4j:log4j,"
Use slf4j for logging to make life easier for clients",13,Logging,,1,1.0,Usability
sandrasi/java-google-geocoder,97d20b527382b7db598e88943ad604ddb87b3ef0,2012-05-02 19:08:37,org.mockito:mockito,org.easymock:easymock,Migrate from EasyMock to Mockito.,org.mockito:mockito org.easymock:easymock,"
Migrate from EasyMock to Mockito.",15,Testing,,1,1.0,
santhosh-tekuri/jlibs,70bc6d0ace6cab6b346bf91864b317f2b2a3789f,2010-08-29 18:54:46,org.hsqldb:hsqldb,mysql:mysql-connector-java,"changed from mysql to hsqldb, so that it can be build on any machine",org.hsqldb:hsqldb mysql:mysql-connector-java,"
changed from mysql to hsqldb, so that it can be build on any machine",3,Database,,1,1.0,Usability
SAP/cloud-security-xsuaa-integration,f00f140a8983098298580efcc8f897c4c0487684,2019-10-14 14:23:46,org.slf4j:slf4j,org.apache.logging.log4j:log4j,replace apache slf4j lib,org.slf4j:slf4j org.apache.logging.log4j:log4j,"
replace apache slf4j lib",3,Logging,,1,0.9,
saysky/ForestBlog,b9cfc41b2923a80cf60b7bd2271405a7fedf6471,2021-03-19 09:46:40,ch.qos.logback:logback,log4j:log4j,Upgrade log4j to logback,ch.qos.logback:logback log4j:log4j,"
Upgrade log4j to logback",58,Logging,,1,0.9,
ScaleUnlimited/cascading.solr,fdc323fb6e21ab198c0a2d24f52bda885139f245,2013-08-16 00:39:25,org.slf4j:slf4j,log4j:log4j,Use slf4j for logging instead of log4j,org.slf4j:slf4j log4j:log4j,"
Use slf4j for logging instead of log4j",73,Logging,,1,1.0,
scenerygraphics/SciView,6a10487cb73e950463d784d7fe369cc8db5d956c,2019-11-18 10:59:56,ch.qos.logback:logback,org.slf4j:slf4j,POM: Replace slf4j-simple with logback such that logging works correctly,ch.qos.logback:logback org.slf4j:slf4j,"
POM: Replace slf4j-simple with logback such that logging works correctly",13,Logging,,1,1.0,BugIssue
schemacrawler/SchemaCrawler,a76780c1d149d60ede0bcf6997f20b757c0e2481,2019-10-04 02:49:36,org.testcontainers:mysql,com.wix:wix-embedded-mysql,Use testcontainers for MySQL tests,org.testcontainers:mysql com.wix:wix-embedded-mysql,"
Use testcontainers for MySQL tests",3,Testing,,1,1.0,
scijava/native-lib-loader,6dabcd249b1dec7e9ba024b46ddb2e28fc4d55f0,2015-12-01 02:50:11,junit:junit,org.testng:testng,"Switch from TestNG to JUnit

All other SciJava projects use JUnit.

TestNG has a lot of cool features. However, the TestNG Eclipse plugin
(at least historically, in my experience) causes problems when installed
side-by-side with the JUnit Eclipse plugin: every time you run a unit
test, Eclipse annoying asks whether to use JUnit or TestNG. It is much
simpler to just keep everything in JUnit, which is good enough for the
vast majority of testing needs.",junit:junit org.testng:testng,"
Switch from TestNG to JUnit",47,Testing,,1,1.0,Organization
scm-manager/scm-manager,2de5c3226d9f9bbe836eae4236dfb2b173783c2e,2011-01-18 17:08:45,ch.qos.logback:logback,log4j:log4j,using logback instead of log4j,ch.qos.logback:logback log4j:log4j,"
using logback instead of log4j",58,Logging,,1,1.0,
scm-manager/scm-manager,2de5c3226d9f9bbe836eae4236dfb2b173783c2e,2011-01-18 17:08:45,ch.qos.logback:logback,org.slf4j:slf4j,using logback instead of log4j,ch.qos.logback:logback org.slf4j:slf4j,"
using logback instead of log4j",67,Logging,,1,1.0,
scm-manager/scm-manager,298fd2e97509051ab7cc425f0e709942943cd6dc,2012-02-26 10:40:34,com.google.guava:guava,com.google.collections:google-collections,use google guava instead of google collections,com.google.guava:guava com.google.collections:google-collections,"
use google guava instead of google collections",28,Utility,,1,1.0,
scm-manager/scm-manager,3637a8de2025be259e696adb780938064bcf7038,2017-06-27 18:16:05,org.jboss.resteasy:resteasy,com.sun.jersey:jersey,switch from jersey 1.x to resteasy,org.jboss.resteasy:resteasy com.sun.jersey:jersey,"
switch from jersey 1.x to resteasy",3,Web Framework,,1,0.98,
scm-manager/scm-manager,7a274abf0f9d418ec16f3524cd1926e5e7bb5a8a,2020-05-20 10:20:49,org.glassfish:javax.el,javax.el:javax.el-api,"Replace el api with implementation from glassfish

Somehow, plugins failed to start without this.",org.glassfish:javax.el javax.el:javax.el-api,"Replace el api with implementation from glassfish
",4,Utility,,1,0.85,BugIssue
scribejava/scribejava,7d2ce91c04bd4ec8d3ce48de7dd6f53522d50db0,2019-05-27 15:25:59,com.fasterxml.jackson,com.google.code.gson:gson,switch to jackson dependency to parse json responses (thanks to https://github.com/galimru),com.fasterxml.jackson com.google.code.gson:gson,switch to jackson dependency to parse json responses (thanks to https://github.com/galimru),34,Serialization,,1,0.98,
sculptor/sculptor,0dfab60889eff14bee84379fe39137f1987b9052,2013-03-10 21:37:07,ch.qos.logback:logback,log4j:log4j,replaced log4j and commons-logging by slf4j + Logback,ch.qos.logback:logback log4j:log4j,"
replaced log4j and commons-logging by slf4j + Logback",58,Logging,,1,0.98,
sculptor/sculptor,0dfab60889eff14bee84379fe39137f1987b9052,2013-03-10 21:37:07,org.slf4j:log4j-over-slf4j,log4j:log4j,replaced log4j and commons-logging by slf4j + Logback,org.slf4j:log4j-over-slf4j log4j:log4j,"
replaced log4j and commons-logging by slf4j + Logback",27,Logging,,1,0.98,
sculptor/sculptor,0dfab60889eff14bee84379fe39137f1987b9052,2013-03-10 21:37:07,org.slf4j:jcl-over-slf4j,commons-logging:commons-logging,replaced log4j and commons-logging by slf4j + Logback,org.slf4j:jcl-over-slf4j commons-logging:commons-logging,"
replaced log4j and commons-logging by slf4j + Logback",22,Logging,,1,0.98,
sculptor/sculptor,0dfab60889eff14bee84379fe39137f1987b9052,2013-03-10 21:37:07,ch.qos.logback:logback,commons-logging:commons-logging,replaced log4j and commons-logging by slf4j + Logback,ch.qos.logback:logback commons-logging:commons-logging,"
replaced log4j and commons-logging by slf4j + Logback",7,Logging,,1,0.98,
sculptor/sculptor,0dfab60889eff14bee84379fe39137f1987b9052,2013-03-10 21:37:07,org.slf4j:log4j-over-slf4j,commons-logging:commons-logging,replaced log4j and commons-logging by slf4j + Logback,org.slf4j:log4j-over-slf4j commons-logging:commons-logging,"
replaced log4j and commons-logging by slf4j + Logback",4,Logging,,1,0.98,
sculptor/sculptor,0dfab60889eff14bee84379fe39137f1987b9052,2013-03-10 21:37:07,org.slf4j:jcl-over-slf4j,org.slf4j:slf4j,replaced log4j and commons-logging by slf4j + Logback,org.slf4j:jcl-over-slf4j org.slf4j:slf4j,"
replaced log4j and commons-logging by slf4j + Logback",4,Logging,,1,0.98,
sculptor/sculptor,0dfab60889eff14bee84379fe39137f1987b9052,2013-03-10 21:37:07,org.slf4j:jcl-over-slf4j,log4j:log4j,replaced log4j and commons-logging by slf4j + Logback,org.slf4j:jcl-over-slf4j log4j:log4j,"
replaced log4j and commons-logging by slf4j + Logback",14,Logging,,1,0.98,
sculptor/sculptor,0dfab60889eff14bee84379fe39137f1987b9052,2013-03-10 21:37:07,ch.qos.logback:logback,org.slf4j:slf4j,replaced log4j and commons-logging by slf4j + Logback,ch.qos.logback:logback org.slf4j:slf4j,"
replaced log4j and commons-logging by slf4j + Logback",3,Logging,,1,0.98,
sculptor/sculptor,115218bdb98d6220533c93b02b7cc21e3aac35b7,2015-02-22 11:54:27,org.jboss.spec.javax,javax.security.jacc:javax.security.jacc-api,"Fixes #129: Replaces the J2EE 4 dependencies with the Java EE 6 platform dependencies

We can't use Suns / Oracles JEE6 API jars because of the absent method bodies in the API classes. So we are using the JEE6 API specification jars ""org.jboss.spec"" from JBoss instead.",org.jboss.spec.javax javax.security.jacc:javax.security.jacc-api,"
Fixes #129: Replaces the J2EE 4 dependencies with the Java EE 6 platform dependencies",3,Web Framework,,1,0.8,Integration
sculptor/sculptor,115218bdb98d6220533c93b02b7cc21e3aac35b7,2015-02-22 11:54:27,org.jboss.spec.javax,javax.servlet:servlet-api,"Fixes #129: Replaces the J2EE 4 dependencies with the Java EE 6 platform dependencies

We can't use Suns / Oracles JEE6 API jars because of the absent method bodies in the API classes. So we are using the JEE6 API specification jars ""org.jboss.spec"" from JBoss instead.",org.jboss.spec.javax javax.servlet:servlet-api,"
Fixes #129: Replaces the J2EE 4 dependencies with the Java EE 6 platform dependencies",10,Web Framework,,1,0.8,Integration
sculptor/sculptor,115218bdb98d6220533c93b02b7cc21e3aac35b7,2015-02-22 11:54:27,org.jboss.spec.javax,javax.ejb:ejb-api,"Fixes #129: Replaces the J2EE 4 dependencies with the Java EE 6 platform dependencies

We can't use Suns / Oracles JEE6 API jars because of the absent method bodies in the API classes. So we are using the JEE6 API specification jars ""org.jboss.spec"" from JBoss instead.",org.jboss.spec.javax javax.ejb:ejb-api,"
Fixes #129: Replaces the J2EE 4 dependencies with the Java EE 6 platform dependencies",5,Web Framework,,1,0.8,Integration
scylladb/scylla-jmx,649922fed8f787ca184d005e48bdfdb8d4543b13,2015-10-28 09:25:37,javax.ws.rs:javax.ws.rs-api,com.sun.jersey:jersey,"Updating the http client and support API exception

The API returns errors with an HTTP code 400, 404 or 500 depending on
the cause with a json object that contains the failure reason.  The
error message should be populate to the JMX calling client, translated
to the appropriate exception.

This patch adds the ability to detect API failure and throw a runtime
exception with the returned message.

It is up to the calling method what to do with the exception, if it
would do nothing, the calling client would get a RuntimeException,
depends on origin MBean definition, the caller can catch the exception
and throw a specific kind.

Note that any exception that is thrown must be known to the JMX client
or it will not be able to process it.

As a first step, this patch replaces the jersey client to the newer
version under glassfish, which has an easy way of getting a Reply
object, and check its status before returning the results.

The only difference in the method that uses the APIClient is the use of
MultivaluedHashMap.

The following MBean implementation where changed

ColumnFamily
CompactionManager
Gossiper
EndpointSnitchInfo
CacheService
StorageProxy
StorageService

Signed-off-by: Amnon Heiman <amnon@scylladb.com>",javax.ws.rs:javax.ws.rs-api com.sun.jersey:jersey,"or it will not be able to process it.

or it will not be able to process it.

",3,Web Framework,,1,0.7,Usability
seam/cron,8a92c5819569b65249d499deee2a31733d8b4f17,2011-04-11 04:55:22,junit:junit,org.testng:testng,"2011-04-01  Cloves Almeida <cjalmeida@gmail.com>

* Package change to org.jboss.seam.cron

* Using SLF4J instead of commons-logging. Removed log4j.properties configurations.

* Using Arquillian (1.0.0.Alpha5) as test framework.

* Using JUnit instead of TestNG (found more stable with Arquillian).

* Re-implementation of test suite to reflect the change to Arquillian and JUnit.

* Refactored pom.xml to reflect changes, correct repository and remove unused dependencies.",junit:junit org.testng:testng,"
* Using JUnit instead of TestNG (found more stable with Arquillian).",47,Testing,,1,0.98,BugIssue
seam/cron,8a92c5819569b65249d499deee2a31733d8b4f17,2011-04-11 04:55:22,org.jboss.arquillian,org.testng:testng,"2011-04-01  Cloves Almeida <cjalmeida@gmail.com>

* Package change to org.jboss.seam.cron

* Using SLF4J instead of commons-logging. Removed log4j.properties configurations.

* Using Arquillian (1.0.0.Alpha5) as test framework.

* Using JUnit instead of TestNG (found more stable with Arquillian).

* Re-implementation of test suite to reflect the change to Arquillian and JUnit.

* Refactored pom.xml to reflect changes, correct repository and remove unused dependencies.",org.jboss.arquillian org.testng:testng,"
* Using JUnit instead of TestNG (found more stable with Arquillian).",3,Testing,,1,0.98,BugIssue
seam/cron,8a92c5819569b65249d499deee2a31733d8b4f17,2011-04-11 04:55:22,org.slf4j:slf4j,commons-logging:commons-logging,"2011-04-01  Cloves Almeida <cjalmeida@gmail.com>

* Package change to org.jboss.seam.cron

* Using SLF4J instead of commons-logging. Removed log4j.properties configurations.

* Using Arquillian (1.0.0.Alpha5) as test framework.

* Using JUnit instead of TestNG (found more stable with Arquillian).

* Re-implementation of test suite to reflect the change to Arquillian and JUnit.

* Refactored pom.xml to reflect changes, correct repository and remove unused dependencies.",org.slf4j:slf4j commons-logging:commons-logging,"
* Using SLF4J instead of commons-logging.
Removed log4j.properties configurations.",39,Logging,,1,0.98,
seam/faces,366f3a3ce4643dbf5c2c511b6094d9cc04dd679b,2010-03-17 21:29:09,junit:junit,org.testng:testng,"* Fixed POM
* Moved from TestNG to JUnit
* Added Arquillian profile for embedded GFv3
* Restructured producers into faces.producer
* Cleaned up test resources",junit:junit org.testng:testng,"
* Fixed POM
* Moved from TestNG to JUnit
* Added Arquillian profile for embedded GFv3",47,Testing,,1,0.98,
seam/faces,366f3a3ce4643dbf5c2c511b6094d9cc04dd679b,2010-03-17 21:29:09,org.jboss.arquillian,org.testng:testng,"* Fixed POM
* Moved from TestNG to JUnit
* Added Arquillian profile for embedded GFv3
* Restructured producers into faces.producer
* Cleaned up test resources",org.jboss.arquillian org.testng:testng,"
* Fixed POM
* Moved from TestNG to JUnit
* Added Arquillian profile for embedded GFv3",3,Testing,,1,0.98,
searchbox-io/Jest,bc3178a1a0be0a5706fd4f6470d4956544171b94,2015-03-31 05:25:30,org.slf4j:slf4j,org.apache.logging.log4j:log4j,switch to slf4j-log4j12 binding (instead of log4j-slf4j) - this only has internal/test effect as those dependencies are in provided scope,org.slf4j:slf4j org.apache.logging.log4j:log4j,"
switch to slf4j-log4j12 binding (instead of log4j-slf4j) - this only has internal/test effect as those dependencies are in provided scope",4,Logging,,1,0.7,
searchisko/searchisko,73711c774061f126dc96b27eae75b8a38da09d18,2013-02-12 11:52:30,com.h2database:h2,org.hsqldb:hsqldb,"- implemented content persistence store
- h2 database in now used for unit tests instead of hsql",com.h2database:h2 org.hsqldb:hsqldb,"- implemented content persistence store
- h2 database in now used for unit tests instead of hsql",14,Database,,1,0.98,
seata/seata,43fb0d371851c04b2a1d13046851e36c863c5b9c,2019-05-07 08:36:11,com.github.ben-manes.caffeine:caffeine,com.google.guava:guava,"Tidy the dependency (#981)

tidy the maven dependency
* 1、Unify the version of `netty`
* 2、Use [caffine](https://github.com/ben-manes/caffeine) to instead of guava cache
* 3、Upgrade junit4 to [junit5](https://junit.org/junit5/docs/current/user-guide)
* 4、Remove testng (use [junit5](https://junit.org/junit5/docs/current/user-guide))",com.github.ben-manes.caffeine:caffeine com.google.guava:guava,"
* 1、Unify the version of `netty`
* 2、Use [caffine](https://github.com/ben-manes/caffeine) to instead of guava cache
* 3、Upgrade junit4 to [junit5](https://junit.org/junit5/docs/current/user-guide)",4,Utility,,1,0.95,
seata/seata,43fb0d371851c04b2a1d13046851e36c863c5b9c,2019-05-07 08:36:11,org.junit,org.testng:testng,"Tidy the dependency (#981)

tidy the maven dependency
* 1、Unify the version of `netty`
* 2、Use [caffine](https://github.com/ben-manes/caffeine) to instead of guava cache
* 3、Upgrade junit4 to [junit5](https://junit.org/junit5/docs/current/user-guide)
* 4、Remove testng (use [junit5](https://junit.org/junit5/docs/current/user-guide))",org.junit org.testng:testng,"
* 3、Upgrade junit4 to [junit5](https://junit.org/junit5/docs/current/user-guide)
* 4、Remove testng (use [junit5](https://junit.org/junit5/docs/current/user-guide))",8,Testing,,1,0.95,
sebastiangraf/jSCSI,b61627b6254b6cb7bccf43ad875da9e487c069d5,2012-05-10 12:47:54,org.slf4j:slf4j,log4j:log4j,[MOD] switched to sl4j instead of log4j,org.slf4j:slf4j log4j:log4j,"
[MOD] switched to sl4j instead of log4j",73,Logging,,1,0.98,
selendroid/selendroid,f91c68b604ea041d0958d53221c7013ea07b9d8e,2013-10-14 15:54:02,junit:junit,org.testng:testng,Moving to test framework junit. Added functionality to verify popup windows and to interact with the employee directory app (cordova app available under: https://github.com/DominikDary/employee-directory),junit:junit org.testng:testng,"
Moving to test framework junit.
Added functionality to verify popup windows and to interact with the employee directory app (cordova app available under: https://github.com/DominikDary/employee-directory)",47,Testing,,1,0.98,
sentilo/sentilo,60390b35a0df6e7dab032c0ec807954de0d58570,2013-11-22 12:05:48,org.apache.tomcat:tomcat,commons-dbcp:commons-dbcp,"Improve transaction and connection pool config

1. Migrate from commons-dbcp to tomcat-jdbc
2. Set datasource's properties to validate periodically connections from
pool
3. Set default transaction timeout to 120s",org.apache.tomcat:tomcat commons-dbcp:commons-dbcp,"1.
Migrate from commons-dbcp to tomcat-jdbc
2.
",5,Database&Web Framework,,1,0.98,
ServiceComb/ServiceComb-Java-Chassis,4d369a21433c13e3e5447e827ce0cebc35555851,2019-03-06 07:50:22,org.apache.logging.log4j:log4j,org.slf4j:slf4j,[SCB-1144]change samples use log4j2,org.apache.logging.log4j:log4j org.slf4j:slf4j,"
[SCB-1144]change samples use log4j2",111,Logging,,1,0.9,
ServiceComb/ServiceComb-Saga,268e63b47c3cfd04c07bf4c8a07972089e92d9b1,2018-01-18 07:34:09,org.postgresql:postgresql,mysql:mysql-connector-java,"SCB-249 replaced mysql with postgres to comply with APL2 in original saga

Signed-off-by: seanyinx <sean.yin@huawei.com>",org.postgresql:postgresql mysql:mysql-connector-java,"
SCB-249 replaced mysql with postgres to comply with APL2 in original saga",5,Database,,1,0.98,License
shellac/java-rdfa,182e461a395d8ef17b46be9f1a90b3fd19a98a80,2009-08-03 22:26:25,org.json:json,com.google.code.gson:gson,Attempting to get into maven central repo. Requires moving from gson which isn't in central (except buggy version). Boo!,org.json:json com.google.code.gson:gson,"Attempting to get into maven central repo.
Requires moving from gson which isn't in central (except buggy version).
Boo!",8,Serialization,,1,0.9,BugIssue
shred/acme4j,b32f03b23abece9d5803f49579ce37b09b38cc73,2020-06-02 12:08:20,com.github.spotbugs:spotbugs,com.google.code.findbugs,"Replace JSR305 null-safe annotations by SpotBugs annotations

Reason is that JSR305 annotations cannot be used in a modular environment due to split package issues.",com.github.spotbugs:spotbugs com.google.code.findbugs,"
Replace JSR305 null-safe annotations by SpotBugs annotations",6,Utility,,1,0.9,Integration
shrinkwrap/resolver,8c636defc76387772af6d834d6ee19805ed90f2c,2017-02-03 10:52:01,org.assertj:assertj-core,org.easytesting:fest-assert,Change Fest-Assured to AssertJ,org.assertj:assertj-core org.easytesting:fest-assert,"Change Fest-Assured to AssertJ
",49,Testing,,1,0.98,
Silverpeas/Silverpeas-Core,a6b5545879c9889ddb0d2f8044e14339c961a51a,2012-05-11 08:18:43,javax.inject:javax.inject,javax.enterprise:cdi-api,Change the dependency on cdi to on inject,javax.inject:javax.inject javax.enterprise:cdi-api,"
Change the dependency on cdi to on inject",3,Dependency Injection&Testing,,1,0.8,
sivaprasadreddy/primefaces-beginners-guide,3504e6fdb1b459a9f1d1a42e6ecb96e7834e5a0a,2013-11-04 00:40:07,com.h2database:h2,org.hsqldb:hsqldb,"Removed SOPs, switched from HSQL to H2 database.",com.h2database:h2 org.hsqldb:hsqldb,"
Removed SOPs, switched from HSQL to H2 database.",14,Database,,1,0.97,
skyscreamer/yoga,6891ff56cc9ebcf12747875b04f3d995c97be241,2011-04-20 00:08:26,junit:junit,org.testng:testng,"Changed ParseSelectorException to caught exception to differentiate between config and argument errors
Changed tests to JUnit4",junit:junit org.testng:testng,"
Changed ParseSelectorException to caught exception to differentiate between config and argument errors
Changed tests to JUnit4",47,Testing,,1,0.95,
smart-cloud/smart-cloud,5bd2e118cd6d2ae2d33f5dce56f400ae1a75a687,2020-05-21 23:00:21,com.fasterxml.jackson,com.alibaba:fastjson,feature: use jackson replace fastjson,com.fasterxml.jackson com.alibaba:fastjson,"
feature: use jackson replace fastjson",3,Serialization,,1,0.98,
smooks/smooks,4535cc0e6e3ff23d3fce36cf0e26108cf73279e8,2020-02-13 08:12:01,org.slf4j:slf4j,commons-logging:commons-logging,"Using SLF4J to log instead of Apache Commons Logging; removed commons… (#247)

* Using SLF4J to log instead of Apache Commons Logging; removed commons-logging dependency; added logging provider in test classpath

* Removed error loggers from log4j2 config since the root logger by default logs errors; commented debug logger given that Travis complains about the volume of generated logs

* Sticking to letter case as shown in docs",org.slf4j:slf4j commons-logging:commons-logging,"
* Using SLF4J to log instead of Apache Commons Logging; removed commons-logging dependency; added logging provider in test classpath
Using SLF4J to log instead of Apache Commons Logging; removed commons… (#247)",39,Logging,,1,0.97,
smooks/smooks,e97246e53d319024e566e740c0412e3e059ebcaf,2020-08-19 08:28:44,javax.inject:javax.inject,com.google.inject:guice,"Breaking API changes to improve dependency injection (#320)

* refactor!: replace @AppContext and @Context annotations with JSR 330 annotation

* refactor!: replace @Initialize and @Uninitialize annotations with JDK annotations

* refactor!: change Parameter to leverage generics

* refactor!: replace @ConfigParam with corresponding JSR 330 annotations

* refactor!: replace custom @ConfigParam annotation with standard @Inject ad @Named annotations

* refactor!: create the notion of DataTypeProviderFactory which supersedes Decoder

* fix: log any exceptions in ContentDeliveryConfigBuilder during DI as errors instead of warnings

* refactor!: generalise the concept of SmooksResourceConfigurationStore into a Registry (a.k.a Service Locator)

add support for DI in data type providers

replace custom org.smooks.delivery.annotation.Resource with standard javax.annotation.Resource

rename getContext() to getApplicationContext() in ExecutionContext for better clarity

replace custom @StreamResultWriter target at fields with standard @Inject annotation

migrate remaining data decoders to data type provider factories

move system resources to resources directory in order to simplify the code

delete obsolete data decoders

* refactor!: turn Configurator into a composable and extensible class named LifecycleManager

* refactor!: drop support for ApplicationContextInitializer since it's no longer referenced

load content handler factories through JDK ServiceLoader instead of custom service loader

remove method SmooksUtil#registerResource since it doesn't offer much of a convenience method

delete installed-cdu-creators.cdrl given that's no longer referenced

move Smooks#setNamespaces logic to NamespaceMappings

drop generic signature in ContentHandler since it isn't referenced anywhere

centralise the logic for creating Java content handlers in JavaContentHandlerFactory instead of having it scattered across the Registry, SmooksResourceConfiguration, and JavaContentHandlerFactory classes",javax.inject:javax.inject com.google.inject:guice,"
Breaking API changes to improve dependency injection (#320)",4,Dependency Injection&Testing,,1,0.85,Integration
smuralee/spring-batch-quartz-admin,69e14c59c86be2cdba31710063cfa67d3d0c89ee,2015-06-24 19:10:03,hsqldb:hsqldb,mysql:mysql-connector-java,Changed the database from mysql to hsqldb,hsqldb:hsqldb mysql:mysql-connector-java,"
Changed the database from mysql to hsqldb",3,Database,,1,0.97,
soartech/jsoar,5823247b9a51239007ebd8e753112d6077384162,2020-12-29 15:20:47,com.fasterxml.jackson,org.yaml:snakeyaml,"Updated to use jackson to read yaml into beans, rather than using a custom deserializer

Years ago, the original thought was to make the file ""user friendly"" by not exposing the direct structure of the underlying object there, and instead using ""friendly"" names for the fields. Since then, I've changed my mind. I think that the typical user of this will be very technical and not at all put off by camelCase field names, and the reduced code means it will be much more maintainable, as there's not much interesting going on (the exception being the way the default values are handled, but even that is not complicated; see https://stackoverflow.com/questions/65483376/deserialize-yaml-in-java-using-defaults-read-earlier-in-file/).",com.fasterxml.jackson org.yaml:snakeyaml,"
Updated to use jackson to read yaml into beans, rather than using a custom deserializer",9,Serialization,,1,0.85,Usability
sockeqwe/annotationprocessing101,581ac84f4ca4fc40cc09bf638b76a3087f05c57f,2015-06-02 13:57:54,com.squareup:javapoet,com.squareup:javawriter,Replaced JavaWriter with JavaPoet,com.squareup:javapoet com.squareup:javawriter,"
Replaced JavaWriter with JavaPoet",3,Utility,,1,0.98,
socketio/engine.io-client-java,77165bd183f4fb42ef9322e9304dff99fe923b3c,2014-04-06 17:00:54,org.json:json,com.google.code.gson:gson,use org.json instead of Gson,org.json:json com.google.code.gson:gson,"
use org.json instead of Gson",8,Serialization,,1,0.97,
socketio/socket.io-client-java,75b57a175f2a1619ff971462780866e80324f31d,2014-04-06 08:48:32,org.json:json,com.google.code.gson:gson,use org.json instead of Gson,org.json:json com.google.code.gson:gson,"
use org.json instead of Gson",8,Serialization,,1,0.97,
SoftInstigate/restheart,81b9342a492f7c51a5e635efcd631c66eb4b5071,2020-07-13 14:32:17,info.picocli:picocli,com.beust:jcommander,"Migrate from JCommander to picocli

See https://picocli.info

modified:   core/pom.xml
modified:   core/src/main/java/org/restheart/Bootstrapper.java
modified:   pom.xml",info.picocli:picocli com.beust:jcommander,"
Migrate from JCommander to picocli",3,Utility,,1,0.98,
softlayer/softlayer-java,84d57cad3273cc057ec3ba7eeaa23a4e6e41a6ba,2014-09-24 23:16:57,com.google.code.gson:gson,com.fasterxml.jackson,Changed from jackson to gson and cleaned up JSON marshaller,com.google.code.gson:gson com.fasterxml.jackson,"
Changed from jackson to gson and cleaned up JSON marshaller",11,Serialization,,1,0.97,
softwaremill/softwaremill-common,f69b1c44138504b0e9196bd773c22f931b50897a,2014-09-15 20:21:29,org.assertj:assertj-core,org.easytesting:fest-assert,Replaced fest-assert with assertj,org.assertj:assertj-core org.easytesting:fest-assert,"Replaced fest-assert with assertj
",49,Testing,,1,0.98,
SomMeri/less4j,3c85d52eae0d9e04cbe5da448c9881e0b4169014,2016-01-16 00:14:24,com.google.code.gson:gson,org.json:json,Replace org.json with gson,com.google.code.gson:gson org.json:json,"
Replace org.json with gson",20,Serialization,,1,0.98,
SonarQubeCommunity/sonar-fortify,f775090c4093b836258315a8752d5a8efd131e56,2012-08-07 21:32:18,org.apache.cxf:cxf,org.springframework:spring,"Replace spring-ws by CXF

* less dependencies
* no hacks with classloaders
* no freeze when sending SOAP request",org.apache.cxf:cxf org.springframework:spring,"
Replace spring-ws by CXF",3,Web Framework,,1,0.7,Simplification
SonarQubeCommunity/sonar-pmd,a3de2500aca572f6aa731f7488a0b2ac97469978,2018-10-17 21:01:42,org.assertj:assertj-core,org.easytesting:fest-assert,Replaced discontinued fest-assert with its successor assertj,org.assertj:assertj-core org.easytesting:fest-assert,"
Replaced discontinued fest-assert with its successor assertj",49,Testing,,1,0.98,Deprecation
SonarQubeCommunity/sonar-sonargraph,ba879555bd1220ac9042fbc3ea071135dd0ee7be,2011-05-24 21:47:23,org.mockito:mockito,org.jmock:jmock,Switched to mockito,org.mockito:mockito org.jmock:jmock,"
Switched to mockito",4,Testing,,1,0.97,
SonarSource/ebcdic-to-ascii-converter,4f8dc22750f37b3f1403b2cc2debeeda06ee886a,2012-07-25 10:37:30,org.easytesting:fest-assert,org.hamcrest:hamcrest,Use fest-assert instead of hamcrest,org.easytesting:fest-assert org.hamcrest:hamcrest,"
Use fest-assert instead of hamcrest",4,Testing,,1,0.97,
SonarSource/sonar-csharp,1f35b275f48227d1930557b1705983dbcf850ee7,2016-09-21 14:56:44,org.assertj:assertj-core,org.easytesting:fest-assert,"SONARCS-598 migrate to api 5.6 (#92)

* Upgrade API dependency version 4.5.2 -> 5.6

* Upgrade junit version and replace fest with assertj

* Use the new shared dotnet library for Sarif parser

* Stop using deprecated CoreMetrics.ACCESSORS

* Remove deprecated and unused CSharpCommonRulesEngine

* Remove deprecated and unused CSharpCommonRulesDecorator

* Add transitively used dependencies

* Use Sonar logger",org.assertj:assertj-core org.easytesting:fest-assert,"
* Upgrade junit version and replace fest with assertj
* Use the new shared dotnet library for Sarif parser",49,Testing,,1,0.97,
SonarSource/sonar-csharp,1f35b275f48227d1930557b1705983dbcf850ee7,2016-09-21 14:56:44,org.sonarsource.sslr,org.codehaus.sonar:sonar,"SONARCS-598 migrate to api 5.6 (#92)

* Upgrade API dependency version 4.5.2 -> 5.6

* Upgrade junit version and replace fest with assertj

* Use the new shared dotnet library for Sarif parser

* Stop using deprecated CoreMetrics.ACCESSORS

* Remove deprecated and unused CSharpCommonRulesEngine

* Remove deprecated and unused CSharpCommonRulesDecorator

* Add transitively used dependencies

* Use Sonar logger",org.sonarsource.sslr org.codehaus.sonar:sonar,"
* Use Sonar logger",5,Utility,,1,0.97,Deprecation
SonarSource/sonar-csharp,1f35b275f48227d1930557b1705983dbcf850ee7,2016-09-21 14:56:44,org.sonarsource.sonarqube:sonar,org.codehaus.sonar.sslr-squid-bridge:sslr-squid-bridge,"SONARCS-598 migrate to api 5.6 (#92)

* Upgrade API dependency version 4.5.2 -> 5.6

* Upgrade junit version and replace fest with assertj

* Use the new shared dotnet library for Sarif parser

* Stop using deprecated CoreMetrics.ACCESSORS

* Remove deprecated and unused CSharpCommonRulesEngine

* Remove deprecated and unused CSharpCommonRulesDecorator

* Add transitively used dependencies

* Use Sonar logger",org.sonarsource.sonarqube:sonar org.codehaus.sonar.sslr-squid-bridge:sslr-squid-bridge,"
* Use Sonar logger",4,Utility,,1,0.97,Deprecation
SonarSource/sonar-html,1015bfb4e33f052da9d6b7677257fff12004cdd5,2016-09-28 15:04:27,org.assertj:assertj-core,org.easytesting:fest-assert,IT: switch from fest assert to assertj,org.assertj:assertj-core org.easytesting:fest-assert,"
IT: switch from fest assert to assertj",49,Testing,,1,0.97,
SonarSource/sonar-java,2e74eccc1be636c43092d96adb5b4825ac5812a2,2016-12-15 14:54:33,org.assertj:assertj-core,org.easytesting:fest-assert,SONARJAVA-1970 Remove fest assert and use assertj (#1139),org.assertj:assertj-core org.easytesting:fest-assert,"
SONARJAVA-1970 Remove fest assert and use assertj (#1139)",49,Testing,,1,0.97,
SonarSource/SonarJS,c761240652f70f1555668b57be91fec933d0ae9f,2016-09-27 09:49:49,org.assertj:assertj-core,org.easytesting:fest-assert,Replace (almost completely) fest-assert with assertj (#350),org.assertj:assertj-core org.easytesting:fest-assert,"Replace (almost completely) fest-assert with assertj (#350)
",49,Testing,,1,0.98,
SonarSource/sonar-ldap,e67ee1ade638f30a8c5962cb7ee328effd1f948e,2012-09-07 18:56:21,org.easytesting:fest-assert,org.hamcrest:hamcrest,Use fest-assert instead of hamcrest,org.easytesting:fest-assert org.hamcrest:hamcrest,"
Use fest-assert instead of hamcrest",4,Testing,,1,0.97,
SonarSource/sonar-ldap,56dc8632d5da5ce9aa2037f4287bb056348f0458,2015-07-21 10:21:17,org.assertj:assertj-core,org.easytesting:fest-assert,Replace fest-assert by assertJ,org.assertj:assertj-core org.easytesting:fest-assert,"
Replace fest-assert by assertJ",49,Testing,,1,0.98,
SonarSource/sonar-php,f489af82182bc9eb1066fc8997c14b7dd43851d9,2016-10-05 08:57:08,org.assertj:assertj-core,org.easytesting:fest-assert,Replace fest-assert with assertj (#123),org.assertj:assertj-core org.easytesting:fest-assert,"
Replace fest-assert with assertj (#123)",49,Testing,,1,0.98,
SonarSource/sonarqube,25e954167dc467546cc555e78b607423afbaaa48,2012-07-03 08:57:02,com.h2database:h2,org.apache.derby,Replacing Derby with H2,com.h2database:h2 org.apache.derby,"
Replacing Derby with H2",4,Database,,1,0.97,
SonarSource/sonarqube,2faaf7e16a03e69c4ff5f9c53805a387211a0872,2015-01-10 06:15:08,org.assertj:assertj-core,org.easytesting:fest-assert,Replace fest-assert by assertJ,org.assertj:assertj-core org.easytesting:fest-assert,"
Replace fest-assert by assertJ",49,Testing,,1,0.98,
SonarSource/sonar-scanner-cli,a2db872cfc03a7e27aa4a5e1b09ed8a7ff40a3ed,2017-02-23 15:01:57,org.assertj:assertj-core,org.easytesting:fest-assert,Use assertj for testing,org.assertj:assertj-core org.easytesting:fest-assert,"
Use assertj for testing",49,Testing,,1,0.98,
SonarSource/sonar-scanner-jenkins,f80bdac51647f8b400584086593e3540c60c2014,2012-07-18 10:38:02,org.easytesting:fest-assert,org.hamcrest:hamcrest,"Spring cleaning

 + Code format
 + Remove warnings
 + Upgrade test dependencies
 + Upgrade non-packaging related dependencies
 + Use Fest-Assert instead of Hamcrest",org.easytesting:fest-assert org.hamcrest:hamcrest,"
+ Upgrade non-packaging related dependencies
+ Use Fest-Assert instead of Hamcrest",4,Testing,,1,0.97,
SonarSource/sonar-scanner-maven,24b677d740d90ef411ff4b5d55e24f93e4659a98,2016-01-07 14:53:29,org.assertj:assertj-core,org.easytesting:fest-assert,Use AssertJ instead of Fest Assert,org.assertj:assertj-core org.easytesting:fest-assert,"
Use AssertJ instead of Fest Assert",49,Testing,,1,0.98,
SonarSource/sonar-scm-git,8a621f11a2129e65ccf82022b6a66492ec411b0d,2016-01-05 22:15:18,org.assertj:assertj-core,org.easytesting:fest-assert,Replace fest-assert by assertj in ITs,org.assertj:assertj-core org.easytesting:fest-assert,"
Replace fest-assert by assertj in ITs",49,Testing,,1,0.98,
SonarSource/sonar-update-center,634f859d94849844ee9e32692396357d06eb6a9b,2017-04-18 16:49:18,org.assertj:assertj-core,org.easytesting:fest-assert,Replace fest-assert by assertJ,org.assertj:assertj-core org.easytesting:fest-assert,"
Replace fest-assert by assertJ",49,Testing,,1,0.98,
SonarSource/sslr,9a0196932674428293ee3d59a543fed40a71f94e,2020-10-27 13:15:18,org.ow2.asm:asm,cglib:cglib,"SSLR-393 Replace cglib by ASM

To get rid of illegal reflective access.",org.ow2.asm:asm cglib:cglib,"
SSLR-393 Replace cglib by ASM",3,Utility,,1,0.9,Integration
sonatype/nexus,c3d41bb07e44b6c7f7f433f972a9fac97af53dca,2011-06-30 10:43:45,org.slf4j:log4j-over-slf4j,log4j:log4j,"First step to remove log4j api direct references from Nexus source, focusing on removing it from tests",org.slf4j:log4j-over-slf4j log4j:log4j,"First step to remove log4j api direct references from Nexus source, focusing on removing it from testsFirst step to remove log4j api direct references from Nexus source, focusing on removing it from tests",27,Logging,,1,0.8,
sonatype/nexus,fe8b25316dc13abe04a25ca58d11af335f141376,2011-06-30 10:43:46,org.slf4j:slf4j,log4j:log4j,"Banning all the Log4j related classes from across nexus into one single module: nexus-logging-extras (to be dropped). Also, fixing JCL and Log4j direct uses into slf4j.... Oh, btw, Shiro changed from JCL to SLF4J, so our filters were wrongly using JCL!!!",org.slf4j:slf4j log4j:log4j,"
Banning all the Log4j related classes from across nexus into one single module: nexus-logging-extras (to be dropped).
Also, fixing JCL and Log4j direct uses into slf4j....
Oh, btw, Shiro changed from JCL to SLF4J, so our filters were wrongly using JCL!!!",15,Logging,,1,0.95,Integration
sonatype/sisu,b103a21cd107aca4f666d0bb2ada94698793f8d7,2015-06-23 12:32:10,com.google.inject:guice,org.sonatype.sisu:sisu-guice,Update to official Guice distro,com.google.inject:guice org.sonatype.sisu:sisu-guice,"
Update to official Guice distro",10,Dependency Injection,,1,0.8,
Spirals-Team/repairnator,7e89d24b8c0b0dee6f2ef1975c010fdfa4ed10dc,2017-01-09 13:28:57,ch.qos.logback:logback,org.apache.logging.log4j:log4j,jTravis: change the logger dependency to use Logback.,ch.qos.logback:logback org.apache.logging.log4j:log4j,"
jTravis: change the logger dependency to use Logback.",17,Logging,,1,0.97,
splunk/splunk-library-javalogging,f73d593ef0555ee725d6a1bf452444171cd402c0,2019-12-05 13:24:07,com.squareup.okhttp3,org.apache.httpcomponents,Replace Apache HttpClient with OkHttpClient,com.squareup.okhttp3 org.apache.httpcomponents,"
Replace Apache HttpClient with OkHttpClient",6,HTTP Clients&Web Framework,,1,0.98,
spotify/heroic,c342ebe32a8c6b7daa12f053a8bfac8b8ce06760,2016-02-13 20:13:40,com.google.dagger:dagger,com.google.inject:guice,"[all] switch to Dagger 2 for dependency injection and IDEA for primary development

The existing LifeCycle feature that heavily relied on Guice has been reworked
into the `com.spotify.heroic.lifecycle` package.

LifeCycle has to be explicitly exported through the appropriate subsystem.

Using `metric` as an example, it expects modules to export
MetricModule.Out#life() to govern the lifecycle of any encapsulated components.

Finally, due to annotation processing issues with Eclipse
(see [./eclipse](eclipse)), a feature Dagger 2 heavily relies on, it is now
recommended to use IDEA for development.
Because of this, all code has been reformatted using the provided style in
idea/code-style.xml.

Details:

* Re-organize HeroicCore to better handle external lifecycles.
* Constructor-based `@Inject` everywhere.
* Removed all guice dependencies.",com.google.dagger:dagger com.google.inject:guice,"
[all] switch to Dagger 2 for dependency injection and IDEA for primary development",3,Dependency Injection,,1,0.98,
spotify/netty-zmtp,55ad3c878a116c031c9b8d634283629e3d420993,2013-12-10 12:49:30,org.jeromq:jeromq,org.zeromq:jzmq,Switch test dependency from zeromq to jeromq,org.jeromq:jeromq org.zeromq:jzmq,"
Switch test dependency from zeromq to jeromq",3,Database&Web Framework,,1,0.97,
spring-cloud/spring-cloud-task,3ec0769e0252d13ad9f9536d5f85aa27fd2bc15c,2016-06-27 19:54:38,org.mariadb.jdbc:mariadb-java-client,mysql:mysql-connector-java,"Replaced the mysql dependency with mariadb

To remain standard with the other applications.
Also updated documentation.",org.mariadb.jdbc:mariadb-java-client mysql:mysql-connector-java,"
Replaced the mysql dependency with mariadb",16,Database,,1,0.98,Organization
spring-io/sagan,91626ece2c50e7ce9800178de7a1e6348878f271,2013-10-10 12:12:15,com.h2database:h2,org.hsqldb:hsqldb,"Migrate from Liquibase to Flyway, from HSQL to H2

This change replaces Liquibase[1] with Flyway[2] for database schema
migrations for the following reasons:

1. To avoid DB lock contention issues at startup

We dealt with a number of production outages due to the fact that
Liquibase caused (or otherwise contributed to) lock contention issues
at startup (i.e. when Liquibase needs to lock tables in order to apply
changes to the DB) that resulted in DB connection pool starvation. This
behavior was never isolated and repeated in a test environment, but was
observed several times in practice in production. The workaround has been
to reduce the instance count in production from 4 to 1, but this has its
own negative effects (no redundancy in the case of an app crashing).

So this move to Flyway is in some ways an experiment in which we will
see over time whether it too can result in these locking / starvation
issues. Testing the application under load in an 8-instance environment
suggests that it will not, but only sustained time in production will
tell for sure.

2. Flyway's plain-SQL approach is clearer and more suitable to our needs

Liquibase has a powerful DSL that acts as an abstraction layer over SQL,
making it simple to develop in memory against HSQL while deploying to
production against Postgres. However, it comes at the cost of needing
to understand that DSL (which in practice means looking things up in
Liquibase's documentation each time a change needs to be made). This is
a minor hassle for project committers, but is more important when
considering this application's purpose as a reference app; plain SQL is
immediately clear to a larger percentage of the audience than
Liquibase's DSL would be, therefore Flyway's approach is preferred.

3. Flyway is (or appears to be) faster than Liquibase at startup time

Liquibase initialization took approximately 3 seconds on an MBP against
an in-memory DB. Flyway initialization takes less than 1 second. This is
significant given that it takes overall startup time from ~12 seconds to
~8 seconds, i.e. more efficient when in a tight loop of code changes and
restarts. Note that this comparison isn't perfectly apples-to-apples, as
the Liquibase arrongement had 3 changesets whereas there is now just one
consolidated changeset under Flyway.

This commit also migrates from HSQL to H2 as the in-memory database used
for development and automated testing. The primary reason is because H2
offers an explicit ""PostgreSQL compatibility mode"", making it feasible
to configure Flyway with a unified set of SQL files, as opposed to
maintaining two copies, one for the in-memory DB and one for the
production DB. HSQL does not have this option. This change was quite
straightforward to perform - H2 was effectively a drop-in replacement,
and side-by-side comparisons of executing the test suites demonstrates
little or no difference with regard to performance.

[Finishes #57709992]
[1]: http://www.liquibase.org
[2]: http://flywaydb.org",com.h2database:h2 org.hsqldb:hsqldb,"
This commit also migrates from HSQL to H2 as the in-memory database used
for development and automated testing.",14,Database,,1,1.0,Functionality
springockito/springockito,49c2c84a82533f1e615bcf5c316268f2de0f0526,2012-01-03 21:47:03,org.testng:testng,junit:junit,merge with pom refactoring + pom reformat + change in dep management + junit removed in favour of testng,org.testng:testng junit:junit,"
merge with pom refactoring + pom reformat + change in dep management + junit removed in favour of testng",23,Testing,,1,1.0,
spring-projects/spring-amqp-samples,97c51071d9fcf8e05f0e73653572a1f99fe67d43,2019-12-03 20:58:28,org.apache.logging.log4j:log4j,org.slf4j:slf4j,"Upgrade dependencies; change logging to Log4j2 (#55)

* Upgrade dependencies; change logging to Log4j2

* * Fix dependency versions and modernize some of them

* * Bring `junit` dependency back into `spring-rabbit-stocks` sample
since it is an `optional` with `spring-rabbit-test`
* Remove `test` dependencies from `spring-rabbit-helloworld` sample
since there is no tests in this sample at all",org.apache.logging.log4j:log4j org.slf4j:slf4j,"
Upgrade dependencies; change logging to Log4j2 (#55)",111,Logging,,1,0.9,
spring-projects/spring-batch,7e1e66d677d8cdd9fbf1c9e07e5b307a249d9e05,2013-02-10 14:30:57,org.mockito:mockito,org.easymock:easymock,migration from EasyMock to Mockito,org.mockito:mockito org.easymock:easymock,"
migration from EasyMock to Mockito",8,Testing,,1,1.0,
spring-projects/spring-batch,7e1e66d677d8cdd9fbf1c9e07e5b307a249d9e05,2013-02-10 14:30:57,org.mockito:mockito,org.easymock:easymockclassextension,migration from EasyMock to Mockito,org.mockito:mockito org.easymock:easymockclassextension,"
migration from EasyMock to Mockito",3,Testing,,1,1.0,
spring-projects/spring-boot,de2cdd8528b90b835a267fa64e8896cb801b85b5,2017-06-30 13:44:15,io.lettuce:lettuce-core,redis.clients:jedis,Use lettuce rather than Jedis for actuator tests,io.lettuce:lettuce-core redis.clients:jedis,"
Use lettuce rather than Jedis for actuator tests",4,Database,,1,1.0,
spring-projects/spring-boot,c2958c27abb616fad45d97d33eabe4edb4d76f32,2017-09-14 16:15:46,io.micrometer:micrometer-core,io.dropwizard.metrics:metrics,"Replace Boot's own metrics with support for Micrometer

Closes gh-9970",io.micrometer:micrometer-core io.dropwizard.metrics:metrics,"
Replace Boot's own metrics with support for Micrometer",3,Database,,1,0.95,
spring-projects/spring-boot,894e0e11d43fc73b7c09e18a28e235a19fa588d1,2018-09-12 01:08:59,org.apache.maven.resolver:maven-resolver,org.apache.maven:maven,"Switch from Aether to Maven Resolver

Replace Aether dependencies with Maven Resolver following the Eclipse
EOL announcement for Aether.

Closes gh-7627",org.apache.maven.resolver:maven-resolver org.apache.maven:maven,"
Switch from Aether to Maven Resolver",14,Building,,1,1.0,Deprecation
spring-projects/spring-boot,cca79b8d4d00ab464018efb6a56b3c90f5fe90bb,2019-02-19 12:35:43,io.mockk:mockk,com.nhaarman:mockito-kotlin,"Migrate Kotlin tests to Mockk

See gh-15993",io.mockk:mockk com.nhaarman:mockito-kotlin,"
Migrate Kotlin tests to Mockk",4,Testing,,1,1.0,
spring-projects/spring-data-cassandra,1a02109681f3b5d22fb25abe0561ac2b3c5a6691,2019-02-20 11:50:22,io.mockk:mockk,com.nhaarman:mockito-kotlin,DATACASS-629 - Migrate Kotlin tests to Mockk.,io.mockk:mockk com.nhaarman:mockito-kotlin,"
DATACASS-629 - Migrate Kotlin tests to Mockk.",4,Testing,,1,1.0,
spring-projects/spring-data-commons,2042bda8a29367ac926b988c1c8e3c532523859e,2012-11-19 22:30:14,org.slf4j:slf4j,log4j:log4j,DATACMNS-248 - Moved to Slf4j API for logging.,org.slf4j:slf4j log4j:log4j,"
DATACMNS-248 - Moved to Slf4j API for logging.",73,Logging,,1,0.95,
spring-projects/spring-data-commons,2042bda8a29367ac926b988c1c8e3c532523859e,2012-11-19 22:30:14,org.slf4j:jcl-over-slf4j,log4j:log4j,DATACMNS-248 - Moved to Slf4j API for logging.,org.slf4j:jcl-over-slf4j log4j:log4j,"
DATACMNS-248 - Moved to Slf4j API for logging.",14,Logging,,1,0.95,
spring-projects/spring-data-commons,ccb9e987e8e5fb85b5d79be63021b543642905da,2019-02-20 10:20:17,io.mockk:mockk,com.nhaarman:mockito-kotlin,"DATACMNS-1483 - Migrate Kotlin tests to Mockk.

Original pull request: #338.",io.mockk:mockk com.nhaarman:mockito-kotlin,"
DATACMNS-1483 - Migrate Kotlin tests to Mockk.",4,Testing,,1,1.0,
spring-projects/spring-data-examples,5760555c57aed22610409461261babab408c9a31,2017-10-10 14:34:37,io.lettuce:lettuce-core,redis.clients:jedis,"#299 - Migrate Redis examples to Lettuce.

We now use Lettuce API instead of Jedis to align with Boot's driver choice.",io.lettuce:lettuce-core redis.clients:jedis,"
#299 - Migrate Redis examples to Lettuce.",4,Database,,1,1.0,Organization
spring-projects/spring-data-mongodb,120b7bab2c80c4d25016d14780076a6e3e7228e3,2019-02-20 10:47:41,io.mockk:mockk,com.nhaarman:mockito-kotlin,"DATAMONGO-2206 - Migrate Kotlin tests to Mockk.

Original pull request: #646.",io.mockk:mockk com.nhaarman:mockito-kotlin,"
DATAMONGO-2206 - Migrate Kotlin tests to Mockk.",4,Testing,,1,1.0,
spring-projects/spring-framework-issues,9067fc463e9f26f189ba08d21496585d1210fc8a,2014-03-25 22:41:37,com.h2database:h2,mysql:mysql-connector-java,"Use H2 instead of MySQL in SPR-10440

This commit also sets Spring version to 4.0.2.RELEASE.",com.h2database:h2 mysql:mysql-connector-java,"
Use H2 instead of MySQL in SPR-10440",7,Database,,1,1.0,
spring-projects/spring-insight-plugins,8e646056b216bf4a5058b9c2065171a9343c2e80,2012-05-20 10:20:46,org.slf4j:jcl-over-slf4j,commons-logging:commons-logging,Using jcl-over-slf4j instead of commons-logging in all jUnit tests,org.slf4j:jcl-over-slf4j commons-logging:commons-logging,"
Using jcl-over-slf4j instead of commons-logging in all jUnit tests",22,Logging,,1,0.9,
spring-projects/spring-insight-plugins,8e646056b216bf4a5058b9c2065171a9343c2e80,2012-05-20 10:20:46,org.slf4j:jcl-over-slf4j,org.slf4j:slf4j,Using jcl-over-slf4j instead of commons-logging in all jUnit tests,org.slf4j:jcl-over-slf4j org.slf4j:slf4j,"
Using jcl-over-slf4j instead of commons-logging in all jUnit tests",6,Logging,,1,0.9,
spring-projects/spring-integration-samples,fc2e5890a919fe68eea00234f6ec46683a2522e9,2012-05-28 13:26:41,log4j:log4j,org.slf4j:log4j-over-slf4j,"INTSAMPLES-52 - All Samples should use Log4J

INTSAMPLES-52 - Standardize Log4j PatternLayout
Standardize Log4j PatternLayout to **%d{HH:mm:ss.SSS} %-5p [%t][%c] %m%n**.",log4j:log4j org.slf4j:log4j-over-slf4j,"
INTSAMPLES-52 - All Samples should use Log4J",7,Logging,,1,0.85,Organization
spring-projects/spring-plugin,efb58730e3e3814cc82818af6d2a1d8ecba6b601,2010-01-11 14:40:26,org.mockito:mockito,org.easymock:easymock,"* replaced @EasyMock@ with @Mockito@

git-svn-id: svn+ssh://svn.synyx.de/var/svn/synyx/opensource/hera/trunk@8545 5a64d73e-33d6-4ccc-9058-23f8668ecac9",org.mockito:mockito org.easymock:easymock,"
* replaced @EasyMock@ with @Mockito@",8,Testing,,1,0.99,
spring-projects/spring-plugin,93cb86cd52adad8d48e95d1a98d78adae3241766,2012-10-26 10:52:25,org.slf4j:slf4j,log4j:log4j,"Fix dependency setup.

Unify test dependencies in parent pom.xml. Fixed logging dependencies to only depend on SLF4j API now (in version 1.7.1). Using Logback as test runtime loggin dependency. Fixed Hamcrest/JUnit setup.",org.slf4j:slf4j log4j:log4j,"
Unify test dependencies in parent pom.xml.
Fixed logging dependencies to only depend on SLF4j API now (in version 1.7.1).
Using Logback as test runtime loggin dependency.",73,Logging,,1,0.75,Simplification
spring-projects/spring-plugin,93cb86cd52adad8d48e95d1a98d78adae3241766,2012-10-26 10:52:25,org.slf4j:jcl-over-slf4j,log4j:log4j,"Fix dependency setup.

Unify test dependencies in parent pom.xml. Fixed logging dependencies to only depend on SLF4j API now (in version 1.7.1). Using Logback as test runtime loggin dependency. Fixed Hamcrest/JUnit setup.",org.slf4j:jcl-over-slf4j log4j:log4j,"
Unify test dependencies in parent pom.xml.
Fixed logging dependencies to only depend on SLF4j API now (in version 1.7.1).
Using Logback as test runtime loggin dependency.",14,Logging,,1,0.75,Simplification
spring-projects/spring-plugin,93cb86cd52adad8d48e95d1a98d78adae3241766,2012-10-26 10:52:25,ch.qos.logback:logback,log4j:log4j,"Fix dependency setup.

Unify test dependencies in parent pom.xml. Fixed logging dependencies to only depend on SLF4j API now (in version 1.7.1). Using Logback as test runtime loggin dependency. Fixed Hamcrest/JUnit setup.",ch.qos.logback:logback log4j:log4j,"Unify test dependencies in parent pom.xml.
Fixed logging dependencies to only depend on SLF4j API now (in version 1.7.1).
Using Logback as test runtime loggin dependency.",58,Logging,,1,0.75,Simplification
spring-projects/spring-social,3c98473ec62cc57772262a3be4be0b6d1ff6e33d,2011-01-28 14:30:18,org.springframework:spring,org.scribe:scribe,"Updated GitHub showcase to work with the new service provider framework. Works with the connect flow at this point, but the registration flow still needs some work.",org.springframework:spring org.scribe:scribe,"
Updated GitHub showcase to work with the new service provider framework.
Works with the connect flow at this point, but the registration flow still needs some work.",5,Auth&Web Framework,,1,0.7,
spring-projects/spring-social,cbfa2889c7ee53da2fcf6fb3949b13091ea98f10,2011-01-28 15:06:23,org.springframework:spring,org.scribe:scribe,Updated Gowalla showcase to use new service provider framework,org.springframework:spring org.scribe:scribe,"
Updated Gowalla showcase to use new service provider framework",5,Auth&Web Framework,,1,0.7,
spring-projects/spring-social-facebook,e6d349d8034d874fbd0a694a5a32c7056e470e36,2011-01-28 14:30:18,org.springframework:spring,org.scribe:scribe,"Updated GitHub showcase to work with the new service provider framework. Works with the connect flow at this point, but the registration flow still needs some work.",org.springframework:spring org.scribe:scribe,"
Updated GitHub showcase to work with the new service provider framework.
Works with the connect flow at this point, but the registration flow still needs some work.",5,Auth&Web Framework,,1,0.7,
spring-projects/spring-social-facebook,1846e5362eef6f1342b7855caa588aaa5e578fa4,2011-01-28 15:06:23,org.springframework:spring,org.scribe:scribe,Updated Gowalla showcase to use new service provider framework,org.springframework:spring org.scribe:scribe,"
Updated Gowalla showcase to use new service provider framework",5,Auth&Web Framework,,1,0.7,
spring-projects/spring-social-github,0091a289fece5d11636e97e1b9670c04d7be1c1d,2011-01-28 14:30:18,org.springframework:spring,org.scribe:scribe,"Updated GitHub showcase to work with the new service provider framework. Works with the connect flow at this point, but the registration flow still needs some work.",org.springframework:spring org.scribe:scribe,"
Updated GitHub showcase to work with the new service provider framework.
Works with the connect flow at this point, but the registration flow still needs some work.",5,Auth&Web Framework,,1,0.7,
spring-projects/spring-social-github,800536f22fcf2044a67e26b2a4545cc176d77473,2011-01-28 15:06:23,org.springframework:spring,org.scribe:scribe,Updated Gowalla showcase to use new service provider framework,org.springframework:spring org.scribe:scribe,"
Updated Gowalla showcase to use new service provider framework",5,Auth&Web Framework,,1,0.7,
spring-projects/spring-social-linkedin,c3e483ab26ae5cde0fad92167afdaa366a76e40c,2011-01-28 14:30:18,org.springframework:spring,org.scribe:scribe,"Updated GitHub showcase to work with the new service provider framework. Works with the connect flow at this point, but the registration flow still needs some work.",org.springframework:spring org.scribe:scribe,"
Updated GitHub showcase to work with the new service provider framework.
Works with the connect flow at this point, but the registration flow still needs some work.",5,Auth&Web Framework,,1,0.7,
spring-projects/spring-social-linkedin,5ebce2359563a993650a83e35a55c6c56f0260d3,2011-01-28 15:06:23,org.springframework:spring,org.scribe:scribe,Updated Gowalla showcase to use new service provider framework,org.springframework:spring org.scribe:scribe,"
Updated Gowalla showcase to use new service provider framework",5,Auth&Web Framework,,1,0.7,
spring-projects/spring-social-twitter,6a2e94cbbbfdb457438daecde38f34c36bcf22ff,2011-01-28 14:30:18,org.springframework:spring,org.scribe:scribe,"Updated GitHub showcase to work with the new service provider framework. Works with the connect flow at this point, but the registration flow still needs some work.",org.springframework:spring org.scribe:scribe,"
Updated GitHub showcase to work with the new service provider framework.
Works with the connect flow at this point, but the registration flow still needs some work.",5,Auth&Web Framework,,1,0.7,
spring-projects/spring-social-twitter,faf9be26209c5fefc5ea8b96d5887f32b76fb252,2011-01-28 15:06:23,org.springframework:spring,org.scribe:scribe,Updated Gowalla showcase to use new service provider framework,org.springframework:spring org.scribe:scribe,"
Updated Gowalla showcase to use new service provider framework",5,Auth&Web Framework,,1,0.7,
sps/mustache-spring-view,a19e0c68fe5dfc7bd57c8d1006c18827dda3b0b0,2011-03-27 23:31:36,com.samskivert:jmustache,com.github.spullara.mustache.java:compiler,"swap mustache implementations.

migrating to [jmustache](https://github.com/samskivert/jmustache)
from [mustache.java](https://github.com/spullara/mustache.java)
as jmustache already has minted artifacts available on the central repo.",com.samskivert:jmustache com.github.spullara.mustache.java:compiler,"
migrating to [jmustache](https://github.com/samskivert/jmustache)
from [mustache.java](https://github.com/spullara/mustache.java)",4,Utility,,1,0.99,BugIssue
square/dagger,ab33f3a83092065469800b472a78fe17b61f4662,2015-01-31 00:05:53,com.squareup:javapoet,com.squareup:javawriter,Switch Dagger 1.x from JavaWriter to JavaPoet.,com.squareup:javapoet com.squareup:javawriter,"
Switch Dagger 1.x from JavaWriter to JavaPoet.",3,Utility,,1,0.99,
square/protoparser,9846c53b52f11e96695ad32c37f48500a437106a,2014-11-29 09:34:05,org.assertj:assertj-core,org.easytesting:fest-assert,Update JUnit and switch to AssertJ.,org.assertj:assertj-core org.easytesting:fest-assert,"
Update JUnit and switch to AssertJ.",34,Testing,,1,0.98,
square/retrofit,990521c87677903cd18841a5454d52bc37bc2985,2014-03-06 06:25:47,org.assertj:assertj-core,org.easytesting:fest-assert,switch to assertj,org.assertj:assertj-core org.easytesting:fest-assert,"
switch to assertj",34,Testing,,1,0.99,
ssaring/sportstracker,368a5651c322a471cb6a4d423400a60cee5c0310,2013-09-28 19:11:36,org.mockito:mockito,org.easymock:easymock,- replaced mocking framework EasyMock 3.2 with Mockito 1.9.5,org.mockito:mockito org.easymock:easymock,"
- replaced mocking framework EasyMock 3.2 with Mockito 1.9.5",15,Testing,,1,0.99,
statsbiblioteket/wowza-modules,2ef187d4f9d730dbdcb44cbef88e4db17fe18af2,2020-07-07 09:59:35,org.apache.cxf:cxf,com.sun.jersey:jersey,Replace useage of jersey v1 with apache cxf,org.apache.cxf:cxf com.sun.jersey:jersey,"
Replace useage of jersey v1 with apache cxf",3,Web Framework,,1,0.98,
steeleforge/ironsites,fbdb472dc117511f7b2f66f4ac1eb208614fa77a,2014-08-27 03:24:00,com.fasterxml.jackson,com.google.code.gson:gson,replacing gson w/ jackson ObjectMapper for i18n servlet. attempt at guava support for CQ5.6.x & AEM6,com.fasterxml.jackson com.google.code.gson:gson,"
replacing gson w/ jackson ObjectMapper for i18n servlet.
attempt at guava support for CQ5.6.x & AEM6",34,Serialization,,1,0.97,
stefanbirkner/system-rules,ee586f1d64fd72871e0f3c7c86e9442c0f5c0877,2015-10-06 22:13:12,org.assertj:assertj-core,org.hamcrest:hamcrest,"Use the assertion library AssertJ.

It is easy to use within the IDE because it provides code completion.",org.assertj:assertj-core org.hamcrest:hamcrest,"
Use the assertion library AssertJ.",7,Testing,,1,0.96,Usability
steve-perkins/fitnessjiffy-spring,8966c0efc370547cf01f793449caf5cd1121b9cd,2014-02-02 01:45:37,com.h2database:h2,org.xerial:sqlite-jdbc,"Migrates from Spring 3.x to Spring 4.0 (via Spring Boot 0.5).  Migrates the persistence layer from SQLite with Sprint JDBCTemplates to H2 with JPA (Hibernate).  Adds a database-import function, although it not yet complete and ready for use.",com.h2database:h2 org.xerial:sqlite-jdbc,"
Migrates from Spring 3.x to Spring 4.0 (via Spring Boot 0.5).
Migrates the persistence layer from SQLite with Sprint JDBCTemplates to H2 with JPA (Hibernate).
Adds a database-import function, although it not yet complete and ready for use.",4,Database,,1,0.95,
stevespringett/Alpine,4c04eeae21ce951cea9858a1751c4d22366e258f,2018-04-12 17:09:13,com.zaxxer:HikariCP,org.apache.commons:commons-dbcp2,Changed JDBC connection pool providers from DBCP2 to HikariCP - https://github.com/stevespringett/dependency-track/issues/131,com.zaxxer:HikariCP org.apache.commons:commons-dbcp2,"
Changed JDBC connection pool providers from DBCP2 to HikariCP - https://github.com/stevespringett/dependency-track/issues/131",7,Database,,1,0.99,
strawjs/straw-android,6a05c3d2fcd475a05be3d91c04904ad59f49b2d0,2013-07-19 04:04:07,com.google.code.gson:gson,org.json:json,Add gson and delete org.json,com.google.code.gson:gson org.json:json,"
Add gson and delete org.json",20,Serialization,,1,0.97,
structr/structr,5ddd2f9d5fccfae65a6196341bf049a73cc6c2be,2019-02-08 12:29:33,org.testng:testng,junit:junit,"Replaces JUnit with TestNG, modifies all tests to run against a dockerized Neo4j database instead of an embedded one, moves tests to the integration-test phase.",org.testng:testng junit:junit,"
Replaces JUnit with TestNG, modifies all tests to run against a dockerized Neo4j database instead of an embedded one, moves tests to the integration-test phase.",23,Testing,,1,0.98,
suewonjp/civilizer,3e13d44deb365a982ba24ca5c61ed0aecd4e02fe,2015-09-25 07:56:17,org.apache.myfaces.core:myfaces,com.sun.faces:jsf,"[update] test with Apache Myfaces JSF implementation;
[todo] more test and fixing a few style issues;",org.apache.myfaces.core:myfaces com.sun.faces:jsf,"
[update] test with Apache Myfaces JSF implementation;
[todo] more test and fixing a few style issues;",4,Web Framework,,1,0.9,
svenkubiak/mangooio,74ffee000a4938bb1d6e4fa47ac542f98ddd6ba9,2016-02-11 13:25:59,com.github.scribejava:scribejava-apis,org.scribe:scribe,#146 updated to new scribejava 2.x library,com.github.scribejava:scribejava-apis org.scribe:scribe,"
#146 updated to new scribejava 2.x library",5,Auth,,1,0.85,
swagger-api/swagger-core,d9f93132cfd9d0796f99d7928191e605c1707a66,2019-02-05 10:43:27,io.github.classgraph:classgraph,org.reflections:reflections,ref #2943 - replace reflections with classgraph,io.github.classgraph:classgraph org.reflections:reflections,"
ref #2943 - replace reflections with classgraph",5,Utility,,1,1.0,
synyx/hades,09773da157cf08639dcfb93456f3ded5a5a620c2,2010-01-25 08:57:47,org.mockito:mockito,org.easymock:easymockclassextension,"* fixes #220 - replaced Mockito by EasyMock
* adapted test cases accordingly

git-svn-id: svn+ssh://svn.synyx.de/var/svn/synyx/opensource/hades/trunk@8840 5a64d73e-33d6-4ccc-9058-23f8668ecac9",org.mockito:mockito org.easymock:easymockclassextension,"
* fixes #220 - replaced Mockito by EasyMock
* adapted test cases accordingly",3,Testing,,1,0.9,
synyx/hades,a56a16a236dddd04ce2fa83751e3576c3b87e79c,2010-08-01 18:03:29,org.slf4j:slf4j,commons-logging:commons-logging,"* switched from Commons Logging to SLF4J 1.6
* references #338

git-svn-id: svn+ssh://svn.synyx.de/var/svn/synyx/opensource/hades/trunk@12341 5a64d73e-33d6-4ccc-9058-23f8668ecac9",org.slf4j:slf4j commons-logging:commons-logging,"
* switched from Commons Logging to SLF4J 1.6
* references #338",3,Logging,,1,1.0,
synyx/urlaubsverwaltung,095a072af5e5aa6fda1b455e2d877158d4d81bfa,2019-03-01 21:27:09,org.freemarker:freemarker,org.apache.velocity:velocity,"migrate velocity to freemarker templates

velocity support is removed from spring framework",org.freemarker:freemarker org.apache.velocity:velocity,"
migrate velocity to freemarker templates",3,Utility,,1,1.0,Integration
tackley/dbdeploy,952ac32e24c5c68e5ed5f043b4d9e73d4f04417d,2009-03-26 06:09:27,org.mockito:mockito,org.easymock:easymock,"Switch to the Mockito from Easymock

Mockito rocks!  Thanks Szczepan.

Also updated the scm connection in the parent pom to point to trunk,
where this code now is.",org.mockito:mockito org.easymock:easymock,"
Switch to the Mockito from Easymock",8,Testing,,1,1.0,
tackley/dbdeploy,952ac32e24c5c68e5ed5f043b4d9e73d4f04417d,2009-03-26 06:09:27,org.mockito:mockito,org.easymock:easymockclassextension,"Switch to the Mockito from Easymock

Mockito rocks!  Thanks Szczepan.

Also updated the scm connection in the parent pom to point to trunk,
where this code now is.",org.mockito:mockito org.easymock:easymockclassextension,"
Switch to the Mockito from Easymock",3,Testing,,1,1.0,
Talend/data-quality,25118492f2d1aa4cad800ad66addc2bbb63fb9fe,2016-01-14 14:49:37,org.apache.logging.log4j:log4j,org.slf4j:slf4j,TDQ-11409 TDQ-11410 change logging system from log4j to slf4j,org.apache.logging.log4j:log4j org.slf4j:slf4j,"TDQ-11409 TDQ-11410 change logging system from log4j to slf4j
",111,Logging,,1,0.8,
Talend/data-quality,25118492f2d1aa4cad800ad66addc2bbb63fb9fe,2016-01-14 14:49:37,org.slf4j:slf4j,org.slf4j:jul-to-slf4j,TDQ-11409 TDQ-11410 change logging system from log4j to slf4j,org.slf4j:slf4j org.slf4j:jul-to-slf4j,"TDQ-11409 TDQ-11410 change logging system from log4j to slf4j
",4,Logging,,1,0.8,
Talend/data-quality,25118492f2d1aa4cad800ad66addc2bbb63fb9fe,2016-01-14 14:49:37,org.apache.logging.log4j:log4j,org.slf4j:jcl-over-slf4j,TDQ-11409 TDQ-11410 change logging system from log4j to slf4j,org.apache.logging.log4j:log4j org.slf4j:jcl-over-slf4j,"TDQ-11409 TDQ-11410 change logging system from log4j to slf4j
",5,Logging,,1,0.8,
Talend/data-quality,25118492f2d1aa4cad800ad66addc2bbb63fb9fe,2016-01-14 14:49:37,org.apache.logging.log4j:log4j,org.slf4j:jul-to-slf4j,TDQ-11409 TDQ-11410 change logging system from log4j to slf4j,org.apache.logging.log4j:log4j org.slf4j:jul-to-slf4j,"TDQ-11409 TDQ-11410 change logging system from log4j to slf4j
",4,Logging,,1,0.8,
Talend/data-quality,25118492f2d1aa4cad800ad66addc2bbb63fb9fe,2016-01-14 14:49:37,org.slf4j:slf4j,org.slf4j:jcl-over-slf4j,TDQ-11409 TDQ-11410 change logging system from log4j to slf4j,org.slf4j:slf4j org.slf4j:jcl-over-slf4j,"TDQ-11409 TDQ-11410 change logging system from log4j to slf4j
",3,Logging,,1,0.8,
Talend/data-quality,22cc1c5779b9a80bbd3dc5d6e46b72d6913a1bc1,2018-03-08 14:52:44,org.slf4j:slf4j,org.apache.logging.log4j:log4j,"feat(TDQ-14828): replace log4j by slf4j in DQ libs (#327)

* feat(TDQ-14828): replace log4j by slf4j in DQ libs

* remove unused logger field as suggested by codecy",org.slf4j:slf4j org.apache.logging.log4j:log4j,"
feat(TDQ-14828): replace log4j by slf4j in DQ libs (#327)",6,Logging,,1,1.0,
Talend/tdi-studio-se,7426a93b49c94df53b35f8067369d61a4b3c358f,2019-11-07 10:04:47,org.slf4j:slf4j,log4j:log4j,"fix(TDI-33262): Support for Apache Log4j2 (#3970)

* fix(TDI-33262): Support for Apache Log4j2

* use release version",org.slf4j:slf4j log4j:log4j,"
fix(TDI-33262): Support for Apache Log4j2 (#3970)",26,Logging,,1,0.7,
Talend/tdi-studio-se,251085667ec54bb64dfe2b63900201f01946cf07,2020-06-10 12:34:00,org.slf4j:slf4j,log4j:log4j,"Dchmyga/tdi 44281 fix missing log4j lib t set proxy (#4794) (#4799)

* fix(TDI-44281): NoClassDefFound for tSetProxy

* Use slf4j instead of log4j in talend-proxy lib

* fix(TDI-44281): NoClassDefFound for tSetProxy

* Update talend-proxy lib version in components

* fix(TDI-44281): NoClassDefFound for tSetProxy

* Update talend-proxy lib for download during build process

Co-authored-by: Dmytro Chmyga <dmytro.chmyga@synapse.com>

Co-authored-by: Dmytro Chmyga <dmytro.chmyga@synapse.com>",org.slf4j:slf4j log4j:log4j,"
* Use slf4j instead of log4j in talend-proxy lib",73,Logging,,1,1.0,BugIssue
tananaev/traccar,e91153481a220235130a277d20f724b97fcfd325,2016-05-31 01:57:21,com.zaxxer:HikariCP,com.mchange:c3p0,- Replaced connection poll from c3p0 to HikariCP.,com.zaxxer:HikariCP com.mchange:c3p0,"
- Replaced connection poll from c3p0 to HikariCP.",7,Database,,1,1.0,
tananaev/traccar,b10824bb5769c4abb93e3451673b88efdfb9d467,2018-09-14 02:33:49,org.slf4j:slf4j,log4j:log4j,Log using slf4j and java logging,org.slf4j:slf4j log4j:log4j,Log using slf4j and java logging,5,Logging,,1,0.7,
tbroyer/gwt-maven-archetypes,667955ca5243f480a2cc106c324d12c0ed6a783b,2016-03-08 11:29:29,javax.inject:javax.inject,com.google.inject:guice,"Switch from GIN to Dagger

 - Move from Guice annotations to JSR-330
 - Replace Guice AssistedInject with AutoFactory
 - Replace @ImplementedBy with explicit bindings
 - Make sure all injectable classes have an @Inject-annotated constructor",javax.inject:javax.inject com.google.inject:guice,"Switch from GIN to Dagger
",4,Dependency Injection&Testing,,1,0.8,
tdomzal/junit-docker-rule,e105d7cc4543b6a1f760bfdd3ea5bb36adf03620,2020-05-11 20:14:55,ch.qos.logback:logback,log4j:log4j,"replace log4j-1.2.x output with logback, fix #47",ch.qos.logback:logback log4j:log4j,"
replace log4j-1.2.x output with logback, fix #47",58,Logging,,1,1.0,
tdomzal/junit-docker-rule,e105d7cc4543b6a1f760bfdd3ea5bb36adf03620,2020-05-11 20:14:55,ch.qos.logback:logback,org.slf4j:slf4j,"replace log4j-1.2.x output with logback, fix #47",ch.qos.logback:logback org.slf4j:slf4j,"
replace log4j-1.2.x output with logback, fix #47",67,Logging,,1,1.0,
TeamShadow/shadow,38c4b1558913abec61aa7b51dba76aec72e36850,2016-10-31 20:14:21,org.slf4j:slf4j,org.apache.logging.log4j:log4j,Updated pom.xml to work with the new logger,org.slf4j:slf4j org.apache.logging.log4j:log4j,"
Updated pom.xml to work with the new logger",13,Logging,,1,0.6,
TeamShadow/shadow,09dc0a11942d40042ac794af89d36b004ca6eadc,2017-01-31 17:05:13,org.apache.logging.log4j:log4j,org.slf4j:slf4j,"Removed SLF4J and moved back to Log4j 2 completely.

Initial change to SLF4J was because of what turned out to be unrelated
errors in the Shadow plugin.  SLF4J is a wrapper that allows many
different logging frameworks to be used, and that level of flexibility
is probably not needed for Shadow.  Log4j 2 works fine and is a
stand-alone logging solution.",org.apache.logging.log4j:log4j org.slf4j:slf4j,"Removed SLF4J and moved back to Log4j 2 completely.
",4,Logging,,1,1.0,Simplification
Technolords/microservice-mock,7e32e274bd0a2b5f77810c9eb241345786277884,2016-10-20 21:01:09,org.apache.logging.log4j:log4j,ch.qos.logback:logback,"Issue/12 (#16)

* Added servlet filter to jetty in order to support elapsed time
* Changed logging framework by replacing logback by log4j 2, as well as the associated files (logback.xml and log4j2.xml)
* Identified return status as well as uri
* Using the ThreadContext to pass the uri and status to the logging
* Update of mark down pages, providing documentation about the logging. In addition, some constants are introduced.",org.apache.logging.log4j:log4j ch.qos.logback:logback,"
* Added servlet filter to jetty in order to support elapsed time
* Changed logging framework by replacing logback by log4j 2, as well as the associated files (logback.xml and log4j2.xml)
* Identified return status as well as uri",6,Logging,,1,1.0,
tecsinapse/tecsinapse-data-io,9679552ed32e8cd55f88be3b12110509a52b9641,2019-04-03 13:34:51,org.slf4j:slf4j,ch.qos.logback:logback,Replace logback by slf4j,org.slf4j:slf4j ch.qos.logback:logback,"
Replace logback by slf4j",5,Logging,,1,1.0,
teknux-org/jetty-bootstrap,0cc2172b3d1c88a8808fbc18bb146b7cd720c112,2013-12-20 10:56:36,ch.qos.logback:logback,log4j:log4j,"- Rename JettyException to JettyBootstrapException to avoid confusing
- Change log4j to logback/slf4j",ch.qos.logback:logback log4j:log4j,"
- Rename JettyException to JettyBootstrapException to avoid confusing
- Change log4j to logback/slf4j",58,Logging,,1,1.0,
teknux-org/jetty-bootstrap,0cc2172b3d1c88a8808fbc18bb146b7cd720c112,2013-12-20 10:56:36,ch.qos.logback:logback,org.slf4j:slf4j,"- Rename JettyException to JettyBootstrapException to avoid confusing
- Change log4j to logback/slf4j",ch.qos.logback:logback org.slf4j:slf4j,"
- Rename JettyException to JettyBootstrapException to avoid confusing
- Change log4j to logback/slf4j",67,Logging,,1,1.0,
teknux-org/jetty-bootstrap,0cc2172b3d1c88a8808fbc18bb146b7cd720c112,2013-12-20 10:56:36,org.slf4j:jul-to-slf4j,org.slf4j:slf4j,"- Rename JettyException to JettyBootstrapException to avoid confusing
- Change log4j to logback/slf4j",org.slf4j:jul-to-slf4j org.slf4j:slf4j,"
- Rename JettyException to JettyBootstrapException to avoid confusing
- Change log4j to logback/slf4j",9,Logging,,1,1.0,
teknux-org/jetty-bootstrap,0cc2172b3d1c88a8808fbc18bb146b7cd720c112,2013-12-20 10:56:36,org.slf4j:jul-to-slf4j,log4j:log4j,"- Rename JettyException to JettyBootstrapException to avoid confusing
- Change log4j to logback/slf4j",org.slf4j:jul-to-slf4j log4j:log4j,"
- Rename JettyException to JettyBootstrapException to avoid confusing
- Change log4j to logback/slf4j",11,Logging,,1,1.0,
terasoluna-batch/terasoluna-batch,b2931ed804070c3665bfc43ea1646803d0661636,2015-01-21 10:56:15,ch.qos.logback:logback,log4j:log4j,#14 replace setting log4j to logback,ch.qos.logback:logback log4j:log4j,"
#14 replace setting log4j to logback",58,Logging,,1,1.0,
terasoluna-batch/terasoluna-batch,a3e186919ae725ef9bc409c2d8617ab252379f44,2015-01-22 05:30:28,ch.qos.logback:logback,commons-logging:commons-logging,#17 replace log4j+commons-logging to slf4j+logback in terasoluna-logger,ch.qos.logback:logback commons-logging:commons-logging,"
#17 replace log4j+commons-logging to slf4j+logback in terasoluna-logger",7,Logging,,1,1.0,
terasolunaorg/terasoluna-gfw,109ba571d75a646cc9faf3c51e21358f1b8d5682,2015-07-10 14:38:48,org.apache.taglibs:taglibs-standard,javax.servlet:jstl,#329: Change JSTL artifact (javax.servlet:jstl -> org.apache.taglibs:taglibs-standard-jstlel),org.apache.taglibs:taglibs-standard javax.servlet:jstl,"
#329: Change JSTL artifact (javax.servlet:jstl  laifuhewb  org.apache.taglibs:taglibs-standard-jstlel)",3,Web Framework,,1,0.7,
terasolunaorg/terasoluna-gfw,e84ccd96b07a5e1ab499ece286e1002beaf472dc,2016-01-07 10:28:37,javax.servlet.jsp:javax.servlet.jsp-api,org.apache.tomcat:tomcat,change servlet library from org.apache.tomcat to javax.servlet. issues:#436,javax.servlet.jsp:javax.servlet.jsp-api org.apache.tomcat:tomcat,"
change servlet library from org.apache.tomcat to javax.servlet.
issues:#436",3,Web Framework&HTTP Clients,,1,1.0,
terasolunaorg/terasoluna-gfw,e84ccd96b07a5e1ab499ece286e1002beaf472dc,2016-01-07 10:28:37,javax.servlet:javax.servlet-api,org.apache.tomcat:tomcat,change servlet library from org.apache.tomcat to javax.servlet. issues:#436,javax.servlet:javax.servlet-api org.apache.tomcat:tomcat,"
change servlet library from org.apache.tomcat to javax.servlet.
issues:#436",5,Web Framework&HTTP Clients,,1,1.0,
Terracotta-OSS/terracotta-core,35f534241e99d82f181f7aaf63d3a7d8b00c0f42,2017-06-29 14:25:29,ch.qos.logback:logback,log4j:log4j,Replace log4j logging with logback,ch.qos.logback:logback log4j:log4j,"
Replace log4j logging with logback",58,Logging,,1,1.0,
Terracotta-OSS/terracotta-core,35f534241e99d82f181f7aaf63d3a7d8b00c0f42,2017-06-29 14:25:29,ch.qos.logback:logback,org.slf4j:slf4j,Replace log4j logging with logback,ch.qos.logback:logback org.slf4j:slf4j,"
Replace log4j logging with logback",67,Logging,,1,1.0,
testcontainers/testcontainers-spring-boot,e624de86a3529eeebd082185cd15f17fe2a57bd6,2019-07-01 13:56:54,org.mariadb.jdbc:mariadb-java-client,mysql:mysql-connector-java,Replace mysql driver with maridb driver for memsql tests (#78),org.mariadb.jdbc:mariadb-java-client mysql:mysql-connector-java,"
Replace mysql driver with maridb driver for memsql tests (#78)",16,Database,,1,1.0,
testingisdocumenting/webtau,ccd4991762084960eb2bf09d1da56aa79aca22c1,2018-05-09 00:46:14,com.fasterxml.jackson,com.google.code.gson:gson,"java REST api example

replaced GSON with Jackson to handle integer types.
enabled config from webtau.cfg java resource file.",com.fasterxml.jackson com.google.code.gson:gson,"
replaced GSON with Jackson to handle integer types.",34,Serialization,,1,1.0,BugIssue
teverett/paradoxReader,b8afb09be15a8094283a3150cbff7dd1b2d54c03,2020-06-06 23:55:21,junit:junit,org.testng:testng,"add owasp test, switch to junit4",junit:junit org.testng:testng,"add owasp test, switch to junit4",47,Testing,,1,1.0,
TheLQ/pircbotx,ae0e9411c3020b297654d3d5b036addbd88a9936,2010-09-13 00:27:48,org.testng:testng,junit:junit,"Finally, Unit testing!!

Note: Switched to TestNG from the default JUnit

MassVerifyTest
-Tests various parts of Hooks

Action, MetaSimpleListener, SimplePircBotX
-Fixed bug (unnecessary parameter) in onAction

Renamed package org.pircbotx.test to org.pircbotx.impl so not to conflict with unit tests",org.testng:testng junit:junit,"
Note: Switched to TestNG from the default JUnit",23,Testing,,1,1.0,
theonedev/onedev,b4ca59538f0841c3475f0d61f298f0249e3675c6,2016-09-22 13:21:23,org.mariadb.jdbc:mariadb-java-client,mysql:mysql-connector-java,Use mariadb driver to connect to mysql/mariadb.,org.mariadb.jdbc:mariadb-java-client mysql:mysql-connector-java,"
Use mariadb driver to connect to mysql/mariadb.",16,Database,,1,1.0,
theotherp/nzbhydra2,76b33c76be58b157602783055a31be5486726c53,2017-05-29 20:32:26,com.h2database:h2,org.hsqldb:hsqldb,Replace HSQLDB with H2 for greatly reduced memory usage,com.h2database:h2 org.hsqldb:hsqldb,"
Replace HSQLDB with H2 for greatly reduced memory usage",14,Database,,1,1.0,Performance
TheThingsNetwork/java-app-sdk,da272ba679800a40fc643979210fd165c0a8d82a,2016-12-19 20:18:24,com.fasterxml.jackson,org.json:json,started #37 in data-common: move from org.json to jackson + java objects,com.fasterxml.jackson org.json:json,"
started #37 in data-common: move from org.json to jackson + java objects",10,Serialization,,1,1.0,
thingsboard/thingsboard,29a6e7d91c893dc4b7e386a2dbd38c30a063b5f7,2020-05-15 09:21:50,org.freemarker:freemarker,org.apache.velocity:velocity,Replace Velocity with Freemarker,org.freemarker:freemarker org.apache.velocity:velocity,"
Replace Velocity with Freemarker",3,Utility,,1,1.0,
thm-projects/arsnova-backend,568bdc4629fdc7e1ea17190907a407a3e406f64e,2018-08-14 12:38:07,ch.qos.logback:logback,log4j:log4j,"Replace Log4j with Logback

Support for java system properties to tune logging have been added:
* arsnova.log.exceptions
* arsnova.log.level
* arsnova.log.level.root
* arsnova.log.level.spring
* arsnova.log.properties",ch.qos.logback:logback log4j:log4j,"
Replace Log4j with Logback",58,Logging,,1,1.0,Functionality
thm-projects/arsnova-backend,568bdc4629fdc7e1ea17190907a407a3e406f64e,2018-08-14 12:38:07,ch.qos.logback:logback,org.slf4j:slf4j,"Replace Log4j with Logback

Support for java system properties to tune logging have been added:
* arsnova.log.exceptions
* arsnova.log.level
* arsnova.log.level.root
* arsnova.log.level.spring
* arsnova.log.properties",ch.qos.logback:logback org.slf4j:slf4j,"
Replace Log4j with Logback",67,Logging,,1,1.0,Functionality
ThomasJaspers/Generic-Testdata-Framework,66d7bed7e70a0409e418e4434cce72ba7a203d75,2013-01-25 08:47:44,org.apache.poi:poi,net.sourceforge.jexcelapi:jxl,"Switched to POI for reading Excel files and explicitly setting UTF-8
encoding for writing testsuite files.",org.apache.poi:poi net.sourceforge.jexcelapi:jxl,"
Switched to POI for reading Excel files and explicitly setting UTF-8
encoding for writing testsuite files.",6,Utility,,1,1.0,
thoward333/addrbook,31f9fb9b82ff794430e668c748053f3545198fbb,2014-01-19 15:24:20,org.hsqldb:hsqldb,mysql:mysql-connector-java,"Converted to use HSQL for main code (not just unit tests).

Updated to HSQL version 2.3.1 which has an important bug fix for Spring's GeneratedKey functionality.",org.hsqldb:hsqldb mysql:mysql-connector-java,"
Converted to use HSQL for main code (not just unit tests).",3,Database,,1,1.0,
ThreeTen/threeten-extra,5955c0d1ee4135c94459b9822a741ae9a2649deb,2018-01-08 19:53:54,junit:junit,org.testng:testng,Switch from TestNG to Junit 4,junit:junit org.testng:testng,"
Switch from TestNG to Junit 4",47,Testing,,1,1.0,
ThreeTen/threeten-extra,5955c0d1ee4135c94459b9822a741ae9a2649deb,2018-01-08 19:53:54,com.tngtech.java:junit-dataprovider,org.testng:testng,Switch from TestNG to Junit 4,com.tngtech.java:junit-dataprovider org.testng:testng,"
Switch from TestNG to Junit 4",6,Testing,,1,1.0,
ThreeTen/threeten-extra,66fd7651a92aa406bd21f0fc34656822c5b606bd,2021-03-03 22:44:42,org.junit,com.tngtech.java:junit-dataprovider,Upgrade to JUnit 5 (#173),org.junit com.tngtech.java:junit-dataprovider,"
Upgrade to JUnit 5 (#173)",3,Testing,,1,1.0,
tigerfintech/openapi-java-sdk,fafb17691272f26803a2f9b5803cc0282db7c511,2018-10-26 03:19:09,com.squareup.okhttp3,org.apache.httpcomponents,MOD:http client->okhttp & web socket bugfix.,com.squareup.okhttp3 org.apache.httpcomponents,"
MOD:http client laifuhewb okhttp & web socket bugfix.",4,HTTP Clients&Web Framework,,1,1.0,
Tillerino/Tillerinobot,6bac2c22643b0246d6a256b3ec8c69369983ec1d,2019-10-25 16:55:12,org.apache.logging.log4j:log4j,org.slf4j:slf4j,"Java 13 compiler _runtime_ compatibility

This means that we're still compiling to Java 8, but the compiler itself
may be Java 13. This also means that the runtime during testing is Java
13.

A few adjustments needed to be made:
- Jacoco only supports Java 13 from v 0.8.5 upward
- Findbugs was updated to Spotbugs, which still needed a bump of asm lib
to v7.2. The _next_ release will depend on asm 7.2. There were still two
findings which we needed to ignore.
- Log4j1.2 has no support for the new java version strings and then
drops support for MDS because it thinks that we're running Java 1 :) We
updated to log4j2 for tests.",org.apache.logging.log4j:log4j org.slf4j:slf4j,"
drops support for MDS because it thinks that we're running Java 1 :) We
updated to log4j2 for tests.",111,Logging,,1,0.9,Integration
Tillerino/Tillerinobot,6bac2c22643b0246d6a256b3ec8c69369983ec1d,2019-10-25 16:55:12,javax.xml.bind:jaxb-api,org.slf4j:slf4j,"Java 13 compiler _runtime_ compatibility

This means that we're still compiling to Java 8, but the compiler itself
may be Java 13. This also means that the runtime during testing is Java
13.

A few adjustments needed to be made:
- Jacoco only supports Java 13 from v 0.8.5 upward
- Findbugs was updated to Spotbugs, which still needed a bump of asm lib
to v7.2. The _next_ release will depend on asm 7.2. There were still two
findings which we needed to ignore.
- Log4j1.2 has no support for the new java version strings and then
drops support for MDS because it thinks that we're running Java 1 :) We
updated to log4j2 for tests.",javax.xml.bind:jaxb-api org.slf4j:slf4j,"findings which we needed to ignore.

- Log4j1.2 has no support for the new java version strings and thenfindings which we needed to ignore.

- Log4j1.2 has no support for the new java version strings and then",3,Logging&Serialization,,1,0.9,
timboudreau/giulius,38f4aa4a0b21b7e602533bae5f56d93b0836d212,2015-02-14 08:52:11,com.zaxxer:HikariCP,com.jolbox:bonecp,Switch from BoneCP to HikariCP,com.zaxxer:HikariCP com.jolbox:bonecp,"
Switch from BoneCP to HikariCP",6,HTTP Clients&Database,,1,1.0,
timveil/hive-jdbc-driver,62ff990dc3e0651f464a0b4e35e251ab900ba92f,2017-08-21 19:27:13,org.apache.logging.log4j:log4j,org.slf4j:slf4j,moving to log4j2,org.apache.logging.log4j:log4j org.slf4j:slf4j,"
moving to log4j2",111,Logging,,1,1.0,
timveil/hive-jdbc-driver,62ff990dc3e0651f464a0b4e35e251ab900ba92f,2017-08-21 19:27:13,org.apache.logging.log4j:log4j,org.slf4j:jul-to-slf4j,moving to log4j2,org.apache.logging.log4j:log4j org.slf4j:jul-to-slf4j,"
moving to log4j2",6,Logging,,1,1.0,
tinkerpop/blueprints,c2ef2d687da481bb3c3560ae1e634bb2695d0c85,2011-06-02 20:58:27,org.codehaus.jettison:jettison,com.googlecode.json-simple:json-simple,converted simple-json to jettison #101,org.codehaus.jettison:jettison com.googlecode.json-simple:json-simple,"
converted simple-json to jettison #101",3,Serialization,,1,1.0,
to2mbn/JMCCC,c5886a9af40bb8ed84edc75a776ce723af77ca4c,2015-09-12 13:31:05,org.json:json,com.google.code.gson:gson,"remove gson, add org.json",org.json:json com.google.code.gson:gson,"
remove gson, add org.json",8,Serialization,,1,1.0,
togglz/togglz,3783451d15fead9b540d0632d9452943a2002884,2014-02-18 07:13:20,org.assertj:assertj-core,org.easytesting:fest-assert,Fest 2 -> AssertJ,org.assertj:assertj-core org.easytesting:fest-assert,"
Fest 2  laifuhewb  AssertJ",34,Testing,,1,0.9,
togglz/togglz,eef444d03240172a799c549840dba010a1655ab9,2020-06-25 14:19:56,org.junit,org.hamcrest:hamcrest,"use plain junit5 and get rid of hamcrest and assertj where possible (#391)

Co-authored-by: Bennet Schulz <bennet.schulz@otto.de>",org.junit org.hamcrest:hamcrest,"
use plain junit5 and get rid of hamcrest and assertj where possible (#391)",3,Testing,,1,0.8,Simplification
tokuhirom/avans,2264c93df1871fad83bbf76a8bd3214a184056fe,2015-03-08 03:52:46,ch.qos.logback:logback,org.slf4j:slf4j,"Use logback, instead of slf4j-simple.",ch.qos.logback:logback org.slf4j:slf4j,"
Use logback, instead of slf4j-simple.",13,Logging,,1,0.8,
tolbertam/sstable-tools,deaaba891faed7621856dc36d4c4df92ef6d4a5d,2015-12-12 21:56:28,com.fasterxml.jackson,com.google.code.gson:gson,"Use more compact json format.  Switch from gson -> jackson.

Also makes entire json serialization path streaming instead of streaming
and loading each row into memory at a time.",com.fasterxml.jackson com.google.code.gson:gson,"
Use more compact json format.
Switch from gson  laifuhewb  jackson.",13,Serialization,,1,1.0,Performance
torakiki/sejda,5e3c3bff17e4b3dee10ef434fc4c5f83be70d5e0,2010-06-26 10:28:09,org.slf4j:slf4j,log4j:log4j,0000001: moved logging to slf4j,org.slf4j:slf4j log4j:log4j,"
0000001: moved logging to slf4j",73,Logging,,1,1.0,
torakiki/sejda,c6bee05d69602943d49ba9603f687557b263b3ac,2021-03-03 21:10:25,net.coobird:thumbnailator,org.imgscalr:imgscalr-lib,replace Scalr with Thumbnailator. Upgraded metadata-extractor. Moved ImageOptimizer to PRO,net.coobird:thumbnailator org.imgscalr:imgscalr-lib,"
replace Scalr with Thumbnailator.
Upgraded metadata-extractor.",3,Utility,,1,1.0,
tracee/tracee,19ff3ea5665a1ad70b4d276a5f85575fc81e9153,2014-03-11 20:29:24,com.google.code.gson:gson,org.codehaus.jackson:jackson,Resolve #13: Replace Jackson with Gson to generate json,com.google.code.gson:gson org.codehaus.jackson:jackson,"
Resolve #13: Replace Jackson with Gson to generate json",3,Serialization,,1,1.0,
TrashEmail/TrashEmail,b34d83e148c71c661ebf14a47611f9b21359c5f8,2020-06-13 07:03:41,mysql:mysql-connector-java,com.h2database:h2,Move from H2 -> MySQL ;) `party`,mysql:mysql-connector-java com.h2database:h2,"
Move from H2  laifuhewb  MySQL ;) `party`",5,Database,,1,1.0,
TridentSDK/TridentSDK,828328298ea831d6289faf2739c3fb5328c1de96,2017-02-24 02:50:27,org.json:json,com.google.code.gson:gson,Use org.json:json instead of Gson.,org.json:json com.google.code.gson:gson,"
Use org.json:json instead of Gson.",8,Serialization,,1,1.0,
trimou/trimou,10f6363e53347fbf381bc7dff38e4b5d30237abe,2013-05-28 14:10:16,org.wildfly:wildfly,org.jboss.as:jboss-as-arquillian,Integration tests - use WildFly container,org.wildfly:wildfly org.jboss.as:jboss-as-arquillian,"
Integration tests - use WildFly container",8,Testing&Web Framework,,1,0.8,Integration
trinodb/trino,739d074bd8e6475af8af0ee53c82bb2ae19b90b3,2019-10-02 03:49:08,org.elasticsearch.client:elasticsearch-rest,org.elasticsearch.client:transport,Update Elasticsearch to http client,org.elasticsearch.client:elasticsearch-rest org.elasticsearch.client:transport,"
Update Elasticsearch to http client",10,Database,,1,1.0,
trinodb/trino,739d074bd8e6475af8af0ee53c82bb2ae19b90b3,2019-10-02 03:49:08,org.apache.httpcomponents,org.elasticsearch.client:transport,Update Elasticsearch to http client,org.apache.httpcomponents org.elasticsearch.client:transport,"
Update Elasticsearch to http client",4,Database&HTTP Clients,,1,1.0,
tropo/tropo-webapi-java,709588073d6f3bae29aa548155328734b455bd70,2015-11-25 14:53:48,com.google.code.gson:gson,net.sf.json-lib:json-lib,replaced net.sf.json library with google gson,com.google.code.gson:gson net.sf.json-lib:json-lib,"
replaced net.sf.json library with google gson",3,Serialization,,1,1.0,
twilio/twilio-java,69e449f178d9700d9f15bd2c3ba935429d74bd85,2021-01-29 22:34:17,org.slf4j:slf4j,org.apache.logging.log4j:log4j,fix: switch from log4j to SLF4J (#610),org.slf4j:slf4j org.apache.logging.log4j:log4j,"
fix: switch from log4j to SLF4J (#610)",13,Logging,,1,1.0,
Twister915/Core,f579d849af7632277915c3917cf4ffeb03e3d952,2015-08-20 20:11:54,com.google.code.gson:gson,com.googlecode.json-simple:json-simple,Start moving towards gson and away from org.json,com.google.code.gson:gson com.googlecode.json-simple:json-simple,Start moving towards gson and away from org.json,11,Serialization,,1,0.9,
tyndale/step,a0243015d33a4a7adc7424d3f87c1d10669829ef,2014-07-19 13:30:13,org.apache.tomcat.embed:tomcat-embed,org.eclipse.jetty,Some changes to use Tomcat as server,org.apache.tomcat.embed:tomcat-embed org.eclipse.jetty,"
Some changes to use Tomcat as server",6,Web Framework,,1,0.9,
umlet/umlet,017a222d89d312f0575c72131a4b8969f54caa58,2016-01-01 14:48:36,org.slf4j:slf4j,log4j:log4j,#340: switch from log4j to slf4j,org.slf4j:slf4j log4j:log4j,"#340: switch from log4j to slf4j
",73,Logging,,1,1.0,
UNC-Libraries/Carolina-Digital-Repository,df56a6f5cc67f3b201770436cf46cbdac728cf78,2017-12-12 02:21:22,ch.qos.logback:logback,log4j:log4j,Switched log4j for logback in all projects,ch.qos.logback:logback log4j:log4j,"
Switched log4j for logback in all projects",58,Logging,,1,1.0,
UNC-Libraries/Carolina-Digital-Repository,df56a6f5cc67f3b201770436cf46cbdac728cf78,2017-12-12 02:21:22,ch.qos.logback:logback,org.slf4j:slf4j,Switched log4j for logback in all projects,ch.qos.logback:logback org.slf4j:slf4j,"
Switched log4j for logback in all projects",67,Logging,,1,1.0,
UNC-Libraries/Carolina-Digital-Repository,df56a6f5cc67f3b201770436cf46cbdac728cf78,2017-12-12 02:21:22,ch.qos.logback:logback,org.apache.logging.log4j:log4j,Switched log4j for logback in all projects,ch.qos.logback:logback org.apache.logging.log4j:log4j,"
Switched log4j for logback in all projects",11,Logging,,1,1.0,
unic/neba,a600e68cae2e2c2ce753c266ce5b6222c05e34cc,2016-05-26 16:10:27,org.assertj:assertj-core,org.easytesting:fest-assert,neba-121: Unit test infrastructure: Update maven testing plugin versions and Migrate to AssertJ,org.assertj:assertj-core org.easytesting:fest-assert,"
neba-121: Unit test infrastructure: Update maven testing plugin versions and Migrate to AssertJ",49,Testing,,1,1.0,
unic/neba,eca8cb378238c131441df7eeb95fa39bd28b63f2,2018-02-01 18:24:34,org.osgi:org.osgi,org.apache.felix:org.apache.felix,"#222 Flyweight NEBA

Updated from SCR annotations to OSGi standard annotations
Removed compiler warnings
Updated maven plugin versions
Switched from the closed-source day content package plugin to the apache jackrabbit filevault package plugin",org.osgi:org.osgi org.apache.felix:org.apache.felix,"
Updated from SCR annotations to OSGi standard annotations
Removed compiler warnings",5,Building,,1,0.7,Popularity
Unidata/netcdf-java,ef99fe9a320076aece4b69938452bd96fe0c130c,2013-08-31 23:48:03,org.apache.logging.log4j:log4j,org.slf4j:slf4j,"fix unit tests;
switch to log4j2",org.apache.logging.log4j:log4j org.slf4j:slf4j,"
fix unit tests;
switch to log4j2",111,Logging,,1,1.0,
unity-idm/unity,0913adb0a76f3d2d43c3e750c53ca64b47ae2166,2016-10-12 21:43:39,org.mariadb.jdbc:mariadb-java-client,mysql:mysql-connector-java,"use dateTIME with ms precission for all tables. use mariadb connector
instead of mysql one. move test db configs to main tree package so is
available for tests in all modules. remove truncation of timestamps.",org.mariadb.jdbc:mariadb-java-client mysql:mysql-connector-java,"
use dateTIME with ms precission for all tables.
use mariadb connector
instead of mysql one.",16,Database,,1,1.0,Functionality
unity-idm/unity,c4d7a0897a5fa586540464ee83917bb53f23a28b,2016-11-13 18:52:25,org.apache.logging.log4j:log4j,org.slf4j:slf4j,fixed #572 - refactored unity to use log4j2,org.apache.logging.log4j:log4j org.slf4j:slf4j,"
fixed #572 - refactored unity to use log4j2",111,Logging,,1,1.0,
unity-idm/unity,c4d7a0897a5fa586540464ee83917bb53f23a28b,2016-11-13 18:52:25,org.apache.logging.log4j:log4j,log4j:apache-log4j-extras,fixed #572 - refactored unity to use log4j2,org.apache.logging.log4j:log4j log4j:apache-log4j-extras,"
fixed #572 - refactored unity to use log4j2",10,Logging,,1,1.0,
universAAL/lddi,3a074a8f798eeda934761ff9396eaabd73259003,2013-12-10 16:28:50,org.osgi:org.osgi,org.osgi:osgi,"changing from explicit dependencies to Felix to generic dependencies to osgi, 
ie:
 <dependency>
  <groupId>org.apache.felix</groupId>
  <artifactId>org.osgi.core</artifactId>
</dependency>
is changed to:
<dependency>
  <groupId>org.osgi</groupId>
  <artifactId>org.osgi.core</artifactId>
</dependency>

AND :
<dependency>
  <groupId>org.apache.felix</groupId>
  <artifactId>org.osgi.compendium</artifactId>
</dependency>
(or R4_compendium)
is changed to:
<dependency>
  <groupId>org.osgi</groupId>
  <artifactId>org.osgi.compendium</artifactId>
</dependency>",org.osgi:org.osgi org.osgi:osgi,"
changing from explicit dependencies to Felix to generic dependencies to osgi,
ie:",8,Building,,1,0.7,
universAAL/lddi,3a074a8f798eeda934761ff9396eaabd73259003,2013-12-10 16:28:50,org.osgi:org.osgi,org.apache.felix:org.osgi,"changing from explicit dependencies to Felix to generic dependencies to osgi, 
ie:
 <dependency>
  <groupId>org.apache.felix</groupId>
  <artifactId>org.osgi.core</artifactId>
</dependency>
is changed to:
<dependency>
  <groupId>org.osgi</groupId>
  <artifactId>org.osgi.core</artifactId>
</dependency>

AND :
<dependency>
  <groupId>org.apache.felix</groupId>
  <artifactId>org.osgi.compendium</artifactId>
</dependency>
(or R4_compendium)
is changed to:
<dependency>
  <groupId>org.osgi</groupId>
  <artifactId>org.osgi.compendium</artifactId>
</dependency>",org.osgi:org.osgi org.apache.felix:org.osgi,"
changing from explicit dependencies to Felix to generic dependencies to osgi,
ie:",13,Building,,1,0.7,Popularity
universAAL/middleware,866fad8c9d0b7f9df86ea66f86ebd4dc4985c8fe,2013-12-10 16:23:19,org.osgi:org.osgi,org.osgi:osgi,"changing from explicit dependencies to Felix to generic dependencies to osgi, 
ie:
 <dependency>
  <groupId>org.apache.felix</groupId>
  <artifactId>org.osgi.core</artifactId>
</dependency>
is changed to:
<dependency>
  <groupId>org.osgi</groupId>
  <artifactId>org.osgi.core</artifactId>
</dependency>

AND :
<dependency>
  <groupId>org.apache.felix</groupId>
  <artifactId>org.osgi.compendium</artifactId>
</dependency>
(or R4_compendium)
is changed to:
<dependency>
  <groupId>org.osgi</groupId>
  <artifactId>org.osgi.compendium</artifactId>
</dependency>",org.osgi:org.osgi org.osgi:osgi,"
changing from explicit dependencies to Felix to generic dependencies to osgi,
ie:",8,Building,,1,0.7,
universAAL/middleware,866fad8c9d0b7f9df86ea66f86ebd4dc4985c8fe,2013-12-10 16:23:19,org.osgi:org.osgi,org.apache.felix:org.osgi,"changing from explicit dependencies to Felix to generic dependencies to osgi, 
ie:
 <dependency>
  <groupId>org.apache.felix</groupId>
  <artifactId>org.osgi.core</artifactId>
</dependency>
is changed to:
<dependency>
  <groupId>org.osgi</groupId>
  <artifactId>org.osgi.core</artifactId>
</dependency>

AND :
<dependency>
  <groupId>org.apache.felix</groupId>
  <artifactId>org.osgi.compendium</artifactId>
</dependency>
(or R4_compendium)
is changed to:
<dependency>
  <groupId>org.osgi</groupId>
  <artifactId>org.osgi.compendium</artifactId>
</dependency>",org.osgi:org.osgi org.apache.felix:org.osgi,"
changing from explicit dependencies to Felix to generic dependencies to osgi,
ie:",13,Building,,1,0.7,
universAAL/middleware,866fad8c9d0b7f9df86ea66f86ebd4dc4985c8fe,2013-12-10 16:23:19,org.osgi:org.osgi,org.apache.felix:org.apache.felix,"changing from explicit dependencies to Felix to generic dependencies to osgi, 
ie:
 <dependency>
  <groupId>org.apache.felix</groupId>
  <artifactId>org.osgi.core</artifactId>
</dependency>
is changed to:
<dependency>
  <groupId>org.osgi</groupId>
  <artifactId>org.osgi.core</artifactId>
</dependency>

AND :
<dependency>
  <groupId>org.apache.felix</groupId>
  <artifactId>org.osgi.compendium</artifactId>
</dependency>
(or R4_compendium)
is changed to:
<dependency>
  <groupId>org.osgi</groupId>
  <artifactId>org.osgi.compendium</artifactId>
</dependency>",org.osgi:org.osgi org.apache.felix:org.apache.felix,"
changing from explicit dependencies to Felix to generic dependencies to osgi,
ie:",3,Building,,1,0.7,
UniversalMediaServer/UniversalMediaServer,380c0a63e75a8ceca307649994c2ae089137f80e,2015-06-14 06:25:28,org.assertj:assertj-core,org.easytesting:fest-assert,Switched from Fest Assert to AssertJ,org.assertj:assertj-core org.easytesting:fest-assert,"
Switched from Fest Assert to AssertJ",34,Testing,,1,1.0,
Unleash/unleash-client-java,5e4bb2e0cedb57e9134efff8ec48d8c370c054b5,2021-01-28 09:13:51,org.slf4j:slf4j,org.apache.logging.log4j:log4j,"Changed to slf4j-api for logging.

- Finished migration to JUnit 5 and assertj
- Setup github actions for building and creating github releases",org.slf4j:slf4j org.apache.logging.log4j:log4j,"
Changed to slf4j-api for logging.",13,Logging,,1,1.0,
urbanairship/java-library,67a43677fd52a287d7e5ee875448945d07bcccda,2020-05-05 17:44:27,org.apache.logging.log4j:log4j,org.slf4j:slf4j,Fixed some indenting and also removed slf4j and replaced it with log4j,org.apache.logging.log4j:log4j org.slf4j:slf4j,"
Fixed some indenting and also removed slf4j and replaced it with log4j",111,Logging,,1,1.0,
urieli/jochre,c4884b472fd15747a5d9149747d7262a12361352,2016-05-24 12:45:51,ch.qos.logback:logback,log4j:log4j,Replaced log4j with slf4j + logback,ch.qos.logback:logback log4j:log4j,"
Replaced log4j with slf4j + logback",58,Logging,,1,1.0,
urieli/jochre,c4884b472fd15747a5d9149747d7262a12361352,2016-05-24 12:45:51,org.slf4j:slf4j,log4j:log4j,Replaced log4j with slf4j + logback,org.slf4j:slf4j log4j:log4j,"
Replaced log4j with slf4j + logback",73,Logging,,1,1.0,
urieli/jochre,31158a30853740286bf3f07701670128313d30b2,2018-09-21 17:55:57,com.zaxxer:HikariCP,com.mchange:c3p0,"Remove JochreSearch Service classes

Combine Interfaces and Impl classes into a single class
Update JochreSearch to use typesafe.config and move defaults
to this file.
Replace C3P0 with Hikari connection pooling.
Add possibility of using in-memory index, and add index creation test.",com.zaxxer:HikariCP com.mchange:c3p0,"
Replace C3P0 with Hikari connection pooling.",7,Database,,1,1.0,
utarwyn/EnderContainers,e4616f37125b106915f05f8fb1a3902fffc8eedc,2020-05-24 10:55:48,com.zaxxer:HikariCP,org.apache.commons:commons-dbcp2,Replace DBCP2 by HikariCP to manage database connections,com.zaxxer:HikariCP org.apache.commons:commons-dbcp2,"Replace DBCP2 by HikariCP to manage database connections
",7,Database,,1,1.0,
UweTrottmann/tmdb-java,4d103814e37a9ffb2151e88c3e582fff2dfda430,2014-10-06 09:24:44,org.assertj:assertj-core,org.easytesting:fest-assert,Switch to assertj 1.7.0.,org.assertj:assertj-core org.easytesting:fest-assert,"
Switch to assertj 1.7.0.",34,Testing,,1,0.9,
vaadin/charts,027e0fe96f80c91e5d98f5ebd2ba0f69a5c6a99f,2015-04-17 11:39:59,com.fasterxml.jackson,com.google.code.gson:gson,"Change JSON library to Jackson (#12038)

 * Add tests for serialization
 * Fixes CHARTS-30

Change-Id: I8d18b1c7f7bfbf69cba6def60034775f1b8d01c7",com.fasterxml.jackson com.google.code.gson:gson,"Change JSON library to Jackson (#12038)
",34,Serialization,,1,1.0,
valdasraps/esj,fce7a359bb3523c980536a21e589fd707efaebc7,2015-05-01 08:05:04,org.slf4j:slf4j,log4j:log4j,"Switched from Log4J to SLF4J -
https://github.com/valdasraps/esj/issues/2",org.slf4j:slf4j log4j:log4j,"
Switched from Log4J to SLF4J -
https://github.com/valdasraps/esj/issues/2",73,Logging,,1,1.0,
Valkryst/VTerminal,fb5efbb47bb3c8f0924130feed3955ac2e80929f,2019-11-17 22:28:25,org.apache.commons:commons-text,commons-lang:commons-lang,"* Add version tag to maven-assembly-plugin
* Remove incorrect configuration options from maven-assembly-plugin
* Remove log4j from the project
* Swap commons-lang for commons-text
* Update caffeine from 2.6.2 to 2.8.0
* Update hamcrest from 1.3 to 2.2
* Update junit from 4.12 to 5.5.2
* Update Lombok from 1.18.4 to 1.18.10
* Update maven-javadoc-plugin from 3.0.1 to 3.1.1
* Update surefire from 2.22.0 to 3.0.0-M4
* https://github.com/Valkryst/VTerminal/issues/100",org.apache.commons:commons-text commons-lang:commons-lang,"
* Remove log4j from the project
* Swap commons-lang for commons-text
* Update caffeine from 2.6.2 to 2.8.0",14,Utility,,1,0.9,
Valkryst/VTerminal,f01d60b7d1284428bf1cfd3f31f2994a1c9ae80f,2020-02-10 00:02:07,org.json:json,com.googlecode.json-simple:json-simple,"* Add json dependency to pom.xml
* Change project structure to more closely follow Maven conventions
* Remove json-simple dependency from pom.xml
* Remove VJSON dependency from pom.xml
* Switch to chronological versioning
* Update code to use the new json dependency
* Update caffeine dependency
* Update lombok dependency",org.json:json com.googlecode.json-simple:json-simple,"
* Switch to chronological versioning
* Update code to use the new json dependency
* Update caffeine dependency",3,Serialization,,1,1.0,
venushka/jmxeval,192c9ebd667d4c69e51212ad67015fb062977486,2014-12-25 23:35:59,org.testng:testng,junit:junit,Replaced JUnit by TestNG.,org.testng:testng junit:junit,"
Replaced JUnit by TestNG.",23,Testing,,1,1.0,
vert-x3/vertx-mail-client,bfdba6a0039da9b317448782992dd68db4782021,2020-07-27 08:10:15,org.apache.logging.log4j:log4j,org.slf4j:slf4j,[issue-151] Update Log4j to Log4j2 in test,org.apache.logging.log4j:log4j org.slf4j:slf4j,"
[issue-151] Update Log4j to Log4j2 in test",111,Logging,,1,0.7,
Vhati/Slipstream-Mod-Manager,80c151aef8300b1ad043ccf41aa2d3473d77d109,2017-12-27 09:26:27,ch.qos.logback:logback,org.apache.logging.log4j:log4j,Changed logging framework to SLF4J/Logback,ch.qos.logback:logback org.apache.logging.log4j:log4j,"
Changed logging framework to SLF4J/Logback",11,Logging,,1,1.0,
Vhati/Slipstream-Mod-Manager,31143cfbfbe4570ab788e77f65869fd18b3544fb,2017-12-27 14:42:47,info.picocli:picocli,commons-cli:commons-cli,Changed command line parser to picocli,info.picocli:picocli commons-cli:commons-cli,"
Changed command line parser to picocli",4,Utility,,1,0.98,
victims/victims-enforcer,4c3f9c5057f833f8cc2a78b52415c31f509d7eed,2013-05-03 01:07:22,com.h2database:h2,org.apache.derby,"Addresses the following issues:

- The query for matching classes against a known vulnerable artifiact
  was not working correctly.

- Metadata was not being correctly extracted from the MANIFEST.MF file.

- Comparing by a crude entire file hash was restored, allows for quick checks.

- Removed tolerance as no longer required

- Switched to using H2 instead of Apache Derby.",com.h2database:h2 org.apache.derby,"
- Switched to using H2 instead of Apache Derby.",4,Database,,1,0.98,
vitalidze/traccar-web,99de9abc8574937ef151be5322fddd3ffc5152c9,2015-11-07 12:46:29,com.fasterxml.jackson,com.google.code.gson:gson,"Migrated from GSON to Jackson JSON serializing library, will use it both on client and on server side",com.fasterxml.jackson com.google.code.gson:gson,"
Migrated from GSON to Jackson JSON serializing library, will use it both on client and on server side",6,Serialization,,1,0.99,Simplification
vivo-project/Vitro,ed2b570d3795998fa833732dfe79cf0fc2bbfcf9,2017-02-01 14:46:19,org.glassfish:javax.json,javax.json:javax.json-api,[VIVO-1313] Swap javax JSON interface to Glassfish parser,org.glassfish:javax.json javax.json:javax.json-api,"
[VIVO-1313] Swap javax JSON interface to Glassfish parser",3,Serialization,,1,0.72,
vizor-games/infraworld-cornerstone,c60510422a4e4c78b897aad5c215dcdaaeff8238,2018-07-27 15:55:45,org.yaml:snakeyaml,com.fasterxml.jackson,Replaced heavy jackson databind with more lightweight snake yaml,org.yaml:snakeyaml com.fasterxml.jackson,"
Replaced heavy jackson databind with more lightweight snake yaml",4,Serialization,,1,0.98,SizeComplexity
vmi/selenese-runner-java,641ab94e7d014cdf4fd6a83554dcff57130143d3,2016-01-31 04:56:11,com.google.code.gson:gson,org.json:json,replace JSON library from org.json to com.google.code.gson.,com.google.code.gson:gson org.json:json,"
replace JSON library from org.json to com.google.code.gson.",20,Serialization,,1,0.99,
vmi/selenese-runner-java,700270a04b118e5af0414e96346607e56dbe23bf,2016-02-22 22:40:26,args4j:args4j,commons-cli:commons-cli,replace command line arguments parser from commons-cli to args4j. (#171),args4j:args4j commons-cli:commons-cli,"
replace command line arguments parser from commons-cli to args4j.
(#171)",3,Utility,,1,0.99,
vmware/declarative-cluster-management,4d221d70b2a857a6eb4d196bca24018bee7ea151,2019-09-21 17:44:56,com.h2database:h2,org.apache.derby,"Switch from Derby to H2

Signed-off-by: Lalith Suresh <lsuresh@vmware.com>",com.h2database:h2 org.apache.derby,"
Switch from Derby to H2",4,Database,,1,0.99,
vsilaev/tascalate-javaflow,a1732526d8d933d95e2c967c32c1134f8bd2c68d,2019-02-05 11:49:06,org.slf4j:slf4j,commons-logging:commons-logging,"Replace commons-logging (outdated, non-modular) with SLF4J (modular); use ToolChain compilation trick + explicit module-info.java instead of Moditect",org.slf4j:slf4j commons-logging:commons-logging,"Replace commons-logging (outdated, non-modular) with SLF4J (modular); use ToolChain compilation trick + explicit module-info.java instead of Moditect
",39,Logging,,1,0.98,Deprecation
vt-middleware/ldaptive,2889f3e2599f110994c1b5e53649ecb001fb348f,2015-12-08 16:29:46,com.google.code.gson:gson,com.googlecode.json-simple:json-simple,"Switch from json-simple to gson.

Add JsonServletSearchExecutor.
Fixes #61.",com.google.code.gson:gson com.googlecode.json-simple:json-simple,"
Switch from json-simple to gson.",11,Serialization,,1,0.99,
warmuuh/milkman,6d494018245bb5de12cdb588a92312b8dbc4f90d,2019-07-28 10:32:11,io.github.classgraph:classgraph,org.reflections:reflections,replaced reflections lib with classgraph bc of java9 incompatibility,io.github.classgraph:classgraph org.reflections:reflections,"
replaced reflections lib with classgraph bc of java9 incompatibility",5,Utility,,1,0.99,Integration
webanno/webanno,3f77fd47af2dd4bed3dff6a23ab17ef49fac8a6b,2018-11-08 16:08:47,org.mockito:mockito,org.jmockit:jmockit,"#1106 - Switch from jmockit to mockito in webanno-brat

- Improve testability of the PreRenderer
- Switch tests to use mockito",org.mockito:mockito org.jmockit:jmockit,"
#1106 - Switch from jmockit to mockito in webanno-brat",4,Testing,,1,0.99,
weld/core,267909f08fb71f53e9f48819d8a975de375d4d6a,2010-08-17 13:25:08,junit:junit,org.testng:testng,Convert tests to JUnit,junit:junit org.testng:testng,"
Convert tests to JUnit",47,Testing,,1,0.98,
weld/core,088d293b9c6918b0449a698c6750bebcfffafde0,2013-09-05 12:51:03,org.jboss.logging:jboss-logging,org.slf4j:slf4j,"WELD-1409 Replace slf4j with jboss-logging
- use localized exceptions where possible",org.jboss.logging:jboss-logging org.slf4j:slf4j,"
WELD-1409 Replace slf4j with jboss-logging
- use localized exceptions where possible",4,Logging,,1,0.98,Functionality
weld/core,beb85d2904e6137d538e576c07a0a801c34ac1da,2018-02-07 13:13:38,com.github.spotbugs:spotbugs,com.google.code.findbugs,WELD-2462 Migrate from FindBugs to SpotBugs.,com.github.spotbugs:spotbugs com.google.code.findbugs,"
WELD-2462 Migrate from FindBugs to SpotBugs.",21,Utility,,1,0.75,
whiskels/TelegramNotifierBot,8fe0e931f9193834adf0ef7c215f1604f53df286,2020-11-24 08:17:01,com.fasterxml.jackson,com.google.code.gson:gson,update: switched from GSON to Jackson,com.fasterxml.jackson com.google.code.gson:gson,"
update: switched from GSON to Jackson",34,Serialization,,1,0.99,
whitesource/agents,d4fc6cca31a365d7cc7e0e9f7823ef48de38012d,2012-08-01 11:37:47,com.google.code.gson:gson,org.codehaus.jackson:jackson,replace jackson with gson,com.google.code.gson:gson org.codehaus.jackson:jackson,"
replace jackson with gson",3,Serialization,,1,1.0,
whitesource/agents,ffebf2d674f8e1a542897e0cad1fe42f3e3f2675,2019-08-18 07:21:26,org.freemarker:freemarker,org.apache.velocity:velocity,WSE-2492 - replace velocity with freemarker library,org.freemarker:freemarker org.apache.velocity:velocity,"
WSE-2492 - replace velocity with freemarker library",3,Utility,,1,1.0,
wikimedia/wikidata-query-rdf,776cac9fdd65a6854ec7eded09a9df569e0761c5,2018-01-17 09:15:31,com.fasterxml.jackson,com.googlecode.json-simple:json-simple,"Make WikibaseRepository type safe

Parse responses from Wikibase to Java objects to make them type safe. This
makes the client code less error prone, contains the JSON parser dependency
to the WikibaseRepository class and makes refactoring those classes easier.

This replaces json-simple with Jackson, which is already a dependency in
the project.

Still to check:

At this point, an invalid change will put the whole batch of changes in
error. This could happen if a field is invalid (non parseable date in a
date field, invalid integer in an integer field, ...). I'm not sure if
that's an error that is sufficiently frequent to need specific handling.

Change-Id: Ibd2a2e217931333dafa894dd003f3fdbf6c2157e",com.fasterxml.jackson com.googlecode.json-simple:json-simple,"
This replaces json-simple with Jackson, which is already a dependency in
the project.",7,Serialization,,1,1.0,Simplification
wisdom-framework/wisdom,707a2bc44e596fbb78008023b4c8ade0c8b17b0a,2014-01-04 18:24:09,org.assertj:assertj-core,org.easytesting:fest-assert,"Remove fest-assert dependency in favor of assert, define a couple of dependencies as provided to avoid transitive resolution

Signed-off-by: Clement Escoffier <clement.escoffier@gmail.com>",org.assertj:assertj-core org.easytesting:fest-assert,"
Remove fest-assert dependency in favor of assert, define a couple of dependencies as provided to avoid transitive resolution",49,Testing,,1,0.95,
wso2/carbon-identity-framework,883d5923ee5ad07343f16025d2ea440b3c697701,2018-01-09 13:19:29,org.testng:testng,junit:junit,Moving junit tests to testng (#1265),org.testng:testng junit:junit,"
Moving junit tests to testng (#1265)",23,Testing,,1,1.0,
wso2/carbon-identity-framework,7855b46612595c76477b25d30b86896d69918a59,2020-09-29 02:18:16,org.apache.taglibs:taglibs-standard,javax.servlet:jstl,Change jstl to taglibs-standard-impl.,org.apache.taglibs:taglibs-standard javax.servlet:jstl,"
Change jstl to taglibs-standard-impl.",5,Web Framework,,1,0.6,
wso2/carbon-kernel,a6c30c1070cfabd78c4a5ee0faab2326014cc4ff,2015-11-18 20:02:57,org.testng:testng,junit:junit,"CARBON-15630: Replacing junit with testng in bundle archetype template pom and including versions in import,export package configuration in bundle plugin",org.testng:testng junit:junit,"
CARBON-15630: Replacing junit with testng in bundle archetype template pom and including versions in import,export package configuration in bundle plugin",23,Testing,,1,1.0,
wso2/msf4j,7c15ce4067f94505d681adaba00c59428ecef29a,2016-04-06 05:50:42,org.testng:testng,junit:junit,WMS-61: Move all test cases from junit to testng,org.testng:testng junit:junit,"
WMS-61: Move all test cases from junit to testng",23,Testing,,1,1.0,
wso2-attic/product-emm,3715f57af8ca0f8ccfd958ff745007acf1937789,2015-06-19 08:55:14,com.google.code.gson:gson,com.fasterxml.jackson,Refractor Core changes.Remove all jason frameworks and converted to use gson,com.google.code.gson:gson com.fasterxml.jackson,"
Refractor Core changes.
Remove all jason frameworks and converted to use gson",4,Serialization,,1,0.95,
wso2-attic/product-emm,3715f57af8ca0f8ccfd958ff745007acf1937789,2015-06-19 08:55:14,com.google.code.gson:gson,org.json:json,Refractor Core changes.Remove all jason frameworks and converted to use gson,com.google.code.gson:gson org.json:json,"
Refractor Core changes.
Remove all jason frameworks and converted to use gson",20,Serialization,,1,0.95,
xaverW/MediathekView,81aacfd613e16f28d78ecd7271b390a9fef4a115,2018-11-22 21:43:17,org.assertj:assertj-core,org.hamcrest:hamcrest,Replace Hamcrest with AssertJ,org.assertj:assertj-core org.hamcrest:hamcrest,"
Replace Hamcrest with AssertJ",7,Testing,,1,1.0,
xaverW/MSearch,4ee5c9aa6269abb5ccc2632ba0edf163b8535380,2020-12-31 00:30:51,org.apache.commons:commons-text,org.apache.commons:commons-lang3,Replacing deprecated commons-lang3 with commons-text,org.apache.commons:commons-text org.apache.commons:commons-lang3,"
Replacing deprecated commons-lang3 with commons-text",12,Utility,,1,0.6,Deprecation
XeroAPI/Xero-Java,b1df715eab2bcd6bcd4706a951bff31edc514b49,2019-10-17 10:03:18,org.slf4j:slf4j,org.apache.logging.log4j:log4j,replace log4j by sl4j,org.slf4j:slf4j org.apache.logging.log4j:log4j,"
replace log4j by sl4j",13,Logging,,1,1.0,
XeroAPI/Xero-Java,a0e499be4e2e6deeb4809eb5efe0a15cfac3e2ac,2020-05-15 20:48:02,org.slf4j:slf4j,org.apache.logging.log4j:log4j,"Fix the logging dependency

Replace log4j with slf4j in pom.xml",org.slf4j:slf4j org.apache.logging.log4j:log4j,"
Replace log4j with slf4j in pom.xml",6,Logging,,1,1.0,
xipki/xipki,2bc29a258bbd37159c68d726c14683f7b15a76cf,2019-06-03 20:32:48,org.apache.logging.log4j:log4j,ch.qos.logback:logback,replace logback by log4j2.,org.apache.logging.log4j:log4j ch.qos.logback:logback,"
replace logback by log4j2.",12,Logging,,1,1.0,
xwiki/xwiki-commons,21fe11b7df3123f2b6f04da3527cfc6ee9a6b8ac,2011-05-12 11:58:19,ch.qos.logback:logback,log4j:log4j,"XCOMMONS-9: Move from Commons Logging/Log4J to SLF4J/Logback
XCOMMONS-10: Add support for injecting Logger with @Inject",ch.qos.logback:logback log4j:log4j,"
XCOMMONS-9: Move from Commons Logging/Log4J to SLF4J/Logback
XCOMMONS-10: Add support for injecting Logger with @Inject",58,Logging,,1,1.0,
xwiki/xwiki-commons,21fe11b7df3123f2b6f04da3527cfc6ee9a6b8ac,2011-05-12 11:58:19,ch.qos.logback:logback,commons-logging:commons-logging,"XCOMMONS-9: Move from Commons Logging/Log4J to SLF4J/Logback
XCOMMONS-10: Add support for injecting Logger with @Inject",ch.qos.logback:logback commons-logging:commons-logging,"
XCOMMONS-9: Move from Commons Logging/Log4J to SLF4J/Logback
XCOMMONS-10: Add support for injecting Logger with @Inject",7,Logging,,1,1.0,
xwiki/xwiki-commons,bc8dec95c08617942b70bad302bd3496679e7bf7,2015-11-19 14:34:32,com.google.inject:guice,org.sonatype.sisu:sisu-guice,XCOMMONS-883: Upgrade to Maven 3.3.9 and Guice 4.0,com.google.inject:guice org.sonatype.sisu:sisu-guice,"
XCOMMONS-883: Upgrade to Maven 3.3.9 and Guice 4.0",10,Dependency Injection,,1,0.5,
xwiki/xwiki-platform,22bef1b6d07c61a3d8ad1d2fd3104c3cba0b3d56,2011-05-12 13:26:12,ch.qos.logback:logback,log4j:log4j,XWIKI-6614: Move from Commons Logging/Log4J to SLF4J/Logback,ch.qos.logback:logback log4j:log4j,"
XWIKI-6614: Move from Commons Logging/Log4J to SLF4J/Logback",58,Logging,,1,0.99,
xwiki/xwiki-platform,22bef1b6d07c61a3d8ad1d2fd3104c3cba0b3d56,2011-05-12 13:26:12,ch.qos.logback:logback,commons-logging:commons-logging,XWIKI-6614: Move from Commons Logging/Log4J to SLF4J/Logback,ch.qos.logback:logback commons-logging:commons-logging,"
XWIKI-6614: Move from Commons Logging/Log4J to SLF4J/Logback",7,Logging,,1,0.99,
xwiki/xwiki-platform,a789bdff6961873d88910d3059679ad512a552a2,2012-03-07 12:37:53,org.pircbotx:pircbotx,pircbot:pircbot,"XWIKI-7571: Improve maintenance and stability of IRC Bot Application
* Move to PircBotX version 1.6 instead of PircBot, see http://code.google.com/p/pircbotx/",org.pircbotx:pircbotx pircbot:pircbot,"
XWIKI-7571: Improve maintenance and stability of IRC Bot Application
* Move to PircBotX version 1.6 instead of PircBot, see http://code.google.com/p/pircbotx/",3,Utility,,1,0.98,Activity
xwiki-contrib/sandbox,53c9a133a342978e4dd231d4e4eaaf4c49500487,2011-11-28 10:34:06,org.slf4j:slf4j,commons-logging:commons-logging,"XCONTRIB-117: Integrate XWiki as 2.0 portlet (JSR-286)
* Make the code compatible with XWiki platform 3.2
* Use SLF4J logging
* Replace {@inheritDoc} with @Overwrite to follow platform code style.
* Extend urlmapping.cfg with more actions
* Workaround for a bug in WebSphere portal ( http://www-01.ibm.com/support/docview.wss?uid=swg1PM22501 )",org.slf4j:slf4j commons-logging:commons-logging,"
* Make the code compatible with XWiki platform 3.2
* Use SLF4J logging
* Replace {@inheritDoc} with @Overwrite to follow platform code style.",39,Logging,,1,0.95,Integration
xwiki-contrib/wiki30,8dbfcb180efa72e64d781ff4e201de0f5e8d8ec5,2011-08-30 15:52:00,org.slf4j:slf4j,commons-logging:commons-logging,"WIKITHREEDOTO-86: Upgrade to 3.2-SNAPSHOT
- Using the proper renamed modules
- Switched to the new slf4j logging API instead of commons-logging + converted log configuration files
- Cleaned the rt-gwt-server war that was causing problems with duplicate jars",org.slf4j:slf4j commons-logging:commons-logging,"
- Using the proper renamed modules
- Switched to the new slf4j logging API instead of commons-logging + converted log configuration files
- Cleaned the rt-gwt-server war that was causing problems with duplicate jars",39,Logging,,1,0.98,
xwiki-contrib/wiki30,8dbfcb180efa72e64d781ff4e201de0f5e8d8ec5,2011-08-30 15:52:00,ch.qos.logback:logback,commons-logging:commons-logging,"WIKITHREEDOTO-86: Upgrade to 3.2-SNAPSHOT
- Using the proper renamed modules
- Switched to the new slf4j logging API instead of commons-logging + converted log configuration files
- Cleaned the rt-gwt-server war that was causing problems with duplicate jars",ch.qos.logback:logback commons-logging:commons-logging,"
- Using the proper renamed modules
- Switched to the new slf4j logging API instead of commons-logging + converted log configuration files
- Cleaned the rt-gwt-server war that was causing problems with duplicate jars",7,Logging,,1,0.98,
yahoo/elide,71b0ce7dd6aadef4b5a949fae922445dade75dea,2019-09-03 16:30:09,org.junit,org.testng:testng,"Refactor IT Tests (ResourceIT and test infrastructure). (#897)

* Plumbed/hacked out basic concepts.

Elide build working with partial tests for ResourceIT

Refactored one ResourceIT test to use the new test DSL

Added capabilities to compare documents to test DSL.

Added relationship support to DSL

Added failure tests

First 20 tests rewritten

Refactored tests for include testing

Cleanup to use static DSL definitions

Up to 31 tests refactored

Added in memory store harness for IT tests.  By default, this harness runs when no harness is specified.

Build now passes

Refactored 3 more tests

Half way

52 tests refactored

65 tests now passing.  Migrated InheritanceIT and LifecycleTestIT to new framework

Refactored entity dictionary to include support for setting and getting values.  The in memory store now uses this functionality to correctly set the ID for generated IDs

67 tests now pass

68 passing

10 tests left

Only 3 to go

All tests now pass

* Removing unused JSON resource files

* Minor pre-inspection cleanup

* Migrated DataStoreIT tests to new framework

* Migrated AnyPolymorphismIT to new framework

* Migrated EmbeddedIT to new framework

* Migrated AssignedID and FieldLevelIT tests to new framework

* Migrated UserTypeIT to new framework

* Migrated UserTypeIT, MapEnumIT, and GenerateIT to use new framework

* Migrated ShareableIT to new framework

* Fixed checkstyles

* Fixed legit codacy issues

* To-one Relation Test (#899)

* To-one Relation Test

* Add a test

* Address comments from @aklish

* Added more JSON-API DSL test

* Elide-Testing Refactor access integration test (#911)

* Elide-Testing Refactor access integration test

* Add setup

* Elide-Testing Refactor BookAuthorIT & AuditIT (#909)

* Book Author IT refactor

* Elide-Testing Refactor audit integration test

* Update auditIT

* remove json files

* make auditIT tests independent

* FilterIT integration tests code complete (#917)

* Fixed build issues

* Refactor sorting it (#918)

* Added SortingIt integration test

* Deleted groovy file and put json request in seperate file

* Remove testng classes

* Rebase and fix checkstyle violation

* Issue 912 Refactor Error IT Tests (#919)

* Add patch extension to DSL (#921)

* Refactor Paginate IT (#931)

- Upgrade to rest assured 4.x
- Fix style issues
- Refactor Paginate IT

* Implement GraphQL DSL (#903)

* GraphQL - Implement query DSL & Remove Groovy tests

* Consolidate GraphQL and Relay DSL & serialize object data using lombok and Jackson

* Migrate from testng to junit5

* Replace ValueWithVariable interface with plain Java objects

* Consolidate to have a single 'Field' class

* Consolidate entity and field

* Consolidate field and responseField

* Remove OperationDefinition interface

* Implement Query and Mutation

* style

* style

* Remove extra query/response parameter

* javadoc & style

* style

* Address comments

* Address comments

* Address comments

* Migrated BridgeableStoreIT to new framework.  Fixed build issues from last commit.

* Started making changes to run IT tests using Junit 5

* Hibernate5 Tests Pass

* JPA & Hibernate tests now passing.  Removed GraphQLIT.  Removed old data store suppliers

* Build works.  All IT tests run

* Removed references to dataStoreSupplier

* Disable check only on test framework

* disable .NET scan

* Inherit versions",org.junit org.testng:testng,"
* Migrated DataStoreIT tests to new framework
* Migrate from testng to junit5",7,Testing,,1,0.98,
yahoo/elide,71b0ce7dd6aadef4b5a949fae922445dade75dea,2019-09-03 16:30:09,com.google.guava:guava,com.jayway.restassured,"Refactor IT Tests (ResourceIT and test infrastructure). (#897)

* Plumbed/hacked out basic concepts.

Elide build working with partial tests for ResourceIT

Refactored one ResourceIT test to use the new test DSL

Added capabilities to compare documents to test DSL.

Added relationship support to DSL

Added failure tests

First 20 tests rewritten

Refactored tests for include testing

Cleanup to use static DSL definitions

Up to 31 tests refactored

Added in memory store harness for IT tests.  By default, this harness runs when no harness is specified.

Build now passes

Refactored 3 more tests

Half way

52 tests refactored

65 tests now passing.  Migrated InheritanceIT and LifecycleTestIT to new framework

Refactored entity dictionary to include support for setting and getting values.  The in memory store now uses this functionality to correctly set the ID for generated IDs

67 tests now pass

68 passing

10 tests left

Only 3 to go

All tests now pass

* Removing unused JSON resource files

* Minor pre-inspection cleanup

* Migrated DataStoreIT tests to new framework

* Migrated AnyPolymorphismIT to new framework

* Migrated EmbeddedIT to new framework

* Migrated AssignedID and FieldLevelIT tests to new framework

* Migrated UserTypeIT to new framework

* Migrated UserTypeIT, MapEnumIT, and GenerateIT to use new framework

* Migrated ShareableIT to new framework

* Fixed checkstyles

* Fixed legit codacy issues

* To-one Relation Test (#899)

* To-one Relation Test

* Add a test

* Address comments from @aklish

* Added more JSON-API DSL test

* Elide-Testing Refactor access integration test (#911)

* Elide-Testing Refactor access integration test

* Add setup

* Elide-Testing Refactor BookAuthorIT & AuditIT (#909)

* Book Author IT refactor

* Elide-Testing Refactor audit integration test

* Update auditIT

* remove json files

* make auditIT tests independent

* FilterIT integration tests code complete (#917)

* Fixed build issues

* Refactor sorting it (#918)

* Added SortingIt integration test

* Deleted groovy file and put json request in seperate file

* Remove testng classes

* Rebase and fix checkstyle violation

* Issue 912 Refactor Error IT Tests (#919)

* Add patch extension to DSL (#921)

* Refactor Paginate IT (#931)

- Upgrade to rest assured 4.x
- Fix style issues
- Refactor Paginate IT

* Implement GraphQL DSL (#903)

* GraphQL - Implement query DSL & Remove Groovy tests

* Consolidate GraphQL and Relay DSL & serialize object data using lombok and Jackson

* Migrate from testng to junit5

* Replace ValueWithVariable interface with plain Java objects

* Consolidate to have a single 'Field' class

* Consolidate entity and field

* Consolidate field and responseField

* Remove OperationDefinition interface

* Implement Query and Mutation

* style

* style

* Remove extra query/response parameter

* javadoc & style

* style

* Address comments

* Address comments

* Address comments

* Migrated BridgeableStoreIT to new framework.  Fixed build issues from last commit.

* Started making changes to run IT tests using Junit 5

* Hibernate5 Tests Pass

* JPA & Hibernate tests now passing.  Removed GraphQLIT.  Removed old data store suppliers

* Build works.  All IT tests run

* Removed references to dataStoreSupplier

* Disable check only on test framework

* disable .NET scan

* Inherit versions",com.google.guava:guava com.jayway.restassured,"Refactored entity dictionary to include support for setting and getting values.
The in memory store now uses this functionality to correctly set the ID for generated IDs
",3,Testing,,1,0.98,
yahoojapan/multiple-dimension-spread,2550263e5f67e56b040f725a318bb357ed4cc1b2,2018-12-21 07:35:17,org.junit,org.testng:testng,MDS-27 Change from TestNG to JUnit,org.junit org.testng:testng,"
MDS-27 Change from TestNG to JUnit",7,Testing,,1,0.99,
yamcs/yamcs,fda2b95fa6e14fc44370479772a96c6f51545f69,2016-07-27 17:42:03,org.apache.activemq:artemis-server,org.hornetq:hornetq,updating from HornetQ to Artemis,org.apache.activemq:artemis-server org.hornetq:hornetq,"
updating from HornetQ to Artemis",3,Database&HTTP Clients,,1,0.97,
yasserg/crawler4j,a0bc137d86eb15a0effb579b9ac22a0be5c8a205,2014-08-03 19:48:48,org.slf4j:slf4j,log4j:log4j,"Changed from log4j implementation to slf4j API - Fixes #1

Removed any reference to log4j - Logging Implementations should be the
user's choice and not the library choice.

Instead I have inserted the slf4j API.

This commit closes #1",org.slf4j:slf4j log4j:log4j,"Changed from log4j implementation to slf4j API - Fixes #1
",73,Logging,,1,0.98,Functionality
yegor256/netbout,aaa3960350eb7f3ff4c9103c835e026c7186ac96,2011-06-29 05:19:23,org.slf4j:log4j-over-slf4j,log4j:log4j,proper logging through slf4j and jul,org.slf4j:log4j-over-slf4j log4j:log4j,proper logging through slf4j and julproper logging through slf4j and jul,27,Logging,,1,0.85,
yichen0831/OpenCC-Java,64cbc46d7ed1c50272493a0f3c6d5a1c15e79f80,2019-09-15 16:07:02,com.google.code.gson:gson,com.googlecode.json-simple:json-simple,"Rewrite OpenCC.

1. Rewrite the OepnCC class.
2. Update dictionary files.
3. Update gradle version.
4. Use Gson for parsing json files.",com.google.code.gson:gson com.googlecode.json-simple:json-simple,"
4.
Use Gson for parsing json files.",11,Serialization,,1,0.99,
Yubico/java-u2flib-server,9f197b7917b253d26ea857d157698c04d1130d17,2015-01-20 15:57:30,com.fasterxml.jackson,com.google.code.gson:gson,Use Jackson instead of Gson.,com.fasterxml.jackson com.google.code.gson:gson,"
Use Jackson instead of Gson.",34,Serialization,,1,0.99,
zalando/faux-pas,708eeccd53e1976eb355eca454d7e15c5b45a547,2020-09-22 19:05:13,org.assertj:assertj-core,org.hamcrest:java-hamcrest,Replaced Hamcrest with AssertJ,org.assertj:assertj-core org.hamcrest:java-hamcrest,"
Replaced Hamcrest with AssertJ",5,Testing,,1,0.99,
zalando/jackson-datatype-money,122618a389f0d7b245af9c43c97243ff523cc2e9,2020-10-14 21:40:41,org.assertj:assertj-core,org.hamcrest:java-hamcrest,Replaced Hamcrest with AssertJ,org.assertj:assertj-core org.hamcrest:java-hamcrest,"
Replaced Hamcrest with AssertJ",5,Testing,,1,0.99,
zalando-stups/fullstop,5b09a0b02b4fb80fc84213c06e373a0510324cd9,2016-06-24 11:08:05,com.fasterxml.jackson,org.yaml:snakeyaml,#453 use jackson to parse tauapage yaml,com.fasterxml.jackson org.yaml:snakeyaml,"
#453 use jackson to parse tauapage yaml",9,Serialization,,1,0.92,
zanata/zanata-platform,4c0659a18e17424c294be1bb914aaa5a1a002dc1,2010-05-18 02:59:37,com.h2database:h2,hsqldb:hsqldb,move from hsqldb to h2,com.h2database:h2 hsqldb:hsqldb,"
move from hsqldb to h2",5,Database,,1,0.99,
zanata/zanata-platform,311dfd7f8199e9b1235666f726f9df063ffdcfb2,2012-12-13 01:15:09,log4j:log4j,org.slf4j:log4j-over-slf4j,"Remove logback, reverting to log4j

log4j-over-slf4j doesn't implement addAppender/removeAppender, which
we use, thus causing our tests to break with
IncompatibleClassChangeError.",log4j:log4j org.slf4j:log4j-over-slf4j,"
Remove logback, reverting to log4j",7,Logging,,1,0.85,BugIssue
zanata/zanata-platform,311dfd7f8199e9b1235666f726f9df063ffdcfb2,2012-12-13 01:15:09,log4j:log4j,ch.qos.logback:logback,"Remove logback, reverting to log4j

log4j-over-slf4j doesn't implement addAppender/removeAppender, which
we use, thus causing our tests to break with
IncompatibleClassChangeError.",log4j:log4j ch.qos.logback:logback,"Remove logback, reverting to log4j
Remove logback, reverting to log4j
",7,Logging,,1,0.85,Functionality
zanata/zanata-platform,de2b0deb3292f265d148078df4d26571bc2c4e84,2013-08-23 00:28:37,junit:junit,org.testng:testng,change pom so surefire can pick up junit test,junit:junit org.testng:testng,"
change pom so surefire can pick up junit test",47,Testing,,1,0.9,Integration
zanata/zanata-platform,09ab0ec1779e0873f55a662a758d474f47e35101,2015-06-03 03:59:07,com.tngtech.java:junit-dataprovider,org.testng:testng,"Standardise on JUnit; remove TestNG

Squashed commit of the following:

commit d7d801668e3e5e5ec637402f4ec60917ff96b437
Author: Sean Flanigan <sflaniga@redhat.com>
Date:   Wed Jun 3 12:35:48 2015 +1000

    Create ZanataTest for common annotations

commit 53c496098dcb8e2a6871fc027be9679280f8570e
Merge: 6dcb6a4 3daa552
Author: Sean Flanigan <sflaniga@redhat.com>
Date:   Tue Jun 2 09:39:29 2015 +1000

    Merge remote-tracking branch 'origin/master' into remove-testng

commit 6dcb6a4a0f75b98184462ed0638f33a291ff8153
Author: Sean Flanigan <sflaniga@redhat.com>
Date:   Mon Jun 1 18:06:55 2015 +1000

    Remove TestNG assert calls, and TestNG

commit 2c041d9728b3336a15e9df157f864ecbc625c59f
Author: Sean Flanigan <sflaniga@redhat.com>
Date:   Mon Jun 1 17:21:41 2015 +1000

    Convert TestNG tests to JUnit

    - Replace TestNG annotations with JUnit equivalents
    - Ensure @BeforeClass methods are static
    - Add @Test to test methods which were previously covered by a class level
      @Test annotation
    - Convert DataProvider methods to junit-dataprovider, ensure static
    - Isolate tests using org.jboss.seam or SeamAutowire by using
      quarantining-test-runner

commit 6846482c0f6fce18025167a4554bd442da2f98ed
Author: Sean Flanigan <sflaniga@redhat.com>
Date:   Wed May 20 18:07:21 2015 +1000

    Ensure that SeamAutowire loads before tests

commit 3a0b0d11c19733f191821831a062007493af8c39
Author: Sean Flanigan <sflaniga@redhat.com>
Date:   Tue May 19 18:05:42 2015 +1000

    Simplify use of TestNG to aid removal",com.tngtech.java:junit-dataprovider org.testng:testng,"
Convert TestNG tests to JUnit",6,Testing,,1,0.9,Simplification
zanata/zanata-server,bb62d5c910d1b0cdedd8fecf60b2007d447ded51,2010-05-18 02:59:37,com.h2database:h2,hsqldb:hsqldb,move from hsqldb to h2,com.h2database:h2 hsqldb:hsqldb,"
move from hsqldb to h2",5,Database,,1,0.99,
zanata/zanata-server,07a5add255f683745c1b2eb11416e71978e8c988,2012-12-13 01:15:09,log4j:log4j,org.slf4j:log4j-over-slf4j,"Remove logback, reverting to log4j

log4j-over-slf4j doesn't implement addAppender/removeAppender, which
we use, thus causing our tests to break with
IncompatibleClassChangeError.",log4j:log4j org.slf4j:log4j-over-slf4j,"
Remove logback, reverting to log4j",7,Logging,,1,0.85,BugIssue
zanata/zanata-server,07a5add255f683745c1b2eb11416e71978e8c988,2012-12-13 01:15:09,log4j:log4j,ch.qos.logback:logback,"Remove logback, reverting to log4j

log4j-over-slf4j doesn't implement addAppender/removeAppender, which
we use, thus causing our tests to break with
IncompatibleClassChangeError.",log4j:log4j ch.qos.logback:logback,"Remove logback, reverting to log4j
Remove logback, reverting to log4j
",7,Logging,,1,0.85,BugIssue
zanata/zanata-server,3e0ec6ef4d72bf3731d43a2390144c3e61dc01c8,2015-06-03 03:59:07,com.tngtech.java:junit-dataprovider,org.testng:testng,"Standardise on JUnit; remove TestNG

Squashed commit of the following:

commit d7d801668e3e5e5ec637402f4ec60917ff96b437
Author: Sean Flanigan <sflaniga@redhat.com>
Date:   Wed Jun 3 12:35:48 2015 +1000

    Create ZanataTest for common annotations

commit 53c496098dcb8e2a6871fc027be9679280f8570e
Merge: 6dcb6a4 3daa552
Author: Sean Flanigan <sflaniga@redhat.com>
Date:   Tue Jun 2 09:39:29 2015 +1000

    Merge remote-tracking branch 'origin/master' into remove-testng

commit 6dcb6a4a0f75b98184462ed0638f33a291ff8153
Author: Sean Flanigan <sflaniga@redhat.com>
Date:   Mon Jun 1 18:06:55 2015 +1000

    Remove TestNG assert calls, and TestNG

commit 2c041d9728b3336a15e9df157f864ecbc625c59f
Author: Sean Flanigan <sflaniga@redhat.com>
Date:   Mon Jun 1 17:21:41 2015 +1000

    Convert TestNG tests to JUnit

    - Replace TestNG annotations with JUnit equivalents
    - Ensure @BeforeClass methods are static
    - Add @Test to test methods which were previously covered by a class level
      @Test annotation
    - Convert DataProvider methods to junit-dataprovider, ensure static
    - Isolate tests using org.jboss.seam or SeamAutowire by using
      quarantining-test-runner

commit 6846482c0f6fce18025167a4554bd442da2f98ed
Author: Sean Flanigan <sflaniga@redhat.com>
Date:   Wed May 20 18:07:21 2015 +1000

    Ensure that SeamAutowire loads before tests

commit 3a0b0d11c19733f191821831a062007493af8c39
Author: Sean Flanigan <sflaniga@redhat.com>
Date:   Tue May 19 18:05:42 2015 +1000

    Simplify use of TestNG to aid removal",com.tngtech.java:junit-dataprovider org.testng:testng,"
Convert TestNG tests to JUnit",6,Testing,,1,0.9,Simplification
zeroturnaround/zt-exec,9b947a6208571c76fea0d31698a2288fa77d6aed,2014-06-26 10:29:48,ch.qos.logback:logback,log4j:log4j,Replaced log4j with logback in tests.,ch.qos.logback:logback log4j:log4j,"
Replaced log4j with logback in tests.",58,Logging,,1,0.99,
zeroturnaround/zt-exec,9b947a6208571c76fea0d31698a2288fa77d6aed,2014-06-26 10:29:48,ch.qos.logback:logback,org.slf4j:slf4j,Replaced log4j with logback in tests.,ch.qos.logback:logback org.slf4j:slf4j,"
Replaced log4j with logback in tests.",67,Logging,,1,0.99,
ziccardi/jnrpe,e4364d2427589a88e2c3511b4e4dcabb4ab3d153,2016-12-12 16:46:09,junit:junit,org.testng:testng,Replaced testng with junit,junit:junit org.testng:testng,"
Replaced testng with junit",47,Testing,,1,0.99,
zjyzju/zPaaS_REPO,b3b3df420490e39bae0292f09ad383174c701f3d,2016-03-15 07:15:01,org.slf4j:slf4j,log4j:log4j,replace log4j with slf4j,org.slf4j:slf4j log4j:log4j,"
replace log4j with slf4j",26,Logging,,1,1.0,
zk1931/jzab,c2c231fc41d717c1de04afd5d658f880864eb522,2014-06-06 22:51:16,junit:junit,org.testng:testng,change testng to junit4,junit:junit org.testng:testng,"
change testng to junit4",47,Testing,,1,1.0,
zyclonite/nassh-relay,f6a8f422559b11191974221df6d7aa48f0897b8d,2021-02-26 11:10:14,org.apache.logging.log4j:log4j,ch.qos.logback:logback,switch from logback to log4j2,org.apache.logging.log4j:log4j ch.qos.logback:logback,"
switch from logback to log4j2",12,Logging,,1,1.0,
ZyorTaelon/eveapi,028c96326a871871e65a4f51ad8bc5c21ef20fcc,2010-12-05 20:53:12,org.slf4j:slf4j,commons-logging:commons-logging,"- switched to SLF4J logger
- cleaned up dependencies
- Made JournalParser use RefType enum",org.slf4j:slf4j commons-logging:commons-logging,"
- switched to SLF4J logger
- cleaned up dependencies",39,Logging,,1,1.0,Simplification
ZyorTaelon/eveapi,028c96326a871871e65a4f51ad8bc5c21ef20fcc,2010-12-05 20:53:12,org.slf4j:log4j-over-slf4j,org.slf4j:slf4j,"- switched to SLF4J logger
- cleaned up dependencies
- Made JournalParser use RefType enum",org.slf4j:log4j-over-slf4j org.slf4j:slf4j,"
- switched to SLF4J logger
- cleaned up dependencies",26,Logging,,1,1.0,Simplification
ZyorTaelon/eveapi,028c96326a871871e65a4f51ad8bc5c21ef20fcc,2010-12-05 20:53:12,org.slf4j:jcl-over-slf4j,commons-logging:commons-logging,"- switched to SLF4J logger
- cleaned up dependencies
- Made JournalParser use RefType enum",org.slf4j:jcl-over-slf4j commons-logging:commons-logging,"
- switched to SLF4J logger
- cleaned up dependencies",22,Logging,,1,1.0,Simplification
ZyorTaelon/eveapi,028c96326a871871e65a4f51ad8bc5c21ef20fcc,2010-12-05 20:53:12,org.slf4j:jcl-over-slf4j,org.slf4j:slf4j,"- switched to SLF4J logger
- cleaned up dependencies
- Made JournalParser use RefType enum",org.slf4j:jcl-over-slf4j org.slf4j:slf4j,"
- switched to SLF4J logger
- cleaned up dependencies",14,Logging,,1,1.0,
ZyorTaelon/eveapi,028c96326a871871e65a4f51ad8bc5c21ef20fcc,2010-12-05 20:53:12,org.slf4j:jul-to-slf4j,commons-logging:commons-logging,"- switched to SLF4J logger
- cleaned up dependencies
- Made JournalParser use RefType enum",org.slf4j:jul-to-slf4j commons-logging:commons-logging,"
- switched to SLF4J logger
- cleaned up dependencies",3,Logging,,1,1.0,Simplification
ZyorTaelon/eveapi,028c96326a871871e65a4f51ad8bc5c21ef20fcc,2010-12-05 20:53:12,org.slf4j:jul-to-slf4j,org.slf4j:slf4j,"- switched to SLF4J logger
- cleaned up dependencies
- Made JournalParser use RefType enum",org.slf4j:jul-to-slf4j org.slf4j:slf4j,"
- switched to SLF4J logger
- cleaned up dependencies",9,Logging,,1,1.0,
ZyorTaelon/eveapi,028c96326a871871e65a4f51ad8bc5c21ef20fcc,2010-12-05 20:53:12,org.slf4j:log4j-over-slf4j,commons-logging:commons-logging,"- switched to SLF4J logger
- cleaned up dependencies
- Made JournalParser use RefType enum",org.slf4j:log4j-over-slf4j commons-logging:commons-logging,"
- switched to SLF4J logger
- cleaned up dependencies",4,Logging,,1,1.0,Simplification
