repo_name,commit_sha,time_stamp,add_lib,rem_lib,commit_message,pattern,possible_reason,num,domain,type,is_migration,confidence,reason_label
500tech/angular-kick,170e4292e92d5b518b5582d6b9997fe920908da0,2015-08-24 07:10:37,webpack,gulp,replace gulp with webpack,webpack gulp,"
replace gulp with webpack",16,Building&Web Framework,,1,0.95,
ACloudGuru/serverless-workshop,3a24a9cf577655a3e136a6056f2c8a16e563d24c,2019-06-26 05:26:10,firebase-admin,firebase,"Updated versions of local server to remove vulnerable packages, removed depricated firebase package from lab 5 and replaced with firebase admin package, removed redundant variables",firebase-admin firebase,"
Updated versions of local server to remove vulnerable packages, removed depricated firebase package from lab 5 and replaced with firebase admin package, removed redundant variables",3,HTTP Clients,,1,0.8,Security
adonisjs/adonis-framework,4a702c1a3bd1f057fe1dc230103e2beb2b7e05bb,2019-01-22 10:24:18,nyc,istanbul,ci: use japa-cli and nyc over istanbul,nyc istanbul,"
ci: use japa-cli and nyc over istanbul",9,Testing,,1,0.8,
ahdinosaur/slush-pages,f7e9ebe5e1573ba6c6fcb0dcdf0258665d0d114a,2015-06-30 07:00:38,gh-pages,gh-pages-deploy,"use gh-pages instead of gh-pages-deploy, close #1",gh-pages gh-pages-deploy,"
use gh-pages instead of gh-pages-deploy, close #1",3,Building,,1,0.9,
akabekobeko/examples-electron,04bbf152584e6490920800cc15e9f261193bf331,2017-12-20 10:34:21,webpack,browserify,#118 Move from Browserify to webpack,webpack browserify,"
#118 Move from Browserify to webpack",9,HTTP Clients&Web Framework,,1,1.0,
akabekobeko/examples-electron,54bc2b04c324af225f8ed02e22f3632c89567675,2019-04-28 12:23:20,jest,@types/mocha,#141 Change the test framework from Mocha to Jest,jest @types/mocha,"
#141 Change the test framework from Mocha to Jest",3,Typescript&Testing,,1,0.8,
akabekobeko/examples-electron,54bc2b04c324af225f8ed02e22f3632c89567675,2019-04-28 12:23:20,ts-jest,@types/mocha,#141 Change the test framework from Mocha to Jest,ts-jest @types/mocha,"
#141 Change the test framework from Mocha to Jest",3,Typescript&Testing,,1,0.8,
akabekobeko/examples-electron,54bc2b04c324af225f8ed02e22f3632c89567675,2019-04-28 12:23:20,@types/jest,mocha,#141 Change the test framework from Mocha to Jest,@types/jest mocha,"
#141 Change the test framework from Mocha to Jest",4,Testing,,1,0.8,
akabekobeko/examples-electron,54bc2b04c324af225f8ed02e22f3632c89567675,2019-04-28 12:23:20,jest,mocha,#141 Change the test framework from Mocha to Jest,jest mocha,"
#141 Change the test framework from Mocha to Jest",12,Testing,,1,0.8,
akabekobeko/examples-electron,f8aa33e9069b3e2015505a614c1ab3680fcc28a7,2020-09-17 09:04:08,@types/styled-components,mini-css-extract-plugin,"#152 #153 Change CSS Modules to styled-components, and support Electron v10.x",@types/styled-components mini-css-extract-plugin,"
#152 #153 Change CSS Modules to styled-components, and support Electron v10.x",3,UI&Typescript,,1,0.75,
akabekobeko/examples-web-app,f1c02d26dd8366a951e4544e8e2b809660c711b9,2018-04-02 11:33:27,mini-css-extract-plugin,extract-text-webpack-plugin,#73 Use webpack v4 and mini-css-extract-plugin,mini-css-extract-plugin extract-text-webpack-plugin,"
#73 Use webpack v4 and mini-css-extract-plugin",18,UI,,1,0.97,Integration
alexa/alexa-skills-kit-sdk-for-nodejs,7265239581fe7aa0654f5b095f86482a60499b0a,2020-08-14 21:35:29,eslint,tslint,"feat: eslint migration and fixes, git workflows and updates on package.json for ask-sdk-runtime",eslint tslint,"feat: eslint migration and fixes, git workflows and updates on package.json for ask-sdk-runtime",26,Testing,,1,0.98,
alexa/alexa-skills-kit-sdk-for-nodejs,7265239581fe7aa0654f5b095f86482a60499b0a,2020-08-14 21:35:29,typescript-eslint,tslint,"feat: eslint migration and fixes, git workflows and updates on package.json for ask-sdk-runtime",typescript-eslint tslint,"feat: eslint migration and fixes, git workflows and updates on package.json for ask-sdk-runtime",24,Testing,,1,0.98,
alexa/skill-sample-nodejs-zero-to-hero,96df89e7a1bce98280bf3325c47414440e171d7e,2019-04-06 00:01:04,axios,node-fetch,Changed node-fetch for axios to access the external API,axios node-fetch,"
Changed node-fetch for axios to access the external API",3,HTTP Clients,,1,1.0,
AlexGalays/kaiju,1f2f84d52af2c171581187493e34b9d4c34c67e8,2017-01-14 22:58:21,ts-loader,awesome-typescript-loader,"- Simplify the Observable package; Everything should be accessed from the Observable object now
- Remove fromPromise/partition, make it return a union type instead
- Better typings for Observable.fromEvent; e.g, 'click' returns a MouseEvent, not just an Event


Example
 - The ajax Observable now contains a RemoteData union type. It is no longer needed to subscribe to 3 different observables
 - Pressing ESCAPE closes the popup
 - Use ts-loader as awesome-typescript-loader was not being awesome
 - Remove the forceProps snabbdom module. It is not proven it's actually useful",ts-loader awesome-typescript-loader,"
- Pressing ESCAPE closes the popup
- Use ts-loader as awesome-typescript-loader was not being awesome
- Remove the forceProps snabbdom module.",10,Web Framework,,1,0.98,
algolia/algoliasearch-zendesk,b82f1bc6581e77f0f017952fffec62df89be4e72,2016-01-18 15:22:24,gulp,grunt,"chore(build): Replace grunt by gulp

As a side effect:
- Actual sourcemaps handling
- Easy and cross platform integration of babel-istanbul",gulp grunt,"
chore(build): Replace grunt by gulp",14,Building,,1,1.0,Functionality
alleyinteractive/irving,a12f211dfd6ad08e046bf780462a7827e064ee0e,2021-02-15 23:19:38,testing-library,enzyme-adapter-react,"fix(test): remove enzyme entirely, replace integrations test with testing library",testing-library enzyme-adapter-react,"
fix(test): remove enzyme entirely, replace integrations test with testing library",4,Testing,,1,0.95,
alleyinteractive/irving,a12f211dfd6ad08e046bf780462a7827e064ee0e,2021-02-15 23:19:38,testing-library,enzyme,"fix(test): remove enzyme entirely, replace integrations test with testing library",testing-library enzyme,"
fix(test): remove enzyme entirely, replace integrations test with testing library",3,Testing,,1,0.95,
alleyinteractive/irving,4991a563330d721f9cd992ef03887998554ba005,2021-03-26 15:03:26,css-minimizer-webpack-plugin,optimize-css-assets-webpack-plugin,fix(webpack): fix css minimizer,css-minimizer-webpack-plugin optimize-css-assets-webpack-plugin,"
fix(webpack): fix css minimizer",17,Web Framework&UI,,1,0.5,
AlloyTeam/Nuclear,a7324ef3a68bf310f1e95db01d370955518bcffc,2019-04-26 03:57:19,preact,react,omire - using preact,preact react,"
omire - using preact",8,UI,,1,0.9,
AlloyTeam/Nuclear,764dfaf052f533fc63fe18043cc457ac48a8dd1c,2021-07-11 07:38:33,vite,webpack,refactor:(omi-snake): rewrite and build the project with the latest vite template of omi cli,vite webpack,"
refactor:(omi-snake): rewrite and build the project with the latest vite template of omi cli",3,Web Framework&Building,,1,0.85,
AlloyTeam/Nuclear,3ed50129eeae92e8e812e61f2fa752ed622511f8,2019-04-26 07:17:39,react,preact,omire - fix react event not fire in shadow dom,react preact,"omire - fix react event not fire in shadow dom
",7,UI,,1,0.5,
Altoros/fabric-rest,e41f701a2fc09f5f41260174a0bc4e73b9bad904,2018-10-01 10:33:15,eslint,jshint,moved to ESLint,eslint jshint,"
moved to ESLint",16,Testing,,1,0.95,
amazeeio/lagoon,2d6e93d424bb04daa80f6dd155e391d1361b292c,2018-12-10 16:31:36,apollo,express-graphql,Switch to apollo-server-express for graphql server,apollo express-graphql,"
Switch to apollo-server-express for graphql server",3,Utility,,1,0.9,
AnalyzeOrFeed/aof-replay-client,c4f61a90cdad2252e44e3ce5ab6a84caae3e12ab,2016-04-27 15:30:00,lodash,underscore,Create directories recursively. Use lodash instead of underscore.,lodash underscore,"
Create directories recursively.
Use lodash instead of underscore.",9,Building,,1,1.0,
angular/angular-cli,907fedc0b8bebc227e7f70b3740babcaa4678d4a,2018-08-27 17:26:30,terser-webpack-plugin,uglifyjs-webpack-plugin,"feat(@angular-devkit/build-angular): use terser instead of uglify-es (#11996)

Should help bring down prod build times, @SanderElias reported a ~60% reduction on his project.

Should fix #9340.",terser-webpack-plugin uglifyjs-webpack-plugin,"
feat(@angular-devkit/build-angular): use terser instead of uglify-es (#11996)",35,Codestyle&Web Framework,,1,0.95,Performance
angular/mobile-toolkit,0c74a9232badb52acdbfb5de7347e1337008e626,2016-11-03 16:53:53,@types/jasmine,typings,chore(worker): remove typings and switch to @types,@types/jasmine typings,"
chore(worker): remove typings and switch to @types",4,Typescript,,1,0.9,
angular/mobile-toolkit,0c74a9232badb52acdbfb5de7347e1337008e626,2016-11-03 16:53:53,types/node,typings,chore(worker): remove typings and switch to @types,types/node typings,"
chore(worker): remove typings and switch to @types",5,Typescript,,1,0.9,
angular/protractor,4252000dd847399c5c05c561aaf71a5467f94846,2016-08-19 18:56:26,@types/jasmine,typings,"dep(types): typescript and typings dependencies (#3485)

- remove typings dependency, scripts, and gulp task
- add @types dependencies
- clean up globals.ts from npm publishing
- add declaration flag for tsc globals gulp task
- ignore globals.d.ts from tsconfig and .gitignore

closes #3484",@types/jasmine typings,"dep(types): typescript and typings dependencies (#3485)
",4,Typescript,,1,0.95,
angular/protractor,4252000dd847399c5c05c561aaf71a5467f94846,2016-08-19 18:56:26,types/node,typings,"dep(types): typescript and typings dependencies (#3485)

- remove typings dependency, scripts, and gulp task
- add @types dependencies
- clean up globals.ts from npm publishing
- add declaration flag for tsc globals gulp task
- ignore globals.d.ts from tsconfig and .gitignore

closes #3484",types/node typings,"dep(types): typescript and typings dependencies (#3485)
dep(types): typescript and typings dependencies (#3485)
",5,Typescript,,1,0.95,
aol/moloch,312565f100d828677b873fbafbe0820e58081b35,2020-02-17 21:35:52,terser-webpack-plugin,uglifyjs-webpack-plugin,"remove uglifyjs-webpack-plugin and use treser-webpack-plugin

https://github.com/webpack-contrib/uglifyjs-webpack-plugin/issues/362",terser-webpack-plugin uglifyjs-webpack-plugin,"
remove uglifyjs-webpack-plugin and use treser-webpack-plugin",35,Codestyle&Web Framework,,1,0.95,
aol/moloch,b40d66857e057f08709a3f79047c07eb0bfd773c,2018-07-27 19:08:31,eslint,jshint,"Squashed commit of the following:

commit cff208324c0068cb41491a066c0b5fbdb3fc2d04
Author: 31453 <elyse.rinne@teamaol.com>
Date:   Fri Jul 27 14:58:57 2018 -0400

    load saved reload interval from localstorage

commit b7db426b45b6361505578cae0d3ba96dcc4d93b1
Author: 31453 <elyse.rinne@teamaol.com>
Date:   Fri Jul 27 14:48:47 2018 -0400

    drag and drop

    drag groups
    drag clusters
    don't allow dropping if groups/clusters are filtered by a search term
    stop autorefresh when dragging

commit 481a8c66cb1a3a7fb4ac297571efb8aa0af72d80
Author: 31453 <elyse.rinne@teamaol.com>
Date:   Thu Jul 26 16:27:56 2018 -0400

    misc fixes

    fix settings page requesting settings twice
    fix settings page not showing the correct tab if no auth
    fix adding a cluster to a group clearing the active issues

commit 22029fc9002b634a64c5f2fa0f20e6ee0770d327
Author: 31453 <elyse.rinne@teamaol.com>
Date:   Thu Jul 26 15:03:30 2018 -0400

    cleanup

    use a single package.json for parliament
    eslint all of parliament and fix errors
    update makefile
    update readme

commit 670cc88912decc85c56e8903d097624ee228aa39
Author: 31453 <elyse.rinne@teamaol.com>
Date:   Wed Jul 25 17:12:54 2018 -0400

    add settings page and remove angular app

commit d46193fe16aba632681d814706a3b7cd3502e3a6
Author: 31453 <elyse.rinne@teamaol.com>
Date:   Fri Jul 20 16:46:14 2018 -0400

    parliament issues page

commit 3883ce3f33eab1ea230488b94385e6d12262f953
Author: 31453 <elyse.rinne@teamaol.com>
Date:   Fri Jul 20 12:36:38 2018 -0400

    only display first 5 issues for a cluster, then allow user to toggle more

commit bf36ba95e708c97c93b41451acec3e53e70ed7aa
Author: 31453 <elyse.rinne@teamaol.com>
Date:   Fri Jul 20 09:46:08 2018 -0400

    intercept response and logout user if there was a problem with the token

commit e532b41b6ba3880de2103d96d781e53802e4fc4f
Author: 31453 <elyse.rinne@teamaol.com>
Date:   Thu Jul 19 17:05:47 2018 -0400

    finish parliament page

commit 5e369381be05fd88292989348438d3f86784dc03
Author: 31453 <elyse.rinne@teamaol.com>
Date:   Wed Jul 18 16:57:40 2018 -0400

    add clusters to parliament page

commit 50c840fd2e67f1dd233be8e95e69f90e6d629ac6
Author: 31453 <elyse.rinne@teamaol.com>
Date:   Tue Jul 17 17:00:33 2018 -0400

    put some stuff on the parliament page

commit 3ca7db03ce13b1ea2879074f88f550931f527927
Author: 31453 <elyse.rinne@teamaol.com>
Date:   Mon Jul 16 17:50:12 2018 -0400

    initial vue parliament scaffolding WIP",eslint jshint,"Squashed commit of the following:
",16,Testing,,1,0.8,
aol/moloch,b40d66857e057f08709a3f79047c07eb0bfd773c,2018-07-27 19:08:31,eslint,tslint,"Squashed commit of the following:

commit cff208324c0068cb41491a066c0b5fbdb3fc2d04
Author: 31453 <elyse.rinne@teamaol.com>
Date:   Fri Jul 27 14:58:57 2018 -0400

    load saved reload interval from localstorage

commit b7db426b45b6361505578cae0d3ba96dcc4d93b1
Author: 31453 <elyse.rinne@teamaol.com>
Date:   Fri Jul 27 14:48:47 2018 -0400

    drag and drop

    drag groups
    drag clusters
    don't allow dropping if groups/clusters are filtered by a search term
    stop autorefresh when dragging

commit 481a8c66cb1a3a7fb4ac297571efb8aa0af72d80
Author: 31453 <elyse.rinne@teamaol.com>
Date:   Thu Jul 26 16:27:56 2018 -0400

    misc fixes

    fix settings page requesting settings twice
    fix settings page not showing the correct tab if no auth
    fix adding a cluster to a group clearing the active issues

commit 22029fc9002b634a64c5f2fa0f20e6ee0770d327
Author: 31453 <elyse.rinne@teamaol.com>
Date:   Thu Jul 26 15:03:30 2018 -0400

    cleanup

    use a single package.json for parliament
    eslint all of parliament and fix errors
    update makefile
    update readme

commit 670cc88912decc85c56e8903d097624ee228aa39
Author: 31453 <elyse.rinne@teamaol.com>
Date:   Wed Jul 25 17:12:54 2018 -0400

    add settings page and remove angular app

commit d46193fe16aba632681d814706a3b7cd3502e3a6
Author: 31453 <elyse.rinne@teamaol.com>
Date:   Fri Jul 20 16:46:14 2018 -0400

    parliament issues page

commit 3883ce3f33eab1ea230488b94385e6d12262f953
Author: 31453 <elyse.rinne@teamaol.com>
Date:   Fri Jul 20 12:36:38 2018 -0400

    only display first 5 issues for a cluster, then allow user to toggle more

commit bf36ba95e708c97c93b41451acec3e53e70ed7aa
Author: 31453 <elyse.rinne@teamaol.com>
Date:   Fri Jul 20 09:46:08 2018 -0400

    intercept response and logout user if there was a problem with the token

commit e532b41b6ba3880de2103d96d781e53802e4fc4f
Author: 31453 <elyse.rinne@teamaol.com>
Date:   Thu Jul 19 17:05:47 2018 -0400

    finish parliament page

commit 5e369381be05fd88292989348438d3f86784dc03
Author: 31453 <elyse.rinne@teamaol.com>
Date:   Wed Jul 18 16:57:40 2018 -0400

    add clusters to parliament page

commit 50c840fd2e67f1dd233be8e95e69f90e6d629ac6
Author: 31453 <elyse.rinne@teamaol.com>
Date:   Tue Jul 17 17:00:33 2018 -0400

    put some stuff on the parliament page

commit 3ca7db03ce13b1ea2879074f88f550931f527927
Author: 31453 <elyse.rinne@teamaol.com>
Date:   Mon Jul 16 17:50:12 2018 -0400

    initial vue parliament scaffolding WIP",eslint tslint,"Squashed commit of the following:
",26,Testing,,1,0.8,
aol/moloch,b40d66857e057f08709a3f79047c07eb0bfd773c,2018-07-27 19:08:31,babel,jshint,"Squashed commit of the following:

commit cff208324c0068cb41491a066c0b5fbdb3fc2d04
Author: 31453 <elyse.rinne@teamaol.com>
Date:   Fri Jul 27 14:58:57 2018 -0400

    load saved reload interval from localstorage

commit b7db426b45b6361505578cae0d3ba96dcc4d93b1
Author: 31453 <elyse.rinne@teamaol.com>
Date:   Fri Jul 27 14:48:47 2018 -0400

    drag and drop

    drag groups
    drag clusters
    don't allow dropping if groups/clusters are filtered by a search term
    stop autorefresh when dragging

commit 481a8c66cb1a3a7fb4ac297571efb8aa0af72d80
Author: 31453 <elyse.rinne@teamaol.com>
Date:   Thu Jul 26 16:27:56 2018 -0400

    misc fixes

    fix settings page requesting settings twice
    fix settings page not showing the correct tab if no auth
    fix adding a cluster to a group clearing the active issues

commit 22029fc9002b634a64c5f2fa0f20e6ee0770d327
Author: 31453 <elyse.rinne@teamaol.com>
Date:   Thu Jul 26 15:03:30 2018 -0400

    cleanup

    use a single package.json for parliament
    eslint all of parliament and fix errors
    update makefile
    update readme

commit 670cc88912decc85c56e8903d097624ee228aa39
Author: 31453 <elyse.rinne@teamaol.com>
Date:   Wed Jul 25 17:12:54 2018 -0400

    add settings page and remove angular app

commit d46193fe16aba632681d814706a3b7cd3502e3a6
Author: 31453 <elyse.rinne@teamaol.com>
Date:   Fri Jul 20 16:46:14 2018 -0400

    parliament issues page

commit 3883ce3f33eab1ea230488b94385e6d12262f953
Author: 31453 <elyse.rinne@teamaol.com>
Date:   Fri Jul 20 12:36:38 2018 -0400

    only display first 5 issues for a cluster, then allow user to toggle more

commit bf36ba95e708c97c93b41451acec3e53e70ed7aa
Author: 31453 <elyse.rinne@teamaol.com>
Date:   Fri Jul 20 09:46:08 2018 -0400

    intercept response and logout user if there was a problem with the token

commit e532b41b6ba3880de2103d96d781e53802e4fc4f
Author: 31453 <elyse.rinne@teamaol.com>
Date:   Thu Jul 19 17:05:47 2018 -0400

    finish parliament page

commit 5e369381be05fd88292989348438d3f86784dc03
Author: 31453 <elyse.rinne@teamaol.com>
Date:   Wed Jul 18 16:57:40 2018 -0400

    add clusters to parliament page

commit 50c840fd2e67f1dd233be8e95e69f90e6d629ac6
Author: 31453 <elyse.rinne@teamaol.com>
Date:   Tue Jul 17 17:00:33 2018 -0400

    put some stuff on the parliament page

commit 3ca7db03ce13b1ea2879074f88f550931f527927
Author: 31453 <elyse.rinne@teamaol.com>
Date:   Mon Jul 16 17:50:12 2018 -0400

    initial vue parliament scaffolding WIP",babel jshint,"Squashed commit of the following:
Squashed commit of the following:
",5,Utility,,1,0.8,
aol/moloch,b40d66857e057f08709a3f79047c07eb0bfd773c,2018-07-27 19:08:31,eslint,types/node,"Squashed commit of the following:

commit cff208324c0068cb41491a066c0b5fbdb3fc2d04
Author: 31453 <elyse.rinne@teamaol.com>
Date:   Fri Jul 27 14:58:57 2018 -0400

    load saved reload interval from localstorage

commit b7db426b45b6361505578cae0d3ba96dcc4d93b1
Author: 31453 <elyse.rinne@teamaol.com>
Date:   Fri Jul 27 14:48:47 2018 -0400

    drag and drop

    drag groups
    drag clusters
    don't allow dropping if groups/clusters are filtered by a search term
    stop autorefresh when dragging

commit 481a8c66cb1a3a7fb4ac297571efb8aa0af72d80
Author: 31453 <elyse.rinne@teamaol.com>
Date:   Thu Jul 26 16:27:56 2018 -0400

    misc fixes

    fix settings page requesting settings twice
    fix settings page not showing the correct tab if no auth
    fix adding a cluster to a group clearing the active issues

commit 22029fc9002b634a64c5f2fa0f20e6ee0770d327
Author: 31453 <elyse.rinne@teamaol.com>
Date:   Thu Jul 26 15:03:30 2018 -0400

    cleanup

    use a single package.json for parliament
    eslint all of parliament and fix errors
    update makefile
    update readme

commit 670cc88912decc85c56e8903d097624ee228aa39
Author: 31453 <elyse.rinne@teamaol.com>
Date:   Wed Jul 25 17:12:54 2018 -0400

    add settings page and remove angular app

commit d46193fe16aba632681d814706a3b7cd3502e3a6
Author: 31453 <elyse.rinne@teamaol.com>
Date:   Fri Jul 20 16:46:14 2018 -0400

    parliament issues page

commit 3883ce3f33eab1ea230488b94385e6d12262f953
Author: 31453 <elyse.rinne@teamaol.com>
Date:   Fri Jul 20 12:36:38 2018 -0400

    only display first 5 issues for a cluster, then allow user to toggle more

commit bf36ba95e708c97c93b41451acec3e53e70ed7aa
Author: 31453 <elyse.rinne@teamaol.com>
Date:   Fri Jul 20 09:46:08 2018 -0400

    intercept response and logout user if there was a problem with the token

commit e532b41b6ba3880de2103d96d781e53802e4fc4f
Author: 31453 <elyse.rinne@teamaol.com>
Date:   Thu Jul 19 17:05:47 2018 -0400

    finish parliament page

commit 5e369381be05fd88292989348438d3f86784dc03
Author: 31453 <elyse.rinne@teamaol.com>
Date:   Wed Jul 18 16:57:40 2018 -0400

    add clusters to parliament page

commit 50c840fd2e67f1dd233be8e95e69f90e6d629ac6
Author: 31453 <elyse.rinne@teamaol.com>
Date:   Tue Jul 17 17:00:33 2018 -0400

    put some stuff on the parliament page

commit 3ca7db03ce13b1ea2879074f88f550931f527927
Author: 31453 <elyse.rinne@teamaol.com>
Date:   Mon Jul 16 17:50:12 2018 -0400

    initial vue parliament scaffolding WIP",eslint types/node,"Squashed commit of the following:
",3,Typescript&Testing,,1,0.8,
apache/brooklyn-ui,ee8bc89ad66dee13d350aecad8990fd343b69d2b,2018-10-30 12:56:29,date-fns,moment,"use date-fns instead of moment, much smaller footprint",date-fns moment,"
use date-fns instead of moment, much smaller footprint",13,Serialization,,1,1.0,SizeComplexity
apollostack/apollo-server,ccba8c87da54242dfdbc3008fdb97ee0772885db,2018-12-19 18:06:17,fast-json-stable-stringify,json-stable-stringify,"Switch `json-stable-stringify` to `fast-json-stable-stringify`. (#2065)

* refactor: switch `json-stable-stringify` to `fast-json-stable-stringify`

* chore: drop `@types/json-stable-stringify`

* Update CHANGELOG.md for #2065.",fast-json-stable-stringify json-stable-stringify,"
Switch `json-stable-stringify` to `fast-json-stable-stringify`.
(#2065)",3,Serialization,,1,0.99,
aravindavk/gdash,3921f48f2f9b08ce8f18cc129980183009a083c9,2020-09-22 10:38:15,dayjs,moment,"Migrate from MomentJS to DayJS (#15)

Signed-off-by: Aravinda Vishwanathapura <aravinda@kadalu.io>",dayjs moment,"
Migrate from MomentJS to DayJS (#15)",14,Serialization,,1,0.99,
ArkEcosystem/core,c66de4426b10c5974e61b8f6cd218916ded41b4c,2018-11-22 16:00:18,dayjs,moment,"refactor: replace moment with dayjs (#1461)

*       refactor: replace moment with dayjs

*      refactor: remove utc calls

*      fix: bad method calls

*      fix: bad method calls

*    fix: wording

*      chore: remove todo comments

*       fix: display date, not diff

*       refactor: render diff with pretty-ms

*      refactor: verbose pretty-ms output

*     chore: update yarn.lock

*        fix: check against the unix timestamp

*           refactor: use dayjs-ext for crypto to provide utc support

*      fix: proper coldstart check

*      fix: proper coldstart check

*      fix: proper coldstart check",dayjs moment,"
refactor: replace moment with dayjs (#1461)",14,Serialization,,1,0.99,
arso-project/archipel,a067bb163ea06a7ed9f10ccc8feaa5511d4156e2,2019-02-12 12:38:42,webpack,rollup,Move from rollup back to webpack.,webpack rollup,"
Move from rollup back to webpack.",3,Building&Web Framework,,1,0.99,
ArthurClemens/Polythene,4866d1eb7462426dbd2eab84db8cb142567260d8,2015-10-01 23:55:48,node-sass,sass,"Update package, use node-sass",node-sass sass,"Update package, use node-sassUpdate package, use node-sassUpdate package, use node-sass",7,UI,,1,0.8,
athm-fe/create-autofe-app,c1fe59195998e8b3dc8a7caac88bdcf69d504074,2020-01-08 07:47:50,terser-webpack-plugin,uglifyjs-webpack-plugin,feat: use terser-webpack-plugin for js,terser-webpack-plugin uglifyjs-webpack-plugin,"
feat: use terser-webpack-plugin for js",35,Codestyle&Web Framework,,1,0.99,
athm-fe/create-autofe-app,384d3a591b1fa83842fadfbe38a215a3bea04890,2019-11-13 02:32:14,sass,node-sass,feat: use dart-sass instead,sass node-sass,feat: use dart-sass insteadfeat: use dart-sass instead,40,UI,,1,0.99,
athm-fe/create-autofe-app,2ca252cfaa1c121e74438ceceb4d6a7d339b7bab,2019-11-19 02:24:09,node-sass,sass,feat: resume node-sass,node-sass sass,feat: resume node-sassfeat: resume node-sassfeat: resume node-sass,7,UI,,1,0.8,
Automattic/wp-calypso,59e77ed870aff419911f6c01da469c4c8c372f99,2021-05-25 21:32:23,sass,node-sass,"Switch to Dart Sass from `node-sass` (#52729)

* Replace node-sass with dart sass

* Render custom stylesheets with dart sass",sass node-sass,"
Switch to Dart Sass from `node-sass` (#52729)",40,UI,,1,0.99,
Availity/availity-react,573973bf669411decc5db541648d1b2cd40b3f1f,2019-05-17 19:17:04,dayjs,moment,refactor(reactstrap-validation-date): swapped out moment with dayjs,dayjs moment,"
refactor(reactstrap-validation-date): swapped out moment with dayjs",14,Serialization,,1,0.99,
Availity/availity-workflow,07e8110d7905ad07934e405b16f7f87b9115abaf,2018-03-30 20:28:53,jest,karma,"feat(availity-workflow-angular): use jest for testing

This also updates the availity-angular-kit to use jest via availity-workflow-angular

Breaking Change: workflow-angular-kit no longer works with karma. Porjects with karma will need to add jest.init.js. See the current workflow-angular-kit jest.init.js for reference. Also, they can remove karma and webpack test config files as they are no longer used.",jest karma,"
Breaking Change: workflow-angular-kit no longer works with karma.
Porjects with karma will need to add jest.init.js.
See the current workflow-angular-kit jest.init.js for reference.",3,Testing,,1,0.99,
Availity/availity-workflow,8da73ad6f6d583ce46ff0e832e73e54a21e1cb63,2018-10-01 12:57:33,terser-webpack-plugin,uglifyjs-webpack-plugin,build(workflow-plugin-react): switch to terser-webpack-plugin,terser-webpack-plugin uglifyjs-webpack-plugin,"
build(workflow-plugin-react): switch to terser-webpack-plugin",35,Codestyle&Web Framework,,1,0.97,
aws/aws-xray-sdk-node,3f488df35325adb5b1aa0b5d774211f996e81d11,2018-07-06 22:02:53,date-fns,moment,Replace moment with date-fns/format (#44),date-fns moment,"
Replace moment with date-fns/format (#44)",13,Serialization,,1,0.99,
aws-amplify/amplify-js,8f6edf7999cfd027e7b183c8809bd3464cd58cf6,2018-07-24 11:20:31,typescript,babel,feat:Switch the aws-amplify-react build tools from Babel to TypeScript,typescript babel,"
feat:Switch the aws-amplify-react build tools from Babel to TypeScript",5,Typescript,,1,0.9,
aws-amplify/amplify-js,eb84e012397b8ba4ef93083da7ccc52e1b3d39fb,2018-08-19 03:08:37,rollup,webpack,"fix(aws-amplify-angular): Angular rollup (#1441)

* implements rollup

* rollup working

* working

* adding rollup to angular build

* fixing tests

* removed experimental files

* reverted jest config

* fixing package-lock

* removed core package-lock

* custom elements schema

* removing ionic dependency

* removing webpack dependency

* standardizing variable names

* cleanup

* rolling back unnecessary changes

* cleanup

* removes weird String importation from cognito identity lib

* removing commented code

* fixing package.json and -lock files

* rolling back unnecessary change

* setting testURL in jest.config

* adding testURL to jest config for /core

* setting testURL

* test commit

* test commit

* adding testURL to api jest config

* adding testURL to analytics jest config

* adding testURL to cache jest config

* changing Polyfills-test to expect null instead of undefined

* testURL for interactions jest config

* added testURL in pubsub, pushnotification and storage jest configs

* added testURL in aws-amplify-react jest config",rollup webpack,"fix(aws-amplify-angular): Angular rollup (#1441)
",4,Web Framework,,1,0.95,
Azure/azure-iot-sdk-node,f7988fb4840b00a3ec6c3a948c17d21dbc6a82ab,2020-02-04 20:24:00,nyc,istanbul,"chore: istanbul to nyc (#685)

This upgrades the testing infrastructure to use the newer Istanbul cli, called ""nyc"".",nyc istanbul,"This upgrades the testing infrastructure to use the newer Istanbul cli, called ""nyc"".
",9,Testing,,1,0.8,
babel/babel,be0fcaaf49ae2c91700e3d74ac1dbb07b4cc2ab8,2019-10-29 17:29:45,make-dir,mkdirp,"Make dir for babel --out-file (#8622)

* Make dir for babel --out-file

Currently there's unexpected regression after upgrade from babel 6.
On creating file with any depth like dist/index.js the error about
not existing directory is thrown.

In this diff I modified babel-cli to create deep directory for out-file
command.

I also replaced `mkdirp` with more supported `make-dir` package which
also have official promise support.

* Fix test",make-dir mkdirp,"
I also replaced `mkdirp` with more supported `make-dir` package which
also have official promise support.",5,Filesystem,,1,0.97,Activity
bakdata/conquery,0879cdceb55ab29cb1b3dedddeb99b15a78c2cec,2017-12-12 15:37:20,husky,ghooks,"Update front end package meta data and infrastructure in preparation for extensiblitity

 - Updates node to version 8 (carbon LTS), update yarn to 1.3.2
 - Move server-, bundling-, minification-related dependencies to devDependencies
 - Replace ghooks (deprecated) with husky

Further: Remove duplicated LICENSE in frontend, fix whitespace in .travis.yml",husky ghooks,"
- Move server-, bundling-, minification-related dependencies to devDependencies
- Replace ghooks (deprecated) with husky",3,Utility,,1,0.98,Deprecation
bakdata/conquery,8cd20551fc9572ec8c01f2dcba6b51045a1184f9,2019-02-12 17:48:37,jest,chai,Use jest instead of mocha / nyc / chai,jest chai,"
Use jest instead of mocha / nyc / chai",6,Testing,,1,0.98,
bakdata/conquery,8cd20551fc9572ec8c01f2dcba6b51045a1184f9,2019-02-12 17:48:37,jest,mocha,Use jest instead of mocha / nyc / chai,jest mocha,"
Use jest instead of mocha / nyc / chai",12,Testing,,1,0.98,
bakdata/conquery,12622f620e1ecd78ece5477c4429d11612647f8b,2019-03-12 14:50:54,terser-webpack-plugin,uglifyjs-webpack-plugin,Use Terser webpack plugin,terser-webpack-plugin uglifyjs-webpack-plugin,"
Use Terser webpack plugin",35,Codestyle&Web Framework,,1,1.0,
bbc/aws-lambda-runner,d50a451f60efd14bc3d154fcbdae9027824d3f80,2018-11-15 09:59:37,nyc,istanbul,NO-TICKET Replaced istanbul with nyc & output coverage info at the end of tests,nyc istanbul,"NO-TICKET Replaced istanbul with nyc & output coverage info at the end of tests
",9,Testing,,1,0.95,
BBC-News/psammead,af1eff28b5c609fb3ec7bd2603a7adcc6e998bc0,2019-11-15 10:51:37,@juggle/resize-observer,resize-observer-polyfill,revert to previous ResizeObserver polyfill,@juggle/resize-observer resize-observer-polyfill,"
revert to previous ResizeObserver polyfill",4,Utility,,1,0.9,
bbyars/mountebank,5398de22b78825d1e8fa287020fb58ee49f3fec0,2013-11-01 22:30:22,mocha,nodeunit,switched from nodeunit to mocha for better synchronous test support,mocha nodeunit,"
switched from nodeunit to mocha for better synchronous test support",3,Testing,,1,1.0,Functionality
bedrockio/bedrock-core,13ccfb288514bba9a6a09f100864123532dbc962,2021-03-20 05:53:17,testing-library,enzyme-adapter-react,moved off enzyme and using @testing-library now,testing-library enzyme-adapter-react,"
moved off enzyme and using @testing-library now",5,Testing,,1,0.9,
bedrockio/bedrock-core,13ccfb288514bba9a6a09f100864123532dbc962,2021-03-20 05:53:17,testing-library,enzyme,moved off enzyme and using @testing-library now,testing-library enzyme,"
moved off enzyme and using @testing-library now",3,Testing,,1,0.9,
beingtmk/nodejs-starter-kit,c05580fbe12c124910889dcf923128e47e002264,2018-05-17 07:55:52,react,enzyme,Switch from Enzyme to react-testing-library for React tests (#726),react enzyme,"
Switch from Enzyme to react-testing-library for React tests (#726)",3,Testing&UI,,1,0.9,
beingtmk/nodejs-starter-kit,c05580fbe12c124910889dcf923128e47e002264,2018-05-17 07:55:52,react,enzyme-adapter-react,Switch from Enzyme to react-testing-library for React tests (#726),react enzyme-adapter-react,"
Switch from Enzyme to react-testing-library for React tests (#726)",5,Testing&UI,,1,0.9,
bhdouglass/uappexplorer,e8ae12b9264eee7d423dd9c1dc2033c2772aa842,2016-07-24 02:13:40,webpack,gulp,Changed to use webpack-stream,webpack gulp,"
Changed to use webpack-stream",4,Building&Web Framework,,1,0.75,
bids-standard/bids-validator,d2d6a669490dfcd7f45f87adc5f4f89664e57b6a,2021-03-08 13:06:13,sass,@zeit/next-sass,"remove deprecated zeit/next-css and zeit/next-sass, add sass, ...

see: https://stackoverflow.com/a/66014876/5201771",sass @zeit/next-sass,"
remove deprecated zeit/next-css and zeit/next-sass, add sass, ...",3,UI,,1,0.8,Deprecation
binary-com/deriv-app,d4a13eee63cff98294ac7ef132eaefd2443a3306,2019-10-03 08:48:49,workbox-webpack-plugin,sw-precache-webpack-plugin,remove sw-precache add workbox,workbox-webpack-plugin sw-precache-webpack-plugin,"
remove sw-precache add workbox",5,Web Framework,,1,1.0,
bkimminich/juice-shop,92199063a8432a382ef45a7322221fcb3830ca66,2021-01-08 18:00:28,sass,node-sass,Replace dependency on node-sass with sass module,sass node-sass,"
Replace dependency on node-sass with sass module",40,UI,,1,1.0,
boostcamp-2020/IssueTracker-40,7bd44fcd13de6522bf13ccbc32e696e3fcea16a9,2020-11-05 12:43:01,sqlite3,better-sqlite3,"fix: [BE] 임베디드 데이터베이스 sqlite3 추가 (#48)

* fix: [BE] 임베디드 데이터베이스 sqlite3 추가

- 기존 better-sqlite3가 윈도우 운영체제에서 실행 안되는 문제가 발생하여 sqlite3 추가
- DatabaseType에 SQLite3와 better-sqlite3를 구분함

* fix: [BE] 엔티티 경로 수정
- 빌드된 파일들은 dist에 쌓이므로 프로덕션에서 실행하면 엔티티를 못 찾는 문제가 발생함
- 상대경로로 model을 찾도록 수정

* fix: better-sqlite3 삭제

- 윈도우에서 npm install이 안되는 경우가 있어서 better-sqlite3 삭제
- 환경변수 DATABASE_TYPE에서 better-sqlite3 삭제",sqlite3 better-sqlite3,"
fix: [BE] 임베디드 데이터베이스 sqlite3 추가 (#48)",3,Database,,1,0.95,BugIssue
borysn/spring-boot-angular2,af246858b4f4748b69e590125333a00c637a1898,2016-08-16 16:25:25,@types/jasmine,typings,remove typings in favor of new @types dependencies,@types/jasmine typings,remove typings in favor of new @types dependenciesremove typings in favor of new @types dependencies,4,Typescript,,1,0.85,
bottega-code-school/js-builder,7096fe25fc859189d502ae4a07566ec4ef9becce,2021-03-30 18:04:33,ts-loader,awesome-typescript-loader,"Upgraded to TS 4.2 and switched to ts loader, also upgraded react router for the TS template",ts-loader awesome-typescript-loader,"
Upgraded to TS 4.2 and switched to ts loader, also upgraded react router for the TS template",10,Web Framework,,1,0.95,
bpmn-io/diagram-js,df47d4368933d795a603490c0886bedab123c6b8,2019-05-02 15:35:51,webpack,grunt,"chore(example): update

* remove Grund in favor of Webpack
* simplify",webpack grunt,"chore(example): update
",4,Building&Web Framework,,1,0.9,
bpmn-io/diagram-js,df47d4368933d795a603490c0886bedab123c6b8,2019-05-02 15:35:51,copy-webpack-plugin,grunt,"chore(example): update

* remove Grund in favor of Webpack
* simplify",copy-webpack-plugin grunt,"chore(example): update
",3,Building&Web Framework,,1,0.9,Simplification
callemall/material-ui,5d08d0bc166b73d4cb94cfdde11e7b36bc348e7e,2020-11-05 09:40:08,fast-glob,@types/glob,[core] Switch to globby and fast-glob (#23382),fast-glob @types/glob,"
[core] Switch to globby and fast-glob (#23382)",3,Typescript,,1,0.97,
callemall/material-ui,47ed4db57ed2f88a1cc420494ad04408c89783fc,2020-02-11 19:49:22,cross-fetch,isomorphic-fetch,[docs] Switch to cross-fetch (#19644),cross-fetch isomorphic-fetch,"
[docs] Switch to cross-fetch (#19644)",9,HTTP Clients,,1,0.98,
callemall/material-ui,25571bf4b4e4d04e4df8a77845c5d7aa18c657d7,2019-01-12 07:42:00,clsx,classnames,"Migrate from classnames to nicer clsx (#855)

* Migrate from classnames to nicer clsx

* Update size snapshot",clsx classnames,"
Migrate from classnames to nicer clsx (#855)",5,Utility,,1,0.99,Usability
callemall/material-ui,46f0e27ebe4f9a8ea76004c231b8ffcd1dd271af,2015-08-10 17:12:04,webpack,gulp,Replaced gulp with webpack,webpack gulp,"
Replaced gulp with webpack",5,Building&Web Framework,,1,0.99,
callemall/material-ui,5d08d0bc166b73d4cb94cfdde11e7b36bc348e7e,2020-11-05 09:40:08,fast-glob,glob,[core] Switch to globby and fast-glob (#23382),fast-glob glob,[core] Switch to globby and fast-glob (#23382)[core] Switch to globby and fast-glob (#23382)[core] Switch to globby and fast-glob (#23382),7,Utility,,1,0.97,
callstack-io/linaria,c0e38622679097fee098426a9b276a58fdb4f6eb,2017-09-08 09:02:06,preact,react,website: switch to preact,preact react,"
website: switch to preact",8,UI,,1,0.98,
camunda-consulting/code,fcfa59a2d809bf0d71167dfc3d6bdd6589fb7d7b,2020-02-14 12:14:12,webpack,browserify,"chore(usertask-generatedform-preview): bump deps

* bpmn-js@6.3.0
* bpmn-js-properties-panel@0.33.1
* camunda-modeler-plugin-helpers@3.1.0

Use webpack instead of browserify",webpack browserify,"Use webpack instead of browserify
",9,HTTP Clients&Web Framework,,1,0.99,
canonical-web-and-design/maas-ui,6f648ae0da0215403d12f2e4cd9447f0c89c5c22,2020-12-03 01:08:27,sass,node-sass,"build(all): replace node-sass with dart-sass

node-sass has been deprecated and replaced with dart-sass. This branch uses the javascript build of
dart-sass.",sass node-sass,"build(all): replace node-sass with dart-sass
build(all): replace node-sass with dart-sass
build(all): replace node-sass with dart-sass
",40,UI,,1,0.99,Deprecation
canove/whaticket,3679c94baa2fe2330b3f60f88efc4c6fc8a51ef6,2020-07-06 21:21:08,date-fns,moment,Migrate from moment to date-fns and some changes,date-fns moment,"
Migrate from moment to date-fns and some changes",13,Serialization,,1,0.99,
carbon-design-system/carbon-addons-iot-react,0fd4e78a8efafb9026adcbf7f4e0b25161753400,2021-04-23 15:32:25,dayjs,moment,"chore(react): remove momentjs, replace with dayjs",dayjs moment,"
chore(react): remove momentjs, replace with dayjs",14,Serialization,,1,0.99,
carbon-design-system/carbon-addons-iot-react,c2e4e89c6c56d551d120f19844f1e9f4557978b6,2021-06-15 14:10:50,sass,node-sass,chore(repo): replace node-sass with sass package,sass node-sass,"
chore(repo): replace node-sass with sass package",40,UI,,1,0.99,
carteb/carte-blanche,7f26bc83e10a353d91fccc41ea2fc3d2480e1e6f,2016-05-31 17:50:56,axios,whatwg-fetch,"Remove fetch, replace it with axios",axios whatwg-fetch,"
Remove fetch, replace it with axios",3,HTTP Clients,,1,1.0,
CartoDB/airship,ea2dfa3c0993e721cec8b65555ca257625898b23,2019-06-13 11:19:44,sass,node-sass,"Emit selectionChanged when clicking on bucket (#596)

* Moved from node-sass to dart-sass, upgrades stencil-sass to drop node-sass as well.",sass node-sass,"Emit selectionChanged when clicking on bucket (#596)
Emit selectionChanged when clicking on bucket (#596)
Emit selectionChanged when clicking on bucket (#596)
",40,UI,,1,0.9,
catamphetamine/webapp,1246cb7ca2bbb9dc34c67f4b9c137066f8566399,2016-08-22 11:29:06,ioredis,redis,"Moved to `ioredis`. Fixed ""Intl.js"". Fixed ""latest activity time"" display.",ioredis redis,"
Moved to `ioredis`.
Fixed ""Intl.js"".",6,HTTP Clients,,1,0.95,
cdglabs/ohm,3cf68b79813a09e58990a9696fe38617e42f037d,2021-02-25 21:04:28,ava,tape,"Switch from tape to ava for tests. (#290)

Ava has a much more fully-featured test runner, and it can deal with .mjs files (tape can't).",ava tape,"
Switch from tape to ava for tests.
(#290)",3,Testing,,1,1.0,Functionality
cdimascio/generator-express-no-stress,82fcd935292ba26cd85b95850dc9f19a086291ec,2017-06-10 01:31:25,pino,bunyan,Upgrade to Swagger UI 3.x and replace Bunyan with Pino,pino bunyan,"
Upgrade to Swagger UI 3.x and replace Bunyan with Pino",3,Logging,,1,1.0,
ChainSafeSystems/lodestar_chain,c0b6829e849781aa011127eb2292d2a0f344491e,2020-11-21 15:42:18,axios,node-fetch,Use axios instead of node-fetch,axios node-fetch,"
Use axios instead of node-fetch",3,HTTP Clients,,1,1.0,
chartbrew/chartbrew,280a4cbfd9d2597261589b412c23d7e25ebab216,2020-09-16 13:09:30,ace-builds,brace,:arrow_up: upgraded react-ace and replaced the brace dependency,ace-builds brace,:arrow_up: upgraded react-ace and replaced the brace dependency,3,HTTP Clients,,1,0.95,
Chocobozzz/PeerTube,c4f7fe09cd014b0ec5c0d64fd320780c45461c06,2020-11-19 14:57:52,sass,node-sass,Use sass instead of deprecated node sass,sass node-sass,"Use sass instead of deprecated node sass
",40,UI,,1,1.0,Deprecation
chriskalmar/shyft,176b9e882537d5854c434dccde168ecd2e7cc36e,2018-01-03 13:16:00,jest,mocha,"replace mocha, nodemon and istanbul with jest",jest mocha,"
replace mocha, nodemon and istanbul with jest",12,Testing,,1,1.0,
christianvoigt/argdown,e3e0c9c416141ff066857bb3575e8e411d916e8d,2018-10-22 09:03:08,yargs,commander,"added: argdown.config.js support, default command, CopyDefaultCssPlugin. changed: major refactoring, cli uses yargs now instead of commander.",yargs commander,"
added: argdown.config.js support, default command, CopyDefaultCssPlugin.
changed: major refactoring, cli uses yargs now instead of commander.",6,UI,,1,1.0,
christianvoigt/argdown,63d6878dea751c9dabe2dca1885fbcb92cfba575,2020-05-05 15:51:33,d3-selection,d3,"chore(@argdown/map-views): replaced d3 and lodash imports with more
specific packages for lower footprint",d3-selection d3,"
chore(@argdown/map-views): replaced d3 and lodash imports with more
specific packages for lower footprint",5,Utility,,1,0.8,SizeComplexity
cleancode/waitress,a703bf4946d91fa3347d8aca749fa07c1a2b3ac0,2013-12-12 08:51:16,lodash,underscore,api: replaced underscore with lodash,lodash underscore,"
api: replaced underscore with lodash",9,Building,,1,1.0,
code-dot-org/code-dot-org,9fa2ee3d5ca966753df1a3d9e2f8d2ef429a7795,2016-03-08 19:05:35,eslint,jshint,"use eslint instead, and lint jsx",eslint jshint,"
use eslint instead, and lint jsx",16,Testing,,1,1.0,Functionality
coderaiser/putout,d9bd27dbb4ed55db9ad80a60f28093634aa71b3e,2020-05-09 08:35:08,fast-glob,glob,feature(putout) glob -> fast-glob,fast-glob glob,"
feature(putout) glob  laifuhewb  fast-glob",7,Utility,,1,1.0,
CompuIves/codesandbox-client,2c65ca12fd39850fcdf8bc7269911088e56a4435,2019-05-09 21:29:46,terser-webpack-plugin,uglifyjs-webpack-plugin,"Fix uglify-js, uglify-es and terser clash",terser-webpack-plugin uglifyjs-webpack-plugin,"
Fix uglify-js, uglify-es and terser clash",35,Codestyle&Web Framework,,1,0.95,Integration
ConsenSys/truffle,19f2ff7747d907168bc1fb7deb322384711cbab1,2021-04-22 20:41:01,axios,request-promise,Remove request/request-promise in favor of axios and adjust tests,axios request-promise,Remove request/request-promise in favor of axios and adjust tests,4,HTTP Clients,,1,1.0,
coveo/react-vapor,fcd398a8b29252804be8d569b0d05f9655c97220,2020-08-05 13:21:32,eslint,tslint,style(react-vapor): switch from tslint to eslint,eslint tslint,"
style(react-vapor): switch from tslint to eslint",3,Testing,,1,1.0,
coveo/react-vapor,839d9f8377c627ecc6b113badce2506ea7d9fc86,2020-01-08 19:06:05,ts-loader,awesome-typescript-loader,Switch at-loader for ts-loader,ts-loader awesome-typescript-loader,"
Switch at-loader for ts-loader",10,Web Framework,,1,1.0,
Cretezy/noderize,eab4b483f63b3e2117b2d578b957dceaa0167906,2018-02-10 22:42:34,fs-extra,ncp,create-noderize: change ncp to fs-extra,fs-extra ncp,"
create-noderize: change ncp to fs-extra",4,Filesystem,,1,1.0,
ctrl-freaks/freezeframe.js,647d176d4d460228f80595f95c4a5930b9b7fe4b,2020-05-31 14:22:15,sass,node-sass,"update dependencies, switch to dart-sass",sass node-sass,"update dependencies, switch to dart-sassupdate dependencies, switch to dart-sass",40,UI,,1,0.9,
cyclejs-community/create-cycle-app,3a73e1cde9e703d734868a45ff8a0ef79c1e1450,2016-10-13 13:17:37,types/node,typings,fix(cycle-scripts-ts-browserify): replacing typings by npm @types/* type definitions,types/node typings,"
fix(cycle-scripts-ts-browserify): replacing typings by npm @types/* type definitions",5,Typescript,,1,0.95,
cyclejs-community/redux-cycles,da6e5f41076ad5d3f12b21e5ac100360d6f80b24,2017-01-31 15:26:32,jest,mocha,Change from mocha to jest,jest mocha,"
Change from mocha to jest",12,Testing,,1,1.0,
danielbayerlein/honeycomb,397c58bf01359e057afac695c79b734b943fdc52,2017-03-10 14:11:25,preact,react,"Preact (#102)

Switch from React to Preact",preact react,"
Switch from React to Preact",8,UI,,1,1.0,
danielbayerlein/honeycomb,b6017664d9b661f2402ce3c3577581c39576f84f,2016-11-22 12:07:25,jest,mocha,"🐱 Use Jest instead of Mocha (#53)

* Replace mocha with jest

* Migrate tests from mocha to jest

* Move and rename test",jest mocha,"
🐱 Use Jest instead of Mocha (#53)",12,Testing,,1,1.0,
danielgrijalva/overworld,a6bf025307bf094bcbb87ceaab99c8f8ce24f63b,2019-10-23 17:48:34,fomantic-ui,semantic-ui,"⬆️  support Node v12 (#147)

Semantic UI is using Gulp 3, which doesn't play well with Node 12.
In order to fix this, I switched from Semantic UI to Fomantic UI, which
is an actively maintained community fork of Semantic UI.
Fomantic UI uses Gulp 4 and thus plays nicely with Node v12.
I also updated a few dependencies based on npm audit, which was
reporting quite a few security risks. Tests are still passing.",fomantic-ui semantic-ui,"In order to fix this, I switched from Semantic UI to Fomantic UI, which
is an actively maintained community fork of Semantic UI.
",3,Utility,,1,0.9,Integration
DanielSchaffer/webpack-babel-multi-target-plugin,2f3c03fe069ce844ebf8c8f88ce6d949cad065c4,2020-07-25 20:01:58,ts-loader,awesome-typescript-loader,"chore: upgrade dependencies
- switch from `awesome-typescript-loader` to `ts-loader`",ts-loader awesome-typescript-loader,"
chore: upgrade dependencies
- switch from `awesome-typescript-loader` to `ts-loader`",10,Web Framework,,1,1.0,
danneu/generator-elm,10445326c5f0271184cbf5c4860a5503c1a3427f,2018-08-26 20:19:35,ts-loader,babel,Swap babel for ts-loader,ts-loader babel,"
Swap babel for ts-loader",4,Web Framework,,1,1.0,
DennisKo/zeit-now-next-apollo-typescript-example,5a4273f578fe21748e84ea3206c5599dbf2365ba,2019-03-31 08:32:16,eslint,tslint,tslint -> eslint api,eslint tslint,"
tslint  laifuhewb  eslint api",26,Testing,,1,1.0,
DennisKo/zeit-now-next-apollo-typescript-example,5a4273f578fe21748e84ea3206c5599dbf2365ba,2019-03-31 08:32:16,typescript-eslint,tslint,tslint -> eslint api,typescript-eslint tslint,"
tslint  laifuhewb  eslint api",24,Testing,,1,1.0,
DevExpress/devextreme-cli,f53bc7de21ef9c834c0a308dbbda7e48f25e89ce,2020-04-06 09:43:52,dart-sass,node-sass,Use dart-sass instead of node-sass in ThemeBuilder (#158),dart-sass node-sass,"
Use dart-sass instead of node-sass in ThemeBuilder (#158)",3,UI,,1,1.0,
DevExpress/devextreme-reactive,7efd72c4e10ce202d5a1e226843f39dfc333184f,2019-10-10 12:25:15,clsx,classnames,chore: classnames -> clsx (#2420),clsx classnames,"
chore: classnames  laifuhewb  clsx (#2420)",5,Utility,,1,1.0,
dfahlander/Dexie.js,63c4d5b9e31248ea8592f57b3da975e16f1a0f8b,2017-01-23 12:31:07,typescript,babel,"WIP: Switching from babel to typescript to build dexie. (#450)

Resolves #435

* Now using typescript/rollup to build dexie + addons
* Tests still need babel for tranforming generator functions.
* Requiring node 6 to build it. It's the LTS now.

Also, not related to this PR:
* Including test:typings in travis build
* Simplified the test `Dexie.currentTransaction in CRUD hooks` (that randomly made IE11 break due to creating lots of parallell transactions. Now only one transaction at a time. The test is not testing parallell transactions anyway. However, IE11 is still unstable and hangs some times in the test suite. It still sometimes hang on simple tests as well. When that happens, I need to enter travis and restart the build. Still we need to test IE as long as it is supported. And IE11 will be there for a long time for corporate end customers with Windows 7.",typescript babel,"
WIP: Switching from babel to typescript to build dexie.
(#450)",5,Typescript,,1,1.0,
dialogflow/dialogflow-nodejs-client-v2,059605b7fd6ef8a448f88615cd14581d5bde4903,2018-11-19 16:51:03,mocha,ava,refactor(samples): convert sample tests from ava to mocha (#222),mocha ava,"
refactor(samples): convert sample tests from ava to mocha (#222)",8,Testing,,1,0.99,
dipterix/threeBrain,ea060ab8c82bcf0fa6c21d3d5fd3809cf9b94101,2020-01-06 19:27:45,terser-webpack-plugin,uglifyjs-webpack-plugin,Resolved js vulnerability issue by updating webpack plugin,terser-webpack-plugin uglifyjs-webpack-plugin,"
Resolved js vulnerability issue by updating webpack plugin",35,Codestyle&Web Framework,,1,0.9,Security
django-rea/rea-app,7441f5529e71931e41c16f66fba2dc114dd98fdc,2017-05-21 10:06:02,awesome-typescript-loader,ts-loader,update ts loader,awesome-typescript-loader ts-loader,"
update ts loader",4,Web Framework,,1,0.85,
D-Pow/MockRequests,b7ad8f7dc5f7ae29ee3c99cac95bc4e6209f431f,2020-03-23 16:10:11,core-js,babel,"Update polyfill configurations to use new and improved 'core-js' instead of '@babel/polyfill'

Also, add 'fetch' polyfill and async/await babel plugins",core-js babel,"
Update polyfill configurations to use new and improved 'core-js' instead of '@babel/polyfill'",13,Utility,,1,0.95,Functionality
dtinth/WebMIDICon,27c17ef00bcd0c3348528031e29dbbb2d4974bcf,2016-11-23 08:56:08,react,preact,:heavy_minus_sign: preact :heavy_plus_sign: react react-dom,react preact,"
:heavy_minus_sign: preact :heavy_plus_sign: react react-dom",10,UI,,1,1.0,
dustingetz/react-cursor,385ca0d01f6906f4712efaf01a0dafdac4c4b3ee,2015-08-11 21:58:43,webpack,grunt,Removed browserify and added webpack; updated examples,webpack grunt,"
Removed browserify and added webpack; updated examples",4,Building&Web Framework,,1,0.9,
dustingetz/react-cursor,385ca0d01f6906f4712efaf01a0dafdac4c4b3ee,2015-08-11 21:58:43,webpack,browserify,Removed browserify and added webpack; updated examples,webpack browserify,"
Removed browserify and added webpack; updated examples",9,HTTP Clients&Web Framework,,1,0.9,
dvajs/dva,a7ad7d6983c5ec95d9605b3438f3bd9735e0b917,2019-04-10 03:45:04,connected-react-router,react,"fix: redux-saga warning and dispatch of undefined (#2061)

* fix: redux-saga warning

* use connected-react-router

* fix ci

* use connected-react-router

* fix dva-core/saga lost",connected-react-router react,"
* use connected-react-router",18,UI,,1,0.95,BugIssue
easy-team/easywebpack,e8034dee5ee490aef02aa3bda92022ccd8c04d21,2021-07-01 03:44:56,css-minimizer-webpack-plugin,optimize-css-assets-webpack-plugin,fix: use terser-webpack-plugin and css-minimizer-webpack-plugin,css-minimizer-webpack-plugin optimize-css-assets-webpack-plugin,"
fix: use terser-webpack-plugin and css-minimizer-webpack-plugin",17,Web Framework&UI,,1,1.0,
ebmdatalab/openprescribing,7fe713b1e055473d561abfdf2e0a730c0b4f5117,2016-05-20 09:59:07,eslint,jshint,"Use eslint in npm lint script

As per our Google Javascript Style Guide policy.",eslint jshint,"
Use eslint in npm lint script",16,Testing,,1,1.0,Organization
Ecodev/natural-gallery-js,1ab1453346c991e1c948005f068d70e12cf96e8b,2021-05-11 05:25:47,css-minimizer-webpack-plugin,optimize-css-assets-webpack-plugin,"Upgrade to Webpack 5 and all deps

This save ~10kb in dist package, resolve all
yarn warnings, and resolve all possible security issues",css-minimizer-webpack-plugin optimize-css-assets-webpack-plugin,"
Upgrade to Webpack 5 and all deps",17,Web Framework&UI,,1,0.95,Integration
eddyerburgh/jest-vue,591f3395802cc8911afa6f96b8b7c22182639718,2019-12-18 19:34:37,sass,node-sass,feat: Replace node-sass to sass,sass node-sass,"
feat: Replace node-sass to sass",40,UI,,1,1.0,
Edgeryders-Participio/realities,cf7886712c9d641e6ae6b523f578de8dd92d045a,2018-11-11 10:59:07,graphql,neo4j-graphql-js,Removed parts of schema that depend on neo4j-graphql-js and re-implemented them using graphql-tools conventions,graphql neo4j-graphql-js,"
Removed parts of schema that depend on neo4j-graphql-js and re-implemented them using graphql-tools conventions",3,Web Framework,,1,0.95,
Edgeryders-Participio/realities,36607d1695325285cb684318815cde46d62697e2,2018-11-11 06:06:03,apollo,graphql-server-express,Updated version of graphql-tools and replaced deprecated qraphql-server-express with apollo-server-express,apollo graphql-server-express,"
Updated version of graphql-tools and replaced deprecated qraphql-server-express with apollo-server-express",6,Utility,,1,0.95,Deprecation
EFForg/https-everywhere,7efc7e6bf2421d1c619b0f1b4be86f3efa1db57c,2020-06-29 20:33:54,@octokit/rest,github,"Rewrite Alexa Labeller (#19135)

* Updates and new node app file for Labeller rewrite

- Switched over old packages for up to date packages in npm.
- Octokit pkg is the new Interface for github auth

* Further build out parsing and files for Alexa labeller
* Rewrite rest of logic flow to return labels

- utilized patch to not parse each XML file
- Wrote in logic to determine labelling
- tested successful

* Adjust app.js
- naming conventions that make more sense for functions

* Set new index.js

* Add test foundation

- Apart of the practice of integrating tests when needed for tooling
- This us a bare bones file since the data needed to do tests are dynamic
and need real Github configuration to complete more tests
- For now there is a test running a proper label rank return since this is
the most static set of data listed

* Restructure and cleanup

- Move process function to own module for cleaner logic flow
- Amend test foundation
- Clean up typos and unused modules",@octokit/rest github,"
- Octokit pkg is the new Interface for github auth",3,Web Framework,,1,0.85,Deprecation
elastic/kibana,20bdf7d4a9846f8be5f9e6426d97372e974651ac,2019-03-26 20:44:03,babel,ts-loader,"Migration to Babel7 and @babel/preset-typescript  (#33093)

* chore(NA): first changes on every package.json order to support new babel 7. chore(NA): build for kbn-pm with babel 7.

* chore(NA): patch babel register to load typescrit

* chore(NA): first working version with babel 7 replacing typescript compiler.

* fix(NA): common preset declaration in order to make it work with babel-loader.

* chore(na): organizing babel preset env package json.

* chore(NA): mocha tests enabled.

* fix(NA): typo on importing

* test(NA): majority of x-pack tests ported to use babel-jest

* fix(NA): report info button test with babel-jest.

* fix(NA): polling service tests.

* test(na): fix server plugins plugin tests.

* test(NA): batch of test fixs for jest tests under babel-jest hoisting.

* chore(NA): add babel plugin to hoist mock prefixed vars on jest tests.

* chore(NA): update yarn.lock file.

* chore(NA): tests passing.

* chore(NA): remove wrong dep

* chore(NA): fix tsconfig

* chore(NA): skip babel for ts-jest.

* chore(NA): selectively apply the plugin to strip off namespace from ts files.

* chore(NA): remove not needed changes from ts tests

* chore(NA): removed ts-jest dependency. chore(NA): migrate ts tests on x-pack to use babel-jest with the new pattern.

* chore(NA): migrate kibana default distribution typescript tests to run with babel-jest and the new test mock pattern.

* chore(NA): merge and solve conflicts with master.

* chore(NA): fix problems reported by eslint

* chore(NA): fix license ovveride for babel-plugin-mock-imports

* chore(NA): update jest integration tests for kbn pm

* chore(NA): update babel jest integration tests for kbn pm.

* test(NA): update jest integration snapshot for kbn pm.

* chore(NA): apply changes according to the pull request reviews.

* chore(NA): apply changes according to the pull request reviews.

* refact(NA): migrate jest tests to the new pattern.

* fix(NA): babel 7 polyfill in the tests bundle.

* chore(NA): restore needed step in order to compile x-pack with typescript.

* chore(NA): change build to compile typescript with babel for the oss code. chore(NA): change transpile typescript task to only transpile types for x-pack. refact(NA): common preset for babel 7

* Revert ""chore(NA): change build to compile typescript with babel for the oss code. chore(NA): change transpile typescript task to only transpile types for x-pack. refact(NA): common preset for babel 7""

This reverts commit 2707d538f5126c582a00580a8489361592c80d70.

* fix(NA): import paths for tabConfigConst

* chore(NA): fix transpiling error on browser tests

* chore(NA): simplify kbn babel preset package.

* chore(NA): migrate build to use babel transpiler for typescript excluding xpack.

* fix(NA): introduced error on test quick task.

* fix(NA): fix preset for client side code on build.

* fix(NA): build with babel

* fix(NA): negated patterns in the end.

* fix(NA): kbn_tp_sample_panel_action creation.

* fix(NA): babel typescript transform plugin workaround when exporting interface name.

* refact(NA): remove not needed type cast to any on jest test.

* docs(NA): add developement documentation about jest mocks test pattern.

* chore(NA): missing unmerged path.

* chore(NA): fix jest tests for template.

* [CCR] Client integration tests (table lists) (#33525)

* Force user to re-authenticate if token refresh fails with `400` status code. (#33774)

* Improve performance of the Logstash Pipeline Viewer (#33793)

Resolves #27513.

_This PR is a combination of #31293 (the code changes) + #33570 (test updates). These two PRs were individually reviewed and merged into a feature branch. This combo PR here simply sets up the merge from the feature branch to `master`._

Summary of changes, taken from #31293:

## Before this PR
The Logstash Pipeline Viewer UI would make a single Kibana API call to fetch all the information necessary to render the Logstash pipeline. This included information necessary to render the detail drawer that opens up when a user clicks on an individual vertex in the pipeline.

Naturally, this single API call fetched _a lot_ of data, not just from the Kibana server but also, in turn, from Elasticsearch as well. The ""pro"" of this approach was that the user would see instantaneous results if they clicked on a vertex in a pipeline and opened the detail drawer for that vertex. The ""cons"" were the amount of computation Elasticsearch had to perform and the amount of data being transferred over the wire between Elasticsearch and the Kibana server as well as between the Kibana server and the browser.

## With this PR
This PR makes the Kibana API call to fetch data necessary for **initially** rendering the pipeline — that is, with the detail drawer closed — much lighter. When the user clicks on a vertex in a pipeline, a second API call is then made to fetch data necessary for the detail drawer.

## Gains, by the numbers

Based on a simple, 1-input, 1-filter, and 1-output pipeline.

* Before this PR, the Elasticsearch `logstash_stats` API responses (multiple calls were made using the `composite` aggregation over the `date_histogram` aggregation) generated a total of 1228 aggregation buckets (before any `filter_path`s were applied but across all `composite` ""pages""). With this PR, the single `logstash_stats` API response (note that this is just for the initial rendering of the pipeline, with the detail drawer closed) generated 12 buckets (also before any `filter_path`s were applied). That's a **99.02% reduction** in number of buckets.

* Before this PR, the Elasticsearch `logstash_stats` API responses added up to 70319 bytes. With this PR, the single `logstash_stats` API response for the same pipeline is 746 bytes. That's a **98.93% reduction** in size.

* Before this PR, the Elasticsearch `logstash_state` API response was 7718 bytes. With this PR, the API response for the same pipeline is 2328 bytes. That's a **69.83% reduction** in size.

* Before this PR the Kibana API response was 51777 bytes. With this PR, the API response for the same pipeline is 2567 bytes (again, note that this is just for the initial rendering of the pipeline, with the detail drawer closed). That's a **95.04% reduction** in size.

* [Maps] split settings into layer and source panels (#33788)

* [Maps] split settings into layer and source panels

* fix SCSS import

* [env] exit if starting as root (#21563)

* [env] exit if starting as root

* fix windows

* s/--allow-root

* Typescript sample panel action (#33602)

* Typescript sample panel action

* Update EUI version to match main cabana version

* update yarn.lock

* add back typings include

* use correct relative path

* Home page ""recent links"" should communicate saved object type #21896 (#33694)

* adds object type for screen order
* adds object type for pointer hovering
* Update src/legacy/ui/public/chrome/directives/header_global_nav/components/header.tsx

Co-Authored-By: rockfield <philipp.b@ya.ru>",babel ts-loader,"
* chore(NA): first changes on every package.json order to support new babel 7.
chore(NA): build for kbn-pm with babel 7.",3,Web Framework,,1,0.95,
elastic-coders/serverless-webpack,3fdd419e8e75c381e8abe00131b9942b0115a3bf,2019-07-30 15:12:32,babel,ts-loader,use babel-loader for typescript example,babel ts-loader,"
use babel-loader for typescript example",3,Web Framework,,1,0.95,
electric-eloquence/fepper,1109820033dda995810ebd7f03c9464d57ce6a41,2020-11-11 13:00:53,gulp,grunt,"Squashed commit of the following:

commit d78918099b67c255fc5d14a7bffa5d81c8e261d1
Author: e2tha-e <ee@electric-eloquence.io>
Date:   Mon Jun 20 18:12:22 2016 -0400

    more updates for new dir struc

commit 4edb5b55054e83de60a27d34720eab6af7e8ebea
Author: e2tha-e <ee@electric-eloquence.io>
Date:   Mon Jun 20 17:59:51 2016 -0400

    deleting extraneous file

commit 26c37777d29cba5bc22ed247f01e9c66882fdd33
Author: e2tha-e <ee@electric-eloquence.io>
Date:   Mon Jun 20 17:48:05 2016 -0400

    updating frontend-copier and unit test for new directory structure

commit d533ddfbdbe37427f67d429d6c379e778acfb01d
Author: e2tha-e <ee@electric-eloquence.io>
Date:   Mon Jun 20 17:24:16 2016 -0400

    assets -> _assets, scripts -> _scripts, styles -> _styles in test

commit 0ed95e3e7e925153d98d066578cd8d41191d6e5f
Author: e2tha-e <ee@electric-eloquence.io>
Date:   Mon Jun 20 17:03:18 2016 -0400

    assets -> _assets, scripts -> _scripts, styles -> _styles in gulp

commit 656775a29042c00dc551e043d964b69207ec9e84
Author: e2tha-e <ee@electric-eloquence.io>
Date:   Mon Jun 20 16:59:42 2016 -0400

    assets -> _assets, scripts -> _scripts, styles -> _styles in core

commit 19302460aeea04ff92a1ca356cbedf8447acf47e
Author: e2tha-e <ee@electric-eloquence.io>
Date:   Mon Jun 20 16:52:37 2016 -0400

    styles -> _styles in excludes/source

commit 7cb2c547efc7d2b756936df145b39ce719406d97
Author: e2tha-e <ee@electric-eloquence.io>
Date:   Mon Jun 20 16:50:33 2016 -0400

    scripts -> _scripts in excludes/source

commit a6099f1be9dee9b6381686caa472696e1ec87969
Author: e2tha-e <ee@electric-eloquence.io>
Date:   Mon Jun 20 16:47:15 2016 -0400

    assets -> _assets in excludes/source

commit 121256217e13548411b2320aa9c6e2d306efdc1a
Author: e2tha-e <ee@electric-eloquence.io>
Date:   Mon Jun 20 12:07:19 2016 -0400

    package.json update

commit f99d4adf29dbb97f7a9e6ef57dc72f2ce04130d4
Author: e2tha-e <ee@electric-eloquence.io>
Date:   Mon Jun 20 09:32:25 2016 -0400

    removing gulp-stylus files except package.json

commit a10b57f81adfff87083dae0e6b8e64239a510e58
Author: e2tha-e <ee@electric-eloquence.io>
Date:   Mon Jun 20 07:09:18 2016 -0400

    deleting packages from excludes/extend/node_modules to save space

commit c80c970b117f391f9677bbe27841c11b017ab37d
Author: e2tha-e <ee@electric-eloquence.io>
Date:   Mon Jun 20 06:40:48 2016 -0400

    fp-multisite package.json update

commit b29fda744e3cdee44f7b70e578a357ec9e6f5114
Author: e2tha-e <ee@electric-eloquence.io>
Date:   Mon Jun 20 06:20:01 2016 -0400

    package.json update

commit 03ff804fade1414fffde08c7ebee981c1b1426d7
Author: e2tha-e <ee@electric-eloquence.io>
Date:   Sun Jun 19 17:37:24 2016 -0400

    package.json update

commit faa5545f90a8e02fa9ea19fb9993ea004d2873d7
Author: e2tha-e <ee@electric-eloquence.io>
Date:   Sun Jun 19 12:23:18 2016 -0400

    mkdirsSync -> mkdirpSync for better distinction from mkdirSync

commit 045f9cf60d08786f7481700d9944c4b9e15eef91
Author: e2tha-e <ee@electric-eloquence.io>
Date:   Sun Jun 19 12:20:32 2016 -0400

    mkdirsSync -> mkdirpSync for better distinction from mkdirSync",gulp grunt,"
updating frontend-copier and unit test for new directory structure",8,Building,,1,0.9,
electric-eloquence/fepper,1109820033dda995810ebd7f03c9464d57ce6a41,2020-11-11 13:00:53,mocha,grunt,"Squashed commit of the following:

commit d78918099b67c255fc5d14a7bffa5d81c8e261d1
Author: e2tha-e <ee@electric-eloquence.io>
Date:   Mon Jun 20 18:12:22 2016 -0400

    more updates for new dir struc

commit 4edb5b55054e83de60a27d34720eab6af7e8ebea
Author: e2tha-e <ee@electric-eloquence.io>
Date:   Mon Jun 20 17:59:51 2016 -0400

    deleting extraneous file

commit 26c37777d29cba5bc22ed247f01e9c66882fdd33
Author: e2tha-e <ee@electric-eloquence.io>
Date:   Mon Jun 20 17:48:05 2016 -0400

    updating frontend-copier and unit test for new directory structure

commit d533ddfbdbe37427f67d429d6c379e778acfb01d
Author: e2tha-e <ee@electric-eloquence.io>
Date:   Mon Jun 20 17:24:16 2016 -0400

    assets -> _assets, scripts -> _scripts, styles -> _styles in test

commit 0ed95e3e7e925153d98d066578cd8d41191d6e5f
Author: e2tha-e <ee@electric-eloquence.io>
Date:   Mon Jun 20 17:03:18 2016 -0400

    assets -> _assets, scripts -> _scripts, styles -> _styles in gulp

commit 656775a29042c00dc551e043d964b69207ec9e84
Author: e2tha-e <ee@electric-eloquence.io>
Date:   Mon Jun 20 16:59:42 2016 -0400

    assets -> _assets, scripts -> _scripts, styles -> _styles in core

commit 19302460aeea04ff92a1ca356cbedf8447acf47e
Author: e2tha-e <ee@electric-eloquence.io>
Date:   Mon Jun 20 16:52:37 2016 -0400

    styles -> _styles in excludes/source

commit 7cb2c547efc7d2b756936df145b39ce719406d97
Author: e2tha-e <ee@electric-eloquence.io>
Date:   Mon Jun 20 16:50:33 2016 -0400

    scripts -> _scripts in excludes/source

commit a6099f1be9dee9b6381686caa472696e1ec87969
Author: e2tha-e <ee@electric-eloquence.io>
Date:   Mon Jun 20 16:47:15 2016 -0400

    assets -> _assets in excludes/source

commit 121256217e13548411b2320aa9c6e2d306efdc1a
Author: e2tha-e <ee@electric-eloquence.io>
Date:   Mon Jun 20 12:07:19 2016 -0400

    package.json update

commit f99d4adf29dbb97f7a9e6ef57dc72f2ce04130d4
Author: e2tha-e <ee@electric-eloquence.io>
Date:   Mon Jun 20 09:32:25 2016 -0400

    removing gulp-stylus files except package.json

commit a10b57f81adfff87083dae0e6b8e64239a510e58
Author: e2tha-e <ee@electric-eloquence.io>
Date:   Mon Jun 20 07:09:18 2016 -0400

    deleting packages from excludes/extend/node_modules to save space

commit c80c970b117f391f9677bbe27841c11b017ab37d
Author: e2tha-e <ee@electric-eloquence.io>
Date:   Mon Jun 20 06:40:48 2016 -0400

    fp-multisite package.json update

commit b29fda744e3cdee44f7b70e578a357ec9e6f5114
Author: e2tha-e <ee@electric-eloquence.io>
Date:   Mon Jun 20 06:20:01 2016 -0400

    package.json update

commit 03ff804fade1414fffde08c7ebee981c1b1426d7
Author: e2tha-e <ee@electric-eloquence.io>
Date:   Sun Jun 19 17:37:24 2016 -0400

    package.json update

commit faa5545f90a8e02fa9ea19fb9993ea004d2873d7
Author: e2tha-e <ee@electric-eloquence.io>
Date:   Sun Jun 19 12:23:18 2016 -0400

    mkdirsSync -> mkdirpSync for better distinction from mkdirSync

commit 045f9cf60d08786f7481700d9944c4b9e15eef91
Author: e2tha-e <ee@electric-eloquence.io>
Date:   Sun Jun 19 12:20:32 2016 -0400

    mkdirsSync -> mkdirpSync for better distinction from mkdirSync",mocha grunt,"
updating frontend-copier and unit test for new directory structure",3,Building&Testing,,1,0.9,
electrode-io/electrode,e8e75ccaa100fa99533951b35ebfb2ff99b9d377,2019-05-22 15:48:58,mini-css-extract-plugin,extract-text-webpack-plugin,"migrate `extract-text-webpack-plugin` to `mini-css-extract-plugin` (#1247)

* init change

* rm

* clean

* test cases

* font publicpath

* clean",mini-css-extract-plugin extract-text-webpack-plugin,"
migrate `extract-text-webpack-plugin` to `mini-css-extract-plugin` (#1247)",18,UI,,1,1.0,
electrode-io/electrode,8fb08e02491241d5ee7d4f3abdbc40d0f67fcb1f,2019-10-03 19:26:18,nyc,istanbul,switch to nyc from istanbul (#1388),nyc istanbul,"
switch to nyc from istanbul (#1388)",9,Testing,,1,1.0,
electrode-io/electrode,8fa5a5bd5f5b88c9ac2d04e2c1823b7df645287d,2019-04-25 20:17:31,core-js,babel,use core-js and regenerator-runtime to replace deprecated @babel/polyfill (#1227),core-js babel,"
use core-js and regenerator-runtime to replace deprecated @babel/polyfill (#1227)",13,Utility,,1,0.9,Deprecation
electrode-io/electrode,8fa5a5bd5f5b88c9ac2d04e2c1823b7df645287d,2019-04-25 20:17:31,regenerator-runtime,babel,use core-js and regenerator-runtime to replace deprecated @babel/polyfill (#1227),regenerator-runtime babel,"
use core-js and regenerator-runtime to replace deprecated @babel/polyfill (#1227)",5,Utility,,1,0.9,Deprecation
elyra-ai/canvas,6dd577c031daf883c1df4c8c25165ea4100cdfd3,2018-01-08 23:45:01,lodash,underscore,NGP-TWC/wdp-abstract-canvas#1018 import specific lodash functions and remove underscore library,lodash underscore,NGP-TWC/wdp-abstract-canvas#1018 import specific lodash functions and remove underscore library,9,Building,,1,1.0,
embark-framework/embark,0c7e934269ff43e66438550308f3fa57992db5c9,2018-10-23 08:42:01,qs,query-string,"Fix npm run build

In order to fix this issue:
https://github.com/facebook/create-react-app/issues/3734

Switch from 'query-string' to 'qs'",qs query-string,"
Switch from 'query-string' to 'qs'",3,Utility,,1,1.0,BugIssue
emoji-gen/Emoji-Web,d91d075d5e0c6c36cc664f662df552c8907ab951,2019-07-13 06:36:48,terser-webpack-plugin,uglifyjs-webpack-plugin,refactor: use terser instead of uglifyjs,terser-webpack-plugin uglifyjs-webpack-plugin,"
refactor: use terser instead of uglifyjs",35,Codestyle&Web Framework,,1,0.99,
emoji-gen/Emoji-Web,d91d075d5e0c6c36cc664f662df552c8907ab951,2019-07-13 06:36:48,terser-webpack-plugin,babel,refactor: use terser instead of uglifyjs,terser-webpack-plugin babel,"
refactor: use terser instead of uglifyjs",3,Web Framework,,1,0.99,
emoji-gen/Emoji-Web,d91d075d5e0c6c36cc664f662df552c8907ab951,2019-07-13 06:36:48,babel,uglifyjs-webpack-plugin,refactor: use terser instead of uglifyjs,babel uglifyjs-webpack-plugin,"
refactor: use terser instead of uglifyjs",3,Codestyle,,1,0.99,
episerver/Foundation,887de3a302de543b1c653364b6a5c73014d30407,2020-08-11 18:21:26,webpack,gulp,"Feature/507 features more self contained (#571)

* add webpack, organize SCSS files, refactor code

refactoring javascript

update javascript modules

fix fontawesome for TinyMCE

refactoring javascript

refactoring javascript

refactor javascript

* remove gulp build

* refactor javascript

* fix small bugs",webpack gulp,"Feature/507 features more self contained (#571)
",6,Web Framework,,1,0.95,
esausilva/vuejs-aspnet-core,b22e4b4ce9d0cb11634068b1d870a90e60e132c2,2019-11-08 16:18:14,webpack,gulp,Replaced Gulp with Webpack,webpack gulp,"
Replaced Gulp with Webpack",16,Building&Web Framework,,1,0.99,
EskiMojo14/keycaplendar,204c5d487431faf301d2889a139a2abf13088428,2021-06-02 15:33:10,@types/luxon,moment,"Replace moment usage with Luxon. (#69)

* Added luxon package.

* Use Luxon for getSetMonthRange.

* Use Luxon for main functions.

* Use Luxon for settings, statistics and audit.

* Use fromISO parsing instead of fromFormat.

* Use Luxon for History components and nav drawer.

* Corrected casing of recent card formatting.

* Use Luxon for Image detail drawer.

* Use Luxon for Main components.

* Use Luxon for update elements.

* Use Luxon for User components, and remove Moment from dependencies.

* Use Luxon for cloud functions.

* Move @types dependencies to dev dependencies.",@types/luxon moment,"
Replace moment usage with Luxon.
(#69)",3,Typescript,,1,0.98,
EskiMojo14/keycaplendar,204c5d487431faf301d2889a139a2abf13088428,2021-06-02 15:33:10,luxon,moment,"Replace moment usage with Luxon. (#69)

* Added luxon package.

* Use Luxon for getSetMonthRange.

* Use Luxon for main functions.

* Use Luxon for settings, statistics and audit.

* Use fromISO parsing instead of fromFormat.

* Use Luxon for History components and nav drawer.

* Corrected casing of recent card formatting.

* Use Luxon for Image detail drawer.

* Use Luxon for Main components.

* Use Luxon for update elements.

* Use Luxon for User components, and remove Moment from dependencies.

* Use Luxon for cloud functions.

* Move @types dependencies to dev dependencies.",luxon moment,"
Replace moment usage with Luxon.
(#69)",4,Utility,,1,0.98,
esp/esp-js,8ab313279d2d9cdf4471ba0d44024a82bb995dde,2017-04-26 07:28:41,uuid,node-uuid,"Node-uuid is deprecated, moving to uuid. Also our first foray into replacing typings with @types",uuid node-uuid,"
Node-uuid is deprecated, moving to uuid.
Also our first foray into replacing typings with @types",22,Utility,,1,0.98,Deprecation
Esri/arcgis-js-cli,f9ac7a0a5a7fb2ea58063ab1396dff9cc938b50e,2021-04-22 19:55:16,sass,node-sass,replace node-sass for sass in webpack app,sass node-sass,"
replace node-sass for sass in webpack app",40,UI,,1,0.98,
este/este,9e17b03425d58fe054cd4c1d4fe08b7b3cc70a62,2019-02-22 19:32:28,next-transpile-modules,next-plugin-transpile-modules,Use next-transpile-modules instead of next-plugin-transpile-modules,next-transpile-modules next-plugin-transpile-modules,"
Use next-transpile-modules instead of next-plugin-transpile-modules",5,Utility,,1,0.99,
ether/etherpad-lite,552b6d7adb1c67b6b9c78ee66f84992e90ddf88f,2020-06-05 22:10:24,terser,uglify-js,stale: Terser instead of uglify (#4075),terser uglify-js,"
stale: Terser instead of uglify (#4075)",4,Utility,,1,0.99,Deprecation
ethereum-oasis/baseline,fd9e72891291775c7e3adc83e632a8f36a0185e3,2020-06-25 09:15:30,mocha,jest,Migrate privacy package to use mocha test harness,mocha jest,Migrate privacy package to use mocha test harness,3,Testing,,1,0.97,
EthWorks/UniversalLoginSDK,51baca00772da88247c0f70580fa1bb47a3c089e,2019-05-22 14:09:11,ts-loader,awesome-typescript-loader,"Wallet Maintenance (#517)

* Prebuild use yarn clean

* Add prebuild to example

* Change atl to ts-loader",ts-loader awesome-typescript-loader,"
* Change atl to ts-loader",10,Web Framework,,1,0.97,
EthWorks/UniversalLoginSDK,7e9f7b75a57d88d80f90f5098d0bbaa85ebae3f2,2019-02-08 13:05:39,tslint,eslint,"Ts rewrite/contracts (#251)

* Compile with typescript

* Configure tslint

* Remove unused dependencies

* Add @types required for testing

* Removed most external dependencies on universal-login-contracts

* Fix tests

* Fix linter issues",tslint eslint,"
* Fix linter issues",3,Testing,,1,0.85,
EthWorks/UniversalLoginSDK,26e5bf6459bb95f9e0976f88e7f7ffc107e37049,2019-10-21 09:06:15,eslint,tslint,"Eslint instead of tslint (commons, contracts, react, wallet, web3) (#1362)

* Use eslint in web3

* Use eslint in wallet

* Extra fixes for web3

* Lint commons

* Lint contracts

* Lint react

* Fix build error

* Remove js extension from linter

* Fix formatting

* CR fix",eslint tslint,"
Eslint instead of tslint (commons, contracts, react, wallet, web3) (#1362)",26,Testing,,1,0.95,
EthWorks/UniversalLoginSDK,26e5bf6459bb95f9e0976f88e7f7ffc107e37049,2019-10-21 09:06:15,typescript-eslint,tslint,"Eslint instead of tslint (commons, contracts, react, wallet, web3) (#1362)

* Use eslint in web3

* Use eslint in wallet

* Extra fixes for web3

* Lint commons

* Lint contracts

* Lint react

* Fix build error

* Remove js extension from linter

* Fix formatting

* CR fix",typescript-eslint tslint,"
Eslint instead of tslint (commons, contracts, react, wallet, web3) (#1362)",24,Testing,,1,0.95,
evuz/VisualComicReader,eafd46080e928d0af8600a956e94916840ccfc09,2020-11-30 10:24:29,sass,node-sass,chore(sass): use sass instead node-sass,sass node-sass,"
chore(sass): use sass instead node-sass",40,UI,,1,0.9,
expo/expo-cli,9115b6645b3257c0453a02e0645eeb4e86c31904,2019-05-30 14:36:46,typescript,babel,BREAKING CHANGE: convert @expo/config to TypeScript and remove support for exp.json (#653),typescript babel,"
BREAKING CHANGE: convert @expo/config to TypeScript and remove support for exp.json (#653)",3,Typescript,,1,0.5,
facebook/create-react-app,8bf050aa7c16078fed5e51ac8388d6100c29e105,2020-11-17 20:11:35,prompts,inquirer,"replace inquirer with prompts (#10083)

- remove `react-dev-utils/inquirer` public import",prompts inquirer,"
replace inquirer with prompts (#10083)",6,Utility,,1,0.95,
facebook/Docusaurus,a406a3c9aa5f055ffb9cfc6a128840610eec7d54,2021-01-11 14:33:40,prompts,inquirer,"chore(v2): docusaurus-init: switch from inquirer to prompts (#4012)

Signed-off-by: Reece Dunham <me@rdil.rocks>",prompts inquirer,"
chore(v2): docusaurus-init: switch from inquirer to prompts (#4012)",6,Utility,,1,0.95,
facebook/Docusaurus,afe9ff91a4247316f0081c9b080655d575298416,2020-06-07 05:40:06,clsx,classnames,chore(v2): replace classnames with clsx (#2895),clsx classnames,"
chore(v2): replace classnames with clsx (#2895)",5,Utility,,1,0.95,
facebook/Docusaurus,fc7ba5b6b170328c928538f61628a4a95360e1d6,2018-11-08 02:58:52,terser-webpack-plugin,uglifyjs-webpack-plugin,chore(v2): switch from uglifyjs-webpack-plugin to terser-webpack-plugin (#1099),terser-webpack-plugin uglifyjs-webpack-plugin,"
chore(v2): switch from uglifyjs-webpack-plugin to terser-webpack-plugin (#1099)",35,Codestyle&Web Framework,,1,0.95,
facebook/fbjs,16620e3623fd46b435313abd639b86313facb7b8,2020-04-06 22:50:41,cross-fetch,isomorphic-fetch,"Replace isomorphic-fetch with cross-fetch (#385)

cross-fetch seems to be a drop-in replacement for isomorphic-fetch, but
more actively maintained. I also added a test to ensure we maintain the
behavior of using global fetch if available (eg React-Native)
closes #363",cross-fetch isomorphic-fetch,"Replace isomorphic-fetch with cross-fetch (#385)
",9,HTTP Clients,,1,0.95,Activity
facebook/jest,cd6f7553ad4a7910cfc5e0932ee3d83f04e548e5,2020-01-31 10:43:13,make-dir,mkdirp,chore: replace mkdirp with make-dir (#9486),make-dir mkdirp,"
chore: replace mkdirp with make-dir (#9486)",5,Filesystem,,1,0.99,
facebook/jest,40d15f9a90d8dffbd31b1d9a99af1670e7920ee4,2018-05-27 00:18:50,fast-json-stable-stringify,json-stable-stringify,Use `fast-json-stable-stringify` instead of `json-stable-stringify`. (#6271),fast-json-stable-stringify json-stable-stringify,"
Use `fast-json-stable-stringify` instead of `json-stable-stringify`.
(#6271)",3,Serialization,,1,0.99,
Farata/angular2typescript,ba5c40f8aa23b40bc102f784fd22c1fd1ba09757,2016-07-13 15:37:57,types/node,typings,"CH8: upgraded code samples to TypeScript 2.0, removed Typings",types/node typings,"
CH8: upgraded code samples to TypeScript 2.0, removed Typings",5,Typescript,,1,0.75,Integration
Farata/angular2typescript,26206c459d7847497a3d2879b2b1c975ee18c3dc,2016-07-18 13:00:45,@types/jasmine,typings,"CH9 and 10: upgrade to rc.4, tsc 2.0, remove typings",@types/jasmine typings,"
CH9 and 10: upgrade to rc.4, tsc 2.0, remove typings",4,Typescript,,1,0.8,Integration
fbbergamo/gerador-pix,31552405a3e97a038441341e6123ce0dcd54232d,2021-06-14 03:46:35,css-minimizer-webpack-plugin,optimize-css-assets-webpack-plugin,webpack 5 and upgrade libs,css-minimizer-webpack-plugin optimize-css-assets-webpack-plugin,webpack 5 and upgrade libs,17,Web Framework&UI,,1,0.5,Integration
FelixHenninger/lab.js,6a9458358403ed720b6e36cc6715ec0e8c6d5e4e,2018-07-28 21:38:46,postcss-preset-env,postcss-cssnext,Move to postcss-preset-env for post-processing library styles,postcss-preset-env postcss-cssnext,"
Move to postcss-preset-env for post-processing library styles",5,UI,,1,0.98,
FelixHenninger/lab.js,7b17335a357185b598cee622efb25334b2dfd37c,2020-03-28 10:04:18,@sentry/browser,raven-js,Move logging to Sentry's unified SDK,@sentry/browser raven-js,Move logging to Sentry's unified SDK,5,HTTP Clients,,1,0.98,
FelixRilling/yugioh-deck-tool,43b7f2fcb293e5dd27a058e106f3c07fa8296ff4,2020-08-03 15:57:24,sass,node-sass,Replaced node-sass with sass.,sass node-sass,"
Replaced node-sass with sass.",40,UI,,1,0.99,
fgpv-vpgf/fgpv-vpgf,f75d211201a12878b45e1bcde6523985f6a4692f,2019-12-10 19:25:44,typescript-eslint,tslint,"chore(build): move geosearch to eslint, fix issues",typescript-eslint tslint,"
chore(build): move geosearch to eslint, fix issues",3,Testing,,1,0.95,
fgpv-vpgf/fgpv-vpgf,f75d211201a12878b45e1bcde6523985f6a4692f,2019-12-10 19:25:44,eslint,tslint,"chore(build): move geosearch to eslint, fix issues",eslint tslint,"
chore(build): move geosearch to eslint, fix issues",3,Testing,,1,0.95,
firebase/custom-auth-samples,a4e1ce44c2b41f67424332060caf8020572944ab,2016-12-28 22:22:33,firebase-admin,firebase,"Update Instagram login to firebase-admin

Change-Id: Iaf8cf25233f08733f947d9a1b33cf91b0c186b95",firebase-admin firebase,"
Update Instagram login to firebase-admin",3,HTTP Clients,,1,0.9,
firebase/quickstart-nodejs,036152ddd6700bb6fab2f08e368412f7d8b1a708,2016-12-04 02:19:25,firebase-admin,firebase,Changed firebase dependancy to firebase-admin,firebase-admin firebase,"
Changed firebase dependancy to firebase-admin",3,HTTP Clients,,1,0.99,
flarum/core,4b69a352608605f2134b4bd9cf61587792ef28c8,2021-04-05 15:27:16,clsx,classnames,Replace classList with clsx library (#2760),clsx classnames,"
Replace classList with clsx library (#2760)",5,Utility,,1,1.0,
flarum/core,8dd54204050afd2e661b86b4c852beae3a9c3496,2020-07-01 00:33:00,dayjs,moment,"Switch from 'moment' to 'dayjs' (#2219)

* Switch from 'moment' to 'dayjs'

* Use humanize code from duration plugin (without actual plugin) for time lapsed events",dayjs moment,"
Switch from 'moment' to 'dayjs' (#2219)",14,Serialization,,1,1.0,
flarum/core,3f683dd6ee739f850765e9827f8b410f9c9187f9,2018-06-20 03:50:31,webpack,gulp,"Webpack (#1367)

* Replace gulp with webpack and npm scripts for JS compilation
* Set up Travis CI to commit compiled JS
* Restructure `js` directory; only one instance of npm, forum/admin are ""submodules""
* Refactor JS initializers into Application subclasses
* Maintain partial compatibility API (importing from absolute paths) for extensions
* Remove minification responsibility from PHP asset compiler
* Restructure `less` directory",webpack gulp,"* Replace gulp with webpack and npm scripts for JS compilation
* Set up Travis CI to commit compiled JS
",16,Building&Web Framework,,1,1.0,
flarum/flarum-ext-tags,03613432cb5e944c6387f1a652942dbbe5713370,2018-06-20 04:01:45,webpack,gulp,"Webpack (#52)

See https://github.com/flarum/core/pull/1367

* Replace gulp with webpack and npm scripts for JS compilation
* Set up Travis CI to commit compiled JS
* Restructure `js` directory; only one instance of npm, forum/admin are ""submodules""
* Maintain partial compatibility API (importing from absolute paths) for extensions
* Restructure `less` directory",webpack gulp,"* Replace gulp with webpack and npm scripts for JS compilation
* Set up Travis CI to commit compiled JS
",16,Building&Web Framework,,1,1.0,
FLiotta/ReactSocial,1f5d2e03d8933f1109a2dccaa491e23285bbe036,2020-02-15 21:38:12,dayjs,moment,"Removed unused packages, from moment to dayjs",dayjs moment,"Removed unused packages, from moment to dayjs",14,Serialization,,1,0.95,
flow-typed/flow-typed,ccc8b708d9fdc2352b5d41f62a33e30210907fc1,2018-04-18 23:34:51,@octokit/rest,github,"Replace deprecated github@0.2.4 with Octokit (#2107)

* add setprototypeof definitions

* add credit-card-type libdefs

* Replace deprecated github@0.2.4 with Octokit",@octokit/rest github,"
Replace deprecated github@0.2.4 with Octokit (#2107)",3,Web Framework,,1,1.0,Deprecation
formatjs/react-intl,0b0c8108573ba4a0f74fdac1abe78c9f36f0e3db,2020-07-25 04:14:51,typescript,babel,"feat(@formatjs/cli): revamp underlying extraction
We replaced the underlying AST extractor from babel to typescript. This
makes the extractor a lot more future-proof due to babel having to
constantly include new plugin/syntax while TS just works out of the box.
Future new syntax would just be TS upgrade.

BREAKING CHANGE: Remove `--messages-dir` option. This was primarily used
to eagerly write out output in the babel plugin since we don't know when
the execution will be done. This is not the case with the CLI.
`--out-file` should be used instead.

BREAKING CHANGE: Remove `--module-source-name` option. This is not used.",typescript babel,"
feat(@formatjs/cli): revamp underlying extraction
We replaced the underlying AST extractor from babel to typescript.
This",4,Typescript,,1,0.95,Functionality
formatjs/react-intl,6fc7bfb925b6a6374c11dba79629f95371c02bc8,2020-08-12 05:39:44,fast-glob,glob,feat(@formatjs/cli): switch from glob to fast-glob,fast-glob glob,"
feat(@formatjs/cli): switch from glob to fast-glob",7,Utility,,1,1.0,
formatjs/react-intl,f55c400b2fc7807b9efd72f63dcd2126593d6b5b,2020-04-26 23:25:38,nyc,istanbul,"Upgrade some deps, remove istanbul, add nyc (#183)

* dep++

* rm node 4 & 6, add 10 & 12",nyc istanbul,"
Upgrade some deps, remove istanbul, add nyc (#183)",9,Testing,,1,0.9,
FormidableLabs/spectacle-scripts,2300f9e9830b6bd04df253afc8121893789089ec,2018-09-18 18:31:02,terser-webpack-plugin,uglifyjs-webpack-plugin,"Switch from uglifyjs to terser (#5026)

Uglify is no longer maintained and has bugs not present in Terser (its successor)",terser-webpack-plugin uglifyjs-webpack-plugin,"
Switch from uglifyjs to terser (#5026)",35,Codestyle&Web Framework,,1,1.0,Deprecation
frctl/fractal,4507bdaee03810c53154e1c49ea0cf0b85142c42,2020-10-25 18:27:41,webpack,gulp,"build: migrate mandelbrot bundling from gulp to webpack (#676)

* migrate mandelbrot bundling from gulp to webpack

* npm audit fix

* resolve conflicts

* fix conflicting resizable handle selectors

* let babel automatically load polyfills, use es6 import/export",webpack gulp,"
build: migrate mandelbrot bundling from gulp to webpack (#676)",16,Building&Web Framework,,1,1.0,
frctl/fractal,4507bdaee03810c53154e1c49ea0cf0b85142c42,2020-10-25 18:27:41,copy-webpack-plugin,gulp,"build: migrate mandelbrot bundling from gulp to webpack (#676)

* migrate mandelbrot bundling from gulp to webpack

* npm audit fix

* resolve conflicts

* fix conflicting resizable handle selectors

* let babel automatically load polyfills, use es6 import/export",copy-webpack-plugin gulp,"
build: migrate mandelbrot bundling from gulp to webpack (#676)",5,Building&Web Framework,,1,1.0,
FredericHeem/starhackit,59fa693e0a570ba34021b54f19c6ebc60a93c067,2019-06-19 18:12:37,react,preact,"In: emotion, react, Out: glamorous, preact",react preact,"
In: emotion, react, Out: glamorous, preact",10,UI,,1,1.0,
FreeCodeCamp/FreeCodeCamp,d85425fd1b908c12bb1482e8ec7487e57f12a340,2019-09-04 12:48:58,final-form,redux,feat(client): use React Final Form instead of Redux Form (#36742),final-form redux,"
feat(client): use React Final Form instead of Redux Form (#36742)",4,Utility,,1,0.8,
FreeCodeCamp/FreeCodeCamp,d85425fd1b908c12bb1482e8ec7487e57f12a340,2019-09-04 12:48:58,react,redux,feat(client): use React Final Form instead of Redux Form (#36742),react redux,"
feat(client): use React Final Form instead of Redux Form (#36742)",4,UI,,1,0.8,
freesewing/freesewing,a9071dbc07b8cd4191db20d09ef1fe39c23fa72b,2019-04-19 06:20:59,rollup,webpack,construction: Switched to Rollup from webpack,rollup webpack,"
construction: Switched to Rollup from webpack",4,Web Framework,,1,1.0,
frouriojs/create-frourio-app,ac490e24f5fcdc6ca2ec9fdc7f105503d732cff4,2020-12-11 14:59:05,rollup,webpack,feat(sapper): change webpack to rollup,rollup webpack,"
feat(sapper): change webpack to rollup",7,Web Framework&Building,,1,1.0,
frouriojs/create-frourio-app,601a17301524ecc7e40e52e07502839808b97423,2021-02-08 10:14:13,mysql2,mysql,feat: use mysql2 instead of mysql. mysql does not support mysql8 fully,mysql2 mysql,"
feat: use mysql2 instead of mysql.
mysql does not support mysql8 fully",3,Database,,1,0.9,BugIssue
fusionjs/fusionjs,bfd76bb56b9ec7ef8cf1e3a36436bdcaede4473c,2020-11-20 20:34:29,axios,request-promise,"Refactor fusion-cli e2e tests

- Replace usage of the deprecated `request-promise` library with `axios`
- Replace usages of ad-hoc node `exec` script with the existing `cmd` helper

These changes will help unblock migrating this repo to yarn v2",axios request-promise,"
- Replace usage of the deprecated `request-promise` library with `axios`
- Replace usages of ad-hoc node `exec` script with the existing `cmd` helper",4,HTTP Clients,,1,1.0,Deprecation
fusionjs/fusionjs,253cd31fa29950fb9c5c434a330969828ce42daf,2019-05-16 17:48:19,core-js,babel,"Remove babel polyfill, use core-js and regenerator-runtime directly

https://github.com/fusionjs/fusionjs/pull/390",core-js babel,"
Remove babel polyfill, use core-js and regenerator-runtime directly",13,Utility,,1,0.8,
fusionjs/fusionjs,253cd31fa29950fb9c5c434a330969828ce42daf,2019-05-16 17:48:19,regenerator-runtime,babel,"Remove babel polyfill, use core-js and regenerator-runtime directly

https://github.com/fusionjs/fusionjs/pull/390",regenerator-runtime babel,"
Remove babel polyfill, use core-js and regenerator-runtime directly",5,Utility,,1,0.8,
fuzz-productions/generator-mortar,ce1c47151de3e2ba9cbe20eceee7d5d929f0943f,2016-03-25 19:56:25,eslint,jshint,move to eslint linting,eslint jshint,"
move to eslint linting",16,Testing,,1,1.0,
gaowhen/gon,21c11d924e05b6f0b5deb8879d53da76a62fd746,2017-03-13 09:02:01,husky,ghooks,chore: replace ghooks with husky,husky ghooks,"chore: replace ghooks with husky
",3,Utility,,1,1.0,
gatewaycash/gateway,0983df313f09160a37f2b6eff197fc7b8e7d81d9,2020-04-01 00:01:13,mysql2,mysql,"Knex, database migrations and referential integrity (#161)

* upgrade to mysql2 and install Knex

* Migrate old production database data

* API key migrations

* Finish schema

* Move seed data, add knex to API setup

* Tweak the scripts

* Timestamp nullability",mysql2 mysql,"
* upgrade to mysql2 and install Knex",3,Database,,1,0.9,
gatsbyjs/gatsby,4be5cfdf5d6925f26f914518dfc51d53f979cd6d,2018-09-13 20:29:01,terser-webpack-plugin,uglifyjs-webpack-plugin,"remove modules that is the relative path. (#7934)

* remove modules that is the relative path.

* feat: replace uglify-es with terser

* fix: run css minification after styled are processed

* Update package.json

* remove deleted flow type fields",terser-webpack-plugin uglifyjs-webpack-plugin,"
* feat: replace uglify-es with terser",35,Codestyle&Web Framework,,1,1.0,
gatsbyjs/gatsby,0107f9735686689b64c7e247764675c81ec141ac,2018-03-23 19:22:22,mini-css-extract-plugin,extract-text-webpack-plugin,"[v2][wip] Upgrade Gatsby v2 to webpack 4 (#4588)

* WIP'

* WIP

* Upgrade packages

* Use mini-css-extract-plugin instead of extract-text-webpack-plugin

* Add mini-css-extract-plugin to sass/less plugins

* Combine build-css with build-javascript — css modules not working atm

* [v2] Webpack 4 additions (#4627)

* escape path for regexp because windows uses backslash

* remove WatchMissingNodeModulesPlugin

* remove gatsby-module-loader in favor of using import()

* add layoutComponentChunkName to initial scripts

* add initial styles as link tags

* use stringify because it's safer

* there is no ignoreOrder option

* use [chunkhash] and [name] for CSS files

* use oneOf rule to match only one of css and css modules

* add a TODO about server rendering and CSS

* use development mode in devlop build

* add CSS support for develop mode

* use [chunkhash]

* add css inlining

* Simplify less and sass rules

* Add oneOf to gatsby-plugin-stylus

* Add pathPrefix support for the data-href when inlining critical CSS",mini-css-extract-plugin extract-text-webpack-plugin,"
* Use mini-css-extract-plugin instead of extract-text-webpack-plugin",18,UI,,1,1.0,Integration
gatsbyjs/gatsby,6edad7b3c1bec06ae56133f1478e3103b74e80aa,2019-11-26 14:02:16,eslint,tslint,"chore(examples): Updated i18n & typescript (#19654)

* using-i18n: update

* using-typescript: replace tslint with eslint, add example for fc component and useStaticQuery

* using-i18n: bump eslint version a little bit, ignore example for global eslint config

* don't ignore using-typescript example in root",eslint tslint,"
* using-typescript: replace tslint with eslint, add example for fc component and useStaticQuery",26,Testing,,1,1.0,
gatsbyjs/gatsby,6edad7b3c1bec06ae56133f1478e3103b74e80aa,2019-11-26 14:02:16,typescript-eslint,tslint,"chore(examples): Updated i18n & typescript (#19654)

* using-i18n: update

* using-typescript: replace tslint with eslint, add example for fc component and useStaticQuery

* using-i18n: bump eslint version a little bit, ignore example for global eslint config

* don't ignore using-typescript example in root",typescript-eslint tslint,"
* using-typescript: replace tslint with eslint, add example for fc component and useStaticQuery",24,Testing,,1,1.0,
gatsbyjs/gatsby,59331e32648746f0ee71a6897c1c01a8ae97eda9,2019-07-19 14:29:58,deepmerge,lodash,"chore(gatsby-theme-blog): Use deepmerge instead lodash.merge (#15763)

* Use deepmerge instead lodash.merge

* Revert version change",deepmerge lodash,"
chore(gatsby-theme-blog): Use deepmerge instead lodash.merge (#15763)",3,Building&Filesystem,,1,1.0,
gatsbyjs/gatsby,a7a3991ca2ad450abaacdc168e9900dad995b584,2021-02-17 15:47:41,css-minimizer-webpack-plugin,optimize-css-assets-webpack-plugin,"feat(gatsby): upgrade webpack to version 5 (#29145)

Co-authored-by: Michal Piechowiak <misiek.piechowiak@gmail.com>",css-minimizer-webpack-plugin optimize-css-assets-webpack-plugin,"
feat(gatsby): upgrade webpack to version 5 (#29145)",17,Web Framework&UI,,1,0.5,
gatsbyjs/gatsby,5778c27a83f080b90726bc7506888958c1b9d753,2018-08-06 11:24:06,@reach/router,react,"Replace react-router with @reach/router (#6918)

* Get @reach/router working probably in development

* Moer stuff working

* Don't support to as an object

* Add back support for activeClassName & activeStyle

* Fix path for RouteHandlers

* Pull in parse-path util from react-router

* remove console.logs and add TODO

* Remove now unused webpack rules to trim down react-router

* Some fixes from merge

* Fix problems identified in review earlier

* Remove old typescript definitions

* Restore and update the <Link> documentation for v2/@reach/router

I also added it to the API reference section — which seemed the right
place for it. @shannonbux agree?

* Also set the className when the site is active per @pieh's advice

* Upgrade client-only-paths example site

* Upgrade simple-auth example site

* Fix lint errors

* Migration docs

* Note that can't use relative routes w/ @reach/router

* Fix/remove tests that are irrelevant now

* Fix imports

* Use v2 version of children for layout

* mini typos

* Document that history prop no longer passed to page components",@reach/router react,"
Replace react-router with @reach/router (#6918)
* Note that can't use relative routes w/ @reach/router",4,UI,,1,0.9,
gatsbyjs/gatsby,353e854cb122e4a732a60b06abbd8acc75d7727f,2019-06-06 16:00:49,date-fns,moment,"List PRs that haven't been updated recently (#14556)

* scoobie doobie dooooo

* Add list of 'lonely' PRs, ones that haven't been updated in at least 30 days

This also splits things up to make a little more testable, adds some basic tests, and replaces moment for date-fns.

* Skip weekends for this job

* Tidy up

* mon-fri, not sun-thurs",date-fns moment,"
This also splits things up to make a little more testable, adds some basic tests, and replaces moment for date-fns.",13,Serialization,,1,1.0,
gatsbyjs/gatsby,fd15a9283641f6a99faa31a7f5d452402b87a93e,2020-09-14 13:06:26,cross-fetch,isomorphic-fetch,"security(gatsby-admin): switch isomorphic-fetch to cross-fetch

* Remove unused isomorphic-fetch package

* fix(gatsby-recipes): switch from isomorphic-fetch to cross-fetch

Original commit: https://github.com/gatsbyjs/gatsby/pull/26709/commits/694f9e608e1f8bf2f60fa0d45e563e030d36830b

* Upgrade cross-fetch to 3.0.6

Co-authored-by: Adam Schay <adamschay@gmail.com>",cross-fetch isomorphic-fetch,"security(gatsby-admin): switch isomorphic-fetch to cross-fetch
",9,HTTP Clients,,1,1.0,Security
gatsbyjs/gatsby,aca58b7a3171770c26a51b4fff89644f56d67d63,2019-04-18 16:42:18,got,request,"chore(gatsby): change HTTP request library from `request` to `got` for future support (#13434)

* change request library from `request` to `got` for future support

* remove console statement

* use a compatible version of got",got request,"chore(gatsby): change HTTP request library from `request` to `got` for future support (#13434)
",5,HTTP Clients,,1,1.0,Deprecation
geowarin/boot-react,079f0c8afcd8266355b77a094941c8cdbe1349fd,2015-09-05 14:22:53,axios,whatwg-fetch,Use axios instead of fetch,axios whatwg-fetch,"
Use axios instead of fetch",3,HTTP Clients,,1,0.9,
geowarin/tarec,16d0d25faadc6d019495616812aac32f0975f390,2016-05-06 16:39:18,gh-pages,gh-pages-deploy,Switch to gh-pages for template app,gh-pages gh-pages-deploy,"
Switch to gh-pages for template app",3,Building,,1,0.9,
getsentry/raven-js,8eb72865dcd62ff719441105c7eda28007a07e9d,2020-08-12 08:24:56,eslint,tslint,"build: Switch integrations, node, react, tracing to eslint (#2806)

* build: Switch @sentry/integrations to using eslint

* build: Remove tslint danger

* build: Switch @sentry/node to using eslint

* build: Switch @sentry/react to using eslint

* build: Switch @sentry/tracing to using eslint

* remove remaining tslint references

* Add unsafe any rule",eslint tslint,"
build: Switch integrations, node, react, tracing to eslint (#2806)",8,Testing,,1,0.95,
giantmachines/redux-websocket,a632f462ca000285aa3e5bd978e8f0c64901d605,2019-02-13 16:26:02,awesome-typescript-loader,ts-loader,Swap out ts-loader for awesome-typescript-loader,awesome-typescript-loader ts-loader,"
Swap out ts-loader for awesome-typescript-loader",4,Web Framework,,1,0.97,
GladysAssistant/Gladys,8de2652c04b5c8d9c8ba34af741623f9ce5d17dd,2021-05-03 08:12:15,dayjs,moment,"Replace moment by dayjs in caldav service (#1174)

Co-authored-by: Pierre-Gilles Leymarie <pierregilles.leymarie@gmail.com>",dayjs moment,"
Replace moment by dayjs in caldav service (#1174)",14,Serialization,,1,0.99,
godaddy/gasket,ebf66d2523258208a8d56bcb021e2db050241a36,2020-10-19 16:18:40,mocha,jest,"Gasket Intl v2 (#180)

* [major] getting things working for getServerSideProps

* [major] getting things working for getServerSideProps

* [major] simplify

* [minor] handling locale file load errors

* [major] wrapping up

* [api] export react components from next entry

* [dist] align to mocha framework

* [doc test] adding jsdocs and tests

* [test] next page prop functions

* [dist] update next.js version

* [fix] cleanup next tests

* [test] components

* [minor] support pass res for server worker lifecycles

* [minor] support pass res for workbox lifecycles

* [api] central locale utils to plugin module

* [test] migrate and expand tests to mocha

* [test] locales manifest

* [test] build and middleware lifecycles

* [minor] always generate a thin _app.js

* [doc] jsdoc fixup

* [doc] @gasket/intl readme rewrite

* [doc] @gasket/intl-plugin readme rewrite

* [fix] tests

* [fix] tests and linting

* [minor] add intl helper package

* [fix] cleanup depends

* [doc] add toc

* [dist] align react-intl version

* [doc] add todos for follow up tickets

* [doc] grammar and typos

* [fix] cleanup arrow functions and async stubs

* [fix] use proxyquire in bfe

* [fix] cleanup more arrow functions for mocha

* [fix] test cleanup

* [test] path fallback for locales with script + region

* [fix] doc typos

* [tiny] split file per component

* [test] locale state reducer

* [test] locale status hook

* [test] get active locale util

* [fix] lint

* [fix] hoist non react statics

* [fix] license year

* [doc] template locale path part

* [doc] example with default locale path

* [doc] template formats

* [fix] typo

* [tiny] split context to separate file

* [fix] typo

* [doc] tune dir vs path description in modules section",mocha jest,"Gasket Intl v2 (#180)
",3,Testing,,1,0.95,
googleapis/nodejs-bigquery,834b18f7e2906f595d32cf2398478207532f5bda,2018-11-22 20:45:58,mocha,ava,refactor(tests): convert samples tests from ava to mocha (#248),mocha ava,"
refactor(tests): convert samples tests from ava to mocha (#248)",8,Testing,,1,1.0,
googleapis/nodejs-bigtable,9e07093aa813f99ced5519de09bcaa6b7faeb0c8,2018-11-20 16:28:20,mocha,ava,refactor(samples): convert sample tests from ava to mocha (#372),mocha ava,"
refactor(samples): convert sample tests from ava to mocha (#372)",8,Testing,,1,1.0,
googleapis/nodejs-datastore,e790bad923a96fb81ccf4ec44a2cf8b08360851e,2018-11-23 16:34:30,mocha,ava,refactor(samples): convert sample tests from ava to mocha (#259),mocha ava,"
refactor(samples): convert sample tests from ava to mocha (#259)",8,Testing,,1,1.0,
googleapis/nodejs-dlp,1ca36754112af80f9be00b71f3cf94e986e0f99c,2018-11-23 16:33:54,mocha,ava,refactor(samples): convert sample tests from ava to mocha (#186),mocha ava,"
refactor(samples): convert sample tests from ava to mocha (#186)",8,Testing,,1,1.0,
googleapis/nodejs-error-reporting,2ac0bfd65e71ceb7d794762f56335197d2e2a6f8,2018-11-26 15:49:29,mocha,ava,refactor(samples): convert sample tests from ava to mocha (#257),mocha ava,"
refactor(samples): convert sample tests from ava to mocha (#257)",8,Testing,,1,1.0,
GoogleChrome/workbox,39cd5b5a3be58deb133113392350fecb9f114bdf,2019-08-05 18:11:58,fast-json-stable-stringify,json-stable-stringify,Switch to fast-json-stable-stringify (#2163),fast-json-stable-stringify json-stable-stringify,"
Switch to fast-json-stable-stringify (#2163)",3,Serialization,,1,1.0,
GoogleCloudPlatform/nodejs-docs-samples,6c38e40d411644bfececac772fbb1fd33b313ab4,2020-11-09 21:28:13,node-fetch,request,"chore: use fetch instead of request (#2061)

Fixes: https://github.com/GoogleCloudPlatform/nodejs-docs-samples/issues/2001",node-fetch request,"
chore: use fetch instead of request (#2061)",7,HTTP Clients,,1,1.0,
GoogleCloudPlatform/nodejs-docs-samples,063454692810f306248b97399e419869143f70f0,2019-03-01 00:35:38,mocha,ava,refactor(concepts):ava to mocha (#1156),mocha ava,"
refactor(concepts):ava to mocha (#1156)",8,Testing,,1,1.0,
govau/pancake,d3c56eae678f5ad7f86fdeee74806d9412e9026e,2018-06-15 02:16:28,sass,node-sass,"Replace node-sass with sass, update dependencies",sass node-sass,"
Replace node-sass with sass, update dependencies",40,UI,,1,1.0,
govau/pancake,4147ab9a5d1159a102cb96853fa38671f64d329d,2018-08-16 04:11:47,node-sass,sass,Move to node-sass,node-sass sass,Move to node-sassMove to node-sassMove to node-sass,7,UI,,1,1.0,
gpbl/react-day-picker,73cb46af179d271f6fa3277c2bd24fd9ace3c960,2020-04-19 14:38:46,webpack,rollup,"Replace rollup with webpack (#1019)

* Update tsconfigs

* Update dependencies

* Add webpack.config

* (extra) Add prettierrc

* Add tsconfig for dist

* Add support for yarn 2

* Disable eslint until we don’t set it up",webpack rollup,"
Replace rollup with webpack (#1019)",3,Building&Web Framework,,1,1.0,
gpbl/react-day-picker,137480586eb26125fc9e72d59dc19acd137530d0,2021-02-27 01:34:12,rollup,webpack,"Replace webpack with rollup (#1028)

commit f5546e85dc5d6247280ffda60f71e6b5caa9209b
Author: gpbl <io@gpbl.dev>
Date:   Fri Feb 26 20:26:43 2021 -0500

    Fix locale import

commit ffae3929cd109ee2705e683368f6f78a82c439e5
Author: gpbl <io@gpbl.dev>
Date:   Fri Feb 26 20:22:44 2021 -0500

    Replace webpack with rollup",rollup webpack,"
Replace webpack with rollup (#1028)",4,Web Framework&Building,,1,1.0,
grand-stack/grand-stack-starter,903484f06d103bae0aa5fd2dd7fd512b120247ff,2021-04-27 03:18:33,graphql,neo4j-graphql-js,Migrate to official Neo4j GraphQL Library,graphql neo4j-graphql-js,"
Migrate to official Neo4j GraphQL Library",3,Web Framework,,1,0.8,
graphcool/templates,a98a7a466abbb3055aa804ed3389b130d7b954c0,2017-10-15 09:27:55,bcryptjs,bcrypt,update bcrypt to bcryptjs,bcryptjs bcrypt,"
update bcrypt to bcryptjs",11,HTTP Clients,,1,0.95,
graphql/graphiql,de73d6cab5eab159b041fc128a11ab447dfc5ed1,2019-12-27 23:43:05,testing-library,enzyme-adapter-react,"feat: replace use of enzyme with react-testing-library (#1144) by @ryan-m-walker

- added @testing-library/react to graphiql package
- added @testing-libary/jest-dom to graphiql package
- removed usage of ENZYM env variable in test script in graphiql packaget
- removed enzyme adapter setup from enzyme.config.js file and renamed it
to test.config.js
- removed use of enzyme and replaced with react-testing-library in all
graphiql package test files and updated tests to use
react-testing-library patterns
- moved mockStorage to own file so it can be reused in other test files
and added other methods to it
- added a CodeMirror mock to be used in tests
- mocked out codemirror addon modules
- moved QueryHistory tests from own file into GraphiQL.spec.js file
- removed `cross-env` from test script
- moved CodeMirror mock to __mock__ file

Co-authored-by: Rikki Schulte <rikki.schulte@gmail.com>
Co-authored-by: Rikki Schulte <rikki.schulte@gmail.com>",testing-library enzyme-adapter-react,"
feat: replace use of enzyme with react-testing-library (#1144) by @ryan-m-walker
to test.config.js
- removed use of enzyme and replaced with react-testing-library in all
graphiql package test files and updated tests to use",5,Testing,,1,0.98,
graphql/graphiql,de73d6cab5eab159b041fc128a11ab447dfc5ed1,2019-12-27 23:43:05,testing-library,enzyme,"feat: replace use of enzyme with react-testing-library (#1144) by @ryan-m-walker

- added @testing-library/react to graphiql package
- added @testing-libary/jest-dom to graphiql package
- removed usage of ENZYM env variable in test script in graphiql packaget
- removed enzyme adapter setup from enzyme.config.js file and renamed it
to test.config.js
- removed use of enzyme and replaced with react-testing-library in all
graphiql package test files and updated tests to use
react-testing-library patterns
- moved mockStorage to own file so it can be reused in other test files
and added other methods to it
- added a CodeMirror mock to be used in tests
- mocked out codemirror addon modules
- moved QueryHistory tests from own file into GraphiQL.spec.js file
- removed `cross-env` from test script
- moved CodeMirror mock to __mock__ file

Co-authored-by: Rikki Schulte <rikki.schulte@gmail.com>
Co-authored-by: Rikki Schulte <rikki.schulte@gmail.com>",testing-library enzyme,"
feat: replace use of enzyme with react-testing-library (#1144) by @ryan-m-walker
to test.config.js
- removed use of enzyme and replaced with react-testing-library in all
graphiql package test files and updated tests to use",3,Testing,,1,0.98,
graphql/graphiql,3caf0413d36e571374b72eec01d0148fdbf7493d,2019-12-03 00:14:03,webpack,browserify,"fix: convert browserify build to webpack, fixes #976 (#1001)

* esm for all packages
* convert browserify to webpack, fixes #976
* remove vendor files for react/etc
* fix webpack targets for minified build
* add bundle step to netlify
* use cross-env for every script that uses env
* fix markdown-it bug by force-adding the entities version
* simpler `cypress-open` script

Co-Authored-By: Benjie Gillam <benjie@jemjie.com>",webpack browserify,"
fix: convert browserify build to webpack, fixes #976 (#1001)",3,HTTP Clients&Web Framework,,1,1.0,
graphql-boilerplates/node-graphql-server,59e02755946693fb66d299d37d4bbe4cc27ad67b,2018-12-06 13:14:54,prisma-client-lib,prisma-binding,migrate node-basic to prisma client,prisma-client-lib prisma-binding,"
migrate node-basic to prisma client",3,UI,,1,1.0,
graphql-boilerplates/react-fullstack-graphql,f03af065e489c877c1a09e6caeaa41a213fa7386,2018-12-07 17:05:39,prisma-client-lib,prisma-binding,migrate server to prisma client,prisma-client-lib prisma-binding,"
migrate server to prisma client",3,UI,,1,1.0,
gregberge/loadable-components,5a9c33b222fecb320dc02b643122fbe717aa6fc8,2020-04-05 18:51:31,make-dir,mkdirp,"fix: use make-dir instead of mkdirp (#544)

Remove deprecated mkdirp module.",make-dir mkdirp,"
fix: use make-dir instead of mkdirp (#544)",5,Filesystem,,1,1.0,Deprecation
grindjs/framework,41ec8f87a9c3da089b32914a7dde8a23b999c121,2021-05-22 21:09:09,sass,node-sass,refactor(grind-assets): replace node-sass support with sass,sass node-sass,"
refactor(grind-assets): replace node-sass support with sass",40,UI,,1,1.0,
gruelbox/orko,79a504e59590f74079b8d03db47e8fda1b102c02,2019-02-25 17:50:01,fomantic-ui,semantic-ui,Blind upgrade from Semantic-UI to Fomantic-UI 2.7.2. Firing it at CI to see how things go.,fomantic-ui semantic-ui,"
Blind upgrade from Semantic-UI to Fomantic-UI 2.7.2.
Firing it at CI to see how things go.",3,Utility,,1,0.95,
guandjoy/primitivo-svg,43b4e877912cdbfe61942049a54d2e1c65490047,2020-05-02 23:42:42,eslint,tslint,Set up eslint instead of tslint,eslint tslint,"
Set up eslint instead of tslint",26,Testing,,1,1.0,
guandjoy/primitivo-svg,43b4e877912cdbfe61942049a54d2e1c65490047,2020-05-02 23:42:42,typescript-eslint,tslint,Set up eslint instead of tslint,typescript-eslint tslint,"
Set up eslint instead of tslint",24,Testing,,1,1.0,
hasura/graphql-engine,405d6450f918f9b1d1fe1fc51612e2a08f631002,2020-01-31 11:54:19,terser-webpack-plugin,uglifyjs-webpack-plugin,console: replace graphiql fork with pkg + update explorer + replace uglify with terser (#3073),terser-webpack-plugin uglifyjs-webpack-plugin,"
console: replace graphiql fork with pkg + update explorer + replace uglify with terser (#3073)",35,Codestyle&Web Framework,,1,1.0,
hensm/fx_cast,08079b1fa882ebe1f2ac0404d65e490a02fb6789,2018-12-09 16:28:27,preact,react,Switch to preact,preact react,"
Switch to preact",8,UI,,1,1.0,
holderdeord/hdo-transcript-search,1ce79a6ece906526e18cfceb58454ad2de05b3d8,2015-07-02 17:54:38,eslint,jshint,Replace jshint/jsxhint with eslint,eslint jshint,"
Replace jshint/jsxhint with eslint",16,Testing,,1,1.0,
holistics/js,93436bb43331f71ca4e0b6c445631eb5fbdb1262,2020-01-16 06:12:27,dayjs,moment,migrate from moment to dayjs,dayjs moment,"
migrate from moment to dayjs",14,Serialization,,1,1.0,
howtographql/react-apollo,fd37bc7a0a38559be3cd8960b6896db09c970f03,2018-12-19 11:13:32,prisma-client-lib,prisma-binding,update server implementation to use the Prisma client,prisma-client-lib prisma-binding,"
update server implementation to use the Prisma client",3,UI,,1,0.8,
hpcc-systems/Visualization,89b9b6a571734253e06f34fc4efc2f9fd039c129,2020-06-09 10:50:42,eslint,tslint,"chore(lint): Switch to ESLint (TSLint deprecated)

Signed-off-by: Gordon Smith <GordonJSmith@gmail.com>",eslint tslint,"
chore(lint): Switch to ESLint (TSLint deprecated)",26,Testing,,1,0.95,Deprecation
hpcc-systems/Visualization,89b9b6a571734253e06f34fc4efc2f9fd039c129,2020-06-09 10:50:42,typescript-eslint,tslint,"chore(lint): Switch to ESLint (TSLint deprecated)

Signed-off-by: Gordon Smith <GordonJSmith@gmail.com>",typescript-eslint tslint,"
chore(lint): Switch to ESLint (TSLint deprecated)",24,Testing,,1,0.95,Deprecation
hpcc-systems/Visualization,88b800fcdb6220ee4a3d8864008d955c26472b1f,2018-08-01 13:58:39,npm-run-all,concurrently,"chore(watch): Switch to npm-run-all from concurrently

Signed-off-by: Gordon Smith <gordonjsmith@gmail.com>",npm-run-all concurrently,"
chore(watch): Switch to npm-run-all from concurrently",3,Building,,1,0.9,
hpcc-systems/Visualization,3d04efbb60a74ef0cde229b07dcce50a508b0b83,2020-05-27 15:11:09,terser-webpack-plugin,uglifyjs-webpack-plugin,"chore(webpack): Switch to Terser from Uglify

Signed-off-by: Gordon Smith <GordonJSmith@gmail.com>",terser-webpack-plugin uglifyjs-webpack-plugin,"
chore(webpack): Switch to Terser from Uglify",35,Codestyle&Web Framework,,1,0.9,
hpcc-systems/Visualization,5e5cd518f4e6ad14ee0097446dc394b2cb3df807,2018-02-09 14:58:50,node-fetch,request,"GH-2379 Comms use fetch instead of request

Fixes GH-2379-Fetch

Signed-off-by: Gordon Smith <gordonjsmith@gmail.com>",node-fetch request,"
GH-2379 Comms use fetch instead of request",7,HTTP Clients,,1,0.9,
hslayers/hslayers-ng,273108e0ab9d6cd28b546a29afa0ec148f1b76bc,2021-05-10 13:35:10,dayjs,moment,"fix: Substitute moment with dayjs

Dayjs is smaller and provides a drop-in replacement for moment in our usecases

fixes #1805",dayjs moment,"
fix: Substitute moment with dayjs",14,Serialization,,1,1.0,SizeComplexity
hypery2k/galenframework-cli,215dfbbbc1c532bf390fea21b95bb6461eb5e1fe,2018-08-12 08:06:33,eslint,jshint,ci(Jenkins): Fix build by switching to eslint,eslint jshint,"
ci(Jenkins): Fix build by switching to eslint",16,Testing,,1,0.9,
hyva-themes/magento2-hyva-checkout,9104b74a5e96f0324a781523a4bdbd332010b6b2,2020-10-17 17:02:58,preact,react,Replace React with preact,preact react,"
Replace React with preact",8,UI,,1,1.0,
ibissource/frank-flow,305cf591d48f1c9cd973ddf515d8d2c87d118543,2021-06-22 13:50:15,eslint,tslint,Update to Angular 12 and update to eslint,eslint tslint,"
Update to Angular 12 and update to eslint",26,Testing,,1,0.9,
ibissource/frank-flow,305cf591d48f1c9cd973ddf515d8d2c87d118543,2021-06-22 13:50:15,typescript-eslint,tslint,Update to Angular 12 and update to eslint,typescript-eslint tslint,"
Update to Angular 12 and update to eslint",24,Testing,,1,0.9,
ice-lab/ice-scripts,49c83bc81d474c5fcbf95c2ae63479db4df4bf4e,2019-08-02 02:00:25,core-js,babel,"fix: use core-js and regenerator-runtime instead of @babel/polyfill (#27)

* fix: use core-js and regenerator-runtime instead of @babel/polyfill

* feat: support analyzer after build

* fix: modify setupFiles of command test

* fix: add rule polyfill at the end of rules",core-js babel,"
fix: use core-js and regenerator-runtime instead of @babel/polyfill (#27)",13,Utility,,1,0.8,
ice-lab/ice-scripts,49c83bc81d474c5fcbf95c2ae63479db4df4bf4e,2019-08-02 02:00:25,regenerator-runtime,babel,"fix: use core-js and regenerator-runtime instead of @babel/polyfill (#27)

* fix: use core-js and regenerator-runtime instead of @babel/polyfill

* feat: support analyzer after build

* fix: modify setupFiles of command test

* fix: add rule polyfill at the end of rules",regenerator-runtime babel,"
fix: use core-js and regenerator-runtime instead of @babel/polyfill (#27)",5,Utility,,1,0.8,
idyll-lang/idyll,ee1974a19f5008eb7e5ce088fab7d7a683268ecd,2019-10-01 03:39:41,terser,uglify-js,replace uglify with terser,terser uglify-js,"
replace uglify with terser",4,Utility,,1,1.0,
IgniteUI/igniteui-angular,08fafe938fc9859dbaa09c7c58a5c9ff05b7749e,2021-05-11 09:18:14,@juggle/resize-observer,resize-observer-polyfill,"chore(*): update to angular 12 RC (#9061)

* chore(*): ng update @angular/core --next

* chore(*): ng update @angular/cli --next

* test(input): define property error

* chore(*): ng update @angular/core --next (next2)

* ci(*): use matrix node version

* chore(*): ng update @angular/cli --next (next2)

* chore(*): ng update @angular/core --next (next3)

* chore(*): ng update @angular/cli --next (next3)

* ci(*): increase space for linting

* chore(*): updating packages

* chore(*): pushing typescript version down

* chore(*): updating packages

* chore(*): lint errors fixes

* chore(*): updating packages

* chore(*): removing the ivy=false test runs

* chore(*): updating packages

* chore(*): updating dependencies

* chore(*): updating whitelistedNonPeerDependencies

* chore(*): updating dependencies

* fix(calendar): Updating IFormattingOptions properties

* fix(lint): Fixing lint errors

* fix(lint): Fixing lint errors

* chore(*): updating packages to next.9

* chore(*): updating the rxjs package

* fix(build): Switch resize observer

* chore(*): remove resize observer polyfill

* test(row-editing): temporary stop custom overlay test

* chore(*): ng update @angular/core@12.0.0-rc.0

* chore(*): ng update @angular/cli@12.0.0-rc.0

* chore(*): generate new package-lock.json

* test(date-picker): fix calendar types

* chore(*): reenabling xit-ed tests (#9395)

* chore(grid): xit a test related ot an angular bug

* test(date-picker): fix calendar format test

* chore(row-editing): update row edit template to call grid's method

* chore(*): ng update @angular/core@12.0.0-rc.2

* chore(*): ng update @angular/cli@12.0.0-rc.2

* chore(*): ng update @angular/core@12.0.0-rc.3

* chore(*): ng update @angular/cli@12.0.0-rc.3

Co-authored-by: Konstantin Dinev <kdinev@mail.bw.edu>
Co-authored-by: Radoslav Karaivanov <rkaraivanov@infragistics.com>
Co-authored-by: AMarinov <amarinov@infragistics.com>
Co-authored-by: HristoP96 <HPopov@infragistics.com>
Co-authored-by: Zdravko Kolev <zkolev@infragistics.com>
Co-authored-by: wnvko <milko.venkov@gmail.com>",@juggle/resize-observer resize-observer-polyfill,"
* fix(build): Switch resize observer
* chore(*): remove resize observer polyfill",4,Utility,,1,0.8,
illright/attractions,9a841c325220c81aae00420722e45b90f9d71b55,2020-12-11 18:15:53,sass,node-sass,"Switch to Dart Sass instead of Node Sass
The latter is deprecated",sass node-sass,"
Switch to Dart Sass instead of Node Sass
The latter is deprecated",40,UI,,1,0.98,Deprecation
infinitered/ignite,1ef93abd6ed05eb13062348071e96b005ab7d32c,2017-01-09 19:13:07,husky,ghooks,"Use Husky rather than deprecated ghooks

See gtramontina/ghooks#166 for more info",husky ghooks,"
Use Husky rather than deprecated ghooks",3,Utility,,1,0.97,Deprecation
InkProject/ink,60eab99ed326fda7614cdbc54ddc242266e8f453,2015-11-06 06:10:03,webpack,gulp,update gulp build to webpack,webpack gulp,"
update gulp build to webpack",16,Building&Web Framework,,1,0.8,
InkProject/ink,60eab99ed326fda7614cdbc54ddc242266e8f453,2015-11-06 06:10:03,extract-text-webpack-plugin,gulp,update gulp build to webpack,extract-text-webpack-plugin gulp,"
update gulp build to webpack",3,Building,,1,0.8,
instructure/instructure-ui,b779d7d4be50357184f337b7e94fe4b2ea356225,2018-04-04 15:54:54,nanoid,shortid,"perf(ui-utils): Replace shortid with nanoid

Test Plan:
- Run-through regression test through any browser

Change-Id: I88073592987e2059544453c12d0bc79982aea570
Reviewed-on: https://gerrit.instructure.com/145638
Reviewed-by: Jennifer Stern <jstern@instructure.com>
Product-Review: Jennifer Stern <jstern@instructure.com>
Tested-by: Jenkins
QA-Review: Dan Sasaki <dsasaki@instructure.com>",nanoid shortid,"
perf(ui-utils): Replace shortid with nanoid",5,Utility,,1,0.98,Performance
ipython/ipywidgets,3a4629cbbdb9182a11d9ed30e84b925a294048d6,2016-10-19 21:51:29,typescript,babel,"Update examples

* remove bootstrap
* fix an error with button icons
* convert babel to typescript
* clean out other unused dependencies
* add explanatory text to first example
* get rid of global jQuery in the embed-webpack.ts module",typescript babel,"
* fix an error with button icons
* convert babel to typescript
* clean out other unused dependencies",5,Typescript,,1,0.85,
ipython/ipywidgets,495f6d76fac3657dc475e309f9b88ab31bf9e523,2017-08-17 16:26:17,lodash,underscore,Replace underscore with lodash,lodash underscore,"
Replace underscore with lodash",9,Building,,1,0.98,
isel-leic-pi/PI-1920v-LI51N,4663777b4727d2a0aa235aeac2c3a5d08da63c7c,2020-05-04 22:10:13,node-fetch,request,Lesson 14: Changed it-db.es implementation from request to node-fetch,node-fetch request,"
Lesson 14: Changed it-db.es implementation from request to node-fetch",7,HTTP Clients,,1,0.97,
istanbuljs/istanbuljs,01096aedc7c6a2615028bfab6e86202290514861,2018-06-05 01:04:34,make-dir,mkdirp,"chore: update dependencies, replace micromatch with minimatch, replace mkdirp (#180)",make-dir mkdirp,"chore: update dependencies, replace micromatch with minimatch, replace mkdirp (#180)",5,Filesystem,,1,0.75,
iverberk/nomad-ui,439ce85f091623c08de0ed42b00477a823243127,2017-08-04 12:17:41,date-fns,moment,don't use moment.js for time/date formatting,date-fns moment,don't use moment.js for time/date formatting,13,Serialization,,1,0.97,
jamesplease/redux-resource,da4c7ea534791aafd4893de60073909b3223098c,2017-07-06 05:41:20,webpack,gulp,Switch to webpack CLI for building libs; remove Gulp,webpack gulp,"
Switch to webpack CLI for building libs; remove Gulp",16,Building&Web Framework,,1,0.97,
jaredLunde/react-hook,4de0bab6704de87c1222f5a7963544a7731677e1,2021-06-21 15:45:53,@juggle/resize-observer,resize-observer-polyfill,[resize-observer] replace unmaintained resize-observer-polyfill with @juggle/resize-observer,@juggle/resize-observer resize-observer-polyfill,"
[resize-observer] replace unmaintained resize-observer-polyfill with @juggle/resize-observer",4,Utility,,1,0.98,Deprecation
jaredpalmer/razzle,f141a267cbf3ed0645e970840ed108548ee64a2a,2018-05-30 18:23:23,mini-css-extract-plugin,extract-text-webpack-plugin,"v2 (#630)

* Webpack v4 (#525)

* (feat) Adds webpack v4, removes CommonsChunkPlugin and sets mode

* (feat) Yarn locks

* (feat) Removes NamedModulesPlugin and NoEmitOnErrorsPlugin

* (feat) Upgrades eslint-loader and replaces setup for before (devServer)

* (feat) Updates some loaders to work with webpack v4

* Add thread-loader, extract-text-webpack-plugin@beta.0

Adds thread-loader and extract-text-webpack-plugin beta.

* Remove automatic vendor bundling, add @todo

* Remove lock

* (fix) Fixes Inferno, JSXstyle, Reason, Typescript and WithVendor

* Fix TS HMR

* Bump to latest webpack

* Update README.md

* Move to Yarn Workspaces, fix tests

* Remove unused scripts for bootstrap and clean

* v2.0.0-alpha.1

* v2.0.0-alpha.2

* v2.0.0-alpha.3

* Drop extract-text for mini-css. Bump start-server (no more refreshes)

* Update docs with new hot restart behavior

* Make `rs` an h3 in docs

* v2.0.0-alpha.4

* Update package descriptions

* Bump mini-css-extract-plugin to 0.3.0 (#559)

* Add Multistep true so webpack 4 HMR can work (#558)

* Bump deps, fix TS example

* v2.0.0-alpha.5

* Changed name of the about page component: Home -> About (#561)

* chore(package): update lerna to version 2.9.1 (#560)

* including polyfills in production build (#562)

* Fix logic on polyfill inclusion

* v2.0.0-alpha.6

* Fix boolean

* v2.0.0-alpha.7

* s/your/you (#566)

* Replace clientCompiler before serverCompiler (#569)

* Update README.md (#564)

Fixed links to Node Inspector docs

* Add an example with Hyperapp (#549)

* Setup Hyperapp example

Enable HMR

Don't touch the yarn lock

Cleanup

Keep naming convention

Don't touch preact

Reverse formatting on the preact example

* Undo formatting something in the preact example

Fix formatting

Fix formatting

Fix formatting

Fix format

* 2.0.0-alpha.7

* Bump hyperapp version

* Add Koa usage example (#533)

* Add Koa usage example

* Extend Koa example documentation

* Make app use default koa styles and logo

* Correct Koa URL on doc

* Add webpack bar (#563)

* Remove yarn.lock from Koa example

* Bump deps

* v2.0.0-alpha.8

* add emitFile in url-loader options (#576)

* Add elm-package post on circleci

* Move elm install to dependencies.pre

* Use npm to install elm globally

* Install elm not elm-package. lol.

* Bump deps

* v2.0.0-y.0

* Update readme

* v2.0.0-alpha.9

* Limiting HMR to App (#577)

* #fix starting server code after compile assets (sync) (#575)

* Use webpack-dev-server-speedy for perf boost!

* v2.0.0-alpha.10

* Bump Webpack to 4.6.0

* v2.0.0-alpha.11

* Fix uglify options

* v2.0.0-alpha.12

* Update ESLint (#588)

* Upgrade typescript example (#589)

* ♻️ Cleanup random keystrokes in Home component

* ✨ Upgrade deps and TypeScript. Now supports the new fragment syntax<></>

* 👨🏼‍🎨 Add myself to the contributers list

* 📏 Prietier linting fixes

* Update README.md

* Update README.md

* Better defaults for Typescript example (#593)

* Better defaults for Typescript example

After running into multiple bugs having to deal with whether typescript was precompiling the same way that the babel version was (some include: jest testing, repl loading, mjs support) I realized that the big issue is that razzle had figured out solutions for each env based on webpack, so instead of having the added complexity of not knowing if I had proper typescript parody, I figured just remove that layer and use typescript for the one thing I wanted: type checking.

Happy to go into detail on those bugs, but I think the main point is this approach seems a better DX experiance out of the box, while offering more heavy solutions as comments.

* Update razzle.config.js

* Remove raf from examples (#601)

* Remove raf from all examples

* Add package-lock and yarn-lock to .gitignore in examples.

* Change env stringify so it doesn't overwrite process.env (#611)

* Razzle plugins + razzle-typescript-plugin (#605)

* Add a plugin system

* Add razzle-typescript-plugin

* Change TypeScript example to use razzle-typescript-plugin

* Small refactor to helpers

* Add myself to contributors

* Use fork-ts-checker-webpack-plugin instead of tslint-loader

* Make useBabel false by default

* Add esModuleInterop, remove console tslint rules

* Improve README

* Moved loaderFinder to razzle-dev-utils

* Remove -- from circle.yml

* Fix start test now that logger has changed

* Fix shell output

* Don't silence razzle build test

* Teardown beforeAll

* Remove 'use strict' from build fixtures",mini-css-extract-plugin extract-text-webpack-plugin,"
* Remove 'use strict' from build fixtures",18,UI,,1,0.9,Integration
jaredpalmer/razzle,aef0df3c449aad176362aa58757127729fa77f08,2021-01-31 22:24:09,eslint,tslint,examples: replace tslint with eslint,eslint tslint,"
examples: replace tslint with eslint",14,Testing,,1,0.98,
Jaxelr/VueSimpleTemplate,40f01fd064eb66a181a84fea5b4e20595bfa2fde,2018-09-16 13:59:44,extract-text-webpack-plugin,mini-css-extract-plugin,Reverted to using the beta extract text webpack plugin,extract-text-webpack-plugin mini-css-extract-plugin,"
Reverted to using the beta extract text webpack plugin",3,UI,,1,0.9,
jlvaquero/SCUNM,8616d77d91937e1ecdc7aa7f387df9a42e93132c,2017-07-03 09:26:36,ioredis,redis,Chage to ioredis api,ioredis redis,"
Chage to ioredis api",6,HTTP Clients,,1,0.95,
jow-/luci-ng,827e6830152cd85215547180a453af1c01fb623b,2021-02-13 16:26:32,eslint,tslint,"core: replace deprecated TSLint with eslint

and fix linting issues in files

Signed-off-by: Adrian Panella <ianchi74@outlook.com>",eslint tslint,"
core: replace deprecated TSLint with eslint",26,Testing,,1,0.98,Deprecation
jow-/luci-ng,827e6830152cd85215547180a453af1c01fb623b,2021-02-13 16:26:32,typescript-eslint,tslint,"core: replace deprecated TSLint with eslint

and fix linting issues in files

Signed-off-by: Adrian Panella <ianchi74@outlook.com>",typescript-eslint tslint,"
core: replace deprecated TSLint with eslint",24,Testing,,1,0.98,Deprecation
jsdrupal/drupal-react-db-log,ca9954f0d4666fcf5ecf7a96351d3b443ac986bb,2017-11-09 16:32:06,superagent,axios,"component organization, use superagent over axios, because promise support is lacking.",superagent axios,"
component organization, use superagent over axios, because promise support is lacking.",3,HTTP Clients,,1,0.95,Functionality
jxnblk/styled-system,72e5812a54d4e9c7540cb85b9b3b32842517faa5,2019-06-01 22:09:20,theme-ui,emotion,Use theme-ui in docs,theme-ui emotion,"
Use theme-ui in docs",3,UI,,1,0.75,
kadirahq/react-storybook,6c029420b9a96ab431e67eca626bd4cfcaf5ce49,2020-11-23 14:06:51,prompts,inquirer,refactor: replace inquirer with prompts,prompts inquirer,"
refactor: replace inquirer with prompts",6,Utility,,1,0.98,
kadirahq/react-storybook,dfab0e1b7186640260939d1d936f0f67ebddc9c1,2018-05-05 04:57:31,jest,karma,remove karma and add jest,jest karma,"
remove karma and add jest",3,Testing,,1,0.95,
kadirahq/react-storybook,f349feddcaf9c5ddd464d06e12747ec13e2214b6,2018-11-23 22:51:24,terser-webpack-plugin,uglifyjs-webpack-plugin,"Use ""terser-webpack-plugin"" instead of  ""uglifyjs-webpack-plugin"" like webpack does

https://github.com/webpack/webpack/blob/e1df721fd77634b5a22b4349c7d7ea15f0a2188e/lib/WebpackOptionsDefaulter.js#L306",terser-webpack-plugin uglifyjs-webpack-plugin,"
Use ""terser-webpack-plugin"" instead of  ""uglifyjs-webpack-plugin"" like webpack does",35,Codestyle&Web Framework,,1,0.98,Organization
Kaetram/Kaetram-Open,5eb714a37253b0a0edf58b6e7aa5e26264803894,2021-06-22 01:06:24,vite,webpack,⚡️ Replace webpack with vite,vite webpack,"
⚡️ Replace webpack with vite",3,Web Framework&Building,,1,1.0,
Kaetram/Kaetram-Open,2abde9511217c6190b9aff32b0f0566f35c5fe2b,2020-07-01 21:10:20,bcryptjs,bcrypt,Replace bcrypt with bcryptjs,bcryptjs bcrypt,"
Replace bcrypt with bcryptjs",11,HTTP Clients,,1,1.0,
Kaetram/Kaetram-Open,26598ef9fa852cc9e75888a1126a12f3c94eeb95,2020-08-28 15:21:28,lodash,underscore,"🗑 Fixing deprecated libraries and code
This includes moving from underscore to lodash as it has better module
support and array functionality.",lodash underscore,"
🗑 Fixing deprecated libraries and code
This includes moving from underscore to lodash as it has better module
support and array functionality.",9,Building,,1,1.0,Deprecation
KhronosGroup/glTF-Sample-Viewer,979a9c25db1c185baca058ccdf9f88cc6374f4ed,2021-05-14 08:56:18,node-sass,sass,fix sass on macOS,node-sass sass,"
fix sass on macOS",7,UI,,1,0.5,BugIssue
kiegroup/optaweb-vehicle-routing,f6198a5bf2421e2d3c0c1c8e1b0788a2fa5acd01,2019-05-30 13:01:39,typescript-eslint,tslint,Switch to ESLint with minimal configuration,typescript-eslint tslint,"
Switch to ESLint with minimal configuration",3,Testing,,1,0.95,
kiegroup/optaweb-vehicle-routing,f6198a5bf2421e2d3c0c1c8e1b0788a2fa5acd01,2019-05-30 13:01:39,eslint,tslint,Switch to ESLint with minimal configuration,eslint tslint,"
Switch to ESLint with minimal configuration",3,Testing,,1,0.95,
kindlyops/havengrc,0faf98f984b58f6d418019b525ef262c08ab9685,2019-06-12 04:43:16,terser-webpack-plugin,uglifyjs-webpack-plugin,"Switch from uglifyjs to terser for minification.

Signed-off-by: Elliot Murphy <statik@users.noreply.github.com>",terser-webpack-plugin uglifyjs-webpack-plugin,"
Switch from uglifyjs to terser for minification.",35,Codestyle&Web Framework,,1,1.0,
kiwicom/margarita,422fc48c0099e00d58f402bcc6a3aa153e2841e4,2019-02-04 20:06:48,@kiwicom/fetch,@mrtnzlml/fetch,GraphQL: use '@kiwicom/fetch' for fetching (#198),@kiwicom/fetch @mrtnzlml/fetch,"
GraphQL: use '@kiwicom/fetch' for fetching (#198)",3,HTTP Clients,,1,0.95,
kiwicom/mobile,305d5d378b156ef8125d9c7c59dadfa90c2da9e0,2019-02-05 08:26:38,@kiwicom/fetch,@mrtnzlml/fetch,"Use '@kiwicom/fetch' for fetching

This package is a drop-in replacement for '@mrtnzlml/fetch'.",@kiwicom/fetch @mrtnzlml/fetch,"
Use '@kiwicom/fetch' for fetching",3,HTTP Clients,,1,1.0,
klaytn/caver-js,b520f6e0c62cf87fac3ab6639fab2ab2e8112827,2019-12-05 10:04:13,lodash,underscore,"change underscore to lodash

work
- import lodash not underscore
- update package.json

test
- run npm test
- checked that methods of lodash and underscore return same values",lodash underscore,"
change underscore to lodash",9,Building,,1,1.0,
klis87/redux-requests,e9b57c27fa09859a36b5cce2bcbb8f46f3b11115,2018-12-22 15:58:48,jest,mocha,Switched from mocha to jest,jest mocha,"
Switched from mocha to jest",12,Testing,,1,1.0,
kontur-edu/uLearn,c5fceb51ef25b85a843cca7f1bb30e9643ae679a,2021-02-01 08:48:41,workbox-webpack-plugin,sw-precache-webpack-plugin,"[WIP] updated depend, webpack,",workbox-webpack-plugin sw-precache-webpack-plugin,"
[WIP] updated depend, webpack,",5,Web Framework,,1,0.5,
kontur-edu/uLearn,7c5d70afc75abb83c32318d853b4a86253e977f4,2021-02-08 12:47:47,@sentry/browser,raven-js,Changed deprecated raven.js to sentry/browser,@sentry/browser raven-js,"
Changed deprecated raven.js to sentry/browser",5,HTTP Clients,,1,1.0,Deprecation
krausest/js-framework-benchmark,23b79455e6af79c15400c7a8418befd6455424be,2018-08-28 20:57:13,yargs-parser,yargs,"[results-ui] replace yargs with yargs-parser
also update rollup & uglify-js",yargs-parser yargs,"
[results-ui] replace yargs with yargs-parser
also update rollup & uglify-js",3,UI,,1,0.9,
krausest/js-framework-benchmark,b65cf2716b366e421ec5df135fdf5ee632a531bd,2017-11-12 12:30:33,webpack,rollup,fix #290. switch react easy state to webpack,webpack rollup,"
fix #290.
switch react easy state to webpack",3,Building&Web Framework,,1,0.5,
krausest/js-framework-benchmark,b65cf2716b366e421ec5df135fdf5ee632a531bd,2017-11-12 12:30:33,webpack,babel,fix #290. switch react easy state to webpack,webpack babel,"
fix #290.
switch react easy state to webpack",3,Web Framework,,1,0.5,
krausest/js-framework-benchmark,153c330f78938dee598bfcfa462538993b5aa69d,2021-06-15 07:30:26,webpack,rollup,Replace Rollup build with Webpack,webpack rollup,"
Replace Rollup build with Webpack",5,Building&Web Framework,,1,0.98,
krausest/js-framework-benchmark,750f780644514eb583b13ff8611e5abdfacbd540,2017-01-14 23:48:40,rollup,webpack,"update domvm to v2.0.1, add non-keyed impl, remove domvm-v1.2.10 impl
switch from webpack to rollup-buble-uglify",rollup webpack,"
update domvm to v2.0.1, add non-keyed impl, remove domvm-v1.2.10 impl
switch from webpack to rollup-buble-uglify",3,Web Framework&Building,,1,0.98,
krausest/js-framework-benchmark,73c57bf050346d21815adf65f6f63a2337bad3e4,2021-02-02 11:04:25,rollup,webpack,Update to v0.34.6 and use Rollup instead of Webpack,rollup webpack,"
Update to v0.34.6 and use Rollup instead of Webpack",7,Web Framework&Building,,1,0.98,
larrymyers/react-mini-router,249804e07ccc31067b4d9b70b64da3be05e4b3b3,2015-05-05 19:31:43,webpack,browserify,Update example app to use webpack and webpack express middleware instead of browserify/watchify.,webpack browserify,"
Update example app to use webpack and webpack express middleware instead of browserify/watchify.",9,HTTP Clients&Web Framework,,1,0.97,
larsroettig/create-pwa-studio-extension,fa938c3c82c6a7e372e12dc2726d13450f344da7,2020-12-06 12:33:10,prompts,inquirer,Replace inquirer with prompts,prompts inquirer,"
Replace inquirer with prompts",6,Utility,,1,0.98,
LavaMoat/lavamoat,930aa7b57226e55ae4352513d08c612118bb3668,2020-12-04 04:14:47,ava,tape,meta/test - switch from tape(-promise) to ava,ava tape,"
meta/test - switch from tape(-promise) to ava",3,Testing,,1,0.97,
Lemoncode/webpack-3.x-by-sample,3f6dc08802322123efa705f33cddab8534a4bc68,2019-04-25 20:42:27,sass,node-sass,Use sass instead of node-sass,sass node-sass,"
Use sass instead of node-sass",40,UI,,1,0.95,
LiskHQ/lisk,d2349844b3271b18afc7073bf1fbc3033b254922,2020-04-15 15:43:01,eslint,tslint,:recycle: Update lisk-constant to use eslint,eslint tslint,"
:recycle: Update lisk-constant to use eslint",26,Testing,,1,0.97,
LiskHQ/lisk,d2349844b3271b18afc7073bf1fbc3033b254922,2020-04-15 15:43:01,typescript-eslint,tslint,:recycle: Update lisk-constant to use eslint,typescript-eslint tslint,"
:recycle: Update lisk-constant to use eslint",24,Testing,,1,0.97,
LiskHQ/lisk,e5a0374f11a3618ddbf9b1f14d074805f1c76880,2020-01-10 10:17:57,jest,@types/mocha,Convert lisk-constant mocha tests to jest,jest @types/mocha,"
Convert lisk-constant mocha tests to jest",3,Typescript&Testing,,1,0.9,
LiskHQ/lisk,e5a0374f11a3618ddbf9b1f14d074805f1c76880,2020-01-10 10:17:57,ts-jest,@types/mocha,Convert lisk-constant mocha tests to jest,ts-jest @types/mocha,"
Convert lisk-constant mocha tests to jest",3,Typescript&Testing,,1,0.9,
LiskHQ/lisk,e5a0374f11a3618ddbf9b1f14d074805f1c76880,2020-01-10 10:17:57,@types/jest,mocha,Convert lisk-constant mocha tests to jest,@types/jest mocha,"
Convert lisk-constant mocha tests to jest",4,Testing,,1,0.9,
LiskHQ/lisk,e5a0374f11a3618ddbf9b1f14d074805f1c76880,2020-01-10 10:17:57,jest,mocha,Convert lisk-constant mocha tests to jest,jest mocha,"
Convert lisk-constant mocha tests to jest",12,Testing,,1,0.9,
LiskHQ/lisk,e5a0374f11a3618ddbf9b1f14d074805f1c76880,2020-01-10 10:17:57,jest,chai,Convert lisk-constant mocha tests to jest,jest chai,Convert lisk-constant mocha tests to jest,6,Testing,,1,0.9,
LiskHQ/lisk,8ff117be9f578f5be4fd880719b3347d97ce6fd1,2021-02-03 14:15:18,jest,sinon-chai,":recycle: Migrate commander mocha tests to jest
Update unit test files to .spec.ts
Fix message sign command to return publicKey and signature as hex string
Cleanup mocha configuration and dependencies",jest sinon-chai,":recycle: Migrate commander mocha tests to jest
Update unit test files to .spec.ts",4,Testing,,1,0.9,
livecoders/website,e58121fbfc117ca66d0eb0e19fd6ab5a53ea91d8,2020-06-05 01:48:50,webpack,rollup,"Switching rollup -> webpack for OG image component

Close #100 - Fix bl security vulnerability",webpack rollup,"
Switching rollup  laifuhewb  webpack for OG image component",5,Building&Web Framework,,1,0.98,Security
lukeed/pwa,66f9d19e1d174575458500a092536c05327184cd,2018-10-07 02:54:38,terser-webpack-plugin,uglifyjs-webpack-plugin,"Replace Uglify with Terser (#50)

* core: replace Uglify w/ Terser

* core: `config.uglify` ~> `config.terser`

* preact: rename `uglify` config override

* core: remove Babel `targets.uglify` config (deprecated)

* docs: update `uglify` section for `terser` instead",terser-webpack-plugin uglifyjs-webpack-plugin,"
Replace Uglify with Terser (#50)",35,Codestyle&Web Framework,,1,0.98,
ly525/luban-h5,05c56f8967d7d77bc3647838c174afb8a134ee4b,2019-11-20 15:37:26,dart-sass,node-sass,chore: change node-sass to dart-sass & remove cypress devDependency,dart-sass node-sass,"
chore: change node-sass to dart-sass & remove cypress devDependency",3,UI,,1,0.85,
MachineAcuity/rebar,9c27055ff7a5520f40ea5c92ec23cf0f11778d33,2017-05-28 00:00:07,bcryptjs,bcrypt,Replace bcrypt with bcryptjs,bcryptjs bcrypt,"
Replace bcrypt with bcryptjs",11,HTTP Clients,,1,1.0,
magento-research/venia-pwa-concept,09ec080046b4216495bf3a974b742d1c24d7d5a8,2018-01-04 19:34:27,npm-run-all,concurrently,"Setup ESLint, and switch from ""concurrently"" to ""npm-run-all"" (#10)",npm-run-all concurrently,"
Setup ESLint, and switch from ""concurrently"" to ""npm-run-all"" (#10)",3,Building,,1,0.97,
MainframeHQ/erebos,b98bd1db5c86d22af648c91d94a1fbd707d0a34f,2018-08-31 11:33:47,rollup,webpack,Update to Babel 7 and use Rollup instead of Webpack for browser bundling,rollup webpack,"
Update to Babel 7 and use Rollup instead of Webpack for browser bundling",4,Web Framework,,1,0.98,
manshar/manshar,9eb0a3eccd829d1882ef61bf39f7a3a32353a3b1,2016-03-20 01:51:57,gulp,load-grunt-tasks,Move to gulp-tasks flow for (hopefully) easier understanding of tasks.,gulp load-grunt-tasks,"
Move to gulp-tasks flow for (hopefully) easier understanding of tasks.",4,Building,,1,0.9,Usability
marko-js/cli,cd1572232b5a7d6afac89bae693a947f36b10cd2,2021-02-04 20:28:25,css-minimizer-webpack-plugin,optimize-css-assets-webpack-plugin,"feat(build): upgrade to Marko 5 and webpack 5
BREAKING CHANGE: Drops Marko 4 support",css-minimizer-webpack-plugin optimize-css-assets-webpack-plugin,"
feat(build): upgrade to Marko 5 and webpack 5
BREAKING CHANGE: Drops Marko 4 support",17,Web Framework&UI,,1,1.0,
martpie/monorepo-typescript-next-the-sane-way,b2f55b955ec2aff1993fbf544066ab3b39d1ee4b,2019-02-12 14:59:54,next-transpile-modules,next-plugin-transpile-modules,Switch to next-transpile-modules,next-transpile-modules next-plugin-transpile-modules,"
Switch to next-transpile-modules",5,Utility,,1,0.8,
materialsproject/MPContribs,9e79384cc58bf04a0174d11f17c0fd73ba4b3357,2021-02-09 05:58:22,sass,node-sass,portal: switch to sass,sass node-sass,"
portal: switch to sass",40,UI,,1,1.0,
MayGo/tockler,00415c73805dd7cddc102f2fa46bd609b278b736,2019-03-31 17:25:27,electron-store,electron-config,"replace   ""electron-config"" with  ""electron-store""
update client deps",electron-store electron-config,"
replace   ""electron-config"" with  ""electron-store""
update client deps",5,UI,,1,1.0,
mbraak/django-file-form,58cd638109e27d6fe28045a738191d207b2a1ae3,2020-10-15 09:08:36,sass,node-sass,"Use dart sass (#367)

* Use sass instead of node-sass

* Build css",sass node-sass,"
Use dart sass (#367)",40,UI,,1,1.0,
mbraak/django-file-form,0ce6f769d46daf3df76d86e388a6dd6ba02082a7,2019-05-25 15:03:19,webpack,gulp,Use webpack (instead of gulp),webpack gulp,"
Use webpack (instead of gulp)",16,Building&Web Framework,,1,1.0,
mbraak/django-mptt-admin,8366fc4c191a5e9e3b5b5cd623fb1e46a0acfde8,2020-10-14 09:22:29,sass,node-sass,"Use dart sass (#322)

* Use dart-sass

* Build css",sass node-sass,"
Use dart sass (#322)",40,UI,,1,1.0,
mbraak/django-mptt-admin,5066aea92984557d90bf1335378b54e71c1c68c0,2019-11-12 08:15:30,eslint,tslint,Use eslint (#275),eslint tslint,"
Use eslint (#275)",26,Testing,,1,1.0,
mbraak/django-mptt-admin,5066aea92984557d90bf1335378b54e71c1c68c0,2019-11-12 08:15:30,typescript-eslint,tslint,Use eslint (#275),typescript-eslint tslint,"
Use eslint (#275)",24,Testing,,1,1.0,
mccxiv/tc,12779f2b13f0ab478e2e1a38c879b06bb46087a2,2016-04-16 21:50:52,axios,request-promise,Use axios instead of request-promise to avoid webpack issues,axios request-promise,"
Use axios instead of request-promise to avoid webpack issues",4,HTTP Clients,,1,1.0,BugIssue
MCS-Lite/mcs-lite,4e8722bc1d56de9da4ab86baf0e3609360e1d82f,2017-03-30 06:20:10,date-fns,moment,"refactor(DatetimePicker): replace moment.js with date-fns (#269)

* fix(date-fns): fixed timezone problem in testing 👌🏻",date-fns moment,"
refactor(DatetimePicker): replace moment.js with date-fns (#269)",13,Serialization,,1,1.0,
medic/cht-core,53172956f5a0d4d7b8837179ec7bfb2d3f89635d,2020-02-17 21:19:42,lodash,underscore,"Farewell underscore (#6247)

Replaces all underscore references and usage with lodash or native code.
Optimizes the performance of the search shared library.

#5946",lodash underscore,"
Replaces all underscore references and usage with lodash or native code.",9,Building,,1,0.99,Performance
medic/cht-core,dfb50eee9bf16004d3720f853d1ebf8fd9efd93c,2019-01-23 20:05:32,eslint,jshint,"Replaces jshint with eslint

#5030",eslint jshint,"
Replaces jshint with eslint",16,Testing,,1,0.98,
Mermade/oas-kit,c48567d74270b87a0a9e344886ce3ce721603a07,2019-01-10 16:19:26,yaml,js-yaml,deps; move to yaml module,yaml js-yaml,"
deps; move to yaml module",4,Utility,,1,0.97,
messageformat/messageformat,620ca59bda9737ff930f312c77dc0d889f607132,2019-04-06 11:06:20,webpack,browserify,feat(messageformat): Replace Browserify + UglifyJS with Webpack as build tool,webpack browserify,"
feat(messageformat): Replace Browserify + UglifyJS with Webpack as build tool",9,HTTP Clients&Web Framework,,1,0.95,
MicroPad/MicroPad-Core,b5b261a99107e7abbe914049c2c6a27f434bf601,2018-03-06 08:23:40,date-fns,moment,Replaced moment with date-fns,date-fns moment,"
Replaced moment with date-fns",13,Serialization,,1,0.98,
Microsoft/AdaptiveCards,0c1904bc98a6f5fc98582ca9386c04403b3291bb,2020-05-04 23:14:55,eslint,tslint,[JS] Move from using tslint to using eslint (#3921),eslint tslint,"
[JS] Move from using tslint to using eslint (#3921)",26,Testing,,1,0.98,
Microsoft/AdaptiveCards,0c1904bc98a6f5fc98582ca9386c04403b3291bb,2020-05-04 23:14:55,typescript-eslint,tslint,[JS] Move from using tslint to using eslint (#3921),typescript-eslint tslint,"
[JS] Move from using tslint to using eslint (#3921)",24,Testing,,1,0.98,
Microsoft/botbuilder-js,fe300c37d451aac35c5548a7d0bbf941868f7404,2019-12-05 00:44:02,eslint,tslint,"[Streaming] Merge streaming branch into master (#1464)

* streaming cleanup, remove *.ts from .gitignore

* move streamingAdapter into folder in botbuilder (#1374)

* cleanup, refactor & merge StreamingAdapter into BotFrameworkAdapter (#1376)

* Don't await for the duration of websocket sessions. (#1412)

* Revert ""Don't await for the duration of websocket sessions. (#1412)"" (#1417)

This reverts commit 3aea9c03bc5f12ce078630eda75ed624e45457ab.

* [Streaming, Preview] Update 4.6-preview-streaming branch with 4.6.1 release (#1424)

* [QnAMaker] Active learning low score variation multiplier value (#1359) (#1361)

Active learning low score variation multiplier value
- PreviousLowScoreVariationMultiplier to 0.7
- MaxLowScoreVariationMultiplier to 1.0

* [4.6] cherry-pick #1363 CosmosClientOptions fix (#1367)

* cherry-pick #1363 CosmosClientOptions fix

* Fixed passing of CosmosClientOptions

* added test for CosmosClientOptions

* remove .js and .ts from .gitignore, change *.map to *.js.map (#1364)

* [4.6.1] Manually Cherry-pick #1392 & #1390 to 4.6 branch (#1397)

* manually cherry-pick #1390 to 4.6 branch

* manually cherry-pick #1392 to 4.6

* [Fix #1404, Transcripts] Fix for TranscriptLoggerMiddleware not checking responses type (#1409)

* add test to reproduce issue #1404

* add test or Transcripts where SendActivitiesHandler is not properly implemented

* add bug fix for #1404, more tests

* apply PR feedback and refactor code

* Choice prompt null locale fix [Cherry-pick against 4.6] (#1411)

* parity ChoicePrompt fix with dotnet

(cherry picked from commit 3985a06755238d9d41903a4488d794ddd942fa34)

* added confirmPrompt test for null locale

(cherry picked from commit ea2652a8170c170cd79d77906fd71e9754a3bd4f)

* typo fix

* [Streaming, Preview] Remove `watershed`, use `ws` in NodeWebSocket (#1425)

* remove watershed socket impl, work on tests

* clean-up bf-streaming package.json, add eslint config

* cleanup BFAdapter streaming tests

* clean up casing on relative imports

* apply PR feedback to NodeWebSocket class

* [Streaming, Preview] rewrite useWebSocket for low-level usage, remove from processActivity (#1433)

* rewrite useWebSocket for low-level usage, remove from processActivity

* [4.6.x] Fix set-dependency-versions script (#1438)

* change set-dependency-versions script to use ~ not ^, update changed libs

* use pinned versions for intra-dependencies per @cleemullins feedback

* [4.6.x] Pin TypeScript devDependency in each library. (Fixes #1436) (#1437)

* move pinned typescript@3.5.2 devDependency into each package
* pin transcripts/ botbuilder dependencies, fix import in Skype Middleware
* bump to typescript@3.5.3

* remove unnecessary enableWebSockets flag, cleanup useWebSocket()

* create Node Interfaces for PR feedback

* revert changes in TranscriptLoggerMiddleware, fix test

* address PR feedback",eslint tslint,"
* clean-up bf-streaming package.json, add eslint config",26,Testing,,1,0.5,
Microsoft/botbuilder-js,fe300c37d451aac35c5548a7d0bbf941868f7404,2019-12-05 00:44:02,typescript-eslint,tslint,"[Streaming] Merge streaming branch into master (#1464)

* streaming cleanup, remove *.ts from .gitignore

* move streamingAdapter into folder in botbuilder (#1374)

* cleanup, refactor & merge StreamingAdapter into BotFrameworkAdapter (#1376)

* Don't await for the duration of websocket sessions. (#1412)

* Revert ""Don't await for the duration of websocket sessions. (#1412)"" (#1417)

This reverts commit 3aea9c03bc5f12ce078630eda75ed624e45457ab.

* [Streaming, Preview] Update 4.6-preview-streaming branch with 4.6.1 release (#1424)

* [QnAMaker] Active learning low score variation multiplier value (#1359) (#1361)

Active learning low score variation multiplier value
- PreviousLowScoreVariationMultiplier to 0.7
- MaxLowScoreVariationMultiplier to 1.0

* [4.6] cherry-pick #1363 CosmosClientOptions fix (#1367)

* cherry-pick #1363 CosmosClientOptions fix

* Fixed passing of CosmosClientOptions

* added test for CosmosClientOptions

* remove .js and .ts from .gitignore, change *.map to *.js.map (#1364)

* [4.6.1] Manually Cherry-pick #1392 & #1390 to 4.6 branch (#1397)

* manually cherry-pick #1390 to 4.6 branch

* manually cherry-pick #1392 to 4.6

* [Fix #1404, Transcripts] Fix for TranscriptLoggerMiddleware not checking responses type (#1409)

* add test to reproduce issue #1404

* add test or Transcripts where SendActivitiesHandler is not properly implemented

* add bug fix for #1404, more tests

* apply PR feedback and refactor code

* Choice prompt null locale fix [Cherry-pick against 4.6] (#1411)

* parity ChoicePrompt fix with dotnet

(cherry picked from commit 3985a06755238d9d41903a4488d794ddd942fa34)

* added confirmPrompt test for null locale

(cherry picked from commit ea2652a8170c170cd79d77906fd71e9754a3bd4f)

* typo fix

* [Streaming, Preview] Remove `watershed`, use `ws` in NodeWebSocket (#1425)

* remove watershed socket impl, work on tests

* clean-up bf-streaming package.json, add eslint config

* cleanup BFAdapter streaming tests

* clean up casing on relative imports

* apply PR feedback to NodeWebSocket class

* [Streaming, Preview] rewrite useWebSocket for low-level usage, remove from processActivity (#1433)

* rewrite useWebSocket for low-level usage, remove from processActivity

* [4.6.x] Fix set-dependency-versions script (#1438)

* change set-dependency-versions script to use ~ not ^, update changed libs

* use pinned versions for intra-dependencies per @cleemullins feedback

* [4.6.x] Pin TypeScript devDependency in each library. (Fixes #1436) (#1437)

* move pinned typescript@3.5.2 devDependency into each package
* pin transcripts/ botbuilder dependencies, fix import in Skype Middleware
* bump to typescript@3.5.3

* remove unnecessary enableWebSockets flag, cleanup useWebSocket()

* create Node Interfaces for PR feedback

* revert changes in TranscriptLoggerMiddleware, fix test

* address PR feedback",typescript-eslint tslint,"
* clean-up bf-streaming package.json, add eslint config",24,Testing,,1,0.5,
Microsoft/botbuilder-js,7883d7b170052e98b279f62d7f3519d26096e311,2021-01-21 05:36:07,dayjs,moment,"Replace Moment.js with Day.js (#3200)

* using dayjs instead of moment

* fix test

* fix test

* fix

* remove moment

* apply native Date

* Make time-related functions more pure

* retrigger

* retrigger",dayjs moment,"
Replace Moment.js with Day.js (#3200)",14,Serialization,,1,0.99,
microsoft/botframework-cli,4cdd4d9c3ce1ac6ed1abf5ec06a861e1d0882658,2021-05-17 02:01:16,axios,node-fetch,"Replace node-fetch with axios to support using proxy (#1200)

* replace node-fetch with axios

* fix indent

* fix type annotations and indentations

* fix imports and lint

* remove a console statement

* fix type checking

* fix type and return type

* retrigger

* fix as any

* updaye pnpm-lock

* retrigger",axios node-fetch,"
Replace node-fetch with axios to support using proxy (#1200)",3,HTTP Clients,,1,0.97,Functionality
Microsoft/just,df664ff35c4b42a628c347040eabb80a2c5f224e,2020-04-10 20:31:08,yargs-parser,yargs,"Switching to yargs-parser rather than yargs (#356)

* totally changing how args are parsed with yargs-parser

* fix up initCommand with new yargs types

* Change files

* fixing up resolve

* making the watch script to be consistent

* fixing the mocks with yargs init",yargs-parser yargs,"* fix up initCommand with new yargs types
Switching to yargs-parser rather than yargs (#356)",3,UI,,1,0.9,
Microsoft/PowerBI-Developer-Samples,069aab892eae2e8a5f17da9a64855c4479555fe3,2020-04-20 08:36:32,node-fetch,request,Used node-fetch instead of request for calling PowerBI REST APIs,node-fetch request,"
Used node-fetch instead of request for calling PowerBI REST APIs",7,HTTP Clients,,1,0.95,
mike-eason/solaris,2442867f0709d32c8a2ee4f2f8f7c9f041eebd55,2020-11-19 20:51:22,pixi.js-legacy,pixi.js,Switch to pixi.js-legacy to support older browsers that do not have WebGL,pixi.js-legacy pixi.js,"
Switch to pixi.js-legacy to support older browsers that do not have WebGL",4,HTTP Clients,,1,0.8,Integration
minhuyen/cookiecutter-expressjs,cc09e97dd2928d9cc94dfba59224acff6264e1c5,2019-02-25 03:49:19,bcryptjs,bcrypt,Replace bcrypt by bcryptjs,bcryptjs bcrypt,"
Replace bcrypt by bcryptjs",11,HTTP Clients,,1,0.95,
mistercrunch/panoramix,9029701f2426f3be62da071c499874b7e68f0b84,2018-10-15 20:10:18,jest,mocha,"[refactor] Migrate from Mocha+Chai to Jest (#6079)

* [refactor] Migrate from Mocha+Chai to Jest

This change migrates all the existing unit tests
- to Jest's global expect and matchers from chai's imported expect, asserts and matchers.
- to Jest's describe/test from mocha's describe/it

The majority of the mechanical changes to tests are achieved through running jest-codemods. The only two note-worthy manual tweaks:
1. Setting a testURL of http://localhost in jest config and adjusting a few tests to leverage this value instead of relying on about:blank.
2. Re-enabling ExploreChartPanel_spec which was previously commented out as we cannot have empty tests with nothing in it with Jest. :)

This change also removes dependencies to Mocha and Chai.

* Remove the test:one command as it now does the same thing as test.

* Fixing lint errors. The diff looks large but is large done through `yarn run lint --fix`

The only noteworthy change is the one in eslintrc for tests. The env has been updated from mocha to jest.

* Adding eslint-plugin-jest and further modify tests.

- One small fix in sqllab's Timer Spec for a test that is not using the spy it created for testing.
- Deletion of a duplicated test caught by eslint-plugin-jest.

* - Make istanbul coverage work with Jest.

- Remove dependency on stand-alone istanbul and babel-istanbul as they're built-into jest. Yes!

* Attempt to fix dynamic imports in tests.

* run sequentially and log heap usage

* - tweaking maxworkers for travis and specifying coverageDirectory for codecov

- remove dynamic import in shim.js now that it is set in babelrc for tests only.",jest mocha,"
[refactor] Migrate from Mocha+Chai to Jest (#6079)",12,Testing,,1,0.95,
mistercrunch/panoramix,9029701f2426f3be62da071c499874b7e68f0b84,2018-10-15 20:10:18,jest,chai,"[refactor] Migrate from Mocha+Chai to Jest (#6079)

* [refactor] Migrate from Mocha+Chai to Jest

This change migrates all the existing unit tests
- to Jest's global expect and matchers from chai's imported expect, asserts and matchers.
- to Jest's describe/test from mocha's describe/it

The majority of the mechanical changes to tests are achieved through running jest-codemods. The only two note-worthy manual tweaks:
1. Setting a testURL of http://localhost in jest config and adjusting a few tests to leverage this value instead of relying on about:blank.
2. Re-enabling ExploreChartPanel_spec which was previously commented out as we cannot have empty tests with nothing in it with Jest. :)

This change also removes dependencies to Mocha and Chai.

* Remove the test:one command as it now does the same thing as test.

* Fixing lint errors. The diff looks large but is large done through `yarn run lint --fix`

The only noteworthy change is the one in eslintrc for tests. The env has been updated from mocha to jest.

* Adding eslint-plugin-jest and further modify tests.

- One small fix in sqllab's Timer Spec for a test that is not using the spy it created for testing.
- Deletion of a duplicated test caught by eslint-plugin-jest.

* - Make istanbul coverage work with Jest.

- Remove dependency on stand-alone istanbul and babel-istanbul as they're built-into jest. Yes!

* Attempt to fix dynamic imports in tests.

* run sequentially and log heap usage

* - tweaking maxworkers for travis and specifying coverageDirectory for codecov

- remove dynamic import in shim.js now that it is set in babelrc for tests only.",jest chai,"The only noteworthy change is the one in eslintrc for tests.
The env has been updated from mocha to jest.
",6,Testing,,1,0.95,
mistercrunch/panoramix,74423e5d19e78c3195547de94df78693fdce3061,2020-02-20 17:54:33,typescript-eslint,tslint,deprecate tslint and configure eslint for typescript (#9172),typescript-eslint tslint,deprecate tslint and configure eslint for typescript (#9172)deprecate tslint and configure eslint for typescript (#9172),24,Testing,,1,0.85,Deprecation
mjmlio/mjml,0a34f83f5982ff9e65578dd2c38bb628ee78ae48,2020-06-20 11:59:02,yargs,commander,"Upgrade yargs and drop commander

mjml-cli uses yargs for implementing cli while mjml-migrate uses
commander. In this diff I upgraded yargs in cli and migrated migrate to
yargs for consistent tools and less dependencies (though yeah, juice
also uses commander).

Also fixed shebang in migrate. `#!/bin/env node` does not work in my
project.",yargs commander,"
Upgrade yargs and drop commander",6,UI,,1,0.95,Simplification
mlaursen/react-md,c8ad8d9c6e04642e3fc7a6d31c7f6333e73da3a6,2020-07-28 22:56:38,node-sass,sass,"chore(examples): switched from sass to node-sass

Looks like sass doesn't like the theme generation right now.",node-sass sass,"
chore(examples): switched from sass to node-sass",7,UI,,1,0.85,BugIssue
mlaursen/react-md,b094b364cb43c4db33a112db3feab6e138a3c41c,2021-04-14 14:11:32,@juggle/resize-observer,resize-observer-polyfill,"feat(typescript): bump typescript version to v4.2.3

This _might_ be a breaking change for typescript consumers since they
might also need to update their typescript version to v4.2.3 or whatever
version added the type definitions for `ResizeObserver`.

This also changed the `resize-observer-polyfill` dependency to
`@juggle/resize-observer` since `resize-observer-polyfill` hasn't been
updated since 2018 and the type definitions cause issues with the
`lib.d.ts` definitions now provided for the `ResizeObserver`.",@juggle/resize-observer resize-observer-polyfill,"
This also changed the `resize-observer-polyfill` dependency to
`@juggle/resize-observer` since `resize-observer-polyfill` hasn't been",4,Utility,,1,0.97,Deprecation
mlaursen/react-md,5bf2df4e62969588ae27dc6ac32653d69e9d89fd,2017-10-05 20:33:20,npm-run-all,concurrently,"Switched to npm-run-all

This switched the usage of concurrently to npm-run-all since it allows
me to use the `rs` command as expected. This also added some hooks into
the base folder to do things in the documentation server.

I also updated the README to contain the newer commands.",npm-run-all concurrently,"
This switched the usage of concurrently to npm-run-all since it allows
me to use the `rs` command as expected.",3,Building,,1,0.98,Functionality
moleculerjs/moleculer-db,c0153074bf5108dff3a3bc726e15bc9259bbb597,2019-10-12 17:29:40,kleur,chalk,change from chalk to kleur,kleur chalk,"
change from chalk to kleur",3,UI,,1,0.99,
mongodb-js/compass,2f7f6dd251a77fdfa0b98db1128f730c80ab9c37,2019-07-22 10:07:25,mini-css-extract-plugin,extract-text-webpack-plugin,Deprecated extract-text-webpack-plugin was replaced with mini-css-extract-plugin,mini-css-extract-plugin extract-text-webpack-plugin,"
Deprecated extract-text-webpack-plugin was replaced with mini-css-extract-plugin",18,UI,,1,0.99,Deprecation
MoOx/phenomic,a48d6d1ef2ab2beb605b6c749f36aa06d27d1a0c,2018-12-06 22:12:42,cross-fetch,isomorphic-fetch,replace isomorphic-fetch by cross-fetch,cross-fetch isomorphic-fetch,"replace isomorphic-fetch by cross-fetch
",9,HTTP Clients,,1,0.99,
mostjs/core,e37adda4c9cc923b2c132c8b313eec598748db27,2019-11-20 13:49:49,eslint,standard,"build: migrate to typescript (#296)

* build(prelude): migrate to typescript

* build(disposable): migrate to typescript

* git

* build(core): migrate to typescript

* build(core): migrate to typescript // fix build

* build(core): migrate to typescript // fix build

* build(core): migrate to typescript // fix eslint

* postreview

* postreview

* remove vscode settings

* replace standard with eslint

* update combine to ToStreamsArray

* postreview

* postreview

* postreview

* postreview

* fix curry3 typings

* replace any with unknown

* replace bangs with casts and add todo comments

* replace any with unknown

* make Pipe abstract

* fix some PropagateTask types

* simplify PropagateTask

* remove DeferredSink

* make IndexSink a named export

* remove Readonly

* make active private

* style: space-before-function-paren

* refactor: extract Sentinel interface

* refactor: hoist TestMulticastSource class

* style: add comment about cast

* style: postreview

* style: remove extra space

* feat: arrayLike

* test: associativity for concat",eslint standard,"
* replace standard with eslint",3,UI&Testing,,1,0.97,
mozilla/hubs,de26d8a93a3b290c4083e4e10aded50e04cacc85,2020-07-21 17:00:35,sass,node-sass,Move from node-sass to sass and upgrade webpack,sass node-sass,"
Move from node-sass to sass and upgrade webpack",40,UI,,1,0.98,
mozilla/voice-web,f8efa21194d786af19305e8d129754a14fcd3768,2019-01-18 13:52:03,postcss-preset-env,postcss-cssnext,"update our postcss stack

- use preset-env instead of cssnext, which takes the browserslist query into account (plus it comes with logical properties support)
- explicitly add transforms that were part of cssnext but are not stage 2 (yet)",postcss-preset-env postcss-cssnext,"
- use preset-env instead of cssnext, which takes the browserslist query into account (plus it comes with logical properties support)
- explicitly add transforms that were part of cssnext but are not stage 2 (yet)
update our postcss stack",5,UI,,1,0.97,Functionality
mozilla-neutrino/neutrino-dev,4284ce48ac77d506021a9b777e413a97e1bcee25,2018-04-25 15:19:29,mini-css-extract-plugin,extract-text-webpack-plugin,"Update to webpack 4 (#809)

Notable changes:
* Major version updates of `webpack`, `webpack-dev-server` and `optimize-css-assets-webpack-plugin`
* Uses the new webpack 4 `mode` option
* Removed `@neutrinojs/chunk` in favour of the `splitChunks` feature
* Removed `@neutrinojs/babel-minify` in favour of the faster `uglify-es`
* Removed redundant `ModuleConcatenationPlugin` usage
* Removed default of `NODE_ENV` from `@neutrinojs/env`
* Replaced `extract-text-webpack-plugin` with `mini-css-extract-plugin`
* Stopped pinning `webpack-sources` to v1.0.1
* Added checks to warn about changed web preset `minify` options
* Added checks to enforce that users remove any legacy `vendor` entrypoints

For more details on the webpack changes, see:
https://github.com/webpack/webpack/releases/tag/v4.0.0

Fixes #737.
Fixes #802.
Closes #748.
Closes #768.
Closes #769.
Closes #766.",mini-css-extract-plugin extract-text-webpack-plugin,"
* Removed default of `NODE_ENV` from `@neutrinojs/env`
* Replaced `extract-text-webpack-plugin` with `mini-css-extract-plugin`
* Stopped pinning `webpack-sources` to v1.0.1
* Major version updates of `webpack`, `webpack-dev-server` and `optimize-css-assets-webpack-plugin`
* Uses the new webpack 4 `mode` option
* Removed `@neutrinojs/chunk` in favour of the `splitChunks` feature",18,UI,,1,0.99,Integration
mozilla-neutrino/neutrino-dev,fa9c504a75c91ac2a56a2711dc9d5a5105504255,2018-09-13 16:22:04,yargs-parser,yargs,"Switch from yargs to yargs-parser (#1094)

Since we don't need all of `yargs`, just the smaller parsing component,
which pulls in fewer dependencies.

This reduces `time node -e ""require('neutrino')([]);""` (ie the baseline
overhead from Neutrino before any middleware is used) on my machine
from 295ms to 185ms.

Refs #239.",yargs-parser yargs,"
Switch from yargs to yargs-parser (#1094)",3,UI,,1,0.95,SizeComplexity
mozilla-services/react-jsonschema-form,7f8e4c30d9c821a0f8af0182d678d16302bb7ab1,2021-06-14 15:07:08,nanoid,shortid,"Replace shortid with nanoid (#2424)

* Replace shortid with nanoid

* Add nanoid as a dependency where needed

* Revert unneeded changes to lock files

* Revert change to antd lock file

* Revert files

* Add nanoid as dev dependency to semantic-ui",nanoid shortid,"Replace shortid with nanoid (#2424)
",5,Utility,,1,1.0,
mrsharpoblunto/it-gets-the-hose-again,4a2189b386069b0b2b31ee6a83c93741afc117b4,2020-05-04 02:35:41,jest,sinon-chai,replaced mocha/sinon/chai with jest for tests,jest sinon-chai,"
replaced mocha/sinon/chai with jest for tests",4,Testing,,1,0.9,
Musare/MusareNode,d281ebd44f1ec75f51cb28f87b1cd7379f70efd3,2021-02-18 16:06:11,axios,request,"chore: replaced 'request' (which is deprecated) with 'axios' package

Signed-off-by: Jonathan <theflametrooper@gmail.com>",axios request,"
chore: replaced 'request' (which is deprecated) with 'axios' package",6,HTTP Clients,,1,1.0,Deprecation
namics/generator-nitro,dcac4e4c3d1bd53c671c1dac769a92c04cfc72e3,2020-02-12 22:56:20,got,request,refactor(generator): replace deprecated request package with got,got request,"
refactor(generator): replace deprecated request package with got",5,HTTP Clients,,1,1.0,Deprecation
namics/generator-nitro,a55898a9c36e3ea0f659ded94299decacc7258b9,2021-04-28 13:24:50,sass,node-sass,fix(webpack): replace deprecated node-sass with dart-sass implementation,sass node-sass,fix(webpack): replace deprecated node-sass with dart-sass implementationfix(webpack): replace deprecated node-sass with dart-sass implementationfix(webpack): replace deprecated node-sass with dart-sass implementation,40,UI,,1,1.0,Deprecation
nasa/cumulus,db60208f07317288f4586052f546b817a9e11023,2018-09-15 17:16:38,got,request,"Simplify http handling

- Use the `got` module instead of both `got` and `request`
- Add a `@cumulus/common/http.download()` function that downloads a
  file to disk
- Remove duplication in the way that we're handling http",got request,"
- Use the `got` module instead of both `got` and `request`
- Add a `@cumulus/common/http.download()` function that downloads a",5,HTTP Clients,,1,0.9,Simplification
neowu/frontend-demo-project,0618e7c962f1d626612384623fc505e71e6641e7,2020-02-06 19:17:36,eslint,tslint,replace tslint with eslint,eslint tslint,"
replace tslint with eslint",26,Testing,,1,1.0,
neowu/frontend-demo-project,0618e7c962f1d626612384623fc505e71e6641e7,2020-02-06 19:17:36,typescript-eslint,tslint,replace tslint with eslint,typescript-eslint tslint,"
replace tslint with eslint",24,Testing,,1,1.0,
neowu/frontend-demo-project,a4d2fb9a3e0b0902f47fffaca9e816f7380ca3f0,2019-04-05 20:26:41,terser-webpack-plugin,uglifyjs-webpack-plugin,replace uglify with terser,terser-webpack-plugin uglifyjs-webpack-plugin,"
replace uglify with terser",35,Codestyle&Web Framework,,1,1.0,
NewDadaFE/react-impression,f76a50925f72ce0ac593fac96836697b5c4dce9a,2020-08-11 05:25:50,sass,node-sass,"refactor replace node-sass to sass (#524)

Co-authored-by: lushengnan <lushengnan@imdada.cn>",sass node-sass,"
refactor replace node-sass to sass (#524)",40,UI,,1,0.97,
NewDadaFE/react-impression,b5e263b3ac3b9979b560513f433a4db29beb7f85,2018-07-04 06:54:51,qs,query-string,Replace query-string with qs,qs query-string,"
Replace query-string with qs",3,Utility,,1,0.98,
nextcloud/tasks,493dd230c784ecbbee9655a14963f8c0e6a569de,2017-09-09 16:12:56,gulp,grunt,"Use Gulp instead of Grunt, minify js files",gulp grunt,"
Use Gulp instead of Grunt, minify js files",14,Building,,1,0.95,
nhn/tui.grid,1bfc162e2c51c7a539c5357e93cc2d3a16794fa8,2020-01-30 08:51:31,ts-loader,awesome-typescript-loader,"chore: modify test script (#889)

* chore: add ts-loader dependency and remove awesome-typescript-loader and core-js dependencies

* chore: add check-types script

* chore: apply ts-loader and add transpileOnly options

* chore: add noEmit option

* chore: modify ts2js script

* chore: add no-unused-vars rule

* chore: remove eslint-loader

* chore: modify source code to pass eslint

* chore: add lint, validate script

* chore: remove eslint-loader in storybook webpack",ts-loader awesome-typescript-loader,"
* chore: add ts-loader dependency and remove awesome-typescript-loader and core-js dependencies",10,Web Framework,,1,0.96,
NicolasSiver/nodebb-plugin-ns-awards,54265a886079c7dab6f784ace1fb2a6c1b4b74b5,2016-10-10 00:04:14,webpack,rollup,"revert progress to react + webpack

rollup + inferno are not ready for use…",webpack rollup,"
revert progress to react + webpack",3,Building&Web Framework,,1,0.9,BugIssue
ninjadev/nin,c6801c4203760513af278c207dae521fc021d836,2016-11-08 23:33:48,webpack,grunt,"Switch Grunt to webpack

This is instead of migrating to a anew major version of grunt and trying
to update all of its deprecated plugins.
In the process, all bower dependencies are also moved over to npm so now
we only need one package manager.

In the process, all files needed to be modularized.
When doing that, all controllers and services were migrated to ES6 class
syntax.
For ES6 class syntax compatibility, Angular's controllerAs pattern is also employed.",webpack grunt,"
Switch Grunt to webpack",4,Building&Web Framework,,1,1.0,Deprecation
ninjadev/nin,c6801c4203760513af278c207dae521fc021d836,2016-11-08 23:33:48,copy-webpack-plugin,grunt,"Switch Grunt to webpack

This is instead of migrating to a anew major version of grunt and trying
to update all of its deprecated plugins.
In the process, all bower dependencies are also moved over to npm so now
we only need one package manager.

In the process, all files needed to be modularized.
When doing that, all controllers and services were migrated to ES6 class
syntax.
For ES6 class syntax compatibility, Angular's controllerAs pattern is also employed.",copy-webpack-plugin grunt,"
Switch Grunt to webpack",3,Building&Web Framework,,1,1.0,Deprecation
ninjadev/nin,0e69049721272cddd1f6ad577eb4129c8fa1a7b4,2016-11-09 22:23:04,eslint,jshint,Switch jshint to eslint in frontend,eslint jshint,"
Switch jshint to eslint in frontend",16,Testing,,1,1.0,
ninjadev/nin,0e69049721272cddd1f6ad577eb4129c8fa1a7b4,2016-11-09 22:23:04,eslint,jshint-stylish,Switch jshint to eslint in frontend,eslint jshint-stylish,"
Switch jshint to eslint in frontend",3,Testing,,1,1.0,
ninjadev/nin,0e69049721272cddd1f6ad577eb4129c8fa1a7b4,2016-11-09 22:23:04,babel,jshint,Switch jshint to eslint in frontend,babel jshint,"
Switch jshint to eslint in frontend",5,Utility,,1,1.0,
ninjadev/nin,c6801c4203760513af278c207dae521fc021d836,2016-11-08 23:33:48,bootstrap,bower,"Switch Grunt to webpack

This is instead of migrating to a anew major version of grunt and trying
to update all of its deprecated plugins.
In the process, all bower dependencies are also moved over to npm so now
we only need one package manager.

In the process, all files needed to be modularized.
When doing that, all controllers and services were migrated to ES6 class
syntax.
For ES6 class syntax compatibility, Angular's controllerAs pattern is also employed.",bootstrap bower,"to update all of its deprecated plugins.

In the process, all bower dependencies are also moved over to npm so now",3,Building&HTTP Clients,,1,1.0,Simplification
ninjadev/nin,c6801c4203760513af278c207dae521fc021d836,2016-11-08 23:33:48,jshint,grunt,"Switch Grunt to webpack

This is instead of migrating to a anew major version of grunt and trying
to update all of its deprecated plugins.
In the process, all bower dependencies are also moved over to npm so now
we only need one package manager.

In the process, all files needed to be modularized.
When doing that, all controllers and services were migrated to ES6 class
syntax.
For ES6 class syntax compatibility, Angular's controllerAs pattern is also employed.",jshint grunt,"Switch Grunt to webpack
",3,Building,,1,1.0,Deprecation
ninjadev/nin,c6801c4203760513af278c207dae521fc021d836,2016-11-08 23:33:48,less,grunt,"Switch Grunt to webpack

This is instead of migrating to a anew major version of grunt and trying
to update all of its deprecated plugins.
In the process, all bower dependencies are also moved over to npm so now
we only need one package manager.

In the process, all files needed to be modularized.
When doing that, all controllers and services were migrated to ES6 class
syntax.
For ES6 class syntax compatibility, Angular's controllerAs pattern is also employed.",less grunt,"Switch Grunt to webpack
",4,Building&UI,,1,1.0,Deprecation
nmaro/ooth,ea52c4cecaae7ce69fba009ad7245585cceefc4d,2018-12-09 15:25:32,cross-fetch,@types/isomorphic-fetch,Change isomorphic-fetch to cross-fetch,cross-fetch @types/isomorphic-fetch,"
Change isomorphic-fetch to cross-fetch",3,Typescript,,1,0.75,
nmaro/ooth,ea52c4cecaae7ce69fba009ad7245585cceefc4d,2018-12-09 15:25:32,cross-fetch,isomorphic-fetch,Change isomorphic-fetch to cross-fetch,cross-fetch isomorphic-fetch,"
Change isomorphic-fetch to cross-fetch",9,HTTP Clients,,1,0.75,
NodeBB/NodeBB,dd81dd03e0987fb8bee0353c0d2e86f76bbb7dcc,2021-05-11 18:18:45,ioredis,redis,"fix(#9508): switch to ioredis (#9545)

* switch to ioredis

also need this fix in redisearch:

redis-search.js:98
```
  redisClient.multi(cmds).exec(function(err, ids) {
    if (err) {
      return callback(err);
    }
    var errRes = ids[resultIndex];
    if (errRes[0]) {
      return callback(errRes[0]);
    }
    callback(null, errRes[1]);
  });
```

* dbsearch compatible with ioredis

* fixed dbsearch?",ioredis redis,"
fix(#9508): switch to ioredis (#9545)",6,HTTP Clients,,1,1.0,
NodeBB/NodeBB,a00f1f9a81d6184d91514bc0dccce045623f869d,2018-03-26 19:37:53,uglify-es,uglify-js,Use uglify-es for ES6 support (#6402),uglify-es uglify-js,"
Use uglify-es for ES6 support (#6402)",5,Utility,,1,0.85,Functionality
nodefony/nodefony,d187fa4176f59a3cc3fd113444ad6dabfda39219,2018-09-17 10:15:56,terser-webpack-plugin,uglifyjs-webpack-plugin,update deps | change uglifyjs-webpack-plugin by terser-webpack-plugin,terser-webpack-plugin uglifyjs-webpack-plugin,"
update deps | change uglifyjs-webpack-plugin by terser-webpack-plugin",35,Codestyle&Web Framework,,1,0.95,
nodeschool/wellington,3373d30a7923cbb286da9742d09f9ef0b37b1d61,2015-06-25 07:05:21,gh-pages,gh-pages-deploy,fix deploy script using gh-pages,gh-pages gh-pages-deploy,"
fix deploy script using gh-pages",3,Building,,1,0.75,
nomiclabs/buidler,6b0dd7be25813bbdec6f9e7bf466fe6b24c3359e,2021-06-24 00:20:20,eslint,tslint,Migrate from tslint to eslint,eslint tslint,"
Migrate from tslint to eslint",26,Testing,,1,1.0,
nomiclabs/buidler,6b0dd7be25813bbdec6f9e7bf466fe6b24c3359e,2021-06-24 00:20:20,typescript-eslint,tslint,Migrate from tslint to eslint,typescript-eslint tslint,"
Migrate from tslint to eslint",24,Testing,,1,1.0,
nomiclabs/buidler,126cb53036724f58f5f0368533894ea7ff1356cf,2020-08-04 14:09:01,node-fetch,request,"Reimplementation of buidler-etherscan.

Add network prober to retrieve bytecode and infer Etherscan endpoint.
Add solc version inferrer.
Add solc version mismatch handler.
Add a check for the address parameter and the bytecode retrieved in the
prober.
Add contract inferral through bytecode match.
Add constructor arguments validation.
Replace deprecated request-promise with node-fetch.",node-fetch request,"
Replace deprecated request-promise with node-fetch.",7,HTTP Clients,,1,0.9,Deprecation
nozzle/react-static,78e06cc6215a8b22f9ef5bc9b6e20f27a14146d3,2021-06-30 11:31:33,sass,node-sass,Migrate to use Dart Sass instead of Node Sass (#1621),sass node-sass,"
Migrate to use Dart Sass instead of Node Sass (#1621)",40,UI,,1,1.0,
nozzle/react-static,488c2977f6ee470279ce2d019a0842d1b60bfa2a,2019-02-06 00:26:55,terser-webpack-plugin,uglifyjs-webpack-plugin,"Move from uglifyjs to terser (#1007)

* move to terser

* some weird recompile step",terser-webpack-plugin uglifyjs-webpack-plugin,"
Move from uglifyjs to terser (#1007)",35,Codestyle&Web Framework,,1,1.0,
nusmodifications/nusmods,d473f78552eaf550e93d2300326cfb6523a38aea,2021-01-26 10:43:01,sass,node-sass,"Replace node-sass with Dart Sass (#3197)

LibSass has been deprecated. Their maintainers
[recommend](https://sass-lang.com/blog/libsass-is-deprecated) switching
to Dart Sass instead.",sass node-sass,"
Replace node-sass with Dart Sass (#3197)",40,UI,,1,0.98,Deprecation
nus-mtp/worldscope,f2e60ddfaa936576f782ca7f4da39dd6abb5a04a,2016-01-16 07:16:24,bcryptjs,bcrypt,Change to using bcryptjs and upgrade node version on CI,bcryptjs bcrypt,"
Change to using bcryptjs and upgrade node version on CI",11,HTTP Clients,,1,0.98,
nuxt/nuxt.js,b69cabef88a68de2376e29ee0995691e2e983c33,2018-09-20 21:49:43,terser-webpack-plugin,uglifyjs-webpack-plugin,"hotfix: use `terser-webpack-plugin` (#3928)

<!--- Provide a general summary of your changes in the title above -->

## Types of changes
<!--- What types of changes does your code introduce? Put an `x` in all the boxes that apply: -->
- [ ] Bug fix (non-breaking change which fixes an issue)
- [ ] New feature (non-breaking change which adds functionality)
- [ ] Breaking change (fix or feature that would cause existing functionality to change)


## Description
Webpack requires `uglifyjs-webpack-plugin@1.x`. thus `uglifyjs-webpack-plugin@2.x` may not resolve correctly. Also, the webpack team decided to go with `terser-webpack-plugin` (https://github.com/webpack/webpack/pull/8036).


## Checklist:
<!--- Put an `x` in all the boxes that apply. -->
<!--- If your change requires a documentation PR, please link it appropriately -->
<!--- If you're unsure about any of these, don't hesitate to ask. We're here to help! -->
- [ ] My change requires a change to the documentation.
- [ ] I have updated the documentation accordingly. (PR: #)
- [ ] I have added tests to cover my changes (if not applicable, please state why)
- [ ] All new and existing tests passed.",terser-webpack-plugin uglifyjs-webpack-plugin,"
hotfix: use `terser-webpack-plugin` (#3928)",35,Codestyle&Web Framework,,1,0.98,Integration
nuxt-community/color-mode-module,76727644b93b603331da1cb415fafef958ec1be5,2021-02-15 10:27:25,docus,@nuxt/content-theme-docs,docs: upgrade to Docus,docus @nuxt/content-theme-docs,"
docs: upgrade to Docus",5,UI,,1,0.9,
nuxt-community/module-test-utils,bb77116a318b71485f15cc3d7e0e244d05f71c7f,2021-01-20 11:24:01,docus,@nuxt/content-theme-docs,"docs: migration to docus (#81)

* docs: migration to docus

* fix: docus in devDependencies section",docus @nuxt/content-theme-docs,"
* fix: docus in devDependencies section",5,UI,,1,0.92,
nuxt-community/prismic-module,006fc0920a29caf7b8cdd7dd3b87f7a3492c6198,2021-02-15 14:30:05,docus,@nuxt/content-theme-docs,"docs: move to docus (#122)

Co-authored-by: lihbr <lihbr@users.noreply.github.com>",docus @nuxt/content-theme-docs,"
docs: move to docus (#122)",5,UI,,1,0.92,
nuxt-community/strapi-module,ce6b3cf1da3527089c5ba2a3044ee716d1884541,2021-01-19 11:29:01,docus,@nuxt/content-theme-docs,docs: move to docus,docus @nuxt/content-theme-docs,"
docs: move to docus",5,UI,,1,0.9,
nuxt-community/tailwindcss-module,b193d5e955729cd92225396ca02528c0e77eb388,2021-01-19 11:39:04,docus,@nuxt/content-theme-docs,docs: move to docus,docus @nuxt/content-theme-docs,"
docs: move to docus",5,UI,,1,0.9,
okta/okta-oidc-js,377ef4474fece269404539a67ec1e5925dd6ee80,2018-09-14 23:44:13,jest,mocha,[oidc-middleware]: Migrates mocha tests to jest (#292),jest mocha,"
[oidc-middleware]: Migrates mocha tests to jest (#292)",12,Testing,,1,1.0,
oncletom/nodebook,27c2d4b3630b2f4cc7f4d3639d5fd16258920b73,2017-01-27 20:32:32,eslint,jshint,"Remplacement de jsint par eslint

fix #83",eslint jshint,"
Remplacement de jsint par eslint",16,Testing,,1,1.0,
onehilltech/ember-cli-mdc,4699eed2d2525a6e5d146853aa1d70ebc0228195,2018-09-12 03:03:52,sass,node-sass,Fixed sass integration,sass node-sass,"
Fixed sass integration",40,UI,,1,0.5,
oors/oors,55644ebc19641f41a317911d189d0ea78e2925f8,2018-11-02 10:58:20,fast-glob,glob,"[oors-mongodb] performance improvements

- using fast-glob
- faster dynamic import of repositories",fast-glob glob,"[oors-mongodb] performance improvements
[oors-mongodb] performance improvements
[oors-mongodb] performance improvements
",7,Utility,,1,0.85,Performance
open-ch/pyrene,37f762e393516916f1d3a1a1711ed31b465078b0,2020-09-01 06:17:52,babel,ts-loader,Fix build by using babel ts preset instead of ts-loader,babel ts-loader,"
Fix build by using babel ts preset instead of ts-loader",7,Web Framework,,1,1.0,
open-ch/pyrene,969c9b1532a262b0c2586a5d2bed1a5be4de0240,2019-02-20 09:23:35,terser-webpack-plugin,uglifyjs-webpack-plugin,TRIVIAL: Replace Uglify with Terser plugin to fix failing build & improve performance,terser-webpack-plugin uglifyjs-webpack-plugin,"
TRIVIAL: Replace Uglify with Terser plugin to fix failing build & improve performance",35,Codestyle&Web Framework,,1,1.0,BugIssue
open-ch/pyrene,74be42b591766e15e8697f8284943610e81c0917,2021-04-22 08:43:16,clsx,classnames,"clsx for classnames in Pyrene subproject (#25)

* PR init, clsx for classnames.

* Migration to clsx.

* Migration done within pyreen subproject.",clsx classnames,"clsx for classnames in Pyrene subproject (#25)
",5,Utility,,1,1.0,
OpenCTI-Platform/opencti,1c4b3e5bd010aaf65559af4c78f77d0382881445,2018-10-17 10:42:25,apollo,express-graphql,Move to apollo graphql and first subscription support,apollo express-graphql,"
Move to apollo graphql and first subscription support",3,Utility,,1,0.95,Functionality
OpenCTI-Platform/opencti,60a816ab8d61d88cc3ffe57ddad4d08c86af99c7,2018-12-23 10:54:15,bcryptjs,bcrypt,Move to bcryptjs and fix some eslint error,bcryptjs bcrypt,"
Move to bcryptjs and fix some eslint error",11,HTTP Clients,,1,1.0,
openforis/sepal,287f259572a136631b83abb30b45f2cad7f1fc9b,2018-06-15 06:17:38,qs,query-string,Replaced query-string npm package with qs and corrected reset-password form.,qs query-string,"
Replaced query-string npm package with qs and corrected reset-password form.",3,Utility,,1,1.0,
optimizely/javascript-sdk,58b5412aef59156578842192775e6517fbca01a8,2020-05-22 19:24:19,nyc,istanbul,"Fix broken test globs and coverage scripts (#475)

Summary:

- Fix test script globs
- Replace istanbul (deprecated) coverage tool with nyc
- Sort npm-scripts and run linter automatically after tests",nyc istanbul,"
- Fix test script globs
- Replace istanbul (deprecated) coverage tool with nyc
- Sort npm-scripts and run linter automatically after tests",9,Testing,,1,0.95,Deprecation
optimizely/javascript-sdk,8fe8c99660605153a56579602499e0cf19e55226,2020-04-09 01:24:58,rollup,webpack,"refactor: Convert entry points to es module and create minified bundles (#445)

Summary:

This is the first step in an effort to convert javascript SDK from Common JS to ES Module. The changes include
1. Convert all the entry point files to ES Module.
2. Minified Common JS bundles are being created for each entry point using Rollup and Terser
main: dist/optimizely.node.min.js
browser: dist/optimizely.browser.min.js
react-native: dist/optimizely.react_native.min.js
3. All the bundles including umd bundle are generated using Rollup and terser. Webpack is only being used to keep the Karma tests running.

Why Webpack for Karma?

We tried using Rollup with Karma for the same purpose but couldnt run it despite trying many times. To not block progress on the ES module conversion, we recommend moving forward with using webpack to keep running karma tests when all the bundles are being created by Rollup and terser. We can revisit and modify Karma to use Rollup later. 

Note about Testapp:

This PR uses a specific branch of javascript-testapp. This change is required because now testapp has to run an additional command to build the bundles which was not the case earlier. This testapp PR needs to be merged before merging this SDK branch.
https://github.com/optimizely/javascript-testapp/pull/83

Test plan:
All unit tests and Full stack compatibility suite tests pass.

Co-authored-by: Zeeshan Ashraf <zashraf@folio3.com>
Co-authored-by: zashraf1985 <35262377+zashraf1985@users.noreply.github.com>",rollup webpack,"
We tried using Rollup with Karma for the same purpose but couldnt run it despite trying many times.
To not block progress on the ES module conversion, we recommend moving forward with using webpack to keep running karma tests when all the bundles are being created by Rollup and terser.
We can revisit and modify Karma to use Rollup later.",6,Web Framework&Building,,1,0.8,Integration
oracle/netsuite-suitecloud-node-cli,a8794bba65b6a521abfb09bf728c7fb318d18ccc,2021-02-01 13:22:09,eslint,tslint,Migrated from tslint to eslint,eslint tslint,"
Migrated from tslint to eslint",26,Testing,,1,0.98,
oracle/netsuite-suitecloud-node-cli,a8794bba65b6a521abfb09bf728c7fb318d18ccc,2021-02-01 13:22:09,typescript-eslint,tslint,Migrated from tslint to eslint,typescript-eslint tslint,"
Migrated from tslint to eslint",24,Testing,,1,0.98,
OriginProtocol/Origin,495725924120ae1243c988c4abe9a05cb0ac8158,2019-04-05 00:43:15,cross-fetch,node-fetch,"Speed up listener with event caches (#1907)

* Increase RPS of Origin testnet for event request batches

* Update eventcaches to work from fromBlock/toBlock

* Start converting listener to event based rather than log based

* Update identity

* Cleanup and linting

* Checkpoint

* Fix typo

* Run prettier

* Improve loop

* Fix identity attestation service type problem

* Move metrics to separate file

* Fixes

* Use cross-fetch

* Fix offer indexing

* Run prettier

* Add limited concurrency

* Linting fix

* Use provider url from network

* Remove check events freshness tests

* Update ES query

* Prettier

* Fix boost factor

* Run prettier

* Reduce rps

* Handle marketplacePublisher

* Run prettier",cross-fetch node-fetch,"
* Use cross-fetch",3,HTTP Clients,,1,0.85,
OriginProtocol/Origin,e17ee89f7872ac71d2db93bd7fe733901aba1530,2019-12-05 23:20:09,sqlite3,better-sqlite3,"Better without better-sqlite3 (#4087)

* better-sqlite3 -> sqlite3

* support NOOPENER",sqlite3 better-sqlite3,"
Better without better-sqlite3 (#4087)",3,Database,,1,0.9,
OSBI/saiku,db643e645e5c784935cae39443688114e79ea956,2017-07-14 19:33:33,gulp,grunt,Change grunt to gulp,gulp grunt,"
Change grunt to gulp",14,Building,,1,0.95,
oysterprotocol/webnode,e85be4f373b81c97ab2e39e2ed1de1ab13972720,2018-10-25 16:30:42,preact,react,"Preact (#168)

Reduces bundle size by around 80kb by using `preact` and `preact-compat` instead of `react` and `react-dom`",preact react,"
Reduces bundle size by around 80kb by using `preact` and `preact-compat` instead of `react` and `react-dom`",8,UI,,1,0.95,SizeComplexity
oysterprotocol/webnode,59146edfac760b8d5423e7b129d8b7dda9824f28,2018-06-14 19:52:45,date-fns,moment,"Removed moment.js to replace with  date-fns - build output reduced by 40% (#116)

- We were using only a few methods from Moment. They have had a Issue open for 3 years to modularize their library. https://github.com/moment/moment/issues/2373
 - Switched to https://date-fns.org/",date-fns moment,"
Removed moment.js to replace with  date-fns - build output reduced by 40% (#116)",13,Serialization,,1,1.0,SizeComplexity
oysterprotocol/webnode,ba4ac52957ea4d650e40067da0e7d4dc50be690a,2018-07-08 14:10:06,mini-css-extract-plugin,extract-text-webpack-plugin,"Upgrades to webpack 4 (#146)

* installing

* tsloader

* update webpack config

* trying

* config overhaul

* working dev build with webpack 4

* almost there

* remove logs

* oops

* remove

* temporarily remove typescript stuff to isolate issue

* finally its appearing

* more

* remove preact

* latest

* revert stuff

* readd service worker

* fix missing attr

* remove unused plugin

* fix missing deps

* prod build",mini-css-extract-plugin extract-text-webpack-plugin,"Upgrades to webpack 4 (#146)
Upgrades to webpack 4 (#146)
",18,UI,,1,0.85,Integration
PackageFactory/PackageFactory.Guevara,4c6528941d5e4b27bb82d651ff2ecfc1c00b6982,2019-03-20 06:23:34,mini-css-extract-plugin,extract-text-webpack-plugin,"TASK: Upgrade webpack to version 4 (#2369)

* Task: Update webpack dependencies

Update webpack to version 4 and directly update related packages like webpack-merge, webpack-livereload-plugin and replace the incompatible extract-text-webpack-plugin
with mini-css-extract-plugin.

* TASK: Update webpack config to be version 4 compatible

* TASK: Update postcss dependencies

Updates postcss related packages:
 - postcss-css-variables
 - postcss-hexrgba
 - postcss-loader
 - postcss-import
 - postcss-nested

* TASK: Updates loader packages

Updates css-loader, file-loader and style-loader

* BUGFIX: Remove composes of reset

The composes in the class selectBox__contents of the selectbox
leads to the creation of a second reset file that overrules regular css rules.

It seems to be a bug in css-loader.

* Bugfix: Remove last pieces of ExtractTextPlugin

* TASK: Replace internal dependencies by regular one

The build essential package uses internal dependencies to pass thru the
mini-css-extract-plugin dependency. But this is just used in the extensibility and
so we use now just a plain require.",mini-css-extract-plugin extract-text-webpack-plugin,"
But this is just used in the extensibility and
so we use now just a plain require.",18,UI,,1,0.95,Integration
PackageFactory/PackageFactory.Guevara,958b8ab1264f0540e0bb434990968008402567aa,2019-04-14 22:17:55,terser-webpack-plugin,uglifyjs-webpack-plugin,"TASK: Replace uglifyjs-webpack-plugin with terser

As we have an issue with es6 code in packages and uglifyjs-webpack-plugin
abandoned uglify-es. We now use terser as fork of uglify-es to solve our issues.",terser-webpack-plugin uglifyjs-webpack-plugin,"
TASK: Replace uglifyjs-webpack-plugin with terser
abandoned uglify-es.
We now use terser as fork of uglify-es to solve our issues.",35,Codestyle&Web Framework,,1,0.95,Deprecation
PackageFactory/PackageFactory.Guevara,4c6528941d5e4b27bb82d651ff2ecfc1c00b6982,2019-03-20 06:23:34,uglifyjs-webpack-plugin,extract-text-webpack-plugin,"TASK: Upgrade webpack to version 4 (#2369)

* Task: Update webpack dependencies

Update webpack to version 4 and directly update related packages like webpack-merge, webpack-livereload-plugin and replace the incompatible extract-text-webpack-plugin
with mini-css-extract-plugin.

* TASK: Update webpack config to be version 4 compatible

* TASK: Update postcss dependencies

Updates postcss related packages:
 - postcss-css-variables
 - postcss-hexrgba
 - postcss-loader
 - postcss-import
 - postcss-nested

* TASK: Updates loader packages

Updates css-loader, file-loader and style-loader

* BUGFIX: Remove composes of reset

The composes in the class selectBox__contents of the selectbox
leads to the creation of a second reset file that overrules regular css rules.

It seems to be a bug in css-loader.

* Bugfix: Remove last pieces of ExtractTextPlugin

* TASK: Replace internal dependencies by regular one

The build essential package uses internal dependencies to pass thru the
mini-css-extract-plugin dependency. But this is just used in the extensibility and
so we use now just a plain require.",uglifyjs-webpack-plugin extract-text-webpack-plugin,"
Update webpack to version 4 and directly update related packages like webpack-merge, webpack-livereload-plugin and replace the incompatible extract-text-webpack-plugin
with mini-css-extract-plugin.
But this is just used in the extensibility and
so we use now just a plain require.
TASK: Upgrade webpack to version 4 (#2369)",8,Codestyle,,1,0.95,Integration
PacktPublishing/Node.js-Design-Patterns-Third-Edition,c5998f5f79a655bb3ac0c16ab617e6d3095e6a04,2020-04-21 20:46:10,ioredis,redis,"Chapter 13 - Add 05, start using ioredis instead of redis",ioredis redis,"
Chapter 13 - Add 05, start using ioredis instead of redis",6,HTTP Clients,,1,0.95,
PacktPublishing/Node.js-Design-Patterns-Third-Edition,35d700df24096a65ca7279060a625edd0a7b5c5d,2020-04-10 10:21:15,superagent,axios,swapped axios for superagent for consistency,superagent axios,swapped axios for superagent for consistency,3,HTTP Clients,,1,1.0,Simplification
pagermon/pagermon,58243e2442a2eed3b74aff04ef5a34f303321209,2020-05-05 15:19:39,axios,request,Migrated plugins from request and http to axios client,axios request,"
Migrated plugins from request and http to axios client",6,HTTP Clients,,1,1.0,
parcel-bundler/parcel,0d04ef1b0a1918d105bfdb16781f640b90391fa9,2017-12-11 10:33:39,uglify-es,uglify-js,"Change to uglify es & output uglify errors (#157)

* uglify-es

* fix error handling

* dump estree, enables ES6+ support

* fix comment

* change comment to match npm package name

* remove useless comment

* remove unused imports, change asset.generate to babel generate

* improve minify options

* fix comment

* remove unused import

* pivot back to asset.generate().js",uglify-es uglify-js,"
Change to uglify es & output uglify errors (#157)",5,Utility,,1,0.8,Functionality
parcel-bundler/parcel,0cbc08792bec2b89f4ed107dc6e6c66bae736035,2018-07-02 17:16:20,fast-glob,glob,Use fast glob (#1650),fast-glob glob,"
Use fast glob (#1650)",7,Utility,,1,0.9,
parcel-bundler/parcel,45f3d97bea1cedfe2298bd49da256d303bb77dee,2018-08-16 15:52:12,sass,node-sass,"Default to Dart-Sass and add backwards compatibility for node-sass (#1847)

Dart sass will prevent parcel from randomly freezing.
It's also a lot stricter, preventing unknown errors or side-effects after compiling/parsing.
Also adds codeFrames, so users get a visual representation of the line the error occurs.

Closes #1836 Related to #1509",sass node-sass,"Default to Dart-Sass and add backwards compatibility for node-sass (#1847)
Default to Dart-Sass and add backwards compatibility for node-sass (#1847)
",40,UI,,1,0.9,BugIssue
Parrit/Parrit,d7d6ff2046ae103272d78a73ca6a147be9638ee0,2017-12-23 04:11:34,webpack,grunt,Move from grunt to webpack!,webpack grunt,"
Move from grunt to webpack!",4,Building&Web Framework,,1,0.9,
pascalopitz/sonos-controller-for-chrome,13ec6120252114099bd1e79ff6587b4b6be9bc1e,2020-03-15 06:14:46,react,preact,"React not preact, Removed service worker, album action item that doesn't work, fixed search scroll bug",react preact,"
React not preact, Removed service worker, album action item that doesn't work, fixed search scroll bug",7,UI,,1,1.0,
pascalopitz/sonos-controller-for-chrome,e1382d674eec72f121987d78427e1de801e8060b,2016-12-04 04:27:16,preact,react,Using Preact instead of React,preact react,"
Using Preact instead of React",8,UI,,1,1.0,
PatrickKalkman/MiniVideoEncoder,557582b387e2af66d1135419960f31d05d05d686,2020-02-12 19:26:59,superagent,axios,"Replace axios with superagent, got strange errors. Added more communication between main thread and worker thread",superagent axios,"
Replace axios with superagent, got strange errors.
Added more communication between main thread and worker thread",3,HTTP Clients,,1,1.0,BugIssue
pattern-lab/patternlab-node,4640e1cbcb51c8c8128f00d0e6295f93050cc8cc,2018-06-09 18:29:52,fs-extra,fs-promise,"Copy gulpfile.js for edition-node-gulp

Replace fs-promise (deprecated) with fs-extra
Update dependencies to mitigate audit warnings",fs-extra fs-promise,"
Replace fs-promise (deprecated) with fs-extra
Update dependencies to mitigate audit warnings",4,Filesystem,,1,1.0,Deprecation
pattern-lab/patternlab-node,c8665d5b6ef7b1155eaeaa88c796f563f91dc30b,2018-02-23 18:14:02,opn,open,"Swap node-open to opn, which is better maintained. Fixes #11?",opn open,"Swap node-open to opn, which is better maintained.
Fixes #11?",3,Building,,1,0.75,Activity
PeculiarVentures/GammaCV,6eb9045141ade87bd6f9332849aa953531be78df,2021-01-14 23:45:41,terser-webpack-plugin,uglifyjs-webpack-plugin,fix: uglifyjs-webpack-plugin switch to terser-webpack-plugin,terser-webpack-plugin uglifyjs-webpack-plugin,"
fix: uglifyjs-webpack-plugin switch to terser-webpack-plugin",35,Codestyle&Web Framework,,1,1.0,
pfefferf/ui5-nwabap-deployer,ca74ede46987a82869e5e479a882248575cf55fe,2020-03-17 09:09:30,axios,request,[general] replace deprecated request module by axios,axios request,"
[general] replace deprecated request module by axios",6,HTTP Clients,,1,1.0,Deprecation
phenyl-js/phenyl,2f4ec9519ec7bb083a057f01ac891df9d3c26afb,2018-08-28 09:54:18,cross-fetch,node-fetch,Replace fetch client with cross-fetch,cross-fetch node-fetch,"
Replace fetch client with cross-fetch",3,HTTP Clients,,1,0.98,
pikapkg/create-snowpack-app,341ecfa70abba6f485a1db5b4dc1c8f6608c6e37,2020-07-10 15:40:42,kleur,chalk,Swap chalk for kleur (#174),kleur chalk,"
Swap chalk for kleur (#174)",3,UI,,1,0.98,
pikapkg/snowpack,aa564fb7393015c97993f3f77cdcf6fcb63e6452,2020-07-27 20:09:10,kleur,chalk,Swap chalk for kleur (#174),kleur chalk,"
Swap chalk for kleur (#174)",3,UI,,1,0.98,
pikapkg/snowpack,c57b57a057506963ce0c3255728d571b7913e94a,2021-04-29 22:38:05,css-minimizer-webpack-plugin,optimize-css-assets-webpack-plugin,"upgraded plugin-webpack to webpack 5  (#3154)

* plugin-webpack, uppgrade to webpack v5

* plugin-webpack: removed file-loader

* Revert ""plugin-webpack: removed file-loader"", added .css stub to test

This reverts commit aa2bcdf2dfa372e484fdacf38cdd98d1af7accdb.

* plugin-webpack: update asset configuration and add test asset

* removed file-loader in favor of webpack 5 asset module

* updated webpack, use contenthash with assets (consistency)

* smipler svg content

* plugin-webpack: update test to normalize hashes to xxxx

Co-authored-by: mcha <>
Co-authored-by: Ludovico Fischer <livrerie@gmail.com>",css-minimizer-webpack-plugin optimize-css-assets-webpack-plugin,"
upgraded plugin-webpack to webpack 5  (#3154)
* Revert ""plugin-webpack: removed file-loader"", added .css stub to test
* updated webpack, use contenthash with assets (consistency)",17,Web Framework&UI,,1,0.95,Integration
pinterest/gestalt,3456292c2d324404693c155769c2d25c4f946e18,2018-12-11 19:50:29,postcss-preset-env,postcss-cssnext,"Remove post-cssnext (#432)

* Replaced color() with constants

* Switched from deprecated cssnext to preset-env

* Updated changelog",postcss-preset-env postcss-cssnext,"
* Switched from deprecated cssnext to preset-env",5,UI,,1,0.97,Deprecation
piroor/multipletab,86f27fc2e42155ca8ed47786db30684b8dd9554b,2019-10-24 02:06:29,jsonlint-cli,jsonlint,Use jsonlint-cli instead of jsonlint,jsonlint-cli jsonlint,"
Use jsonlint-cli instead of jsonlint",3,Serialization,,1,0.85,
piroor/textlink,40b950aed28a0c1715f17ee0abb863189756e4a5,2019-10-24 02:15:25,jsonlint-cli,jsonlint,Use jsonlint-cli instead of jsonlint,jsonlint-cli jsonlint,"
Use jsonlint-cli instead of jsonlint",3,Serialization,,1,0.85,
piroor/treestyletab,1b15cd585936b45632185087e6293503e8210029,2019-10-24 01:28:54,jsonlint-cli,jsonlint,Use jsonlint-cli instead of jsonlint,jsonlint-cli jsonlint,"
Use jsonlint-cli instead of jsonlint",3,Serialization,,1,0.85,
pmmmwh/react-refresh-webpack-plugin,33f74c5fb18bf38e61c11fdb91dd1098c301f641,2020-08-26 07:11:17,ts-loader,awesome-typescript-loader,"use ts-loader in typescript example, upgrade deps (#191)",ts-loader awesome-typescript-loader,"
use ts-loader in typescript example, upgrade deps (#191)",10,Web Framework,,1,0.95,
pol-is/polis,712b18ccd3c1d8bbb290ab48f082a8bdd65caa7f,2020-09-21 07:34:50,d3-scale,d3,"build(deps): bump d3 from 5.16.0 (d3-scale@v2.2.2) to d3-scale@v3.2.2 in /client-admin (#568)

* build(deps): bump d3 from 5.16.0 to 6.1.1 in /client-admin

Bumps [d3](https://github.com/d3/d3) from 5.16.0 to 6.1.1.
- [Release notes](https://github.com/d3/d3/releases)
- [Changelog](https://github.com/d3/d3/blob/master/CHANGES.md)
- [Commits](https://github.com/d3/d3/compare/v5.16.0...v6.1.1)

Signed-off-by: dependabot[bot] <support@github.com>

* Imported d3-scale instead of full d3. Upgraded d3-scale from v2.2.2 to v3.2.2.

Co-authored-by: dependabot[bot] <49699333+dependabot[bot]@users.noreply.github.com>
Co-authored-by: Patrick Connolly <patrick.c.connolly@gmail.com>",d3-scale d3,"
* Imported d3-scale instead of full d3.
Upgraded d3-scale from v2.2.2 to v3.2.2.",3,Utility,,1,0.8,SizeComplexity
PolymerLabs/arcs,61e3ccdd325761a3fda046cfe78972e5372646b0,2017-05-30 01:18:25,webpack,browserify,"Switch from browserify to webpack

This makes it easlier to stub out node modules, and will support moving to
JavaScript modules in the future.",webpack browserify,"Switch from browserify to webpack
",9,HTTP Clients&Web Framework,,1,0.99,Functionality
Popmotion/popmotion,226022c4fb7c75c99db24b85974c30939c59722a,2018-10-31 11:40:23,react,enzyme,Migrate from enzyme to react-testing-library (#582),react enzyme,"
Migrate from enzyme to react-testing-library (#582)",3,Testing&UI,,1,0.85,
Popmotion/popmotion,226022c4fb7c75c99db24b85974c30939c59722a,2018-10-31 11:40:23,react,enzyme-adapter-react,Migrate from enzyme to react-testing-library (#582),react enzyme-adapter-react,"
Migrate from enzyme to react-testing-library (#582)",5,Testing&UI,,1,0.85,
postgres/pgadmin4,1317e4254b7715dfc08f680c8af0894f9ba04e0c,2021-02-10 07:17:52,css-minimizer-webpack-plugin,optimize-css-assets-webpack-plugin,"Updated the JS dependencies to the latest

1) Migrate from webpack 4 to webpack 5. This had a lot of breaking changes,
   so updated multiple webpack plugins and changed the config accordingly.
2) Replaced iconfont-webpack-plugin with a more maintained webfonts-loader.
3) Replaced deprecated babel-eslint with @babel/eslint-parser.
4) Replaced optimize-css-assets-webpack-plugin with a more maintained css-minimizer-webpack-plugin.
5) Updated all other JS packages and made the required code changes.

Fixes #6207",css-minimizer-webpack-plugin optimize-css-assets-webpack-plugin,"
2) Replaced iconfont-webpack-plugin with a more maintained webfonts-loader.
This had a lot of breaking changes,
so updated multiple webpack plugins and changed the config accordingly.",17,Web Framework&UI,,1,0.95,Activity
postgres/pgadmin4,43d37e3b4c737ca8e1500b2b59514e21036013c2,2019-12-11 08:32:27,terser-webpack-plugin,uglifyjs-webpack-plugin,Fix vulnerability issues reported by 'yarn audit'. Replace the deprecated uglifyjs-webpack-plugin with a terser-webpack-plugin. Fixes #5004.,terser-webpack-plugin uglifyjs-webpack-plugin,"
Fix vulnerability issues reported by 'yarn audit'.
Replace the deprecated uglifyjs-webpack-plugin with a terser-webpack-plugin.
Fixes #5004.",35,Codestyle&Web Framework,,1,0.98,Security
postgres/pgadmin4,e2bfac9e42938af97b091a41f755e3c4033c2f8f,2020-01-16 09:14:58,sass,node-sass,"Replace node-sass with sass for SCSS compilation. Fixes #5096

This will fix issues reported by the yarn audit. sass is better-maintained library than node-sass.",sass node-sass,"
Replace node-sass with sass for SCSS compilation.
Fixes #5096",40,UI,,1,0.99,Security
pouchdb/pouchdb,5fcb4826b2582b58b19ef6624b7b1f83e3e8ca8e,2017-02-19 20:47:49,eslint,jshint,"(#246) - Use Eslint

* Use Eslint

PouchDB uses eslint, this will make it easier to merge pouchdb-find into the main pouchdb repo

* use node 6

* add back used variables

* fixes from rebase",eslint jshint,"
(#246) - Use Eslint",16,Testing,,1,0.8,Organization
prescottprue/fireadmin,a22b1ad165edd48b656945d5cfcb3316c53feb16,2020-07-13 17:34:16,node-fetch,request,chore(functions): replace request and request-promise with node-fetch (#121),node-fetch request,"
chore(functions): replace request and request-promise with node-fetch (#121)",7,HTTP Clients,,1,0.98,
probot/smee,c3d752e8a436aa7c3b9daa710e9d5c8d98e7b74d,2018-12-15 23:56:59,mini-css-extract-plugin,extract-text-webpack-plugin,Replace extract-text with mini-css-extract,mini-css-extract-plugin extract-text-webpack-plugin,"
Replace extract-text with mini-css-extract",18,UI,,1,1.0,
promethe42/cocorico,bc7e8412dbc5974344550f419403eb14218e2b53,2016-09-25 22:29:13,webpack,browserify,"Update the app build system to use webpack instead of browserify.
Add npm-shrinkwrap.json to avoid future dependency issues.
Fix coding style.",webpack browserify,"
Update the app build system to use webpack instead of browserify.",9,HTTP Clients&Web Framework,,1,1.0,
ptarmiganlabs/butler-sos,358ff4ae2c27b0168050e1bf01d682e13f4c82f5,2021-04-16 04:30:40,luxon,moment,feat: Switch to Luxon instead of Moment. #150,luxon moment,"
feat: Switch to Luxon instead of Moment.
#150",4,Utility,,1,1.0,
pwmarcz/minefield,9105ab57e8e21dacf3436f7ca3f757dcde1f1019,2016-05-02 21:17:17,webpack,gulp,Replace gulp with webpack,webpack gulp,"
Replace gulp with webpack",6,Web Framework,,1,1.0,
qlik-oss/nebula.js,a2de631be5917cb109a775e05132d2bf20585d4a,2019-04-23 08:49:37,react,preact,chore: switch to react,react preact,"
chore: switch to react",7,UI,,1,1.0,
quiltdata/t4,97798e769e9b77a55149ebd6761e0201095a464e,2018-11-04 09:09:09,connected-react-router,react,"catalog: some more maintenance

* switch deprecated react-router-redux to connected-react-router

* cleanup

* use redux-devtools-extension npm package",connected-react-router react,"
* switch deprecated react-router-redux to connected-react-router",18,UI,,1,0.75,Deprecation
RareCamp/RareCamp,13a35976b02aa3e359b7b6dd8a86df9dec5c362b,2021-03-03 18:44:04,nanoid,shortid,"feat: add program API and Table (#46)

* feat: add program API

* fix(api): swap out shortid for nanoid

* fix: remove console.logs",nanoid shortid,"
* fix(api): swap out shortid for nanoid",5,Utility,,1,1.0,
reach4help/reach4help,912cc54098a33041ff5efd65f74c8b97c0b5f131,2020-03-31 12:36:04,eslint,tslint,"improvement(firebase): clean up project and use eslint

* Add firebase-tools dependency so it doesn't need to be installed globally
* Use eslint instead of tslint in functions",eslint tslint,"
improvement(firebase): clean up project and use eslint",26,Testing,,1,0.99,
react-community/react-navigation,9bb5cfded3f805797cf759386bb3bfe34d2e01e7,2020-03-30 19:42:58,nanoid,shortid,refactor: replace shortid with nanoid. closes #7858,nanoid shortid,"
refactor: replace shortid with nanoid.
closes #7858",5,Utility,,1,1.0,
react-materialize/react-materialize,ce483130a685738176ed18e0b8bb54f8c6cbafae,2015-07-28 14:19:21,webpack,browserify,replace browserify with webpack,webpack browserify,"
replace browserify with webpack",9,HTTP Clients&Web Framework,,1,1.0,
react-native-community/cli,9f8ae998b4f90d7c4d12abbaf07e2d8e6ae7e70f,2020-12-07 12:37:20,prompts,inquirer,"chore: replace inquirer with prompts (#1010)

* chore: replace inquirer with enquirer

* fix install pods prompt

* fix ios deploy prompt

* replace enquirer with prompts",prompts inquirer,"
chore: replace inquirer with prompts (#1010)",6,Utility,,1,0.99,
RedHatInsights/frontend-components,01672c59a446ec6fb7d87e3afc000c18c8c1cc7d,2021-05-19 13:59:40,sass,node-sass,Remove deprecated node-sass in favor of dart-sass,sass node-sass,Remove deprecated node-sass in favor of dart-sassRemove deprecated node-sass in favor of dart-sassRemove deprecated node-sass in favor of dart-sass,40,UI,,1,0.95,Deprecation
redux-book/code-samples,3b527d4c33203481a09f9c37e1e326ea84385779,2018-03-11 13:41:22,axios,whatwg-fetch,replace fetch with axios,axios whatwg-fetch,"
replace fetch with axios",3,HTTP Clients,,1,0.98,
redwoodjs/example-blog,71fc04249c18935c015564afa6d0cc5778ee64f0,2020-09-10 16:07:20,date-fns,moment,"Replace moment with date-fns (#47)

Co-authored-by: Rob Cameron <cannikin@fastmail.com>",date-fns moment,"
Replace moment with date-fns (#47)",13,Serialization,,1,1.0,
reframejs/reframe,a885681558a0c87073b4595e7a97e3b360492705,2018-09-03 20:15:40,babel,ts-loader,use @babel/preset-typescript instead of ts-loader,babel ts-loader,"
use @babel/preset-typescript instead of ts-loader",7,Web Framework,,1,0.96,
reframejs/reframe,a10692333dbc7d92e60a4b895c7387ce7b058a69,2018-03-28 18:14:33,mini-css-extract-plugin,extract-text-webpack-plugin,use mini-css-extract-plugin instead of extract-text-webpack-plugin,mini-css-extract-plugin extract-text-webpack-plugin,"
use mini-css-extract-plugin instead of extract-text-webpack-plugin",18,UI,,1,1.0,
RemoteMetering/geteventstore-promise,42df71df876ee094d383a430ba25b6b098e93ad4,2018-09-12 17:48:54,axios,request-promise,[Change] replace request-promise with axios,axios request-promise,"
[Change] replace request-promise with axios",4,HTTP Clients,,1,1.0,
RemoteMetering/geteventstore-promise,42df71df876ee094d383a430ba25b6b098e93ad4,2018-09-12 17:48:54,axios,request,[Change] replace request-promise with axios,axios request,"
[Change] replace request-promise with axios",6,HTTP Clients,,1,1.0,
renke/import-sort,2e5801bf6533feaac081b495ed4c8a25269ac503,2019-02-02 18:28:44,eslint,tslint,Use ESLint (and remove TSLint),eslint tslint,"
Use ESLint (and remove TSLint)",26,Testing,,1,1.0,
renke/import-sort,2e5801bf6533feaac081b495ed4c8a25269ac503,2019-02-02 18:28:44,typescript-eslint,tslint,Use ESLint (and remove TSLint),typescript-eslint tslint,"
Use ESLint (and remove TSLint)",24,Testing,,1,1.0,
responsively-org/responsively-app,9b3c4f2b159918788f755aea42799ade943cddc8,2020-07-19 08:27:31,sass,node-sass,chore(deps): migrate from node-sass to sass,sass node-sass,"
chore(deps): migrate from node-sass to sass",40,UI,,1,1.0,
restify/node-restify,2f5bf8722c9e0ba0d45f32af5c2c16ddbaa538b4,2020-07-11 01:22:38,pino,bunyan,"Prefer Pino logger over Bunyan (#1841)

BREAKING CHANGE: removes `RequestCaptureStream` and replaces `Bunyan` with `Pino`",pino bunyan,"
BREAKING CHANGE: removes `RequestCaptureStream` and replaces `Bunyan` with `Pino`",3,Logging,,1,1.0,
rhodlib/mern_personal_blog,80a12d492b5871ac94046a25bede2d435733c2a4,2020-04-24 11:56:16,react,preact,Update to react,react preact,"
Update to react",7,UI,,1,1.0,
rickbeerendonk/react-examples,7e4126de1194351054a0c1b09b70c4f370aa0b8d,2019-06-09 09:16:19,core-js,babel,Use core-js instead of deprecated @babel/polyfill.,core-js babel,"
Use core-js instead of deprecated @babel/polyfill.",13,Utility,,1,0.75,Deprecation
Riim/Rionite,89fa5a32a1715e6ac61a793a2f12edbe89c07e9f,2019-10-16 20:09:22,rollup,webpack,replace webpack with rollup,rollup webpack,"
replace webpack with rollup",6,Web Framework&Building,,1,1.0,
ringcentral/ringcentral-js-widgets,5ffba377d6c9e2694385bef68f9b61e1abe0c1cc,2018-05-11 07:24:51,fs-extra,fs-promise,"[infra] Use fs-extra instead of fs-promise, and resolve some duplicated npm module versions (#753)",fs-extra fs-promise,"
[infra] Use fs-extra instead of fs-promise, and resolve some duplicated npm module versions (#753)",4,Filesystem,,1,1.0,Integration
roadiz/BaseTheme,d0187611ffb49450c73b120a268ad715468580ac,2016-03-14 15:29:16,gulp,grunt,Switched from grunt to gulp and to ES6.,gulp grunt,"
Switched from grunt to gulp and to ES6.",14,Building,,1,1.0,
roadiz/BaseTheme,d0187611ffb49450c73b120a268ad715468580ac,2016-03-14 15:29:16,gulp,time-grunt,Switched from grunt to gulp and to ES6.,gulp time-grunt,"
Switched from grunt to gulp and to ES6.",5,Building,,1,1.0,
RobbinBaauw/CSHub,8231ee3cabbd3fc7df48cfca8dc84806d2ae327a,2019-08-11 08:53:32,eslint,tslint,"feat(practice, eslint): wip and converted server to ESLint",eslint tslint,"feat(practice, eslint): wip and converted server to ESLint",26,Testing,,1,1.0,
RobbinBaauw/CSHub,8231ee3cabbd3fc7df48cfca8dc84806d2ae327a,2019-08-11 08:53:32,typescript-eslint,tslint,"feat(practice, eslint): wip and converted server to ESLint",typescript-eslint tslint,"feat(practice, eslint): wip and converted server to ESLint",24,Testing,,1,1.0,
robi42/boot-rest,322d73a55f6cc55c1638aab77aea3c7979b62210,2014-10-10 11:42:28,gulp,grunt,"Upgrades all around, move from grunt to gulp, ...",gulp grunt,"
Upgrades all around, move from grunt to gulp, ...",14,Building,,1,1.0,
robi42/boot-rest,322d73a55f6cc55c1638aab77aea3c7979b62210,2014-10-10 11:42:28,gulp,load-grunt-tasks,"Upgrades all around, move from grunt to gulp, ...",gulp load-grunt-tasks,"
Upgrades all around, move from grunt to gulp, ...",4,Building,,1,1.0,
robi42/boot-rest,322d73a55f6cc55c1638aab77aea3c7979b62210,2014-10-10 11:42:28,gulp,time-grunt,"Upgrades all around, move from grunt to gulp, ...",gulp time-grunt,"
Upgrades all around, move from grunt to gulp, ...",5,Building,,1,1.0,
ronik-design/slush-gh-pages,ea7cc054b4d5f770f1ab5c3132458fa9cc80ee00,2016-09-11 05:09:01,webpack,rollup,replace rollup with webpack,webpack rollup,"
replace rollup with webpack",5,Building&Web Framework,,1,1.0,
rstacruz/pnpm,06dd69511c775f5b5b449445768ae83dfac84adb,2019-05-30 20:21:06,make-dir,mkdirp,fix(deps): replace mkdirp with make-dir,make-dir mkdirp,"
fix(deps): replace mkdirp with make-dir",5,Filesystem,,1,0.95,
rstoenescu/quasar-framework,4a076738263a910540b6d90a7cab7892508ffa0c,2020-10-28 10:29:57,sass,node-sass,"feat(app): replace deprecated ""node-sass"" package with recommended ""sass"" (dart-sass) #4066",sass node-sass,"
feat(app): replace deprecated ""node-sass"" package with recommended ""sass"" (dart-sass) #4066",40,UI,,1,0.9,Deprecation
rstoenescu/quasar-framework,639b501a20cbc86c15fee017570c270feae67f58,2021-04-16 16:03:40,css-minimizer-webpack-plugin,optimize-css-assets-webpack-plugin,feat(app): Upgrade to webpack 5 (still work in progress),css-minimizer-webpack-plugin optimize-css-assets-webpack-plugin,"
feat(app): Upgrade to webpack 5 (still work in progress)",17,Web Framework&UI,,1,0.5,Integration
runtools/run,fe9ef76dcd13d748394523bf48efd8a0c3e3216a,2017-02-10 08:20:58,rollup,browserify,module-example-test: Use Rollup instead of Browserify,rollup browserify,"
module-example-test: Use Rollup instead of Browserify",3,HTTP Clients&Building,,1,1.0,
ryanelian/instapack,534460a87c2ad88cef5b25eaab368d49f0315efb,2018-03-25 05:43:43,@types/luxon,moment,Replace Moment.js with Luxon (by Moment team)!,@types/luxon moment,"
Replace Moment.js with Luxon (by Moment team)!",3,Typescript,,1,0.9,
ryanelian/instapack,534460a87c2ad88cef5b25eaab368d49f0315efb,2018-03-25 05:43:43,luxon,moment,Replace Moment.js with Luxon (by Moment team)!,luxon moment,"
Replace Moment.js with Luxon (by Moment team)!",4,Utility,,1,0.9,
sagefy/sagefy,9a1f1f52e678d7f96a10dad7db31882a0a7dc5d1,2018-02-05 06:12:14,jest,chai,mocha chai sinon -> jest,jest chai,"
mocha chai sinon  laifuhewb  jest",6,Testing,,1,0.95,
sagefy/sagefy,9a1f1f52e678d7f96a10dad7db31882a0a7dc5d1,2018-02-05 06:12:14,jest,sinon-chai,mocha chai sinon -> jest,jest sinon-chai,"
mocha chai sinon  laifuhewb  jest",4,Testing,,1,0.95,
sagefy/sagefy,9a1f1f52e678d7f96a10dad7db31882a0a7dc5d1,2018-02-05 06:12:14,jest,mocha,mocha chai sinon -> jest,jest mocha,"
mocha chai sinon  laifuhewb  jest",12,Testing,,1,0.95,
sagefy/sagefy,20401afa8df82bd534a6dcb1b5ee7b91f0ba81ca,2014-02-18 04:50:46,gulp,grunt,Move Grunt to gulp,gulp grunt,"
Move Grunt to gulp",14,Building,,1,1.0,
sagefy/sagefy,20401afa8df82bd534a6dcb1b5ee7b91f0ba81ca,2014-02-18 04:50:46,gulp,load-grunt-tasks,Move Grunt to gulp,gulp load-grunt-tasks,"
Move Grunt to gulp",4,Building,,1,1.0,
salimkanoun/Orthanc-Tools-JS,c8104be5565f73688da1edef45193492556fc0a6,2020-02-07 15:28:11,bcryptjs,bcrypt,move to bcryptJS library,bcryptjs bcrypt,"
move to bcryptJS library",11,HTTP Clients,,1,0.95,
saltcorn/saltcorn,e8a4abad867b5dab796cfb4486fdd24959bc9b1d,2020-05-15 09:01:06,bcryptjs,bcrypt,"Fix ci (#83)

* chown

* no sudo

* pre-gyp

* bcryptjs

* remove bcrypt again

* debug

* own debug

* set database

* fix env var name

* error msg

* rm python",bcryptjs bcrypt,"Fix ci (#83)
",11,HTTP Clients,,1,0.95,
saltyshiomix/nextron,5440d2b6d70ea5608bd136c57fa80193e96479df,2019-04-20 07:35:05,babel,ts-loader,Use @babel/preset-typescript instead of ts-loader,babel ts-loader,"
Use @babel/preset-typescript instead of ts-loader",7,Web Framework,,1,0.95,
SamHH/bukubrow,3ad4471e789d59f0993238ca2bb688a3ec591d94,2019-02-24 16:53:19,@types/styled-components,mini-css-extract-plugin,CSS Modules -> Styled Components; some fixes for previous,@types/styled-components mini-css-extract-plugin,"
CSS Modules  laifuhewb  Styled Components; some fixes for previous",3,UI&Typescript,,1,0.75,
SamHH/bukubrow,75e4c195df24c3fa2ca3bf5a40dff7473f72bebd,2018-04-15 18:06:13,react,preact,ES6 -> TypeScript; Preact -> React; upgrade to Webpack 4.x; misc related,react preact,"
ES6  laifuhewb  TypeScript; Preact  laifuhewb  React; upgrade to Webpack 4.x; misc related",7,UI,,1,0.95,
SamHH/bukubrow,75e4c195df24c3fa2ca3bf5a40dff7473f72bebd,2018-04-15 18:06:13,webpack,babel,ES6 -> TypeScript; Preact -> React; upgrade to Webpack 4.x; misc related,webpack babel,"
ES6  laifuhewb  TypeScript; Preact  laifuhewb  React; upgrade to Webpack 4.x; misc related",5,Web Framework,,1,0.95,
SamHH/bukubrow,75e4c195df24c3fa2ca3bf5a40dff7473f72bebd,2018-04-15 18:06:13,react,babel,ES6 -> TypeScript; Preact -> React; upgrade to Webpack 4.x; misc related,react babel,"
ES6  laifuhewb  TypeScript; Preact  laifuhewb  React; upgrade to Webpack 4.x; misc related",3,UI,,1,0.95,
SamHH/bukubrow,317a1f85e23f2cff590c7ce8b5638875d0446c68,2018-06-21 14:34:03,mini-css-extract-plugin,extract-text-webpack-plugin,extract-text-webpack-plugin -> mini-css-extract-plugin,mini-css-extract-plugin extract-text-webpack-plugin,"
extract-text-webpack-plugin  laifuhewb  mini-css-extract-plugin",18,UI,,1,1.0,
SamHH/bukubrow,1d06c6f77f4d722e7d768efe9a7ae2a259a4cc8c,2019-02-20 00:11:38,eslint,tslint,TSLint -> ESLint,eslint tslint,"
TSLint  laifuhewb  ESLint",26,Testing,,1,1.0,
SamHH/bukubrow,1d06c6f77f4d722e7d768efe9a7ae2a259a4cc8c,2019-02-20 00:11:38,typescript-eslint,tslint,TSLint -> ESLint,typescript-eslint tslint,"
TSLint  laifuhewb  ESLint",24,Testing,,1,1.0,
sanity-io/sanity,9ee2ec72addee0e8d4a64b16b1ac94440c70a255,2017-10-12 15:03:36,date-fns,moment,[chore] Replace moment with date-fns (#251),date-fns moment,"
[chore] Replace moment with date-fns (#251)",13,Serialization,,1,1.0,
sanity-io/sanity,9759fc3d8eddff82451266787122af22cf5f3bef,2018-11-14 14:06:48,terser,uglify-js,[chore] Replace uglify with terser (#1044),terser uglify-js,"
[chore] Replace uglify with terser (#1044)",4,Utility,,1,1.0,
sanity-io/sanity,7493b5a5def249e362c6d262f146ec8a03297b87,2017-10-03 09:49:06,fs-extra,fs-promise,"[cli] Remove needless prompts, swap fs-promise for fs-extra (#218)",fs-extra fs-promise,"
[cli] Remove needless prompts, swap fs-promise for fs-extra (#218)",4,Filesystem,,1,1.0,
sanity-io/sanity,fa1477186778b65af3f6bc67f6e2f4cd8012be7a,2018-01-30 12:00:56,uglify-es,uglify-js,[core] Use uglify-es instead of uglify-js for minifying (#541),uglify-es uglify-js,"
[core] Use uglify-es instead of uglify-js for minifying (#541)",5,Utility,,1,1.0,
SAP/service-fabrik-broker,a3c6fbfc5f6edb8af8274c061496ce3c5be2e699,2020-12-02 12:54:03,axios,request,"Replace Request with Axios in HTTP Clients (#1111)

* Use AxiosHttpClient in ServiceFabrikClient
Fix unit test failures

* Use AxiosHttpClient in DeploymentHookClient
Fix unit test failures

Wrap axios.request promise in bluebird promise
to support .tap() in clients

* Use AxiosHttpClient in CloudControllerClient
Fix unit test failures

* Use AxiosHttpClient in ServiceBrokerClient
Fix unit test failures

* Use AxiosHttpClient in BoshDirectorClient.
Fix unit test failures.

Enhance error handling in AxiosHttpClient.
Configure rejectUnauthorized flag during http request.
Workaround for axios/axios/issues/907

* changes in quota clients and uaa client

* Fix test case #makeRequestWithConfigWithUAA of BoshDirectorClient

* Use AxiosHttpClient in MeteringClient.
Fix unit test failures.

* Use AxiosHttpClient in Agent.
Fix unit test failures.

* Rename AxiosHttpClient to HttpClient.
Remove request from package.json
Fix HttpClient unit test failures.

* Fix test case failures,
- $makeRequestWithConfigWithUAA case in BoshDirectorService
- #update cases in DirectorService

Co-authored-by: i350504 <jayeshk1992@gmail.com>",axios request,"
Replace Request with Axios in HTTP Clients (#1111)",6,HTTP Clients,,1,1.0,
sapegin/mrm,ca72d6b8fa94a627285db2454287e550985d1fc7,2020-10-27 07:55:13,yaml,js-yaml,"feat(mrm-core): Replace js-yaml with yaml

It gives more readable output, for example, doesn't quote values as much as js-yaml. And especially it doesn't quote `on` key that js-yaml quotes for whatever reason.",yaml js-yaml,"
feat(mrm-core): Replace js-yaml with yaml",4,Utility,,1,1.0,Usability
ScottLogic/StockFlux,abcf178c930d55d0127c3bf19f89bb847a49ed7f,2019-05-08 16:05:06,date-fns,moment,"Remove unused dependencies, replace moment with date-fns",date-fns moment,"
Remove unused dependencies, replace moment with date-fns",13,Serialization,,1,1.0,Simplification
scrapinghub/portia,cfbfdc1489efb0fe10471cc76fe4eb9afec487a8,2015-01-27 11:58:24,gulp,grunt,Move from Grunt to Gulp. Optimize JS compilation. Remove unneeded files.,gulp grunt,"
Move from Grunt to Gulp.
Optimize JS compilation.",14,Building,,1,1.0,Performance
Sebobo/Shel.Neos.YoastSeo,a567f89b3efe25a2e0af6406d2c5058bc6189315,2019-06-10 10:55:35,terser-webpack-plugin,uglifyjs-webpack-plugin,"TASK: Upgrade webpack & use current yoast libraries (#41)

* Upgrade webpack to 4 and use split yoast packages
* Raise Neos requirements to get rid of mousetrap hotfix
* Use terser for minification
* Reduce yoastseo.js bundle size
* Load css for inspector again
* Load correct translation for components
* Remove debug message
* Make loading spinner visible again
* Update compiled assets
* Add production context for inspector build to reduce bundle size further",terser-webpack-plugin uglifyjs-webpack-plugin,"
TASK: Upgrade webpack & use current yoast libraries (#41)",35,Codestyle&Web Framework,,1,0.85,SizeComplexity
Sebobo/Shel.Neos.YoastSeo,a567f89b3efe25a2e0af6406d2c5058bc6189315,2019-06-10 10:55:35,webpack,uglifyjs-webpack-plugin,"TASK: Upgrade webpack & use current yoast libraries (#41)

* Upgrade webpack to 4 and use split yoast packages
* Raise Neos requirements to get rid of mousetrap hotfix
* Use terser for minification
* Reduce yoastseo.js bundle size
* Load css for inspector again
* Load correct translation for components
* Remove debug message
* Make loading spinner visible again
* Update compiled assets
* Add production context for inspector build to reduce bundle size further",webpack uglifyjs-webpack-plugin,"
TASK: Upgrade webpack & use current yoast libraries (#41)",4,Codestyle&Web Framework,,1,0.85,
sendgrid/sendgrid-nodejs,b2b40de2bc3656bdc677cb03dfeef585a430c4ee,2020-03-24 22:17:12,axios,request,feat!: migrate from deprecated request module to axios (#1058),axios request,"
feat!: migrate from deprecated request module to axios (#1058)",6,HTTP Clients,,1,1.0,Deprecation
serverless-components/express,d2ed98ebc3473cc8208f6fe8bd3814e419a596de,2021-01-15 14:58:17,serverless-http,aws-serverless-express,switch to serverless-http,serverless-http aws-serverless-express,"
switch to serverless-http",3,HTTP Clients,,1,1.0,
shesek/spark-wallet,35c60b4b090e6d96eb098b4608a33d8a90941069,2019-06-06 15:43:40,terser,uglify-js,Replace uglify-js with the ES-compatible terser,terser uglify-js,"
Replace uglify-js with the ES-compatible terser",4,Utility,,1,1.0,Integration
ShieldBattery/shieldbattery,5cd706b1a38fdae24a640ae2bdaa07ea5e86f3e2,2020-05-08 02:11:38,pino,bunyan,"Move from bunyan to pino for logging, since the former seems to be dead.",pino bunyan,"
Move from bunyan to pino for logging, since the former seems to be dead.",3,Logging,,1,1.0,Deprecation
silklabs/silk,f632415ff88643cb830a032bf6eb347911d8ad62,2016-12-13 06:12:55,mocha,nodeunit,Convert node-caffe test from node-unit to mocha and lint/format,mocha nodeunit,"
Convert node-caffe test from node-unit to mocha and lint/format",3,Testing,,1,1.0,
slidewiki/notification-service,fd077104e3c24818ff65824ba7dbf69b36a19d81,2018-04-11 11:08:47,nyc,istanbul,Exchanged istanbul (outdated) with nyc,nyc istanbul,"
Exchanged istanbul (outdated) with nyc",9,Testing,,1,1.0,Deprecation
smartcontractkit/external-adapters-js,20408e33e9fb80bf98a7764f236d4272e3815f45,2021-04-19 16:32:20,@types/jest,mocha,"chore/jest migration (#408)

* Run codemod

* Run BDD codemod

* Swap out chai + mocha deps for jest

* Fix invalid assertions

* Split up unit and integration tests

* Edit root test commands

* Run lint:fix

* Fixup ethwrite test

* Use self-hosted prod runners for CI

* Manually install yarn

* Ghetto parallelisation

* Clean up package scripts

* Remove jest as dep from subpackages

* Fix CI script",@types/jest mocha,"
* Swap out chai + mocha deps for jest",4,Testing,,1,0.95,
smooth-code/jest-puppeteer,f3bb9415e52207f5f4d293aee3bf7783e1bccce9,2019-03-27 13:50:33,prompts,inquirer,"chore(jest-dev-server): reduce number of deps by replacing inquirer with prompts (#217)

* chore(jest-dev-server): reduce n of deps - replace inquirer with prompts

Reduces number of dependencies of jest-dev-server by about 25 (from 56) by replacing ""inquirer"" package with ""prompts"" for displaying interactive prompt.",prompts inquirer,"
chore(jest-dev-server): reduce number of deps by replacing inquirer with prompts (#217)",6,Utility,,1,1.0,Simplification
smooth-code/smooth.js,7411d27bc9da22fa6faf9d014d897484228beada,2019-05-03 09:01:27,core-js,babel,feat(core): remove @babel/polyfill & use core-js@3,core-js babel,"
feat(core): remove @babel/polyfill & use core-js@3",13,Utility,,1,0.95,
sockethub/sockethub,c04d2000198b6a352317847ef617d7f7b5aac5ba,2020-02-02 19:57:27,webpack,gulp,"switch from gulp to webpack, and from jaribu to mocha",webpack gulp,"
switch from gulp to webpack, and from jaribu to mocha",6,Web Framework,,1,1.0,
SoftwareAteliers/asp-net-core-vue-starter,13970a4512b83ded2f346425ea539ce261f28bb3,2019-10-21 20:45:46,core-js,babel,"Vue CLI updated to 4.0.4, Sass loader 8.0.0, Babel polyfill replaced with core-js import",core-js babel,"
Vue CLI updated to 4.0.4, Sass loader 8.0.0, Babel polyfill replaced with core-js import",13,Utility,,1,0.95,
Soluto/tweek,f08ced47a931927805240d3b612ab9ce8cd1a415,2020-08-26 08:20:11,eslint,tslint,tslint replaced with eslint in authoring (#1317),eslint tslint,"
tslint replaced with eslint in authoring (#1317)",26,Testing,,1,1.0,
Soluto/tweek,f08ced47a931927805240d3b612ab9ce8cd1a415,2020-08-26 08:20:11,typescript-eslint,tslint,tslint replaced with eslint in authoring (#1317),typescript-eslint tslint,"
tslint replaced with eslint in authoring (#1317)",24,Testing,,1,1.0,
SpareBank1/designsystem,389af744babca3de8ff96261e87bbf8244be92f9,2018-02-08 16:46:16,jest,mocha,"chore(ffe-account-selector-react): Rewrite tests to use Jest

Replacing Mocha with Jest. I'm also fully utilizing Jest by kicking
out Sinon and Chai, replacing all of it with Jest.",jest mocha,"Replacing Mocha with Jest.
I'm also fully utilizing Jest by kicking
",12,Testing,,1,1.0,
SpareBank1/designsystem,389af744babca3de8ff96261e87bbf8244be92f9,2018-02-08 16:46:16,jest,chai,"chore(ffe-account-selector-react): Rewrite tests to use Jest

Replacing Mocha with Jest. I'm also fully utilizing Jest by kicking
out Sinon and Chai, replacing all of it with Jest.",jest chai,"chore(ffe-account-selector-react): Rewrite tests to use Jest
",6,Testing,,1,1.0,
sparkswap/broker,77420edc8ec40dfb3647a0591a8c7826dec90df5,2019-04-17 06:18:27,eslint,standard,"Remove standard from CLI (#493)

* makes sure we are on latest npm to avoid cache issues

* remove standard for eslint

* fix configuration file check",eslint standard,"Remove standard from CLI (#493)
Remove standard from CLI (#493)
",3,UI&Testing,,1,1.0,
spring-cloud/spring-cloud-dataflow-ui,511bd76c9577a776406761be104c25afb9760f6a,2018-11-01 12:06:00,@types/luxon,moment,"Move to Luxon library (dates and times)

Remove Moment and add Luxon
Remove unused TimePicker Component
Resolves #635",@types/luxon moment,"
Remove Moment and add Luxon
Remove unused TimePicker Component",3,Typescript,,1,0.9,
spring-cloud/spring-cloud-dataflow-ui,511bd76c9577a776406761be104c25afb9760f6a,2018-11-01 12:06:00,luxon,moment,"Move to Luxon library (dates and times)

Remove Moment and add Luxon
Remove unused TimePicker Component
Resolves #635",luxon moment,"Remove Moment and add Luxon
Remove unused TimePicker Component
",4,Utility,,1,0.9,
springload/frontend-starter-kit,8906427745339b8226220111c6742d6bf6c283d5,2020-01-13 03:39:24,core-js,babel,"Replace @babel/polyfill for core-js

@babel/polyfill is deprecated in favour of separate inclusion of required parts of core-js and regenerator-runtime",core-js babel,"
Replace @babel/polyfill for core-js",13,Utility,,1,1.0,Deprecation
springload/frontend-starter-kit,43c3e2bbe648d349a0cdf4c57c8a4bb916d09773,2020-11-12 01:00:55,sass,node-sass,"UPDATED: node-sass is deprecated, now replaced with dart-sass https://www.npmjs.com/package/sass",sass node-sass,"UPDATED: node-sass is deprecated, now replaced with dart-sass https://www.npmjs.com/package/sassUPDATED: node-sass is deprecated, now replaced with dart-sass https://www.npmjs.com/package/sassUPDATED: node-sass is deprecated, now replaced with dart-sass https://www.npmjs.com/package/sassUPDATED: node-sass is deprecated, now replaced with dart-sass https://www.npmjs.com/package/sassUPDATED: node-sass is deprecated, now replaced with dart-sass https://www.npmjs.com/package/sassUPDATED: node-sass is deprecated, now replaced with dart-sass https://www.npmjs.com/package/sass",40,UI,,1,1.0,Deprecation
statsbotco/cubejs-client,cf133a97b8b9f37176cf2c3373e33b691c34c964,2020-02-27 18:09:15,jest,mocha,"feat: Redis connection pooling (#433) Thanks to @jcw!

* Pool redis connections

* Drain pool after test completion

* Increase pool size, decrease idle timeout

* Install jest instead of mocha

* Convert tests from mocha to jest

* Fix resource leak in fallback mode

* Fix matcher conversion

Fixes #104",jest mocha,"
* Install jest instead of mocha",12,Testing,,1,1.0,
statsbotco/cubejs-client,79150f423ba2dfaed6fcd40e85e0a473d3cf9a82,2019-04-22 14:23:47,cross-fetch,isomorphic-fetch,"fix: Use cross-fetch instead of isomorphic-fetch to allow React-Native builds (#92)

* fix: Use cross-fetch instead of isomorphic-fetch to allow React-Native builds

* fix: remove eslint instruction because using ponyfill

* fix: add built files after removing comment",cross-fetch isomorphic-fetch,"
fix: Use cross-fetch instead of isomorphic-fetch to allow React-Native builds (#92)",9,HTTP Clients,,1,1.0,Integration
statsbotco/cubejs-client,b02c1242235476b35ae554c7b5dd643ea1327e89,2021-06-16 08:39:34,dayjs,moment,"refactor(@cubejs-client/core): replace `moment` with `dayjs` (#2794). Thanks to @mgebeily!

Co-authored-by: Alex Vasilev <vaspiring@gmail.com>",dayjs moment,"
refactor(@cubejs-client/core): replace `moment` with `dayjs` (#2794).
Thanks to @mgebeily!",14,Serialization,,1,1.0,
streamr-dev/streamr-platform,c28bf5a446a98610bc8c1c1165e571d75302fce5,2019-05-21 11:58:02,@sentry/browser,raven-js,[analytics] Replace deprecated raven-js with sentry/browser. (#468),@sentry/browser raven-js,"
[analytics] Replace deprecated raven-js with sentry/browser.
(#468)",5,HTTP Clients,,1,1.0,Deprecation
streamr-dev/streamr-platform,a31152b95819b5ff1571431720fe1832f6b871c5,2019-10-28 05:15:47,ace-builds,brace,[editor/canvas] Use ace-builds for ace mode/theme instead of outdated brace.,ace-builds brace,"[editor/canvas] Use ace-builds for ace mode/theme instead of outdated brace.
",3,HTTP Clients,,1,1.0,Deprecation
styled-components/styled-components,95039a0a0599bd5c6e2aa2193486c80cee046f1f,2020-10-16 02:21:39,stylis,emotion,"[breaking] stylis v4 (#3241)

* [breaking] stylis v4

moves off @emotion/stylis and attempts to retain backward-compatibility
for everything except stylusPlugins, which cannot be made compatible
due to a vastly different middleware setup in v4

* ruleIndex does not need to be incremented in the singular case

* update snapshots based on revised master branch

* use prelease of stylis-rtl-plugin v2

* use v2 release",stylis emotion,"
moves off @emotion/stylis and attempts to retain backward-compatibility
for everything except stylusPlugins, which cannot be made compatible
due to a vastly different middleware setup in v4",3,UI,,1,0.95,
stylelint/vscode-stylelint,5f63b2cea4a45170d9a052dad9e6db1358128503,2018-02-21 10:42:57,nyc,istanbul,"update devDependencies

Highlights:

* update ESLint from v3 to v4
* update @shinnn/eslint-config and follow its rules, for exmaple tab indent
* introduce Rollup and rollup-config-module to adapt to .mjs-based module system
* switch from istanbul to nyc",nyc istanbul,"
* introduce Rollup and rollup-config-module to adapt to .mjs-based module system
* switch from istanbul to nyc",9,Testing,,1,0.9,
synzen/MonitoRSS-Web,ecd36afdadca7e47504daa5423f64911b60cde96,2020-03-20 20:09:06,fomantic-ui,semantic-ui,"Replace semantic with fomantic
Incompatible with node 12",fomantic-ui semantic-ui,"
Replace semantic with fomantic
Incompatible with node 12",3,Utility,,1,0.95,BugIssue
system-ui/theme-ui,7b37c4b9f613823bacbfd43f0fc56ca9c11408f7,2019-06-10 17:44:44,deepmerge,lodash,Try using deepmerge instead of lodash,deepmerge lodash,"
Try using deepmerge instead of lodash",3,Building&Filesystem,,1,0.8,
tamb/domponent,9c98cb93eb02622edb5c0da90186ad37cef57991,2019-08-07 11:02:19,webpack,parcel-bundler,remove parcel bundler and use webpack for example,webpack parcel-bundler,"
remove parcel bundler and use webpack for example",5,Building&Web Framework,,1,0.97,
tavultesoft/keymanweb,a72e593f6c8e397595fd3078fc4a5ac48223191f,2018-11-09 18:05:25,mocha,ava,Replace Ava with Mocha/Chai.,mocha ava,"
Replace Ava with Mocha/Chai.",8,Testing,,1,0.98,
tbranyen/diffhtml,934f5189dc1e037d5111d7e03d850a6a9d3b3d35,2017-06-07 08:32:37,rollup,browserify,"Greatly refactors plugins and exposes Internals

- Out with browserify; in with rollup

  This adds consistency to the shared modules by giving them a common
  rollup build step and eliminating the browserify

- No shared-internals, just reference `diff.Internals` or `import {
  Internals } from 'diffhtml';` directly.

- Improvements to the prollyfill

- Started on bundling package demo",rollup browserify,"
- Out with browserify; in with rollup",3,HTTP Clients&Building,,1,0.97,Simplification
Tencent/wepy,83d2f7a962652d4fd17bb4f13af44b062a7e85ec,2020-06-27 15:34:15,sass,node-sass,replace 'node-sass' to 'sass' (dart-sass),sass node-sass,"
replace 'node-sass' to 'sass' (dart-sass)",40,UI,,1,0.95,
the-front/angularjs-ee-boilerplate,d8794411083bd18d28999d062fefe5f3639e03c7,2015-04-09 14:52:08,gulp,grunt,#35 /publisher moved from grunt to gulp,gulp grunt,"
#35 /publisher moved from grunt to gulp",14,Building,,1,0.98,
the-front/angularjs-ee-boilerplate,d8794411083bd18d28999d062fefe5f3639e03c7,2015-04-09 14:52:08,gulp,time-grunt,#35 /publisher moved from grunt to gulp,gulp time-grunt,"
#35 /publisher moved from grunt to gulp",5,Building,,1,0.98,
thefrontside/bigtest,a07dcd8ea696ca53200ec8e063b68d5dfac6c8c7,2021-05-13 21:18:44,fs-extra,ncp,Replace ncp with fs-extra,fs-extra ncp,"
Replace ncp with fs-extra",4,Filesystem,,1,0.98,
theroux/clingify,17318a89c5feb87933a961dbf8d76b26530a42a9,2015-09-07 19:02:18,gulp,grunt,"Switching from grunt to gulp-starter-pack, new design",gulp grunt,"
Switching from grunt to gulp-starter-pack, new design",14,Building,,1,0.95,
theroux/clingify,17318a89c5feb87933a961dbf8d76b26530a42a9,2015-09-07 19:02:18,del,grunt,"Switching from grunt to gulp-starter-pack, new design",del grunt,"
Switching from grunt to gulp-starter-pack, new design",3,Building&Filesystem,,1,0.95,
theroux/clingify,17318a89c5feb87933a961dbf8d76b26530a42a9,2015-09-07 19:02:18,webpack,grunt,"Switching from grunt to gulp-starter-pack, new design",webpack grunt,"
Switching from grunt to gulp-starter-pack, new design",4,Building&Web Framework,,1,0.95,
theroux/clingify,17318a89c5feb87933a961dbf8d76b26530a42a9,2015-09-07 19:02:18,mocha,grunt,"Switching from grunt to gulp-starter-pack, new design",mocha grunt,"
Switching from grunt to gulp-starter-pack, new design",3,Building&Testing,,1,0.95,
theroux/clingify,17318a89c5feb87933a961dbf8d76b26530a42a9,2015-09-07 19:02:18,browser-sync,grunt,"Switching from grunt to gulp-starter-pack, new design",browser-sync grunt,"
Switching from grunt to gulp-starter-pack, new design",3,Building&UI,,1,0.95,
tngan/express-saml2,8e1bbd0231c2cf5822b6298019dbd74aaeb34940,2015-09-24 17:29:29,bcryptjs,bcrypt,use bcryptjs instead of node.bcrypt.js,bcryptjs bcrypt,"
use bcryptjs instead of node.bcrypt.js",11,HTTP Clients,,1,0.97,
tobius/imagecolors,63e6073ffc1d9d5aa3722f97b239e3a52864cc7c,2018-05-18 02:04:09,lodash,underscore,"Upgrade node modules

- upgrade color module
- upgrade color-diff module
- upgrade gm module
- upgrade chai module
- replace underscore with lodash
- update color objects to reflect latest color module
- replace _.contains with _.includes
- replace _.findWhere with _.find
- update octocat remote png image url to use https",lodash underscore,"- upgrade chai module
- replace underscore with lodash
- update color objects to reflect latest color module
",9,Building,,1,0.99,
Tonejs/Tone.js,9ee2d23b7cdf3d2c44fae4ae80df3ece07ee5020,2015-05-23 22:14:03,gulp,grunt,switched from grunt to gulp,gulp grunt,"
switched from grunt to gulp",14,Building,,1,0.98,
tracespace/tracespace,c693386a373164f01a025b7859956d263c99c146,2018-04-18 01:42:45,nyc,istanbul,Switch in nyc for coverage instead of istanbul for windows support,nyc istanbul,"
Switch in nyc for coverage instead of istanbul for windows support",9,Testing,,1,0.95,Integration
tuateam/tua-mp,878a4031b432527be077088da8566c6c3e7eb88c,2018-10-17 14:57:06,yargs,commander,"Feature/tua api (#59)

* perf(tua-mp, cli, service): add test for test/

* fix: close #58, update npm deps, fix mock

* feat(cli): update template for tua-api

* refactor: commander -> yargs",yargs commander,"
* refactor: commander  laifuhewb  yargs",6,UI,,1,0.98,
tuateam/tua-mp,df9ff10e17f20c39f7ad849deef5940d79cd12c8,2020-05-26 02:34:57,sass,node-sass,"feat(service): switch node-sass to dart-sass (#77)

Co-authored-by: evinma <evinma@tencent.com>",sass node-sass,"feat(service): switch node-sass to dart-sass (#77)
feat(service): switch node-sass to dart-sass (#77)
feat(service): switch node-sass to dart-sass (#77)
",40,UI,,1,0.99,
tudorconstantin/knests,1248e37bfa07376b34b7edac87bef916345d9ccf,2021-02-04 20:14:57,eslint,tslint,replace the obsoleted tslint with eslint,eslint tslint,"
replace the obsoleted tslint with eslint",26,Testing,,1,0.99,Deprecation
tudorconstantin/knests,1248e37bfa07376b34b7edac87bef916345d9ccf,2021-02-04 20:14:57,typescript-eslint,tslint,replace the obsoleted tslint with eslint,typescript-eslint tslint,"
replace the obsoleted tslint with eslint",24,Testing,,1,0.99,Deprecation
tunapanda/wikonnect,01ea2b73af5dd20f192be0cd610cba8ccfc98a22,2021-03-30 15:55:01,nanoid,shortid,"bugfix/deprecated shortid module (#672)

* using nanoid inplace of the deprecated shortid

Signed-off-by: mosesokemwa <13944912+mosesokemwa@users.noreply.github.com>

* rollback to old H5P upload form (#666)

Signed-off-by: mimidotsuser <murage@labskenya.com>

* Fix H5P player preview (#667)

* fix #display correct player on teach content preview page

Signed-off-by: mimidotsuser <murage@labskenya.com>

* fix #do not display the player if there is no uploaded H5P content

Signed-off-by: mimidotsuser <murage@labskenya.com>

* fix lint issue

Signed-off-by: mimidotsuser <murage@labskenya.com>

* Fix H5P upload parser (#670)

Co-authored-by: murage <murage@labskenya.com>",nanoid shortid,"
* using nanoid inplace of the deprecated shortid",5,Utility,,1,0.99,Deprecation
Turfjs/turf,78f6bd0900da49b4140d70bdcbb69be28c39d4d9,2017-09-22 06:33:17,rollup,browserify,Replace browserify with Rollup,rollup browserify,"
Replace browserify with Rollup",3,HTTP Clients&Building,,1,0.99,
twilio-labs/paste,66285238c23b1ac756a6bf30af0ece5a45a0ddc7,2021-07-01 18:38:13,deepmerge,lodash,chore: swap lodash.merge with deepmerge,deepmerge lodash,"
chore: swap lodash.merge with deepmerge",3,Building&Filesystem,,1,0.93,
tylim88/create-prisma-app,217130b9793351d3094b7c586e5e2774298f6a8e,2019-01-07 11:35:39,bcryptjs,bcrypt,-(template)switch bcrypt to bcryptjs to make life easier,bcryptjs bcrypt,"
-(template)switch bcrypt to bcryptjs to make life easier",11,HTTP Clients,,1,0.98,
Tympanix/Electorrent,c8561c12401611b609ee720fd0aeba1c3a14ebcf,2016-08-14 18:21:40,yargs,commander,Replaced commander with yargs,yargs commander,"Replaced commander with yargs
",6,UI,,1,0.99,
TypeStrong/ts-loader,416fa241ed08738768b2d53a2941d8cb32e5c6a1,2019-07-13 15:17:46,eslint,tslint,"migrate fork-ts-checker-webpack-plugin example to use ESLint (#960)

* move fork-ts-checker-webpack-plugin

* make prettier correct

* add lint rule timings

* switch to released version of fork-ts-checker-webpack-plugin",eslint tslint,"
migrate fork-ts-checker-webpack-plugin example to use ESLint (#960)",26,Testing,,1,0.98,
TypeStrong/ts-loader,416fa241ed08738768b2d53a2941d8cb32e5c6a1,2019-07-13 15:17:46,typescript-eslint,tslint,"migrate fork-ts-checker-webpack-plugin example to use ESLint (#960)

* move fork-ts-checker-webpack-plugin

* make prettier correct

* add lint rule timings

* switch to released version of fork-ts-checker-webpack-plugin",typescript-eslint tslint,"
migrate fork-ts-checker-webpack-plugin example to use ESLint (#960)",24,Testing,,1,0.98,
ubyssey/dispatch,92a95609f9f861143d0f1da4c5244b2a6c6b4fb7,2016-06-10 18:01:44,webpack,browserify,"Move static files out of apps directory, replace browserify with webpack",webpack browserify,"
Move static files out of apps directory, replace browserify with webpack",9,HTTP Clients&Web Framework,,1,1.0,
ucfopen/Obojobo,9636151f16a8bfb0dd24d3e4ff8b24ca4159a4f1,2020-03-12 23:41:24,dayjs,moment,replaces momentjs with dayjs to reduce module-page js size,dayjs moment,"
replaces momentjs with dayjs to reduce module-page js size",14,Serialization,,1,1.0,SizeComplexity
uclapi/uclapi,b9c3e34deb2595f69b1c2b5ae21ee0548a9e6bb3,2020-05-29 15:03:11,terser-webpack-plugin,uglifyjs-webpack-plugin,"Fix frontend builds (#2410)

* 📦 DEPENDENCY: update

* 📦 DEPENDENCY: update eslint, material-ui, and some react dependencies

* 📦 DEPENDENCY: migrate from deprecated uglify to new terser",terser-webpack-plugin uglifyjs-webpack-plugin,"
* 📦 DEPENDENCY: migrate from deprecated uglify to new terser",35,Codestyle&Web Framework,,1,1.0,Deprecation
uclapi/uclapi,99869d4f5332af307410b93fc4ef64887506a320,2019-06-02 09:28:06,dayjs,moment,"replaced moment with dayjs (smaller), made imports more selective, removed prop-types in production",dayjs moment,"
replaced moment with dayjs (smaller), made imports more selective, removed prop-types in production",14,Serialization,,1,1.0,SizeComplexity
uclapi/uclapi,1768782ecfe578c171e7c758dddbf59eb909070f,2021-06-14 16:12:32,css-minimizer-webpack-plugin,optimize-css-assets-webpack-plugin,Switch to css-minimizer-webpack-plugin (#3346),css-minimizer-webpack-plugin optimize-css-assets-webpack-plugin,"
Switch to css-minimizer-webpack-plugin (#3346)",17,Web Framework&UI,,1,1.0,
uidu-org/guidu,43756bfbfc531dfb9f74072e2bb2ac150ebfd913,2020-12-03 14:31:30,dayjs,moment,"docs(changeset): Bump some dependencies, fixed fieldTime, rmeoved some moment usages (replaced with dayjs)",dayjs moment,"
docs(changeset): Bump some dependencies, fixed fieldTime, rmeoved some moment usages (replaced with dayjs)",14,Serialization,,1,1.0,
unep-grid/map-x-mgl,4ada1f28b8b91663dd8b4d9d1af42ecf335caa19,2020-02-03 16:31:04,ace-builds,brace,"Refactoring: dashboard, themes, button panel, view filter panel + minor changes.

Main changes:
- Dashboards should work in static mode and story maps + story maps in
static mode, using a new resizable panel system, linked to Muuri.
- Themes: Standardization of many map + UI elements. E.g. vector creation, map composer,
attribute table (partial), ace editor, UN bundaries, etc..
- New URL Parameter : theme. Available themes : mapx, smartgray. Lots of
other themes hidden for now.
- Updated Ace editor: using the official package instead of brace.
- Experimental blurry background for modal panels",ace-builds brace,"- Updated Ace editor: using the official package instead of brace.
",3,HTTP Clients,,1,1.0,
valette/desk,a9cabcaebecc3f3cda3c4b88d698fd54713ab184,2014-12-02 13:30:29,lodash,underscore,replace underscore.js with lodash.js,lodash underscore,"
replace underscore.js with lodash.js",9,Building,,1,1.0,
vercel/next.js,6997b0236b68fd7c8f5395003c99a719974cc404,2020-03-13 03:42:21,sass,node-sass,"Update next-sass example to use built-in sass support (#11015)

* update next-sass example to use built-in sass support

* Update README.md

Co-authored-by: Joe Haddad <joe.haddad@zeit.co>",sass node-sass,"
Update next-sass example to use built-in sass support (#11015)",40,UI,,1,0.9,
vercel/next.js,6997b0236b68fd7c8f5395003c99a719974cc404,2020-03-13 03:42:21,sass,@zeit/next-sass,"Update next-sass example to use built-in sass support (#11015)

* update next-sass example to use built-in sass support

* Update README.md

Co-authored-by: Joe Haddad <joe.haddad@zeit.co>",sass @zeit/next-sass,"
Update next-sass example to use built-in sass support (#11015)",3,UI,,1,0.9,Simplification
vercel/next.js,52767345359bb4c8a329fe3e79a9186b75358b22,2018-09-22 12:22:24,@sentry/browser,raven-js,"Update to use @sentry/browser, remove raven-js (#5253)",@sentry/browser raven-js,"
Update to use @sentry/browser, remove raven-js (#5253)",5,HTTP Clients,,1,0.95,
vercel/next.js,15bb1c5e7963361c9c592923ef28cd819092e49a,2018-11-28 14:03:02,typescript,babel,"Use Typescript to transpile Next.js core files instead of Babel (#5747)

- Replaces taskr-babel with taskr-typescript for the `next` package
- Makes sure Node 8+ is used, no unneeded transpilation
- Compile Next.js client side files through babel the same way pages are
- Compile Next.js client side files to esmodules, not commonjs, so that tree shaking works.
- Move error-debug.js out of next-server as it's only used/require in development
- Drop ansi-html as dependency from next-server
- Make next/link esmodule (for tree-shaking)
- Make next/router esmodule (for tree-shaking)
- add typescript compilation to next-server
- Remove last remains of Flow
- Move hoist-non-react-statics to next, out of next-server
- Move htmlescape to next, out of next-server
- Remove runtime-corejs2 from next-server",typescript babel,"
Use Typescript to transpile Next.js core files instead of Babel (#5747)",4,Typescript,,1,0.95,Functionality
vercel/next-plugins,0735096aa72354b79807972132e88d042be8ed14,2018-07-29 22:09:36,mini-css-extract-plugin,extract-text-webpack-plugin,"Implement mini-css-extract-plugin (#228)

* Implement mini-css-extract-plugin

* Update all css related plugins

* Upgrade devdev to webpack 4

* Update usage documentation

* Make sure extract is only ran on client compilation",mini-css-extract-plugin extract-text-webpack-plugin,"
* Update all css related plugins",18,UI,,1,0.9,
vercel/next-plugins,16ca5254644d375f4b231a5d9cc792d921907544,2018-05-12 11:36:49,babel,ts-loader,"Use babel instead of ts-loader (#171)

* Use babel instead of ts-loader

* Update documentation

* Throw error if typescriptLoaderOptions is defined",babel ts-loader,"
Use babel instead of ts-loader (#171)",7,Web Framework,,1,0.95,
Versent/react-starter,b2d4c5da93111ecea6d4d88be991c865a9b88a7e,2015-09-16 05:39:36,ava,tape,Moved to Ava instead of tape,ava tape,"
Moved to Ava instead of tape",3,Testing,,1,0.95,
vfeskov/WinABeer,13a7d3a485b3e84f5be3b35565f14ce9025d347b,2017-12-01 22:43:58,bcryptjs,bcrypt,refactor: replace bcrypt with bcryptjs,bcryptjs bcrypt,"
refactor: replace bcrypt with bcryptjs",11,HTTP Clients,,1,0.95,
virtool/virtool,af59507f07d0c56583550068a89d966ec2ab0c5f,2017-09-19 16:35:15,preact,react,Replace react with preact and preact-compat,preact react,"
Replace react with preact and preact-compat",8,UI,,1,0.95,
VisualComposer/builder,fb1df993300cd9a35bc5b064ebbbf2641888a5e2,2019-03-08 07:43:02,terser-webpack-plugin,uglifyjs-webpack-plugin,"VC-159 squashed

safe-update packages (non-breaking)
Save remove packages, remove jquery node dependency, update jqueryCaret as local library
Update file-loader to latest version

Safe packages updates

Update postcss advanced variables

Fix smartLine latest babel

Remove backend files

Rename typo in less file

Update babel to @babel v7 and create backward compatibility alises plugin
Update other packages, fix Uglify new version - terser plugin (webpack v5)

Update left packages to latest production versions

Update elements to latest babel + update elements vendors

VC-159-update-babel use package instead of same-file

Remove unused files

Update files

Update versions

Fix package.json scripts

Return jest check

Update file-loader to latest version

Update postcss advanced variables

Fix smartLine latest babel

Remove backend files

Rename typo in less file

Update babel to @babel v7 and create backward compatibility alises plugin
Update other packages, fix Uglify new version - terser plugin (webpack v5)

Update elements to latest babel + update elements vendors

VC-159-update-babel use package instead of same-file

Remove unused files

Update files

Update versions

Fix package.json scripts

Return jest check",terser-webpack-plugin uglifyjs-webpack-plugin,"
Update babel to @babel v7 and create backward compatibility alises plugin
Update other packages, fix Uglify new version - terser plugin (webpack v5)",35,Codestyle&Web Framework,,1,0.85,Integration
VisualComposer/builder,fb1df993300cd9a35bc5b064ebbbf2641888a5e2,2019-03-08 07:43:02,terser-webpack-plugin,babel,"VC-159 squashed

safe-update packages (non-breaking)
Save remove packages, remove jquery node dependency, update jqueryCaret as local library
Update file-loader to latest version

Safe packages updates

Update postcss advanced variables

Fix smartLine latest babel

Remove backend files

Rename typo in less file

Update babel to @babel v7 and create backward compatibility alises plugin
Update other packages, fix Uglify new version - terser plugin (webpack v5)

Update left packages to latest production versions

Update elements to latest babel + update elements vendors

VC-159-update-babel use package instead of same-file

Remove unused files

Update files

Update versions

Fix package.json scripts

Return jest check

Update file-loader to latest version

Update postcss advanced variables

Fix smartLine latest babel

Remove backend files

Rename typo in less file

Update babel to @babel v7 and create backward compatibility alises plugin
Update other packages, fix Uglify new version - terser plugin (webpack v5)

Update elements to latest babel + update elements vendors

VC-159-update-babel use package instead of same-file

Remove unused files

Update files

Update versions

Fix package.json scripts

Return jest check",terser-webpack-plugin babel,"
Update babel to @babel v7 and create backward compatibility alises plugin
Update other packages, fix Uglify new version - terser plugin (webpack v5)",3,Web Framework,,1,0.85,Integration
VisualComposer/builder,fb1df993300cd9a35bc5b064ebbbf2641888a5e2,2019-03-08 07:43:02,react,babel,"VC-159 squashed

safe-update packages (non-breaking)
Save remove packages, remove jquery node dependency, update jqueryCaret as local library
Update file-loader to latest version

Safe packages updates

Update postcss advanced variables

Fix smartLine latest babel

Remove backend files

Rename typo in less file

Update babel to @babel v7 and create backward compatibility alises plugin
Update other packages, fix Uglify new version - terser plugin (webpack v5)

Update left packages to latest production versions

Update elements to latest babel + update elements vendors

VC-159-update-babel use package instead of same-file

Remove unused files

Update files

Update versions

Fix package.json scripts

Return jest check

Update file-loader to latest version

Update postcss advanced variables

Fix smartLine latest babel

Remove backend files

Rename typo in less file

Update babel to @babel v7 and create backward compatibility alises plugin
Update other packages, fix Uglify new version - terser plugin (webpack v5)

Update elements to latest babel + update elements vendors

VC-159-update-babel use package instead of same-file

Remove unused files

Update files

Update versions

Fix package.json scripts

Return jest check",react babel,"
Update babel to @babel v7 and create backward compatibility alises plugin
Update other packages, fix Uglify new version - terser plugin (webpack v5)",3,UI,,1,0.85,
VisualComposer/builder,fb1df993300cd9a35bc5b064ebbbf2641888a5e2,2019-03-08 07:43:02,babel,uglifyjs-webpack-plugin,"VC-159 squashed

safe-update packages (non-breaking)
Save remove packages, remove jquery node dependency, update jqueryCaret as local library
Update file-loader to latest version

Safe packages updates

Update postcss advanced variables

Fix smartLine latest babel

Remove backend files

Rename typo in less file

Update babel to @babel v7 and create backward compatibility alises plugin
Update other packages, fix Uglify new version - terser plugin (webpack v5)

Update left packages to latest production versions

Update elements to latest babel + update elements vendors

VC-159-update-babel use package instead of same-file

Remove unused files

Update files

Update versions

Fix package.json scripts

Return jest check

Update file-loader to latest version

Update postcss advanced variables

Fix smartLine latest babel

Remove backend files

Rename typo in less file

Update babel to @babel v7 and create backward compatibility alises plugin
Update other packages, fix Uglify new version - terser plugin (webpack v5)

Update elements to latest babel + update elements vendors

VC-159-update-babel use package instead of same-file

Remove unused files

Update files

Update versions

Fix package.json scripts

Return jest check",babel uglifyjs-webpack-plugin,"
Update babel to @babel v7 and create backward compatibility alises plugin
Update other packages, fix Uglify new version - terser plugin (webpack v5)",3,Codestyle,,1,0.85,Integration
VisualComposer/builder,fb1df993300cd9a35bc5b064ebbbf2641888a5e2,2019-03-08 07:43:02,babel,webpack,"VC-159 squashed

safe-update packages (non-breaking)
Save remove packages, remove jquery node dependency, update jqueryCaret as local library
Update file-loader to latest version

Safe packages updates

Update postcss advanced variables

Fix smartLine latest babel

Remove backend files

Rename typo in less file

Update babel to @babel v7 and create backward compatibility alises plugin
Update other packages, fix Uglify new version - terser plugin (webpack v5)

Update left packages to latest production versions

Update elements to latest babel + update elements vendors

VC-159-update-babel use package instead of same-file

Remove unused files

Update files

Update versions

Fix package.json scripts

Return jest check

Update file-loader to latest version

Update postcss advanced variables

Fix smartLine latest babel

Remove backend files

Rename typo in less file

Update babel to @babel v7 and create backward compatibility alises plugin
Update other packages, fix Uglify new version - terser plugin (webpack v5)

Update elements to latest babel + update elements vendors

VC-159-update-babel use package instead of same-file

Remove unused files

Update files

Update versions

Fix package.json scripts

Return jest check",babel webpack,"
Update babel to @babel v7 and create backward compatibility alises plugin
Update other packages, fix Uglify new version - terser plugin (webpack v5)",3,Web Framework,,1,0.85,
vitorbritto/boilerplates,e340b3e0518fca45db834b871f63068358b735da,2016-04-03 14:32:10,gulp,grunt,"Update WordPress Boilerplate

- Remove Bower from front-end dependencies management
- Add JSPM for module loader and bundler for assets
- Add Babel for ES6 to ES5 transpilation
- Add ESLint and JSCS for lint scripts
- Add Sass Lint
- Remove CSSLint
- Remove Compass
- Include Bootstrap, Juice or Bourbon for Lib options
- Now using Gulp, instead of Grunt
- Add Sass Doc
- Update DalekJS Configuration
- Update PioneerJS Configuration
- Update WordPress Core Functions
- Update Shell Scripts
- Update Documentation for Users and Developers
- Add Firebug for Debug
- Add Tern dotfile configurantion (code-analysis engine for JavaScript)
- Update main script file
- Update main Sass file",gulp grunt,"- Include Bootstrap, Juice or Bourbon for Lib options
- Now using Gulp, instead of Grunt
- Add Sass Doc
",14,Building,,1,0.95,
vitorbritto/boilerplates,e340b3e0518fca45db834b871f63068358b735da,2016-04-03 14:32:10,gulp,time-grunt,"Update WordPress Boilerplate

- Remove Bower from front-end dependencies management
- Add JSPM for module loader and bundler for assets
- Add Babel for ES6 to ES5 transpilation
- Add ESLint and JSCS for lint scripts
- Add Sass Lint
- Remove CSSLint
- Remove Compass
- Include Bootstrap, Juice or Bourbon for Lib options
- Now using Gulp, instead of Grunt
- Add Sass Doc
- Update DalekJS Configuration
- Update PioneerJS Configuration
- Update WordPress Core Functions
- Update Shell Scripts
- Update Documentation for Users and Developers
- Add Firebug for Debug
- Add Tern dotfile configurantion (code-analysis engine for JavaScript)
- Update main script file
- Update main Sass file",gulp time-grunt,"- Include Bootstrap, Juice or Bourbon for Lib options
- Now using Gulp, instead of Grunt
- Add Sass Doc
",5,Building,,1,0.95,
vitorbritto/boilerplates,e340b3e0518fca45db834b871f63068358b735da,2016-04-03 14:32:10,gulp,load-grunt-tasks,"Update WordPress Boilerplate

- Remove Bower from front-end dependencies management
- Add JSPM for module loader and bundler for assets
- Add Babel for ES6 to ES5 transpilation
- Add ESLint and JSCS for lint scripts
- Add Sass Lint
- Remove CSSLint
- Remove Compass
- Include Bootstrap, Juice or Bourbon for Lib options
- Now using Gulp, instead of Grunt
- Add Sass Doc
- Update DalekJS Configuration
- Update PioneerJS Configuration
- Update WordPress Core Functions
- Update Shell Scripts
- Update Documentation for Users and Developers
- Add Firebug for Debug
- Add Tern dotfile configurantion (code-analysis engine for JavaScript)
- Update main script file
- Update main Sass file",gulp load-grunt-tasks,"
- Include Bootstrap, Juice or Bourbon for Lib options
- Now using Gulp, instead of Grunt
- Add Sass Doc",4,Building,,1,0.95,
vitorbritto/boilerplates,2e3788c41adc762a0a219f6e270d7214c4fec331,2014-05-19 07:11:12,gulp,grunt,Update MEAN Stack Boilerplate,gulp grunt,"
Update MEAN Stack Boilerplate",3,Building,,1,0.5,
vitorbritto/boilerplates,e340b3e0518fca45db834b871f63068358b735da,2016-04-03 14:32:10,eslint,grunt,"Update WordPress Boilerplate

- Remove Bower from front-end dependencies management
- Add JSPM for module loader and bundler for assets
- Add Babel for ES6 to ES5 transpilation
- Add ESLint and JSCS for lint scripts
- Add Sass Lint
- Remove CSSLint
- Remove Compass
- Include Bootstrap, Juice or Bourbon for Lib options
- Now using Gulp, instead of Grunt
- Add Sass Doc
- Update DalekJS Configuration
- Update PioneerJS Configuration
- Update WordPress Core Functions
- Update Shell Scripts
- Update Documentation for Users and Developers
- Add Firebug for Debug
- Add Tern dotfile configurantion (code-analysis engine for JavaScript)
- Update main script file
- Update main Sass file",eslint grunt,"Update WordPress Boilerplate
",3,Building&Testing,,1,0.95,
vitorbritto/boilerplates,e340b3e0518fca45db834b871f63068358b735da,2016-04-03 14:32:10,del,grunt,"Update WordPress Boilerplate

- Remove Bower from front-end dependencies management
- Add JSPM for module loader and bundler for assets
- Add Babel for ES6 to ES5 transpilation
- Add ESLint and JSCS for lint scripts
- Add Sass Lint
- Remove CSSLint
- Remove Compass
- Include Bootstrap, Juice or Bourbon for Lib options
- Now using Gulp, instead of Grunt
- Add Sass Doc
- Update DalekJS Configuration
- Update PioneerJS Configuration
- Update WordPress Core Functions
- Update Shell Scripts
- Update Documentation for Users and Developers
- Add Firebug for Debug
- Add Tern dotfile configurantion (code-analysis engine for JavaScript)
- Update main script file
- Update main Sass file",del grunt,"Update WordPress Boilerplate
",3,Building&Filesystem,,1,0.95,
vitorbritto/boilerplates,e340b3e0518fca45db834b871f63068358b735da,2016-04-03 14:32:10,browser-sync,grunt,"Update WordPress Boilerplate

- Remove Bower from front-end dependencies management
- Add JSPM for module loader and bundler for assets
- Add Babel for ES6 to ES5 transpilation
- Add ESLint and JSCS for lint scripts
- Add Sass Lint
- Remove CSSLint
- Remove Compass
- Include Bootstrap, Juice or Bourbon for Lib options
- Now using Gulp, instead of Grunt
- Add Sass Doc
- Update DalekJS Configuration
- Update PioneerJS Configuration
- Update WordPress Core Functions
- Update Shell Scripts
- Update Documentation for Users and Developers
- Add Firebug for Debug
- Add Tern dotfile configurantion (code-analysis engine for JavaScript)
- Update main script file
- Update main Sass file",browser-sync grunt,"Update WordPress Boilerplate
",3,Building&UI,,1,0.95,
vitorbritto/boilerplates,e340b3e0518fca45db834b871f63068358b735da,2016-04-03 14:32:10,browser-sync,time-grunt,"Update WordPress Boilerplate

- Remove Bower from front-end dependencies management
- Add JSPM for module loader and bundler for assets
- Add Babel for ES6 to ES5 transpilation
- Add ESLint and JSCS for lint scripts
- Add Sass Lint
- Remove CSSLint
- Remove Compass
- Include Bootstrap, Juice or Bourbon for Lib options
- Now using Gulp, instead of Grunt
- Add Sass Doc
- Update DalekJS Configuration
- Update PioneerJS Configuration
- Update WordPress Core Functions
- Update Shell Scripts
- Update Documentation for Users and Developers
- Add Firebug for Debug
- Add Tern dotfile configurantion (code-analysis engine for JavaScript)
- Update main script file
- Update main Sass file",browser-sync time-grunt,"Update WordPress Boilerplate
Update WordPress Boilerplate
",3,Building&UI,,1,0.95,
vivliostyle/vivliostyle.js,779cc52e18c89cdd441358a32cbef7f31c991842,2021-07-05 04:55:43,sass,node-sass,"chore: bump gulp-sass from 4 to 5

This fixes problem that vivliostyle-viewer build failed on arm64 mac
with the node-sass error:
Error: Node Sass does not yet support your current environment: OS X Unsupported architecture (arm64) with Unsupported runtime (93)

Now moved from the deprecated ""node-sass"" to ""sass"" (Dart Sass)",sass node-sass,"chore: bump gulp-sass from 4 to 5
chore: bump gulp-sass from 4 to 5
chore: bump gulp-sass from 4 to 5
",40,UI,,1,0.95,BugIssue
voorhoede/plek,30a241721a4a57009bf9605a4eb4cd405bc89383,2018-10-24 14:08:52,yargs,commander,Use `yargs` for more robust input handling as CLI manager,yargs commander,"Use `yargs` for more robust input handling as CLI manager
",6,UI,,1,0.98,Functionality
vudash/vudash,44dcc14acaae5e171a95d0b5ac3267ca81cf70b6,2017-03-31 14:19:00,got,request,Switch from request to got,got request,Switch from request to got,5,HTTP Clients,,1,1.0,
vuejs/vue-cli,0e5cf4a4ebf089c079d25659adfac34fb89c3a9c,2018-10-20 11:31:59,terser-webpack-plugin,uglifyjs-webpack-plugin,"chore: switch from uglifyjs-webpack-plugin to terser-webpack-plugin (#2742)

closes #2245",terser-webpack-plugin uglifyjs-webpack-plugin,"
chore: switch from uglifyjs-webpack-plugin to terser-webpack-plugin (#2742)",35,Codestyle&Web Framework,,1,1.0,
vuejs/vue-cli,909548380f8c6ce0a345d355307f76446bd21d62,2018-02-06 21:36:12,workbox-webpack-plugin,sw-precache-webpack-plugin,"feat: Use the Workbox webpack plugin in pwa template (#769)

* feat: Use the Workbox webpack plugin in pwa template

* feat: Added pwa template configuration docs.",workbox-webpack-plugin sw-precache-webpack-plugin,"
feat: Use the Workbox webpack plugin in pwa template (#769)",5,Web Framework,,1,1.0,
vuejs/vue-cli,ba6cb7c5b3e0d4d2a08b38bb3217b53539c5b14a,2020-11-13 05:26:57,node-fetch,request,refactor!: replace request with node-fetch (#6009),node-fetch request,"
refactor!: replace request with node-fetch (#6009)",7,HTTP Clients,,1,1.0,
vuejs/vue-devtools,bf0404f90106999601885383f6057308ab223031,2020-07-17 00:18:49,terser-webpack-plugin,uglifyjs-webpack-plugin,refactor: use terser instead of uglify,terser-webpack-plugin uglifyjs-webpack-plugin,"
refactor: use terser instead of uglify",35,Codestyle&Web Framework,,1,1.0,
wduckitt/React-Automation-Studio,238c8cdc2477c96c60269f8d3a36d814e6b9f954,2020-02-19 07:22:18,sass,node-sass,"removed node-sass 16.12.0 and replaced it with sass 1.25.0

removed unnecessary module imports:
""link-module-alias"": ""1.2.0"",
""react-styleable"": ""3.3.1"",",sass node-sass,"
removed node-sass 16.12.0 and replaced it with sass 1.25.0",40,UI,,1,1.0,
webdriverio/webdriverio,3feba297ba285534301355aed929cc79e40eaece,2020-01-15 13:09:15,got,request,"Replace Request lib with Got (#4708)

* first stab replacing request with got

* fix last unit tests for webdriver packages

* replace request lib in sumo service

* replace request lib in Browserstack service

* replace request lib in Testinbot service

* replace request lib in crossbrowsertesting service

* fix auth in browserstack service

* update got version to 10

* remove got mock in shared service

* update unit tests after rebase

* fix changes to username and password

* fix got usage in shared store service

* better usage of got lib

* update got in BS service

* expect json response in BS service

* better usage of got in services

* better BS service tests

* fix rebase issues

* fix use of var in string

* fix BS tests after rebase",got request,"Replace Request lib with Got (#4708)
",5,HTTP Clients,,1,1.0,
webXcerpt/openCPQ,327e17bb7a089e329363004b2763c36e0bd06b5e,2015-04-13 12:36:51,webpack,gulp,Layout labels over widgets.  Adapted examples.  Converted tutorial example from gulp to webpack.,webpack gulp,"
Adapted examples.
Converted tutorial example from gulp to webpack.",16,Building&Web Framework,,1,0.98,
WesleydeSouza/subway-time,52d11d3a7dbd42c892f5334267b89375e1f28249,2019-10-20 21:45:53,eslint,tslint,"Replace tslint with eslint <3

fu eslint",eslint tslint,"
Replace tslint with eslint <3",26,Testing,,1,1.0,
WesleydeSouza/subway-time,52d11d3a7dbd42c892f5334267b89375e1f28249,2019-10-20 21:45:53,typescript-eslint,tslint,"Replace tslint with eslint <3

fu eslint",typescript-eslint tslint,"
Replace tslint with eslint <3",24,Testing,,1,1.0,
wikimedia/mediawiki-extensions-ContentTranslation,a0a60622cdbab13e2abc38dee0c81b85fbb8c865,2020-10-15 06:20:58,sass,node-sass,"Replace sass implementation: Use Dart Sass instead of Node-sass

Node-sass is being deprecated, so we should use Dart Sass instead.
No implications inserted by this change.

Change-Id: I2317650e7b46421fa5090b8c0aa346306c6dfecb",sass node-sass,"
Replace sass implementation: Use Dart Sass instead of Node-sass",40,UI,,1,1.0,Deprecation
wix/wix-ui,9fc371ef0763084d629a9328025cdc3c578d4d45,2018-06-20 10:40:19,awesome-typescript-loader,ts-loader,"Mocha runner: ts-loader cannot resolve certain dependencies, use ATL instead (#588)",awesome-typescript-loader ts-loader,"
Mocha runner: ts-loader cannot resolve certain dependencies, use ATL instead (#588)",4,Web Framework,,1,1.0,BugIssue
WWAWing/WWAWing,af3e782cf433fe6c9d1ae7eec3feacac6c188089,2020-04-11 15:01:32,terser-webpack-plugin,uglifyjs-webpack-plugin,improve(wwa.js): use terser-webpack-plugin instead of uglifyjs-webpack-plugin,terser-webpack-plugin uglifyjs-webpack-plugin,"
improve(wwa.js): use terser-webpack-plugin instead of uglifyjs-webpack-plugin",35,Codestyle&Web Framework,,1,0.99,
wxajs/wxa,abb5399d8e8d256bb02aa17f635f109244f5d696,2020-05-29 08:17:25,fs-extra,ncp,fix(copy-plugin): replace ncp with fs-extra to fix the silent error in macos,fs-extra ncp,"
fix(copy-plugin): replace ncp with fs-extra to fix the silent error in macos",4,Filesystem,,1,0.99,BugIssue
xing/hops,837420a27315be1768e1f922aa5f5b3589d8d549,2021-06-17 12:03:44,css-minimizer-webpack-plugin,optimize-css-assets-webpack-plugin,feat: update webpack to version 5,css-minimizer-webpack-plugin optimize-css-assets-webpack-plugin,"
feat: update webpack to version 5",17,Web Framework&UI,,1,0.5,
xing/hops,40ed28a3713e7b28c4b00d7c1f7bc962fa43dde6,2017-12-06 22:12:50,serverless-http,aws-serverless-express,refactor(lambda): use serverless-http instead of aws-serverless-express,serverless-http aws-serverless-express,"
refactor(lambda): use serverless-http instead of aws-serverless-express",3,HTTP Clients,,1,0.99,
xing/hops,50cd72849d06f57b103201a87c39e46c62efc455,2018-03-27 09:12:54,extract-text-webpack-plugin,mini-css-extract-plugin,"Revert ""wip: use mini-extract-text-plugin instead of ETWP""

This reverts commit c49682dfd8419a8b6c68517645516654e8f43e0c.",extract-text-webpack-plugin mini-css-extract-plugin,"
Revert ""wip: use mini-extract-text-plugin instead of ETWP""",3,UI,,1,0.78,
xing/hops,c49682dfd8419a8b6c68517645516654e8f43e0c,2018-03-27 08:40:06,mini-css-extract-plugin,extract-text-webpack-plugin,"wip: use mini-extract-text-plugin instead of ETWP

extract-text-webpack-plugin will not support webpack 4 and is in
maintenance mode.
recommended alternative is mini-extract-text-plugin:
https://github.com/webpack-contrib/extract-text-webpack-plugin/issues/731#issuecomment-374548865",mini-css-extract-plugin extract-text-webpack-plugin,"
wip: use mini-extract-text-plugin instead of ETWP",18,UI,,1,0.99,Deprecation
xiyuyizhi/handy-make,178afd5510164a4645f36be14a6f02d5ce9b4ce5,2018-11-07 01:56:14,ts-loader,awesome-typescript-loader,(fix): use thread-loder with ts-loader and ts-import-plugin,ts-loader awesome-typescript-loader,"
(fix): use thread-loder with ts-loader and ts-import-plugin",10,Web Framework,,1,0.76,
xrchat/xrchat-server,90646f1c861c92852ab7079a4ed26970e12707a5,2021-04-20 11:20:07,vite,webpack,"Remove next, remove webpack, add vite, add ts-eager for server


Former-commit-id: 5ef027fbbbd15762ff4f9c15b758c43743ef939c",vite webpack,"
Remove next, remove webpack, add vite, add ts-eager for server",3,Web Framework&Building,,1,0.98,
yeswework/fabrica-dev-kit,abff5a5e2c803b25cf8e5b35479cb7f7f30e90dd,2020-02-11 16:23:48,webpack,gulp,replace Gulp for Webpack,webpack gulp,"
replace Gulp for Webpack",16,Building&Web Framework,,1,0.99,
yeswework/fabrica-dev-kit,abff5a5e2c803b25cf8e5b35479cb7f7f30e90dd,2020-02-11 16:23:48,copy-webpack-plugin,gulp,replace Gulp for Webpack,copy-webpack-plugin gulp,"
replace Gulp for Webpack",5,Building&Web Framework,,1,0.99,
yitzchak/dicy,ea7c0cfa351229d46173d8085e0584c797145115,2017-10-24 20:24:25,yargs,commander,"Replace commander with yargs (#108)

* Update intro text
* Remove mentions of rules command
* Use consistent language in boolean options
* Prevent negated boolean options from appearing in help
* Force help if no commands given
* Use addOption function
* Remove table dependency
* Update CHANGELOG",yargs commander,"
Replace commander with yargs (#108)",6,UI,,1,0.99,
yuvipanda/simplest-notebook,8291fba1e420ae29d3b9e3c645cdcfea5e092f9b,2018-06-08 17:26:38,ts-loader,awesome-typescript-loader,Switch to ts-loader for the tests webpack configuration.,ts-loader awesome-typescript-loader,"
Switch to ts-loader for the tests webpack configuration.",10,Web Framework,,1,0.97,
yuvipanda/simplest-notebook,8291fba1e420ae29d3b9e3c645cdcfea5e092f9b,2018-06-08 17:26:38,fork-ts-checker-webpack-plugin,awesome-typescript-loader,Switch to ts-loader for the tests webpack configuration.,fork-ts-checker-webpack-plugin awesome-typescript-loader,"
Switch to ts-loader for the tests webpack configuration.",3,Web Framework&Testing,,1,0.97,
yuvipanda/simplest-notebook,898cbd8e88937c6e86f3d8b5cd00aea181d29da6,2018-09-08 16:09:15,jest,@types/mocha,"wip change services to use jest

update deps

wip jest testing

wip jest testing

finish jest updates

integrity

Fix build:test

Cleanup

Add mocha types

Isolate test

Isolate contents test

Use jlpm

build utils

fix script

Try all contents tests

run all tests

revert changes to travis script

Allow services to fail once

Clean up shutdown and fix race conditions

fix terminal race condition

clean up contents test

Skip tests instead of commenting them

Silence when not debugging

Fix coverage script

Clean up coverage handling",jest @types/mocha,"wip change services to use jest
",3,Typescript&Testing,,1,0.9,
yuvipanda/simplest-notebook,898cbd8e88937c6e86f3d8b5cd00aea181d29da6,2018-09-08 16:09:15,ts-jest,@types/mocha,"wip change services to use jest

update deps

wip jest testing

wip jest testing

finish jest updates

integrity

Fix build:test

Cleanup

Add mocha types

Isolate test

Isolate contents test

Use jlpm

build utils

fix script

Try all contents tests

run all tests

revert changes to travis script

Allow services to fail once

Clean up shutdown and fix race conditions

fix terminal race condition

clean up contents test

Skip tests instead of commenting them

Silence when not debugging

Fix coverage script

Clean up coverage handling",ts-jest @types/mocha,"wip change services to use jest
wip change services to use jest
",3,Typescript&Testing,,1,0.9,
yyc-git/Wonder.js,8e8898467640aa846e39ba23d7b5d1af31fd56fb,2015-06-29 02:19:43,gulp,grunt,"direct use bowser instead of BrowserDetector
compile bowser into engine

use gulp instead of grunt",gulp grunt,"
use gulp instead of grunt",14,Building,,1,1.0,
zemuldo/iso_8583,6affdf39ecfc4586c4e119845701afd6fe69b526,2018-10-31 02:50:15,date-fns,moment,chore(example): change moment with date-fns/format,date-fns moment,"
chore(example): change moment with date-fns/format",13,Serialization,,1,0.98,
Zenika/immutadot,e79048e269b8d8b007b7d3cb0b9d552467f0abb7,2019-01-25 14:06:32,tslint,eslint,":recycle: Rewrite parser in TS (#327)

* :construction: Rewrite parser in TS...

* :fire: Remove unused dependencies

* :construction: Fix build errors

* :bug: Move typescript in dev dependencies

* make parser type generic

* add doc to succeedOrThrow

* type centered file structure

inspired from Elm
includes other minor type adjustments

* remove obselete import

* update tests to match new structure

* tslint fix sliceIndex.spec.ts

* put back old name on isSliceIndexString, was more consistent

* :fire: Remove redundant import

* :recycle: succeedOrThrow: throw a more detailed TypeError

* :bulb: TS Doc...

* :white_check_mark: fix wildcard props notation

* fix result for the path "".""

* :package: Configure parser dist

* :tada: Use new TS parser in immutadot

* :rotating_light: fix parser linting errors

* :wrench: Avoid building parser's spec.ts

* :green_heart: fix parser's test:coverage command

* :green_heart: fix parser's clean command when no dist/ directory

* :wrench: Move tslint config up, and remove semicolons

* :wrench: Move tsconfig at parser's root

* :fire: Remove unused dependency

* :wrench: add parser's build in pre benchmark...

* :ok_hand: Review",tslint eslint,"
* :rotating_light: fix parser linting errors",7,Testing,,1,0.85,
zmts/lovefy-api-nodejs,6935bdcffdf757c7533098b75fdf5bb268aa9cb0,2017-05-27 19:40:40,fs-extra,fs-promise,"remove fs-promise, upd fs-extra package",fs-extra fs-promise,"remove fs-promise, upd fs-extra packageremove fs-promise, upd fs-extra packageremove fs-promise, upd fs-extra packageremove fs-promise, upd fs-extra package",4,Filesystem,,1,0.5,
